experiment,world,schedule,noise_um,draw,pass,force_N,rpm,true_k_pad,true_K0,true_lam,true_K,true_force_gain,true_mean_removal_um,rmse_A_um,rmse_B_um,rmse_C_um,rmse_D_um,rmse_oracle_um,C_pred_mean_lo_um,C_pred_mean_median_um,C_pred_mean_hi_um,C_pred_mean_inside,C_k_pad_mean,C_k_pad_median,C_k_pad_lo,C_k_pad_hi,C_K0_mean,C_K0_median,C_K0_lo,C_K0_hi,C_lam_mean,C_lam_median,C_lam_lo,C_lam_hi,C_K_mean,C_K_median,C_K_lo,C_K_hi,C_corr_logk_logK,C_stages,C_sigma_um,C_profile_sd_um,C_wear_noise,C_outliers,C_redone,B_k_pad,B_K,D_k_pad,D_K,D_lam,cross_C_median,cross_C_lo,cross_C_hi,cross_C_band_mass,cross_D,cross_A,cross_true
ablation,matched,constant,2,0,1,30,8000,0.0514127,6.54201e-05,0.000167524,6.54201e-05,1,12.7145,1.2126,nan,4.92365,nan,0,7.77714,11.5153,17.1038,True,0.052811,0.0528453,0.0516043,0.0539852,6.57156e-05,6.57173e-05,6.53648e-05,6.60825e-05,0.000184167,0.000183888,0.00015997,0.000207144,6.57156e-05,6.57173e-05,6.53648e-05,6.60825e-05,-0.0794121,17,2,0,0.01,0,False,nan,nan,nan,nan,nan,nan,nan,nan,nan,nan,12,15
ablation,matched,constant,2,0,2,30,8000,0.0514127,6.54201e-05,0.000167524,6.15867e-05,1,11.9917,1.42101,nan,0.117332,nan,0.0510361,11.6678,11.8819,12.1045,True,0.0523791,0.0523969,0.0514944,0.053257,6.56327e-05,6.56272e-05,6.53321e-05,6.59273e-05,0.000173612,0.000173558,0.00015587,0.000191696,6.17046e-05,6.17026e-05,6.14482e-05,6.19778e-05,-0.0716713,5,2,0,0.01,0,False,nan,nan,nan,nan,nan,nan,nan,nan,nan,nan,12,15
ablation,matched,constant,2,0,3,30,8000,0.0514127,6.54201e-05,0.000167524,5.78052e-05,1,11.2761,1.49651,nan,0.032758,nan,0.0267504,11.0872,11.2905,11.4934,True,0.0518873,0.0518711,0.0511921,0.0525934,6.56291e-05,6.56235e-05,6.53468e-05,6.59377e-05,0.000171151,0.000171036,0.000154199,0.000188926,5.80549e-05,5.80552e-05,5.78107e-05,5.83068e-05,-0.119272,5,2,0,0.01,0,False,nan,nan,nan,nan,nan,nan,nan,nan,nan,nan,12,15
ablation,matched,constant,2,0,4,30,8000,0.0514127,6.54201e-05,0.000167524,5.51186e-05,1,10.7661,1.67054,nan,0.0822613,nan,0.104436,10.5006,10.6825,10.8722,True,0.0517101,0.0517099,0.0510899,0.0523283,6.5635e-05,6.56226e-05,6.53581e-05,6.59441e-05,0.000171225,0.000170912,0.000154318,0.000189686,5.50791e-05,5.50767e-05,5.48417e-05,5.53413e-05,-0.0823314,5,2,0,0.01,0,False,nan,nan,nan,nan,nan,nan,nan,nan,nan,nan,12,15
ablation,matched,constant,2,0,5,30,8000,0.0514127,6.54201e-05,0.000167524,5.2081e-05,1,10.1879,1.68471,nan,0.00879031,nan,0.0196895,10.0033,10.1841,10.3646,True,0.0517296,0.0517363,0.0511527,0.0523077,6.5648e-05,6.5641e-05,6.53602e-05,6.59448e-05,0.000177176,0.000176901,0.000157161,0.000196997,5.21411e-05,5.21357e-05,5.19005e-05,5.23777e-05,-0.0523177,4,2,0,0.01,0,False,nan,nan,nan,nan,nan,nan,nan,nan,nan,nan,12,15
ablation,matched,constant,2,0,6,30,8000,0.0514127,6.54201e-05,0.000167524,4.93421e-05,1,9.66504,1.68182,nan,0.0137001,nan,0.0213729,9.48794,9.65692,9.83445,True,0.0517666,0.0517608,0.0512436,0.0523103,6.56499e-05,6.56461e-05,6.53647e-05,6.59451e-05,0.000169055,0.000169015,0.000149584,0.00018934,4.93464e-05,4.934e-05,4.91293e-05,4.95711e-05,-0.024742,4,2,0,0.01,0,False,nan,nan,nan,nan,nan,nan,nan,nan,nan,nan,12,15
ablation,matched,constant,2,0,7,30,8000,0.0514127,6.54201e-05,0.000167524,4.6218e-05,1,9.06698,1.54082,nan,0.145937,nan,0.148884,9.05016,9.20619,9.36081,True,0.0517781,0.0517866,0.0512574,0.0522878,6.56473e-05,6.56399e-05,6.53687e-05,6.59542e-05,0.000172972,0.000172432,0.000153055,0.000194328,4.61932e-05,4.61927e-05,4.59795e-05,4.64186e-05,-0.0499061,5,2,0,0.01,0,False,nan,nan,nan,nan,nan,nan,nan,nan,nan,nan,12,15
ablation,matched,constant,2,0,8,30,8000,0.0514127,6.54201e-05,0.000167524,4.3683e-05,1,8.58036,1.46273,nan,0.068476,nan,0.0891077,8.49433,8.64756,8.79194,True,0.0517866,0.0517893,0.0512945,0.0522697,6.56529e-05,6.56502e-05,6.53727e-05,6.59703e-05,0.000181379,0.000180817,0.00015949,0.000204659,4.38193e-05,4.3822e-05,4.35959e-05,4.40305e-05,-0.0393052,4,2,0,0.01,0,False,nan,nan,nan,nan,nan,nan,nan,nan,nan,nan,12,15
ablation,matched,constant,2,0,9,30,8000,0.0514127,6.54201e-05,0.000167524,4.17936e-05,1,8.21688,1.46747,nan,0.018714,nan,0.00474496,8.05241,8.20275,8.34082,True,0.051654,0.0516524,0.0511696,0.0521542,6.5658e-05,6.56594e-05,6.5365e-05,6.59533e-05,0.000174253,0.000174129,0.000151928,0.000196865,4.19174e-05,4.19171e-05,4.17074e-05,4.21395e-05,-0.0585859,4,2,0,0.01,0,False,nan,nan,nan,nan,nan,nan,nan,nan,nan,nan,12,15
ablation,matched,constant,2,0,10,30,8000,0.0514127,6.54201e-05,0.000167524,3.98399e-05,1,7.84034,1.42192,nan,0.0519945,nan,0.0480851,7.74936,7.8933,8.02944,True,0.0516481,0.0516539,0.0511646,0.0521363,6.56494e-05,6.5647e-05,6.53528e-05,6.59503e-05,0.000184095,0.000183274,0.000159701,0.000209173,3.98085e-05,3.98057e-05,3.9599e-05,4.00178e-05,-0.0390375,4,2,0,0.01,0,False,nan,nan,nan,nan,nan,nan,nan,nan,nan,nan,12,15
ablation,matched,constant,2,0,11,30,8000,0.0514127,6.54201e-05,0.000167524,3.78242e-05,1,7.45107,1.3316,nan,0.0441676,nan,0.0908542,7.36277,7.49302,7.62357,True,0.0516922,0.0516952,0.0512319,0.0521547,6.56551e-05,6.56514e-05,6.53587e-05,6.59761e-05,0.000186121,0.00018526,0.000161025,0.000212088,3.78987e-05,3.79004e-05,3.76948e-05,3.81032e-05,-0.0363933,3,2,0,0.01,0,False,nan,nan,nan,nan,nan,nan,nan,nan,nan,nan,12,15
ablation,matched,constant,2,0,12,30,8000,0.0514127,6.54201e-05,0.000167524,3.61759e-05,1,7.13218,1.28586,nan,0.0198612,nan,0.0480006,7.02132,7.14885,7.27814,True,0.0517195,0.0517255,0.0512639,0.0521506,6.56448e-05,6.5641e-05,6.53502e-05,6.59579e-05,0.000183011,0.000182985,0.000158175,0.000209784,3.61894e-05,3.619e-05,3.59835e-05,3.63937e-05,-0.0590954,4,2,0,0.01,0,False,nan,nan,nan,nan,nan,nan,nan,nan,nan,nan,12,15
ablation,matched,constant,2,0,13,30,8000,0.0514127,6.54201e-05,0.000167524,3.4823e-05,1,6.87005,1.27427,nan,0.019371,nan,0.0127554,6.73579,6.85158,6.97246,True,0.0516868,0.0516991,0.0512433,0.0521077,6.56461e-05,6.56491e-05,6.53507e-05,6.59381e-05,0.000180115,0.000179854,0.000153715,0.000207242,3.49118e-05,3.49117e-05,3.47105e-05,3.51148e-05,-0.0338207,3,2,0,0.01,0,False,nan,nan,nan,nan,nan,nan,nan,nan,nan,nan,12,15
ablation,matched,constant,2,0,14,30,8000,0.0514127,6.54201e-05,0.000167524,3.38275e-05,1,6.67695,1.31235,nan,0.0483679,nan,0.0398683,6.51614,6.63029,6.75116,True,0.0516623,0.05166,0.0512169,0.05211,6.56406e-05,6.56389e-05,6.53512e-05,6.59324e-05,0.000180506,0.000180378,0.000154067,0.000208289,3.36922e-05,3.36936e-05,3.34924e-05,3.39106e-05,-0.0348434,3,2.21351,0,0.01,0,False,nan,nan,nan,nan,nan,nan,nan,nan,nan,nan,12,15
ablation,matched,constant,2,0,15,30,8000,0.0514127,6.54201e-05,0.000167524,3.21708e-05,1,6.35518,1.20009,nan,0.0545213,nan,0.105087,6.28966,6.40806,6.52003,True,0.0516286,0.0516161,0.0512194,0.0520465,6.56397e-05,6.56388e-05,6.53479e-05,6.59323e-05,0.000184765,0.000184638,0.000157526,0.000213177,3.21166e-05,3.21164e-05,3.19255e-05,3.23044e-05,-0.0116322,4,2,0,0.01,0,False,nan,nan,nan,nan,nan,nan,nan,nan,nan,nan,12,15
ablation,matched,constant,2,0,16,30,8000,0.0514127,6.54201e-05,0.000167524,3.13247e-05,1,6.19065,1.23244,nan,0.0763443,nan,0.0353617,6.00686,6.11538,6.22775,True,0.0515714,0.051568,0.0511705,0.0519971,6.56523e-05,6.56568e-05,6.53524e-05,6.59545e-05,0.00017855,0.000177606,0.000152371,0.000207995,3.11764e-05,3.11741e-05,3.0999e-05,3.13705e-05,-0.0415099,3,2,0,0.01,0,False,nan,nan,nan,nan,nan,nan,nan,nan,nan,nan,12,15
ablation,matched,constant,2,0,17,30,8000,0.0514127,6.54201e-05,0.000167524,3.04217e-05,1,6.01488,1.23864,nan,0.058092,nan,0.0135576,5.84922,5.95875,6.06517,True,0.0515769,0.0515795,0.0511771,0.051984,6.56478e-05,6.56534e-05,6.5362e-05,6.59319e-05,0.00017285,0.000172017,0.000145912,0.000202654,3.04104e-05,3.04049e-05,3.02268e-05,3.06021e-05,-0.0186386,4,2,0,0.01,0,False,nan,nan,nan,nan,nan,nan,nan,nan,nan,nan,12,15
ablation,matched,constant,2,0,18,30,8000,0.0514127,6.54201e-05,0.000167524,2.93768e-05,1,5.81132,1.20327,nan,0.0144371,nan,0.0256422,5.71793,5.82574,5.92681,True,0.0515635,0.0515618,0.0511737,0.0519597,6.56482e-05,6.565e-05,6.53621e-05,6.59342e-05,0.000170762,0.000170295,0.000142344,0.000201502,2.93791e-05,2.93772e-05,2.91948e-05,2.95602e-05,-0.00126784,3,2,0,0.01,0,False,nan,nan,nan,nan,nan,nan,nan,nan,nan,nan,12,15
ablation,matched,constant,2,0,19,30,8000,0.0514127,6.54201e-05,0.000167524,2.91537e-05,1,5.76782,1.32011,nan,0.128344,nan,0.126499,5.54345,5.64352,5.74581,False,0.0515314,0.0515299,0.0511357,0.0519413,6.5653e-05,6.56522e-05,6.53655e-05,6.59421e-05,0.000161735,0.00016098,0.000133981,0.000191025,2.89774e-05,2.89778e-05,2.87929e-05,2.91542e-05,-0.0160702,4,2,0,0.01,0,False,nan,nan,nan,nan,nan,nan,nan,nan,nan,nan,12,15
ablation,matched,constant,2,0,20,30,8000,0.0514127,6.54201e-05,0.000167524,2.78572e-05,1,5.51487,1.21176,nan,0.0650156,nan,0.0908181,5.47608,5.5783,5.68089,True,0.0515277,0.0515287,0.0511171,0.0519227,6.56462e-05,6.56462e-05,6.53579e-05,6.59391e-05,0.000166578,0.000166404,0.000136138,0.000198405,2.80568e-05,2.80585e-05,2.78781e-05,2.82395e-05,0.00550516,4,2,0,0.01,0,False,nan,nan,nan,nan,nan,nan,nan,nan,nan,nan,12,15
ablation,matched,constant,2,1,1,30,8000,0.00263825,6.65061e-05,0.00017117,6.65061e-05,1,12.9471,3.19039,nan,4.24239,nan,0,7.69203,11.7535,17.5486,True,0.00267259,0.00267838,0.00259125,0.00274276,6.65994e-05,6.65907e-05,6.61877e-05,6.70024e-05,0.000198556,0.000198759,0.000171664,0.000223252,6.65994e-05,6.65907e-05,6.61877e-05,6.70024e-05,0.050796,16,2,0,0.01,0,False,nan,nan,nan,nan,nan,nan,nan,nan,nan,nan,12,16
ablation,matched,constant,2,1,2,30,8000,0.00263825,6.65061e-05,0.00017117,6.08973e-05,1,11.8883,2.92462,nan,0.0857789,nan,0.242105,11.7421,11.9627,12.1996,True,0.0026491,0.00264827,0.00258672,0.00271243,6.65392e-05,6.65385e-05,6.62112e-05,6.68689e-05,0.000191483,0.000191406,0.000172263,0.000211042,6.11745e-05,6.11754e-05,6.0898e-05,6.14663e-05,0.003132,6,2,0,0.01,0,False,nan,nan,nan,nan,nan,nan,nan,nan,nan,nan,12,16
ablation,matched,constant,2,1,3,30,8000,0.00263825,6.65061e-05,0.00017117,5.70432e-05,1,11.1574,2.78572,nan,0.0388096,nan,0.0370591,10.9276,11.123,11.3175,True,0.00265039,0.00264946,0.00260106,0.00270468,6.6456e-05,6.64574e-05,6.61511e-05,6.67685e-05,0.000177106,0.000177141,0.000159291,0.000195682,5.69889e-05,5.69875e-05,5.67357e-05,5.72372e-05,-0.00819306,5,2,0,0.01,0,False,nan,nan,nan,nan,nan,nan,nan,nan,nan,nan,12,16
ablation,matched,constant,2,1,4,30,8000,0.00263825,6.65061e-05,0.00017117,5.34608e-05,1,10.4755,2.64237,nan,0.0308856,nan,0.0689502,10.324,10.5053,10.6821,True,0.00262996,0.00262973,0.00258524,0.00267497,6.64739e-05,6.64728e-05,6.61861e-05,6.67657e-05,0.000182469,0.000182343,0.000161906,0.000202583,5.34649e-05,5.34663e-05,5.32059e-05,5.3714e-05,-0.0121499,4,2,0,0.01,0,False,nan,nan,nan,nan,nan,nan,nan,nan,nan,nan,12,16
ablation,matched,constant,2,1,5,30,8000,0.00263825,6.65061e-05,0.00017117,5.02703e-05,1,9.8661,2.51057,nan,0.0169848,nan,0.0672696,9.71311,9.88175,10.0518,True,0.00261937,0.00261933,0.00257758,0.00266056,6.64598e-05,6.64586e-05,6.61651e-05,6.67547e-05,0.000173378,0.000173012,0.000155484,0.000192998,5.02275e-05,5.02275e-05,4.99985e-05,5.04614e-05,-0.0129424,4,2,0,0.01,0,False,nan,nan,nan,nan,nan,nan,nan,nan,nan,nan,12,16
ablation,matched,constant,2,1,6,30,8000,0.00263825,6.65061e-05,0.00017117,4.78048e-05,1,9.39387,2.43432,nan,0.0268109,nan,0.0107933,9.19917,9.36642,9.53873,True,0.00261463,0.00261451,0.00257607,0.00265289,6.64581e-05,6.64635e-05,6.61636e-05,6.67583e-05,0.000170645,0.000169972,0.000151177,0.000192354,4.77049e-05,4.77024e-05,4.74741e-05,4.79308e-05,0.0132846,4,2,0,0.01,0,False,nan,nan,nan,nan,nan,nan,nan,nan,nan,nan,12,16
ablation,matched,constant,2,1,7,30,8000,0.00263825,6.65061e-05,0.00017117,4.50293e-05,1,8.86089,2.2982,nan,0.079601,nan,0.0951488,8.78377,8.94058,9.10111,True,0.00262275,0.0026223,0.00258772,0.00266036,6.64575e-05,6.64579e-05,6.61739e-05,6.67508e-05,0.000173593,0.000172992,0.000152923,0.00019672,4.49505e-05,4.4953e-05,4.47288e-05,4.51732e-05,0.0200228,5,2,0,0.01,0,False,nan,nan,nan,nan,nan,nan,nan,nan,nan,nan,12,16
ablation,matched,constant,2,1,8,30,8000,0.00263825,6.65061e-05,0.00017117,4.30443e-05,1,8.47879,2.23573,nan,0.0319529,nan,0.00945798,8.30102,8.44519,8.59864,True,0.00263562,0.00263539,0.00259975,0.00267139,6.64675e-05,6.64707e-05,6.61878e-05,6.67578e-05,0.000173462,0.000172358,0.000150968,0.000198269,4.28879e-05,4.28893e-05,4.2673e-05,4.31034e-05,-0.000472833,3,2,0,0.01,0,False,nan,nan,nan,nan,nan,nan,nan,nan,nan,nan,12,16
ablation,matched,constant,2,1,9,30,8000,0.00263825,6.65061e-05,0.00017117,4.13225e-05,1,8.14671,2.18939,nan,0.0626841,nan,0.0273103,7.94639,8.08291,8.22968,True,0.00263838,0.00263844,0.00260738,0.00267015,6.64506e-05,6.64469e-05,6.61711e-05,6.67401e-05,0.00015857,0.000158314,0.000136892,0.000181477,4.12505e-05,4.12472e-05,4.105e-05,4.14631e-05,-0.0417967,5,2,0,0.01,0,False,nan,nan,nan,nan,nan,nan,nan,nan,nan,nan,12,16
ablation,matched,constant,2,1,10,30,8000,0.00263825,6.65061e-05,0.00017117,3.9351e-05,1,7.76581,2.09424,nan,0.0739451,nan,0.0493276,7.69766,7.83872,7.98387,True,0.00263541,0.00263494,0.00260436,0.00266702,6.64512e-05,6.64492e-05,6.61605e-05,6.67354e-05,0.000165243,0.000164755,0.000141712,0.000189987,3.94008e-05,3.94022e-05,3.919e-05,3.96153e-05,-0.0471565,4,2,0,0.01,0,False,nan,nan,nan,nan,nan,nan,nan,nan,nan,nan,12,16
ablation,matched,constant,2,1,11,30,8000,0.00263825,6.65061e-05,0.00017117,3.77851e-05,1,7.46272,2.03717,nan,0.0246154,nan,0.000780718,7.35517,7.48728,7.62054,True,0.00263531,0.00263484,0.00260502,0.00266662,6.64469e-05,6.64478e-05,6.61563e-05,6.67326e-05,0.000170473,0.000170172,0.000145118,0.000197248,3.79007e-05,3.79035e-05,3.76907e-05,3.81003e-05,-0.0374177,3,2,0,0.01,0,False,nan,nan,nan,nan,nan,nan,nan,nan,nan,nan,12,16
ablation,matched,constant,2,1,12,30,8000,0.00263825,6.65061e-05,0.00017117,3.66998e-05,1,7.25237,2.0333,nan,0.0447153,nan,0.069967,7.07955,7.2076,7.33645,True,0.00264087,0.00264059,0.00261047,0.00267211,6.64496e-05,6.64541e-05,6.61684e-05,6.67414e-05,0.000165902,0.000165663,0.000139309,0.000193462,3.66424e-05,3.6644e-05,3.64411e-05,3.68386e-05,0.0167778,3,2,0,0.01,0,False,nan,nan,nan,nan,nan,nan,nan,nan,nan,nan,12,16
ablation,matched,constant,2,1,13,30,8000,0.00263825,6.65061e-05,0.00017117,3.55426e-05,1,7.02782,2.00911,nan,0.0381047,nan,0.040198,6.86712,6.98818,7.12297,True,0.00264241,0.00264219,0.0026114,0.00267262,6.64511e-05,6.64528e-05,6.61724e-05,6.67338e-05,0.000170398,0.000170441,0.000145326,0.000196575,3.54464e-05,3.54468e-05,3.52374e-05,3.56521e-05,0.00647984,4,2,0,0.01,0,False,nan,nan,nan,nan,nan,nan,nan,nan,nan,nan,12,16
ablation,matched,constant,2,1,14,30,8000,0.00263825,6.65061e-05,0.00017117,3.48364e-05,1,6.89067,2.04184,nan,0.128688,nan,0.112488,6.64285,6.76388,6.88432,False,0.00263945,0.00263893,0.0026106,0.00267046,6.64362e-05,6.644e-05,6.61579e-05,6.67145e-05,0.000156024,0.000155467,0.000129844,0.000183453,3.48885e-05,3.48864e-05,3.46923e-05,3.50846e-05,-0.000668065,6,2,0,0.01,0,False,nan,nan,nan,nan,nan,nan,nan,nan,nan,nan,12,16
ablation,matched,constant,2,1,15,30,8000,0.00263825,6.65061e-05,0.00017117,3.33348e-05,1,6.5987,1.94518,nan,0.0939061,nan,0.0534492,6.57291,6.69097,6.81207,True,0.00263586,0.00263561,0.00260545,0.00266692,6.64398e-05,6.64424e-05,6.61659e-05,6.67164e-05,0.000162788,0.000162183,0.000136821,0.000191075,3.33392e-05,3.33377e-05,3.31407e-05,3.35393e-05,0.0358547,4,2,0,0.01,0,False,nan,nan,nan,nan,nan,nan,nan,nan,nan,nan,12,16
ablation,matched,constant,2,1,16,30,8000,0.00263825,6.65061e-05,0.00017117,3.19801e-05,1,6.33492,1.86063,nan,0.0624974,nan,0.0446696,6.28733,6.39527,6.51194,True,0.00263514,0.00263465,0.00260647,0.00266427,6.64509e-05,6.64496e-05,6.61647e-05,6.67396e-05,0.000167632,0.000166796,0.000141124,0.000196784,3.19704e-05,3.19723e-05,3.17781e-05,3.2164e-05,0.0489239,4,2,0,0.01,0,False,nan,nan,nan,nan,nan,nan,nan,nan,nan,nan,12,16
ablation,matched,constant,2,1,17,30,8000,0.00263825,6.65061e-05,0.00017117,3.09832e-05,1,6.14056,1.8212,nan,0.00673039,nan,0.00834527,6.02691,6.13549,6.24048,True,0.00263717,0.00263584,0.00260898,0.00266724,6.64494e-05,6.64479e-05,6.61636e-05,6.67342e-05,0.000162262,0.000161976,0.000134257,0.00019114,3.09911e-05,3.09908e-05,3.08073e-05,3.11837e-05,0.00830576,3,2,0,0.01,0,False,nan,nan,nan,nan,nan,nan,nan,nan,nan,nan,12,16
ablation,matched,constant,2,1,18,30,8000,0.00263825,6.65061e-05,0.00017117,3.03895e-05,1,6.02472,1.83645,nan,0.0609042,nan,0.075485,5.85796,5.96568,6.07056,True,0.00263438,0.00263361,0.00260558,0.00266348,6.64361e-05,6.64351e-05,6.61592e-05,6.67169e-05,0.000152587,0.000151907,0.000125121,0.000181621,3.02046e-05,3.02024e-05,3.00229e-05,3.03974e-05,0.00152894,3,2,0,0.01,0,False,nan,nan,nan,nan,nan,nan,nan,nan,nan,nan,12,16
ablation,matched,constant,2,1,19,30,8000,0.00263825,6.65061e-05,0.00017117,2.91415e-05,1,5.781,1.74288,nan,0.0575051,nan,0.0607838,5.73461,5.83753,5.95033,True,0.00263235,0.00263199,0.00260463,0.00266073,6.64346e-05,6.64314e-05,6.61543e-05,6.6715e-05,0.000153787,0.000152658,0.000125662,0.000185465,2.91667e-05,2.91639e-05,2.89874e-05,2.93548e-05,0.0405969,3,2,0,0.01,0,False,nan,nan,nan,nan,nan,nan,nan,nan,nan,nan,12,16
ablation,matched,constant,2,1,20,30,8000,0.00263825,6.65061e-05,0.00017117,2.80429e-05,1,5.5662,1.66594,nan,0.0773735,nan,0.046051,5.54328,5.64287,5.74269,True,0.00263277,0.0026324,0.00260667,0.00266019,6.64411e-05,6.64445e-05,6.61603e-05,6.67062e-05,0.000159057,0.000158114,0.000130084,0.000192262,2.81124e-05,2.81108e-05,2.79258e-05,2.8298e-05,-0.00386472,4,2,0,0.01,0,False,nan,nan,nan,nan,nan,nan,nan,nan,nan,nan,12,16
ablation,matched,constant,2,2,1,30,8000,0.000920037,5.18764e-05,0.000379041,5.18764e-05,1,9.92538,3.41051,nan,4.93576,nan,0,7.96642,11.8266,17.3225,True,0.000846601,0.000840565,0.000795894,0.000914697,5.18748e-05,5.18914e-05,5.14694e-05,5.22712e-05,0.000389827,0.000392403,0.00034368,0.000432007,5.18748e-05,5.18914e-05,5.14694e-05,5.22712e-05,-0.00882925,16,2,0,0.01,0,False,nan,nan,nan,nan,nan,nan,nan,nan,nan,nan,12,10
ablation,matched,constant,2,2,2,30,8000,0.000920037,5.18764e-05,0.000379041,4.51728e-05,1,8.70501,3.33358,nan,0.169056,nan,0.200744,8.67418,8.8641,9.05832,True,0.000853638,0.000854108,0.000811451,0.000895355,5.19688e-05,5.19741e-05,5.16242e-05,5.23404e-05,0.000403852,0.000403037,0.000366818,0.000441647,4.54024e-05,4.53943e-05,4.51273e-05,4.56803e-05,-0.0137638,6,2,0,0.0109553,0,False,nan,nan,nan,nan,nan,nan,nan,nan,nan,nan,12,10
ablation,matched,constant,2,2,3,30,8000,0.000920037,5.18764e-05,0.000379041,4.08167e-05,1,7.90268,3.16772,nan,0.0474134,nan,0.00659753,7.71816,7.8735,8.03715,True,0.000867794,0.000867797,0.000831463,0.000903955,5.19754e-05,5.19682e-05,5.16226e-05,5.23393e-05,0.000405368,0.000404987,0.000365527,0.000444482,4.09702e-05,4.09704e-05,4.0701e-05,4.12366e-05,0.0461908,4,2,0,0.0100985,0,False,nan,nan,nan,nan,nan,nan,nan,nan,nan,nan,12,10
ablation,matched,constant,2,2,4,30,8000,0.000920037,5.18764e-05,0.000379041,3.72458e-05,1,7.23939,3.01361,nan,0.0440554,nan,0.00196426,7.0662,7.2077,7.34693,True,0.000881036,0.000881132,0.000850475,0.000912399,5.19717e-05,5.19676e-05,5.16271e-05,5.23269e-05,0.000397597,0.00039734,0.000357331,0.000437709,3.74094e-05,3.74049e-05,3.71743e-05,3.7649e-05,0.0554493,4,2,0,0.01,0,False,nan,nan,nan,nan,nan,nan,nan,nan,nan,nan,12,10
ablation,matched,constant,2,2,5,30,8000,0.000920037,5.18764e-05,0.000379041,3.45114e-05,1,6.728,2.84275,nan,0.0605446,nan,0.0479419,6.54029,6.67085,6.80175,True,0.000898262,0.000898233,0.000868543,0.000927461,5.1966e-05,5.19637e-05,5.16472e-05,5.22919e-05,0.000389904,0.000389874,0.000349733,0.000431664,3.43811e-05,3.43814e-05,3.41612e-05,3.45911e-05,-0.0120675,4,2,0,0.01,0,False,nan,nan,nan,nan,nan,nan,nan,nan,nan,nan,12,10
ablation,matched,constant,2,2,6,30,8000,0.000920037,5.18764e-05,0.000379041,3.20684e-05,1,6.26855,2.69939,nan,0.0673327,nan,0.0261133,6.08643,6.20166,6.31669,True,0.000905459,0.000904927,0.000877263,0.000935938,5.19577e-05,5.1954e-05,5.16323e-05,5.22842e-05,0.000381941,0.000380961,0.000339525,0.000426589,3.21188e-05,3.21147e-05,3.19071e-05,3.23417e-05,0.0237508,4,2,0,0.01,0,False,nan,nan,nan,nan,nan,nan,nan,nan,nan,nan,12,10
ablation,matched,constant,2,2,7,30,8000,0.000920037,5.18764e-05,0.000379041,2.97571e-05,1,5.83162,2.59187,nan,0.0172917,nan,0.013699,5.74101,5.84807,5.95692,True,0.000906879,0.000906288,0.000880546,0.000935481,5.19568e-05,5.19529e-05,5.1627e-05,5.22828e-05,0.000383078,0.000381911,0.000339358,0.000431357,2.98245e-05,2.98276e-05,2.96124e-05,3.00256e-05,0.0319583,3,2,0,0.01,0,False,nan,nan,nan,nan,nan,nan,nan,nan,nan,nan,12,10
ablation,matched,constant,2,2,8,30,8000,0.000920037,5.18764e-05,0.000379041,2.75262e-05,1,5.40779,2.51964,nan,0.0607451,nan,0.0562498,5.36247,5.46838,5.57509,True,0.000908582,0.000908508,0.000882549,0.000933613,5.19702e-05,5.1965e-05,5.1652e-05,5.23051e-05,0.000374511,0.000373523,0.000328623,0.000426479,2.75929e-05,2.75915e-05,2.73955e-05,2.77928e-05,0.0316068,3,2,0,0.01,0,False,nan,nan,nan,nan,nan,nan,nan,nan,nan,nan,12,10
ablation,matched,constant,2,2,9,30,8000,0.000920037,5.18764e-05,0.000379041,2.64234e-05,1,5.19751,2.34609,nan,0.0914772,nan,0.10872,5.00718,5.10587,5.20986,True,0.000915425,0.000915555,0.000890963,0.00093983,5.19711e-05,5.1966e-05,5.16587e-05,5.23149e-05,0.000347881,0.000346034,0.000303582,0.000395538,2.64555e-05,2.64531e-05,2.62686e-05,2.66437e-05,0.0193842,6,2,0,0.01,0,False,nan,nan,nan,nan,nan,nan,nan,nan,nan,nan,12,10
ablation,matched,constant,2,2,10,30,8000,0.000920037,5.18764e-05,0.000379041,2.49477e-05,1,4.91532,2.24887,nan,0.0297137,nan,0.0123337,4.84809,4.94446,5.03853,True,0.000917139,0.000917254,0.00089362,0.000940182,5.19557e-05,5.19536e-05,5.1613e-05,5.22976e-05,0.000344806,0.000344044,0.00030004,0.000392463,2.48785e-05,2.488e-05,2.46902e-05,2.50673e-05,0.0147667,3,2,0,0.01,0,False,nan,nan,nan,nan,nan,nan,nan,nan,nan,nan,12,10
ablation,matched,constant,2,2,11,30,8000,0.000920037,5.18764e-05,0.000379041,2.34222e-05,1,4.62263,2.18503,nan,0.0503294,nan,0.028838,4.57973,4.67143,4.76553,True,0.000918643,0.000919029,0.00089529,0.000940267,5.19617e-05,5.19553e-05,5.16286e-05,5.23073e-05,0.000355727,0.000354373,0.000306336,0.000410167,2.35536e-05,2.35546e-05,2.33725e-05,2.37405e-05,0.0139961,3,2,0,0.01,0,False,nan,nan,nan,nan,nan,nan,nan,nan,nan,nan,12,10
ablation,matched,constant,2,2,12,30,8000,0.000920037,5.18764e-05,0.000379041,2.2313e-05,1,4.40919,2.0924,nan,0.0218011,nan,0.0210928,4.34643,4.42977,4.51865,True,0.00091743,0.000917531,0.000894267,0.000939798,5.1953e-05,5.19457e-05,5.16208e-05,5.23096e-05,0.000373695,0.000372474,0.000318088,0.000435164,2.22886e-05,2.22887e-05,2.21081e-05,2.24625e-05,0.033072,3,2,0,0.01,0,False,nan,nan,nan,nan,nan,nan,nan,nan,nan,nan,12,10
ablation,matched,constant,2,2,13,30,8000,0.000920037,5.18764e-05,0.000379041,2.11495e-05,1,4.18474,2.0272,nan,0.00989484,nan,0.0108513,4.11179,4.19534,4.27465,True,0.000914477,0.000914646,0.000891747,0.000936257,5.19573e-05,5.19483e-05,5.16291e-05,5.23094e-05,0.000374232,0.000372916,0.000318454,0.000435711,2.10885e-05,2.1091e-05,2.09084e-05,2.12693e-05,0.0265902,2,2,0,0.01,0,False,nan,nan,nan,nan,nan,nan,nan,nan,nan,nan,12,10
ablation,matched,constant,2,2,14,30,8000,0.000920037,5.18764e-05,0.000379041,2.03822e-05,1,4.0364,1.92885,nan,0.0518212,nan,0.0450341,3.90885,3.98399,4.06505,True,0.000912516,0.000912415,0.000889665,0.000933744,5.19516e-05,5.1947e-05,5.1603e-05,5.22945e-05,0.000344811,0.000344098,0.0002904,0.000399598,2.03425e-05,2.03417e-05,2.01674e-05,2.05207e-05,-0.0109396,4,2,0,0.01,0,False,nan,nan,nan,nan,nan,nan,nan,nan,nan,nan,12,10
ablation,matched,constant,2,2,15,30,8000,0.000920037,5.18764e-05,0.000379041,1.93622e-05,1,3.83881,1.87903,nan,0.0345173,nan,0.0179357,3.79628,3.87193,3.95041,True,0.000913559,0.000913556,0.000890636,0.000934659,5.19517e-05,5.19371e-05,5.16233e-05,5.23126e-05,0.000334828,0.000333384,0.000282961,0.000390395,1.9492e-05,1.94955e-05,1.93148e-05,1.96605e-05,0.00293219,3,2,0,0.01,0,False,nan,nan,nan,nan,nan,nan,nan,nan,nan,nan,12,10
ablation,matched,constant,2,2,16,30,8000,0.000920037,5.18764e-05,0.000379041,1.85189e-05,1,3.67512,1.82044,nan,0.0516686,nan,0.000702599,3.65061,3.72629,3.80066,True,0.000910677,0.000911201,0.000887535,0.000932889,5.19461e-05,5.19393e-05,5.16128e-05,5.2289e-05,0.000354103,0.000352304,0.000298346,0.000418835,1.84642e-05,1.84614e-05,1.82971e-05,1.86404e-05,0.00203503,4,2,0,0.01,0,False,nan,nan,nan,nan,nan,nan,nan,nan,nan,nan,12,10
ablation,matched,constant,2,2,17,30,8000,0.000920037,5.18764e-05,0.000379041,1.76941e-05,1,3.51471,1.77218,nan,0.016452,nan,0.0108381,3.4589,3.53069,3.60559,True,0.000907951,0.000908001,0.000885831,0.00092959,5.19505e-05,5.19355e-05,5.16348e-05,5.23031e-05,0.000381709,0.000378513,0.000317775,0.000454643,1.7549e-05,1.75503e-05,1.73827e-05,1.7714e-05,0.00943281,3,2,0,0.01,1,False,nan,nan,nan,nan,nan,nan,nan,nan,nan,nan,12,10
ablation,matched,constant,2,2,18,30,8000,0.000920037,5.18764e-05,0.000379041,1.68708e-05,1,3.3543,1.73544,nan,0.00540404,nan,0.0235061,3.2778,3.35,3.42069,True,0.000906075,0.000906382,0.000884151,0.000926584,5.19532e-05,5.19448e-05,5.1623e-05,5.23038e-05,0.000376282,0.000374464,0.000310785,0.000452526,1.68903e-05,1.68914e-05,1.6721e-05,1.7055e-05,-0.00597634,2,2,0,0.01,0,False,nan,nan,nan,nan,nan,nan,nan,nan,nan,nan,12,10
ablation,matched,constant,2,2,19,30,8000,0.000920037,5.18764e-05,0.000379041,1.63015e-05,1,3.24321,1.67444,nan,0.0100593,nan,0.0141519,3.16451,3.2339,3.30024,True,0.000905334,0.00090585,0.000883407,0.000925417,5.19494e-05,5.1945e-05,5.16099e-05,5.22904e-05,0.000373744,0.000371271,0.000308034,0.000449262,1.62207e-05,1.62181e-05,1.60637e-05,1.63842e-05,0.0431718,2,2,0,0.01,0,False,nan,nan,nan,nan,nan,nan,nan,nan,nan,nan,12,10
ablation,matched,constant,2,2,20,30,8000,0.000920037,5.18764e-05,0.000379041,1.542e-05,1,3.0709,1.66615,nan,0.0436247,nan,0.0557024,3.05063,3.1149,3.17869,True,0.000907391,0.00090741,0.000886462,0.000927963,5.19542e-05,5.19441e-05,5.16354e-05,5.23182e-05,0.000375049,0.000373772,0.000305397,0.000450778,1.55511e-05,1.55502e-05,1.53878e-05,1.57178e-05,0.0223326,3,2,0,0.01,0,False,nan,nan,nan,nan,nan,nan,nan,nan,nan,nan,12,10
ablation,matched,constant,2,3,1,30,8000,1.25621,5.0914e-05,0.000416065,5.0914e-05,1,9.88671,10.5063,nan,6.32534,nan,0,7.88884,11.6203,17.4116,True,1.25032,1.25036,1.23984,1.26145,5.08997e-05,5.09058e-05,5.06059e-05,5.11786e-05,0.000401784,0.00040261,0.000369936,0.000431867,5.08997e-05,5.09058e-05,5.06059e-05,5.11786e-05,-0.313352,19,2,0,0.01,0,False,nan,nan,nan,nan,nan,nan,nan,nan,nan,nan,12,9
ablation,matched,constant,2,3,2,30,8000,1.25621,5.0914e-05,0.000416065,4.48168e-05,1,8.76389,9.41251,nan,0.125262,nan,0.0727558,8.70873,8.85646,9.02229,True,1.25564,1.25558,1.24715,1.26399,5.09638e-05,5.09641e-05,5.07289e-05,5.12013e-05,0.000435537,0.000435231,0.000407374,0.000463695,4.50728e-05,4.50733e-05,4.48634e-05,4.52842e-05,-0.266008,6,2,0,0.01,0,False,nan,nan,nan,nan,nan,nan,nan,nan,nan,nan,12,9
ablation,matched,constant,2,3,3,30,8000,1.25621,5.0914e-05,0.000416065,4.0679e-05,1,7.99305,8.62555,nan,0.131178,nan,0.113352,7.75137,7.89806,8.04332,True,1.25768,1.2577,1.25056,1.26519,5.09155e-05,5.09153e-05,5.06729e-05,5.1153e-05,0.000415582,0.000416033,0.000386522,0.000444676,4.06018e-05,4.06057e-05,4.04078e-05,4.07898e-05,-0.231897,5,2,0,0.01,0,False,nan,nan,nan,nan,nan,nan,nan,nan,nan,nan,12,9
ablation,matched,constant,2,3,4,30,8000,1.25621,5.0914e-05,0.000416065,3.66006e-05,1,7.22608,7.88004,nan,0.0601945,nan,0.0734229,7.14477,7.2667,7.39722,True,1.25941,1.25933,1.25268,1.26613,5.08987e-05,5.08971e-05,5.06715e-05,5.11252e-05,0.000404408,0.000403749,0.000372793,0.000438796,3.66202e-05,3.66166e-05,3.64406e-05,3.68027e-05,-0.194838,4,2,0,0.01,0,False,nan,nan,nan,nan,nan,nan,nan,nan,nan,nan,12,9
ablation,matched,constant,2,3,5,30,8000,1.25621,5.0914e-05,0.000416065,3.33015e-05,1,6.60034,7.26597,nan,0.0849898,nan,0.0514653,6.53805,6.65758,6.77762,True,1.25827,1.25827,1.2523,1.2646,5.09129e-05,5.09176e-05,5.0681e-05,5.11444e-05,0.000416425,0.000415999,0.000380162,0.000453499,3.33015e-05,3.3303e-05,3.31216e-05,3.34692e-05,-0.171634,5,2,0,0.01,0,False,nan,nan,nan,nan,nan,nan,nan,nan,nan,nan,12,9
ablation,matched,constant,2,3,6,30,8000,1.25621,5.0914e-05,0.000416065,3.05233e-05,1,6.06966,6.74317,nan,0.0527232,nan,0.0501765,5.99836,6.10432,6.21809,True,1.25653,1.25649,1.2507,1.26234,5.09226e-05,5.09262e-05,5.06908e-05,5.11505e-05,0.000412167,0.000410775,0.000373698,0.000454521,3.05769e-05,3.05777e-05,3.04077e-05,3.0746e-05,-0.163773,4,2,0,0.01,0,False,nan,nan,nan,nan,nan,nan,nan,nan,nan,nan,12,9
ablation,matched,constant,2,3,7,30,8000,1.25621,5.0914e-05,0.000416065,2.86993e-05,1,5.71936,6.35483,nan,0.0758788,nan,0.0988595,5.55896,5.66408,5.76759,True,1.2566,1.25664,1.25124,1.26188,5.09236e-05,5.09226e-05,5.06868e-05,5.1156e-05,0.000421768,0.000421118,0.000380734,0.000464922,2.88214e-05,2.88224e-05,2.86642e-05,2.89821e-05,-0.142622,5,2,0,0.01,0,False,nan,nan,nan,nan,nan,nan,nan,nan,nan,nan,12,9
ablation,matched,constant,2,3,8,30,8000,1.25621,5.0914e-05,0.000416065,2.63629e-05,1,5.26844,5.92721,nan,0.125485,nan,0.105834,5.25976,5.35915,5.45312,True,1.25609,1.25607,1.25066,1.26114,5.09274e-05,5.09274e-05,5.06871e-05,5.11576e-05,0.000435088,0.000434752,0.000388883,0.000484459,2.64666e-05,2.6465e-05,2.63127e-05,2.66262e-05,-0.103517,5,2,0,0.01,0,False,nan,nan,nan,nan,nan,nan,nan,nan,nan,nan,12,9
ablation,matched,constant,2,3,9,30,8000,1.25621,5.0914e-05,0.000416065,2.48681e-05,1,4.97865,5.61149,nan,0.0476134,nan,0.0423349,4.85462,4.94563,5.03605,True,1.25543,1.25546,1.2501,1.26043,5.09317e-05,5.09338e-05,5.06913e-05,5.11598e-05,0.000416844,0.000416289,0.000370589,0.000464876,2.49162e-05,2.49172e-05,2.47586e-05,2.50685e-05,-0.115859,4,2,0,0.01,0,False,nan,nan,nan,nan,nan,nan,nan,nan,nan,nan,12,9
ablation,matched,constant,2,3,10,30,8000,1.25621,5.0914e-05,0.000416065,2.36966e-05,1,4.75082,5.34569,nan,0.0697783,nan,0.0824207,4.61887,4.70182,4.78584,True,1.25644,1.25649,1.25149,1.26124,5.09196e-05,5.09189e-05,5.06821e-05,5.11616e-05,0.000397889,0.000398109,0.000351381,0.000445685,2.36908e-05,2.36909e-05,2.35537e-05,2.38361e-05,-0.126901,4,2,0,0.01,0,False,nan,nan,nan,nan,nan,nan,nan,nan,nan,nan,12,9
ablation,matched,constant,2,3,11,30,8000,1.25621,5.0914e-05,0.000416065,2.2419e-05,1,4.50161,5.08066,nan,0.00495132,nan,0.0176123,4.42183,4.50147,4.58839,True,1.256,1.25598,1.25129,1.26078,5.09252e-05,5.09248e-05,5.06855e-05,5.11671e-05,0.000408929,0.000407711,0.000359347,0.000461478,2.23167e-05,2.23204e-05,2.21773e-05,2.24559e-05,-0.11008,3,2,0,0.01,0,False,nan,nan,nan,nan,nan,nan,nan,nan,nan,nan,12,9
ablation,matched,constant,2,3,12,30,8000,1.25621,5.0914e-05,0.000416065,2.1161e-05,1,4.25548,4.82903,nan,0.00362977,nan,0.0145386,4.17363,4.25183,4.33297,True,1.256,1.25609,1.25127,1.26075,5.09254e-05,5.09244e-05,5.07009e-05,5.11666e-05,0.00041721,0.000416573,0.000362823,0.00047293,2.11686e-05,2.11688e-05,2.10257e-05,2.13105e-05,-0.0600812,3,2,0,0.01,0,False,nan,nan,nan,nan,nan,nan,nan,nan,nan,nan,12,9
ablation,matched,constant,2,3,13,30,8000,1.25621,5.0914e-05,0.000416065,2.02407e-05,1,4.07494,4.62347,nan,0.0411939,nan,0.0429578,3.97055,4.04612,4.12156,True,1.25582,1.25584,1.25103,1.26054,5.09194e-05,5.09156e-05,5.06812e-05,5.11669e-05,0.000401725,0.000399941,0.000349111,0.000459225,2.01168e-05,2.01184e-05,1.99778e-05,2.02475e-05,-0.127679,3,2,0,0.01,0,False,nan,nan,nan,nan,nan,nan,nan,nan,nan,nan,12,9
ablation,matched,constant,2,3,14,30,8000,1.25621,5.0914e-05,0.000416065,1.92944e-05,1,3.88891,4.42379,nan,0.0313679,nan,0.0113072,3.79526,3.86754,3.93684,True,1.25583,1.25585,1.25097,1.26075,5.09122e-05,5.09094e-05,5.06722e-05,5.11581e-05,0.000405893,0.000403166,0.000350064,0.000466262,1.93049e-05,1.93062e-05,1.91743e-05,1.94392e-05,-0.106003,3,2,0,0.01,0,False,nan,nan,nan,nan,nan,nan,nan,nan,nan,nan,12,9
ablation,matched,constant,2,3,15,30,8000,1.25621,5.0914e-05,0.000416065,1.85925e-05,1,3.75063,4.2577,nan,0.0466192,nan,0.0543906,3.64822,3.71717,3.79274,True,1.25604,1.25615,1.25114,1.26063,5.09181e-05,5.0915e-05,5.06876e-05,5.11595e-05,0.000394666,0.000393642,0.000338512,0.000454953,1.84523e-05,1.84519e-05,1.83195e-05,1.85863e-05,-0.0657365,3,2,0,0.01,0,False,nan,nan,nan,nan,nan,nan,nan,nan,nan,nan,12,9
ablation,matched,constant,2,3,16,30,8000,1.25621,5.0914e-05,0.000416065,1.77529e-05,1,3.58494,4.08379,nan,0.0184004,nan,0.000872129,3.50407,3.57224,3.63947,True,1.25481,1.25493,1.24943,1.25973,5.09201e-05,5.09172e-05,5.06803e-05,5.11735e-05,0.000386812,0.000385305,0.000330253,0.000446859,1.77985e-05,1.77993e-05,1.76742e-05,1.79319e-05,-0.121115,3,2,0,0.01,0,False,nan,nan,nan,nan,nan,nan,nan,nan,nan,nan,12,9
ablation,matched,constant,2,3,17,30,8000,1.25621,5.0914e-05,0.000416065,1.72095e-05,1,3.47751,3.9474,nan,0.0302316,nan,0.0610625,3.39209,3.45697,3.52264,True,1.25378,1.25404,1.24727,1.25862,5.09287e-05,5.09264e-05,5.06992e-05,5.11692e-05,0.000388682,0.000387046,0.000330313,0.000453847,1.71178e-05,1.71196e-05,1.69927e-05,1.72442e-05,-0.163593,3,2,0,0.01,0,False,nan,nan,nan,nan,nan,nan,nan,nan,nan,nan,12,9
ablation,matched,constant,2,3,18,30,8000,1.25621,5.0914e-05,0.000416065,1.62409e-05,1,3.28568,3.77189,nan,0.0621231,nan,0.0691693,3.26595,3.33174,3.39544,True,1.25297,1.25325,1.24699,1.25777,5.09272e-05,5.09264e-05,5.0701e-05,5.11676e-05,0.000403685,0.000399979,0.000341935,0.000475274,1.62606e-05,1.62607e-05,1.61319e-05,1.63892e-05,-0.116123,4,2,0,0.01,0,False,nan,nan,nan,nan,nan,nan,nan,nan,nan,nan,12,9
ablation,matched,constant,2,3,19,30,8000,1.25621,5.0914e-05,0.000416065,1.57221e-05,1,3.18274,3.64818,nan,0.0237183,nan,0.0341529,3.10604,3.16664,3.23095,True,1.25321,1.25345,1.24755,1.25793,5.09328e-05,5.09323e-05,5.06961e-05,5.11681e-05,0.000411179,0.000409277,0.000346654,0.00048062,1.5677e-05,1.56767e-05,1.5553e-05,1.58061e-05,-0.0608419,2,2,0,0.01,0,False,nan,nan,nan,nan,nan,nan,nan,nan,nan,nan,12,9
ablation,matched,constant,2,3,20,30,8000,1.25621,5.0914e-05,0.000416065,1.51607e-05,1,3.0712,3.52472,nan,0.0200178,nan,0.0113602,3.00102,3.0576,3.11582,True,1.25312,1.25334,1.24775,1.25781,5.0937e-05,5.0933e-05,5.07075e-05,5.11839e-05,0.000384438,0.000383274,0.000322447,0.000451653,1.51991e-05,1.52026e-05,1.50687e-05,1.53246e-05,-0.110156,3,2,0,0.01,0,False,nan,nan,nan,nan,nan,nan,nan,nan,nan,nan,12,9
ablation,matched,constant,2,4,1,30,8000,0.163498,0.000104092,0.000257282,0.000104092,1,19.4958,9.28044,nan,8.20939,nan,0,7.97068,11.7303,16.7924,False,0.163509,0.163502,0.162768,0.164331,0.000104259,0.000104259,0.000103881,0.000104611,0.000262916,0.000263082,0.000252833,0.000272664,0.000104259,0.000104259,0.000103881,0.000104611,-0.122654,22,2,0,0.01,0,False,nan,nan,nan,nan,nan,nan,nan,nan,nan,nan,12,7
ablation,matched,constant,2,4,2,30,8000,0.163498,0.000104092,0.000257282,9.00647e-05,1,17.0338,7.6483,nan,0.160626,nan,0.106052,16.5847,16.8802,17.1782,True,0.163185,0.163188,0.162588,0.163795,0.000104265,0.00010426,0.000103915,0.0001046,0.000260816,0.000260721,0.000249772,0.000271798,9.03524e-05,9.03544e-05,9.00341e-05,9.06613e-05,-0.0381454,6,2,0,0.0101955,0,False,nan,nan,nan,nan,nan,nan,nan,nan,nan,nan,12,7
ablation,matched,constant,2,4,3,30,8000,0.163498,0.000104092,0.000257282,7.87744e-05,1,15.0177,6.35013,nan,0.0336556,nan,0.0280043,14.7999,15.0446,15.3052,True,0.163336,0.163331,0.162812,0.163877,0.000104258,0.000104251,0.000103926,0.00010459,0.000265839,0.000266005,0.000251752,0.000279318,7.88419e-05,7.88434e-05,7.85351e-05,7.91404e-05,-0.0860675,5,2,0,0.01,0,False,nan,nan,nan,nan,nan,nan,nan,nan,nan,nan,12,7
ablation,matched,constant,2,4,4,30,8000,0.163498,0.000104092,0.000257282,7.00076e-05,1,13.4302,5.38706,nan,0.0446391,nan,0.0208182,13.153,13.3912,13.625,True,0.163465,0.16347,0.162979,0.163941,0.000104246,0.000104238,0.000103918,0.000104586,0.000267989,0.000267528,0.000252167,0.000283972,7.01819e-05,7.01802e-05,6.98986e-05,7.04695e-05,-0.0587525,5,2,0,0.01,0,False,nan,nan,nan,nan,nan,nan,nan,nan,nan,nan,12,7
ablation,matched,constant,2,4,5,30,8000,0.163498,0.000104092,0.000257282,6.34131e-05,1,12.2231,4.72132,nan,0.105063,nan,0.0628145,11.916,12.12,12.3399,True,0.163448,0.163447,0.163018,0.163873,0.000104241,0.000104246,0.000103893,0.000104583,0.000262268,0.000262022,0.000245228,0.000279398,6.34685e-05,6.34689e-05,6.32026e-05,6.37306e-05,-0.0240465,5,2,0,0.01,0,False,nan,nan,nan,nan,nan,nan,nan,nan,nan,nan,12,7
ablation,matched,constant,2,4,6,30,8000,0.163498,0.000104092,0.000257282,5.63234e-05,1,10.9126,3.91563,nan,0.2428,nan,0.262328,10.9623,11.1435,11.3343,False,0.163432,0.16343,0.163,0.163856,0.000104246,0.000104246,0.000103907,0.000104589,0.000263964,0.000263767,0.000243579,0.000283781,5.65545e-05,5.65557e-05,5.6304e-05,5.68068e-05,-0.0418381,6,2,0,0.0101358,0,False,nan,nan,nan,nan,nan,nan,nan,nan,nan,nan,12,7
ablation,matched,constant,2,4,7,30,8000,0.163498,0.000104092,0.000257282,5.18776e-05,1,10.084,3.5109,nan,0.0186394,nan,0.0239698,9.88527,10.0635,10.2562,True,0.163434,0.163439,0.163037,0.16384,0.000104236,0.000104246,0.000103892,0.000104579,0.000252154,0.000252014,0.000230193,0.000274923,5.18174e-05,5.18176e-05,5.15693e-05,5.20649e-05,-0.0782382,5,2,0,0.01,0,False,nan,nan,nan,nan,nan,nan,nan,nan,nan,nan,12,7
ablation,matched,constant,2,4,8,30,8000,0.163498,0.000104092,0.000257282,4.82446e-05,1,9.40286,3.20333,nan,0.0404259,nan,0.0524626,9.19382,9.36137,9.53509,True,0.163397,0.163405,0.162987,0.163787,0.00010423,0.000104227,0.000103898,0.000104581,0.000242146,0.000241792,0.000220707,0.000265283,4.82715e-05,4.82741e-05,4.80368e-05,4.84993e-05,-0.0200617,4,2,0,0.01,0,False,nan,nan,nan,nan,nan,nan,nan,nan,nan,nan,12,7
ablation,matched,constant,2,4,9,30,8000,0.163498,0.000104092,0.000257282,4.50694e-05,1,8.80463,2.94013,nan,0.0205508,nan,0.0425537,8.66884,8.82303,8.97352,True,0.16341,0.163406,0.163035,0.16377,0.000104235,0.000104233,0.000103909,0.000104566,0.000266139,0.000265829,0.000239483,0.000292385,4.49748e-05,4.498e-05,4.47385e-05,4.52063e-05,0.0397978,5,2,0,0.01,0,False,nan,nan,nan,nan,nan,nan,nan,nan,nan,nan,12,7
ablation,matched,constant,2,4,10,30,8000,0.163498,0.000104092,0.000257282,4.18845e-05,1,8.20179,2.65167,nan,0.0092575,nan,0.0417061,8.05519,8.19296,8.34191,True,0.163422,0.163408,0.163077,0.163779,0.000104245,0.000104238,0.00010392,0.000104582,0.000277103,0.000276711,0.000249133,0.000305024,4.18598e-05,4.18571e-05,4.16387e-05,4.20856e-05,-0.00149061,3,2,0,0.01,0,False,nan,nan,nan,nan,nan,nan,nan,nan,nan,nan,12,7
ablation,matched,constant,2,4,11,30,8000,0.163498,0.000104092,0.000257282,3.98345e-05,1,7.81225,2.52217,nan,0.163853,nan,0.105051,7.51942,7.65665,7.7914,False,0.163406,0.163404,0.163054,0.163774,0.000104223,0.000104222,0.000103908,0.000104564,0.000263313,0.000263418,0.000234944,0.000290793,3.97896e-05,3.97884e-05,3.95824e-05,4.00003e-05,0.00311825,6,2,0,0.01,0,False,nan,nan,nan,nan,nan,nan,nan,nan,nan,nan,12,7
ablation,matched,constant,2,4,12,30,8000,0.163498,0.000104092,0.000257282,3.84891e-05,1,7.55597,2.48635,nan,0.220284,nan,0.197699,7.2141,7.34441,7.47445,False,0.163364,0.16337,0.16303,0.163706,0.000104228,0.000104234,0.000103899,0.000104538,0.000260923,0.000260361,0.000231603,0.000290386,3.82599e-05,3.82592e-05,3.80483e-05,3.84723e-05,0.00581611,7,2,0,0.010728,0,False,nan,nan,nan,nan,nan,nan,nan,nan,nan,nan,12,7
ablation,matched,constant,2,4,13,30,8000,0.163498,0.000104092,0.000257282,3.64618e-05,1,7.16883,2.3261,nan,0.0788005,nan,0.0323453,6.95798,7.09296,7.2323,True,0.163362,0.163364,0.163041,0.163677,0.000104231,0.000104227,0.000103905,0.000104558,0.000259663,0.000258612,0.00022809,0.000291742,3.65559e-05,3.65541e-05,3.63475e-05,3.67577e-05,0.0220332,4,2,0,0.010842,0,False,nan,nan,nan,nan,nan,nan,nan,nan,nan,nan,12,7
ablation,matched,constant,2,4,14,30,8000,0.163498,0.000104092,0.000257282,3.4575e-05,1,6.80747,2.17482,nan,0.00658604,nan,0.0168249,6.67479,6.80175,6.93608,True,0.163411,0.163411,0.163068,0.163746,0.000104234,0.000104235,0.000103885,0.00010458,0.000252659,0.000252118,0.000220633,0.000285534,3.44551e-05,3.4453e-05,3.42557e-05,3.46565e-05,-0.00821878,4,2,0,0.0104979,0,False,nan,nan,nan,nan,nan,nan,nan,nan,nan,nan,12,7
ablation,matched,constant,2,4,15,30,8000,0.163498,0.000104092,0.000257282,3.36492e-05,1,6.6298,2.16364,nan,0.181914,nan,0.170283,6.33763,6.45439,6.57474,False,0.1634,0.163399,0.163063,0.163705,0.00010423,0.000104229,0.000103904,0.000104569,0.000247384,0.000246462,0.000215272,0.000281055,3.36775e-05,3.36769e-05,3.34858e-05,3.38771e-05,0.0984002,7,2,0,0.0122078,0,False,nan,nan,nan,nan,nan,nan,nan,nan,nan,nan,12,7
ablation,matched,constant,2,4,16,30,8000,0.163498,0.000104092,0.000257282,3.26723e-05,1,6.44205,2.13474,nan,0.118214,nan,0.141935,6.19192,6.32877,6.46365,True,0.163455,0.163458,0.163163,0.163737,0.000104244,0.000104242,0.000103906,0.000104577,0.000243942,0.000242862,0.00021143,0.000281148,3.27401e-05,3.27416e-05,3.2542e-05,3.29479e-05,0.0528305,6,2,0,0.0128178,0,False,nan,nan,nan,nan,nan,nan,nan,nan,nan,nan,12,7
ablation,matched,constant,2,4,17,30,8000,0.163498,0.000104092,0.000257282,3.12262e-05,1,6.16361,2.02016,nan,0.00894385,nan,0.029182,6.03195,6.16922,6.31497,True,0.163502,0.163504,0.163225,0.163775,0.000104241,0.000104245,0.000103877,0.000104583,0.000228964,0.000228189,0.000196579,0.00026292,3.12633e-05,3.12604e-05,3.10757e-05,3.14572e-05,-0.0203895,4,2,0,0.0124539,0,False,nan,nan,nan,nan,nan,nan,nan,nan,nan,nan,12,7
ablation,matched,constant,2,4,18,30,8000,0.163498,0.000104092,0.000257282,2.99976e-05,1,5.9266,1.93216,nan,0.0126844,nan,0.0459011,5.80759,5.93447,6.06471,True,0.163522,0.163519,0.163251,0.16382,0.000104239,0.000104245,0.000103906,0.000104581,0.000228742,0.000227501,0.000196144,0.00026534,2.99315e-05,2.99278e-05,2.97393e-05,3.01322e-05,0.0138092,3,2,0,0.0121143,0,False,nan,nan,nan,nan,nan,nan,nan,nan,nan,nan,12,7
ablation,matched,constant,2,4,19,30,8000,0.163498,0.000104092,0.000257282,2.85447e-05,1,5.64572,1.80084,nan,0.0486702,nan,0.0213243,5.56318,5.69435,5.8144,True,0.163531,0.163532,0.163254,0.163806,0.000104232,0.000104243,0.000103883,0.000104575,0.000233532,0.00023267,0.000198741,0.000269589,2.85506e-05,2.85502e-05,2.83542e-05,2.87469e-05,0.0178549,3,2,0,0.0118457,0,False,nan,nan,nan,nan,nan,nan,nan,nan,nan,nan,12,7
ablation,matched,constant,2,4,20,30,8000,0.163498,0.000104092,0.000257282,2.75518e-05,1,5.45344,1.73613,nan,0.0155531,nan,0.0462917,5.33013,5.43949,5.54999,True,0.163531,0.163535,0.163253,0.163796,0.000104228,0.000104232,0.000103874,0.000104571,0.000235534,0.000234373,0.00020067,0.000275604,2.74855e-05,2.74843e-05,2.72942e-05,2.76755e-05,0.0339581,3,2,0,0.0115695,0,False,nan,nan,nan,nan,nan,nan,nan,nan,nan,nan,12,7
ablation,matched,constant,2,5,1,30,8000,0.134883,6.06557e-05,0.000305899,6.06557e-05,1,11.5974,2.19449,nan,2.89378,nan,0,7.75488,11.5521,17.1421,True,0.134226,0.134217,0.132997,0.135456,6.06127e-05,6.06046e-05,6.02491e-05,6.09601e-05,0.000299739,0.000299256,0.000271629,0.000327299,6.06127e-05,6.06046e-05,6.02491e-05,6.09601e-05,0.0103466,18,2,0,0.01,0,False,nan,nan,nan,nan,nan,nan,nan,nan,nan,nan,12,11
ablation,matched,constant,2,5,2,30,8000,0.134883,6.06557e-05,0.000305899,5.45855e-05,1,10.4911,1.9978,nan,0.0205604,nan,0.0170655,10.3011,10.5008,10.6896,True,0.134305,0.134296,0.133397,0.135219,6.05311e-05,6.05262e-05,6.0225e-05,6.08267e-05,0.000287098,0.000286537,0.000264767,0.000310855,5.44623e-05,5.44576e-05,5.42164e-05,5.47345e-05,0.00386974,4,2,0,0.01,0,False,nan,nan,nan,nan,nan,nan,nan,nan,nan,nan,12,11
ablation,matched,constant,2,5,3,30,8000,0.134883,6.06557e-05,0.000305899,4.92752e-05,1,9.51397,1.84661,nan,0.112135,nan,0.0515986,9.4488,9.62222,9.80028,True,0.134301,0.134287,0.133529,0.135055,6.05446e-05,6.05475e-05,6.02378e-05,6.08352e-05,0.000293796,0.000293094,0.000269491,0.000319943,4.92029e-05,4.92004e-05,4.89617e-05,4.94585e-05,-0.0301101,5,2,0,0.01,0,False,nan,nan,nan,nan,nan,nan,nan,nan,nan,nan,12,11
ablation,matched,constant,2,5,4,30,8000,0.134883,6.06557e-05,0.000305899,4.56977e-05,1,8.85066,1.71862,nan,0.0812331,nan,0.109003,8.61787,8.77943,8.92877,True,0.13448,0.134482,0.133811,0.135125,6.05462e-05,6.05468e-05,6.02258e-05,6.08488e-05,0.000293954,0.000294248,0.000268082,0.00032085,4.56421e-05,4.56385e-05,4.54052e-05,4.58994e-05,-0.0292916,4,2,0,0.01,0,False,nan,nan,nan,nan,nan,nan,nan,nan,nan,nan,12,11
ablation,matched,constant,2,5,5,30,8000,0.134883,6.06557e-05,0.000305899,4.19077e-05,1,8.14349,1.61946,nan,0.0684299,nan,0.0393694,8.05234,8.2127,8.35881,True,0.134574,0.134568,0.133948,0.135197,6.05572e-05,6.05604e-05,6.025e-05,6.08582e-05,0.000305247,0.000305195,0.000274476,0.000335407,4.20317e-05,4.20347e-05,4.17911e-05,4.22724e-05,0.00346553,4,2,0,0.01,0,False,nan,nan,nan,nan,nan,nan,nan,nan,nan,nan,12,11
ablation,matched,constant,2,5,6,30,8000,0.134883,6.06557e-05,0.000305899,3.94217e-05,1,7.67712,1.51708,nan,0.0871258,nan,0.106854,7.45485,7.59357,7.72867,True,0.134767,0.134763,0.134177,0.135391,6.05424e-05,6.05417e-05,6.02354e-05,6.08733e-05,0.000295669,0.000294939,0.000264322,0.000328054,3.94075e-05,3.94015e-05,3.91922e-05,3.96342e-05,-0.0232893,5,2,0,0.01,0,False,nan,nan,nan,nan,nan,nan,nan,nan,nan,nan,12,11
ablation,matched,constant,2,5,7,30,8000,0.134883,6.06557e-05,0.000305899,3.64379e-05,1,7.1147,1.44956,nan,0.0791217,nan,0.0557586,7.0587,7.19131,7.32321,True,0.134831,0.134823,0.134263,0.135403,6.05469e-05,6.05474e-05,6.02468e-05,6.08493e-05,0.000297895,0.000297211,0.000265573,0.000331689,3.64434e-05,3.64441e-05,3.62303e-05,3.66691e-05,-0.0132436,4,2,0,0.01,0,False,nan,nan,nan,nan,nan,nan,nan,nan,nan,nan,12,11
ablation,matched,constant,2,5,8,30,8000,0.134883,6.06557e-05,0.000305899,3.40148e-05,1,6.6558,1.38772,nan,0.0367549,nan,0.0207905,6.56671,6.69137,6.81199,True,0.134849,0.13484,0.134312,0.135392,6.05446e-05,6.05517e-05,6.02572e-05,6.0848e-05,0.000305436,0.000304801,0.000270209,0.000341583,3.3964e-05,3.39628e-05,3.37574e-05,3.41656e-05,-0.0183078,3,2,0,0.01,0,False,nan,nan,nan,nan,nan,nan,nan,nan,nan,nan,12,11
ablation,matched,constant,2,5,9,30,8000,0.134883,6.06557e-05,0.000305899,3.23711e-05,1,6.3434,1.30882,nan,0.085115,nan,0.0755017,6.14677,6.26131,6.37962,True,0.134742,0.134749,0.134206,0.135265,6.05516e-05,6.05505e-05,6.02397e-05,6.08698e-05,0.000292135,0.000292021,0.000258015,0.000328574,3.22854e-05,3.22893e-05,3.20893e-05,3.24945e-05,0.0166388,4,2,0,0.01,0,False,nan,nan,nan,nan,nan,nan,nan,nan,nan,nan,12,11
ablation,matched,constant,2,5,10,30,8000,0.134883,6.06557e-05,0.000305899,3.06401e-05,1,6.01344,1.24945,nan,0.0136307,nan,0.0218427,5.89314,5.99963,6.11736,True,0.134776,0.134779,0.13426,0.135277,6.05449e-05,6.05452e-05,6.02399e-05,6.08698e-05,0.0002917,0.000291359,0.000255021,0.000329049,3.07326e-05,3.07304e-05,3.05274e-05,3.09381e-05,-0.0281754,4,2,0,0.01,0,False,nan,nan,nan,nan,nan,nan,nan,nan,nan,nan,12,11
ablation,matched,constant,2,5,11,30,8000,0.134883,6.06557e-05,0.000305899,2.88644e-05,1,5.6739,1.20735,nan,0.06098,nan,0.0238458,5.63106,5.73289,5.83833,True,0.134857,0.134863,0.134373,0.135331,6.05441e-05,6.05368e-05,6.02291e-05,6.08597e-05,0.000300103,0.000298295,0.000260114,0.000344173,2.88624e-05,2.88613e-05,2.86624e-05,2.90589e-05,-0.0367445,4,2,0,0.01,0,False,nan,nan,nan,nan,nan,nan,nan,nan,nan,nan,12,11
ablation,matched,constant,2,5,12,30,8000,0.134883,6.06557e-05,0.000305899,2.80698e-05,1,5.52161,1.12775,nan,0.126843,nan,0.134477,5.29853,5.39918,5.5034,False,0.134867,0.134874,0.134378,0.13533,6.05353e-05,6.0533e-05,6.02058e-05,6.08591e-05,0.000298469,0.000297178,0.000258629,0.000343032,2.78349e-05,2.78285e-05,2.76404e-05,2.80365e-05,-0.0479563,4,2,0,0.01,0,False,nan,nan,nan,nan,nan,nan,nan,nan,nan,nan,12,11
ablation,matched,constant,2,5,13,30,8000,0.134883,6.06557e-05,0.000305899,2.64994e-05,1,5.22003,1.09556,nan,0.00294186,nan,0.0347275,5.1291,5.22138,5.31994,True,0.134881,0.134883,0.134406,0.13535,6.05389e-05,6.05395e-05,6.02295e-05,6.083e-05,0.000300437,0.00029965,0.000258417,0.000344855,2.65293e-05,2.65311e-05,2.63441e-05,2.67114e-05,-0.00269635,3,2,0,0.01,0,False,nan,nan,nan,nan,nan,nan,nan,nan,nan,nan,12,11
ablation,matched,constant,2,5,14,30,8000,0.134883,6.06557e-05,0.000305899,2.55535e-05,1,5.03796,1.04257,nan,0.0475042,nan,0.0599059,4.89874,4.99165,5.09009,True,0.134896,0.134888,0.134439,0.135375,6.05364e-05,6.05353e-05,6.02328e-05,6.08441e-05,0.000287096,0.000287151,0.000244235,0.000331047,2.54407e-05,2.54386e-05,2.52532e-05,2.56304e-05,0.00308873,3,2,0,0.01,0,False,nan,nan,nan,nan,nan,nan,nan,nan,nan,nan,12,11
ablation,matched,constant,2,5,15,30,8000,0.134883,6.06557e-05,0.000305899,2.38227e-05,1,4.70402,1.0434,nan,0.114395,nan,0.113469,4.7229,4.81524,4.90121,False,0.134849,0.13485,0.134382,0.135288,6.054e-05,6.05336e-05,6.02326e-05,6.08413e-05,0.000308426,0.000307663,0.000264453,0.00035577,2.3824e-05,2.38223e-05,2.36422e-05,2.40017e-05,0.0176234,6,2,0,0.01,0,False,nan,nan,nan,nan,nan,nan,nan,nan,nan,nan,12,11
ablation,matched,constant,2,5,16,30,8000,0.134883,6.06557e-05,0.000305899,2.23945e-05,1,4.42769,1.04472,nan,0.0809138,nan,0.0830542,4.41845,4.50635,4.59628,True,0.134806,0.134811,0.13434,0.135254,6.05371e-05,6.05269e-05,6.02384e-05,6.08509e-05,0.000335245,0.000335036,0.000285364,0.000386044,2.24343e-05,2.24361e-05,2.22648e-05,2.26091e-05,0.0433246,4,2,0,0.01,0,False,nan,nan,nan,nan,nan,nan,nan,nan,nan,nan,12,11
ablation,matched,constant,2,5,17,30,8000,0.134883,6.06557e-05,0.000305899,2.20259e-05,1,4.35627,0.9691,nan,0.123795,nan,0.105818,4.15356,4.23537,4.3185,False,0.134817,0.134814,0.134357,0.135272,6.05191e-05,6.05144e-05,6.02296e-05,6.08274e-05,0.000305613,0.000303532,0.000262287,0.00035417,2.19301e-05,2.19285e-05,2.17537e-05,2.21076e-05,0.0120593,6,2,0,0.0108534,0,False,nan,nan,nan,nan,nan,nan,nan,nan,nan,nan,12,11
ablation,matched,constant,2,5,18,30,8000,0.134883,6.06557e-05,0.000305899,2.11051e-05,1,4.17762,0.944881,nan,0.00538281,nan,0.0104818,4.08929,4.17239,4.25922,True,0.134815,0.13482,0.13437,0.135261,6.05268e-05,6.05219e-05,6.02356e-05,6.08413e-05,0.000306277,0.000304611,0.000258841,0.000357209,2.10996e-05,2.11024e-05,2.09265e-05,2.12752e-05,0.0021647,2,2,0,0.0105403,0,False,nan,nan,nan,nan,nan,nan,nan,nan,nan,nan,12,11
ablation,matched,constant,2,5,19,30,8000,0.134883,6.06557e-05,0.000305899,2.01405e-05,1,3.99016,0.932008,nan,0.0313679,nan,0.0332938,3.9391,4.02108,4.10105,True,0.13482,0.134825,0.134366,0.135272,6.05285e-05,6.05208e-05,6.02367e-05,6.08396e-05,0.000304613,0.00030332,0.000255759,0.000358744,2.02902e-05,2.02906e-05,2.01184e-05,2.04612e-05,-0.00484291,3,2,0,0.0102295,0,False,nan,nan,nan,nan,nan,nan,nan,nan,nan,nan,12,11
ablation,matched,constant,2,5,20,30,8000,0.134883,6.06557e-05,0.000305899,1.92748e-05,1,3.82163,0.918661,nan,0.0568616,nan,0.0275654,3.79892,3.87668,3.95575,True,0.134795,0.134797,0.134351,0.135239,6.05191e-05,6.05143e-05,6.02417e-05,6.08202e-05,0.000312117,0.000310425,0.00025905,0.000369728,1.93271e-05,1.93263e-05,1.9156e-05,1.95007e-05,0.00565554,3,2,0,0.010229,0,False,nan,nan,nan,nan,nan,nan,nan,nan,nan,nan,12,11
ablation,matched,constant,2,6,1,30,8000,0.352031,3.04858e-05,0.000304466,3.04858e-05,1,6.03033,6.84147,nan,6.20068,nan,0,7.78564,11.7231,17.2387,False,0.353179,0.353195,0.348021,0.35858,3.02221e-05,3.02225e-05,2.99541e-05,3.05073e-05,0.000232783,0.000228897,0.000159481,0.000313162,3.02221e-05,3.02225e-05,2.99541e-05,3.05073e-05,-0.27689,19,2,0,0.01,0,False,nan,nan,nan,nan,nan,nan,nan,nan,nan,nan,12,21
ablation,matched,constant,2,6,2,30,8000,0.352031,3.04858e-05,0.000304466,2.90498e-05,1,5.75359,6.17594,nan,0.0385473,nan,0.0427801,5.64988,5.77527,5.89878,True,0.351496,0.351421,0.347593,0.355548,3.02839e-05,3.0283e-05,3.00401e-05,3.05282e-05,0.000248333,0.000247516,0.000193725,0.000304423,2.88751e-05,2.88723e-05,2.86791e-05,2.90817e-05,-0.255568,4,2,0,0.01,0,False,nan,nan,nan,nan,nan,nan,nan,nan,nan,nan,12,21
ablation,matched,constant,2,6,3,30,8000,0.352031,3.04858e-05,0.000304466,2.7541e-05,1,5.46207,5.64441,nan,0.0563813,nan,0.00523979,5.40643,5.51118,5.62057,True,0.351067,0.351043,0.34786,0.35424,3.02776e-05,3.02782e-05,3.0053e-05,3.05076e-05,0.000245742,0.000246649,0.000200035,0.000290529,2.75343e-05,2.75371e-05,2.73538e-05,2.77189e-05,-0.210818,3,2,0,0.01,0,False,nan,nan,nan,nan,nan,nan,nan,nan,nan,nan,12,21
ablation,matched,constant,2,6,4,30,8000,0.352031,3.04858e-05,0.000304466,2.628e-05,1,5.21783,5.18661,nan,0.0641602,nan,0.0170029,5.17743,5.27435,5.37615,True,0.351696,0.351771,0.348905,0.354479,3.03056e-05,3.03058e-05,3.00894e-05,3.05219e-05,0.000264158,0.000263788,0.000219259,0.000308879,2.60913e-05,2.60946e-05,2.59135e-05,2.62607e-05,-0.155299,5,2,0,0.01,0,False,nan,nan,nan,nan,nan,nan,nan,nan,nan,nan,12,21
ablation,matched,constant,2,6,5,30,8000,0.352031,3.04858e-05,0.000304466,2.55255e-05,1,5.07144,4.76235,nan,0.0929852,nan,0.102937,4.89698,4.99196,5.08431,True,0.351394,0.351395,0.348752,0.353999,3.0306e-05,3.03069e-05,3.0095e-05,3.05158e-05,0.000262199,0.000261823,0.00021965,0.000307815,2.53533e-05,2.53526e-05,2.51785e-05,2.55285e-05,-0.192515,4,2,0,0.01,0,False,nan,nan,nan,nan,nan,nan,nan,nan,nan,nan,12,21
ablation,matched,constant,2,6,6,30,8000,0.352031,3.04858e-05,0.000304466,2.45918e-05,1,4.89001,4.41879,nan,0.036344,nan,0.0485908,4.76887,4.86029,4.95262,True,0.351544,0.351553,0.349159,0.353899,3.02882e-05,3.02887e-05,3.0083e-05,3.04986e-05,0.000251608,0.000250023,0.000210912,0.000296568,2.4498e-05,2.45019e-05,2.4326e-05,2.46673e-05,-0.149877,3,2,0,0.01,0,False,nan,nan,nan,nan,nan,nan,nan,nan,nan,nan,12,21
ablation,matched,constant,2,6,7,30,8000,0.352031,3.04858e-05,0.000304466,2.36743e-05,1,4.71142,4.12533,nan,0.0140905,nan,0.034291,4.63102,4.71707,4.80573,True,0.351851,0.351878,0.349684,0.354025,3.02861e-05,3.02843e-05,3.00856e-05,3.04983e-05,0.000256958,0.000255755,0.000215252,0.000301849,2.36521e-05,2.36514e-05,2.34857e-05,2.38194e-05,-0.148791,3,2,0,0.01,0,False,nan,nan,nan,nan,nan,nan,nan,nan,nan,nan,12,21
ablation,matched,constant,2,6,8,30,8000,0.352031,3.04858e-05,0.000304466,2.28454e-05,1,4.54983,3.86731,nan,0.012931,nan,0.0369345,4.46872,4.55728,4.63944,True,0.352063,0.35209,0.349927,0.354201,3.02886e-05,3.02882e-05,3.00882e-05,3.04978e-05,0.000259773,0.000258643,0.000216375,0.000306507,2.27353e-05,2.27328e-05,2.25689e-05,2.29011e-05,-0.101914,3,2,0,0.01,0,False,nan,nan,nan,nan,nan,nan,nan,nan,nan,nan,12,21
ablation,matched,constant,2,6,9,30,8000,0.352031,3.04858e-05,0.000304466,2.22365e-05,1,4.43099,3.63018,nan,0.0495448,nan,0.0708999,4.30793,4.38801,4.47033,True,0.351428,0.351422,0.349298,0.353506,3.02869e-05,3.0286e-05,3.008e-05,3.04949e-05,0.00024363,0.000243198,0.000203398,0.000288074,2.20664e-05,2.20635e-05,2.19103e-05,2.22221e-05,-0.145985,3,2,0,0.01,0,False,nan,nan,nan,nan,nan,nan,nan,nan,nan,nan,12,21
ablation,matched,constant,2,6,10,30,8000,0.352031,3.04858e-05,0.000304466,2.1251e-05,1,4.23835,3.445,nan,0.0427784,nan,0.0233039,4.1949,4.27606,4.35782,True,0.351595,0.351557,0.349501,0.353652,3.0288e-05,3.02864e-05,3.00809e-05,3.04886e-05,0.000254273,0.000252944,0.000212723,0.000300895,2.11266e-05,2.11273e-05,2.09635e-05,2.12875e-05,-0.111941,3,2,0,0.01,0,False,nan,nan,nan,nan,nan,nan,nan,nan,nan,nan,12,21
ablation,matched,constant,2,6,11,30,8000,0.352031,3.04858e-05,0.000304466,2.05945e-05,1,4.10984,3.26413,nan,0.0196829,nan,0.0331855,4.01871,4.09602,4.17081,True,0.351939,0.351945,0.349951,0.35386,3.02852e-05,3.02828e-05,3.00863e-05,3.04779e-05,0.000261146,0.000259502,0.00021683,0.000309672,2.04315e-05,2.04305e-05,2.02766e-05,2.05971e-05,-0.149707,3,2,0,0.01,0,False,nan,nan,nan,nan,nan,nan,nan,nan,nan,nan,12,21
ablation,matched,constant,2,6,12,30,8000,0.352031,3.04858e-05,0.000304466,1.98719e-05,1,3.96821,3.10739,nan,0.0102875,nan,0.00778857,3.88387,3.96321,4.03777,True,0.351739,0.351724,0.349796,0.353649,3.02887e-05,3.02901e-05,3.00964e-05,3.04812e-05,0.000251198,0.000249155,0.000208588,0.000297248,1.98203e-05,1.98225e-05,1.96586e-05,1.99723e-05,-0.107368,3,2,0,0.01,0,False,nan,nan,nan,nan,nan,nan,nan,nan,nan,nan,12,21
ablation,matched,constant,2,6,13,30,8000,0.352031,3.04858e-05,0.000304466,1.89336e-05,1,3.78403,2.97865,nan,0.0803839,nan,0.0517404,3.78447,3.85512,3.92849,False,0.351741,0.351731,0.349887,0.353562,3.02899e-05,3.02912e-05,3.00942e-05,3.04879e-05,0.000269844,0.000268583,0.000221855,0.000321963,1.89251e-05,1.89227e-05,1.87771e-05,1.90803e-05,-0.0823195,4,2,0,0.01,0,False,nan,nan,nan,nan,nan,nan,nan,nan,nan,nan,12,21
ablation,matched,constant,2,6,14,30,8000,0.352031,3.04858e-05,0.000304466,1.83078e-05,1,3.66104,2.84842,nan,0.0172707,nan,0.00368085,3.60607,3.67489,3.74815,True,0.351621,0.351642,0.349733,0.353466,3.02964e-05,3.02945e-05,3.01059e-05,3.04944e-05,0.000270933,0.000269489,0.000222193,0.000326423,1.8312e-05,1.831e-05,1.81641e-05,1.8478e-05,-0.106618,2,2,0,0.01,0,False,nan,nan,nan,nan,nan,nan,nan,nan,nan,nan,12,21
ablation,matched,constant,2,6,15,30,8000,0.352031,3.04858e-05,0.000304466,1.75527e-05,1,3.51243,2.73757,nan,0.0566058,nan,0.0344169,3.49378,3.56284,3.63144,True,0.351619,0.351625,0.349845,0.353405,3.02962e-05,3.02957e-05,3.00998e-05,3.05069e-05,0.000287719,0.000285997,0.000230592,0.000348972,1.75149e-05,1.75174e-05,1.73579e-05,1.76681e-05,-0.113826,4,2,0,0.01,0,False,nan,nan,nan,nan,nan,nan,nan,nan,nan,nan,12,21
ablation,matched,constant,2,6,16,30,8000,0.352031,3.04858e-05,0.000304466,1.69888e-05,1,3.40131,2.62854,nan,0.00536757,nan,0.00238124,3.33916,3.40738,3.47323,True,0.351528,0.351513,0.349782,0.353355,3.02947e-05,3.02991e-05,3.00952e-05,3.04865e-05,0.000299477,0.000296708,0.00024231,0.000358775,1.68597e-05,1.68584e-05,1.6708e-05,1.70151e-05,-0.119751,3,2,0,0.01,0,False,nan,nan,nan,nan,nan,nan,nan,nan,nan,nan,12,21
ablation,matched,constant,2,6,17,30,8000,0.352031,3.04858e-05,0.000304466,1.65499e-05,1,3.31475,2.52388,nan,0.0429733,nan,0.017911,3.21418,3.27754,3.34074,True,0.351464,0.351459,0.349635,0.353329,3.02976e-05,3.02988e-05,3.00856e-05,3.05021e-05,0.000286812,0.000285872,0.000232132,0.000345813,1.65303e-05,1.6532e-05,1.63794e-05,1.66792e-05,-0.131314,4,2,0,0.01,0,False,nan,nan,nan,nan,nan,nan,nan,nan,nan,nan,12,21
ablation,matched,constant,2,6,18,30,8000,0.352031,3.04858e-05,0.000304466,1.61051e-05,1,3.22697,2.42878,nan,0.00657253,nan,0.0107729,3.15613,3.2227,3.29058,True,0.351258,0.351236,0.349488,0.353011,3.0297e-05,3.02982e-05,3.00837e-05,3.04996e-05,0.000293902,0.000291384,0.000237399,0.000353439,1.6127e-05,1.61286e-05,1.59813e-05,1.62694e-05,-0.0658897,2,2,0,0.01,0,False,nan,nan,nan,nan,nan,nan,nan,nan,nan,nan,12,21
ablation,matched,constant,2,6,19,30,8000,0.352031,3.04858e-05,0.000304466,1.57803e-05,1,3.16282,2.33716,nan,0.0227099,nan,0.0319003,3.08371,3.14418,3.20523,True,0.351343,0.351337,0.349593,0.353074,3.03031e-05,3.03045e-05,3.00959e-05,3.05028e-05,0.000291721,0.000289129,0.000236605,0.000353638,1.56677e-05,1.56705e-05,1.55198e-05,1.58097e-05,-0.0504773,2,2,0,0.01,0,False,nan,nan,nan,nan,nan,nan,nan,nan,nan,nan,12,21
ablation,matched,constant,2,6,20,30,8000,0.352031,3.04858e-05,0.000304466,1.54346e-05,1,3.09449,2.25402,nan,0.0419324,nan,0.0230955,2.99853,3.0584,3.11603,True,0.351529,0.351521,0.349833,0.353286,3.02911e-05,3.02947e-05,3.009e-05,3.04947e-05,0.000289371,0.000287152,0.000232824,0.000354363,1.53756e-05,1.5377e-05,1.52272e-05,1.55166e-05,-0.0588304,3,2,0,0.01,0,False,nan,nan,nan,nan,nan,nan,nan,nan,nan,nan,12,21
ablation,matched,constant,2,7,1,30,8000,0.372478,5.62212e-05,0.000164505,5.62212e-05,1,11.1263,6.66204,nan,3.00731,nan,0,7.93988,11.6313,16.8862,True,0.369319,0.36938,0.366502,0.372209,5.6034e-05,5.60457e-05,5.57011e-05,5.6351e-05,0.000148609,0.000148874,0.00012111,0.000176908,5.6034e-05,5.60457e-05,5.57011e-05,5.6351e-05,-0.289448,19,2,0,0.01,0,False,nan,nan,nan,nan,nan,nan,nan,nan,nan,nan,12,19
ablation,matched,constant,2,7,2,30,8000,0.372478,5.62212e-05,0.000164505,5.37142e-05,1,10.6429,6.32566,nan,0.0892481,nan,0.108653,10.3959,10.5879,10.7846,True,0.369802,0.369799,0.367684,0.371976,5.60426e-05,5.60454e-05,5.57571e-05,5.63106e-05,0.000149933,0.000150059,0.000129157,0.000170215,5.36698e-05,5.367e-05,5.34368e-05,5.3908e-05,-0.253519,5,2,0,0.01,0,False,nan,nan,nan,nan,nan,nan,nan,nan,nan,nan,12,19
ablation,matched,constant,2,7,3,30,8000,0.372478,5.62212e-05,0.000164505,4.99383e-05,1,9.91274,5.88723,nan,0.281473,nan,0.229127,9.99092,10.1676,10.3547,False,0.370353,0.370365,0.368574,0.372137,5.61135e-05,5.61138e-05,5.58553e-05,5.63589e-05,0.000164366,0.000164587,0.000144399,0.000183652,4.98451e-05,4.98438e-05,4.96185e-05,5.00608e-05,-0.169395,8,2,0,0.0135036,0,False,nan,nan,nan,nan,nan,nan,nan,nan,nan,nan,12,19
ablation,matched,constant,2,7,4,30,8000,0.372478,5.62212e-05,0.000164505,4.79994e-05,1,9.53675,5.65329,nan,0.124952,nan,0.0980245,9.22571,9.43762,9.66236,True,0.370403,0.370419,0.368798,0.371979,5.61256e-05,5.61315e-05,5.58904e-05,5.63577e-05,0.00016898,0.000169249,0.000149475,0.000189541,4.8133e-05,4.81264e-05,4.79289e-05,4.83515e-05,-0.158039,5,2,0,0.0134371,0,False,nan,nan,nan,nan,nan,nan,nan,nan,nan,nan,12,19
ablation,matched,constant,2,7,5,30,8000,0.372478,5.62212e-05,0.000164505,4.55517e-05,1,9.06111,5.37233,nan,0.0602637,nan,0.0546571,8.91167,9.11492,9.33001,True,0.370957,0.370927,0.369541,0.372444,5.60964e-05,5.60963e-05,5.58637e-05,5.63353e-05,0.000163337,0.000162788,0.000143453,0.000183965,4.57068e-05,4.57041e-05,4.55048e-05,4.59142e-05,-0.128688,5,2,0,0.0125958,0,False,nan,nan,nan,nan,nan,nan,nan,nan,nan,nan,12,19
ablation,matched,constant,2,7,6,30,8000,0.372478,5.62212e-05,0.000164505,4.3481e-05,1,8.65787,5.13819,nan,0.0517741,nan,0.0184045,8.52835,8.70364,8.90001,True,0.370865,0.37085,0.369527,0.372209,5.60697e-05,5.60712e-05,5.5836e-05,5.63049e-05,0.000148068,0.000147974,0.00012977,0.000168307,4.35107e-05,4.35048e-05,4.33222e-05,4.37159e-05,-0.0971415,5,2,0,0.0119574,0,False,nan,nan,nan,nan,nan,nan,nan,nan,nan,nan,12,19
ablation,matched,constant,2,7,7,30,8000,0.372478,5.62212e-05,0.000164505,4.2209e-05,1,8.40975,5.00801,nan,0.0663294,nan,0.121471,8.19275,8.36139,8.53127,True,0.37063,0.370639,0.369319,0.371904,5.60873e-05,5.60927e-05,5.58476e-05,5.6313e-05,0.000151805,0.000151285,0.000132131,0.000174138,4.21246e-05,4.21248e-05,4.19252e-05,4.23141e-05,-0.103206,4,2,0,0.0114643,0,False,nan,nan,nan,nan,nan,nan,nan,nan,nan,nan,12,19
ablation,matched,constant,2,7,8,30,8000,0.372478,5.62212e-05,0.000164505,4.08938e-05,1,8.1529,4.87612,nan,0.0725542,nan,0.0889889,7.94167,8.09983,8.25292,True,0.371219,0.371195,0.370005,0.372481,5.60678e-05,5.6066e-05,5.58453e-05,5.6307e-05,0.000149149,0.000148598,0.000128101,0.000171868,4.09758e-05,4.09739e-05,4.07883e-05,4.11746e-05,-0.159063,5,2,0,0.0113573,0,False,nan,nan,nan,nan,nan,nan,nan,nan,nan,nan,12,19
ablation,matched,constant,2,7,9,30,8000,0.372478,5.62212e-05,0.000164505,3.91985e-05,1,7.82134,4.68902,nan,0.0786742,nan,0.0192016,7.73719,7.8919,8.05209,True,0.371697,0.371677,0.370513,0.372892,5.60704e-05,5.60731e-05,5.58376e-05,5.62839e-05,0.000163145,0.000162928,0.000139909,0.000188012,3.93169e-05,3.93117e-05,3.91227e-05,3.95166e-05,-0.150113,5,2,0,0.0109249,0,False,nan,nan,nan,nan,nan,nan,nan,nan,nan,nan,12,19
ablation,matched,constant,2,7,10,30,8000,0.372478,5.62212e-05,0.000164505,3.64569e-05,1,7.28398,4.34834,nan,0.307504,nan,0.283176,7.40905,7.55595,7.69881,False,0.371722,0.371736,0.370588,0.372818,5.60794e-05,5.60824e-05,5.58423e-05,5.63083e-05,0.000181746,0.000181655,0.000155846,0.00020789,3.66193e-05,3.66228e-05,3.64282e-05,3.67968e-05,-0.137826,9,2,0,0.0138054,0,False,nan,nan,nan,nan,nan,nan,nan,nan,nan,nan,12,19
ablation,matched,constant,2,7,11,30,8000,0.372478,5.62212e-05,0.000164505,3.56012e-05,1,7.11598,4.26943,nan,0.108487,nan,0.0965587,6.86005,7.02212,7.19063,True,0.371902,0.371916,0.370841,0.372907,5.60725e-05,5.60766e-05,5.58303e-05,5.63018e-05,0.000183794,0.000183317,0.000156485,0.000212208,3.56712e-05,3.56672e-05,3.54807e-05,3.587e-05,-0.117734,5,2,0,0.0137459,0,False,nan,nan,nan,nan,nan,nan,nan,nan,nan,nan,12,19
ablation,matched,constant,2,7,12,30,8000,0.372478,5.62212e-05,0.000164505,3.43895e-05,1,6.87784,4.13798,nan,0.0401329,nan,0.00325794,6.68839,6.84268,7.00863,True,0.371916,0.371942,0.370875,0.372915,5.60733e-05,5.60754e-05,5.58389e-05,5.6299e-05,0.000177744,0.00017681,0.000153106,0.000205714,3.42826e-05,3.42809e-05,3.41001e-05,3.44694e-05,-0.0841618,4,2,0,0.0132584,0,False,nan,nan,nan,nan,nan,nan,nan,nan,nan,nan,12,19
ablation,matched,constant,2,7,13,30,8000,0.372478,5.62212e-05,0.000164505,3.33856e-05,1,6.68032,4.03442,nan,0.0848405,nan,0.0319224,6.45614,6.60944,6.75309,True,0.371789,0.371802,0.370727,0.372806,5.60813e-05,5.60867e-05,5.58365e-05,5.63206e-05,0.000179202,0.000178132,0.000153552,0.000207983,3.3428e-05,3.34291e-05,3.32443e-05,3.36121e-05,-0.0890775,4,2,0,0.0131142,0,False,nan,nan,nan,nan,nan,nan,nan,nan,nan,nan,12,19
ablation,matched,constant,2,7,14,30,8000,0.372478,5.62212e-05,0.000164505,3.21968e-05,1,6.44619,3.89966,nan,0.00859547,nan,0.0244191,6.30982,6.44567,6.5907,True,0.372026,0.37202,0.371024,0.373015,5.60801e-05,5.60809e-05,5.58425e-05,5.63172e-05,0.000173339,0.000172645,0.000147324,0.000202021,3.22524e-05,3.22511e-05,3.207e-05,3.24357e-05,-0.125838,4,2,0,0.0127169,0,False,nan,nan,nan,nan,nan,nan,nan,nan,nan,nan,12,19
ablation,matched,constant,2,7,15,30,8000,0.372478,5.62212e-05,0.000164505,3.11648e-05,1,6.24271,3.78538,nan,0.00578986,nan,0.00582651,6.10342,6.24062,6.38035,True,0.372033,0.372032,0.371035,0.373016,5.60757e-05,5.60729e-05,5.58449e-05,5.63056e-05,0.000173745,0.000173226,0.000146657,0.000204091,3.12168e-05,3.1217e-05,3.10353e-05,3.1392e-05,-0.129456,3,2,0,0.0123352,0,False,nan,nan,nan,nan,nan,nan,nan,nan,nan,nan,12,19
ablation,matched,constant,2,7,16,30,8000,0.372478,5.62212e-05,0.000164505,3.07634e-05,1,6.16352,3.76784,nan,0.128118,nan,0.122608,5.92975,6.05352,6.18336,True,0.372011,0.371978,0.371008,0.373039,5.60731e-05,5.60722e-05,5.58403e-05,5.63065e-05,0.000168148,0.00016743,0.000141688,0.000197583,3.0805e-05,3.0802e-05,3.06367e-05,3.09796e-05,-0.0291644,5,2,0,0.0127509,0,False,nan,nan,nan,nan,nan,nan,nan,nan,nan,nan,12,19
ablation,matched,constant,2,7,17,30,8000,0.372478,5.62212e-05,0.000164505,3.01216e-05,1,6.03682,3.71113,nan,0.0596447,nan,0.0628924,5.86092,5.98493,6.11353,True,0.371986,0.371964,0.371012,0.373015,5.60738e-05,5.60739e-05,5.58456e-05,5.63111e-05,0.000165525,0.000164612,0.000138329,0.000195308,3.00898e-05,3.00907e-05,2.9914e-05,3.02716e-05,-0.0645087,4,2,0,0.0125343,0,False,nan,nan,nan,nan,nan,nan,nan,nan,nan,nan,12,19
ablation,matched,constant,2,7,18,30,8000,0.372478,5.62212e-05,0.000164505,2.92186e-05,1,5.85843,3.60891,nan,0.00420458,nan,0.00465258,5.7341,5.85575,5.98141,True,0.372102,0.372081,0.371104,0.373113,5.60728e-05,5.60758e-05,5.58352e-05,5.63119e-05,0.000157773,0.000156765,0.000130355,0.000185977,2.94105e-05,2.94106e-05,2.92373e-05,2.95795e-05,-0.0829771,4,2,0,0.0123023,0,False,nan,nan,nan,nan,nan,nan,nan,nan,nan,nan,12,19
ablation,matched,constant,2,7,19,30,8000,0.372478,5.62212e-05,0.000164505,2.79892e-05,1,5.61531,3.44955,nan,0.143619,nan,0.0902572,5.62122,5.73859,5.86185,False,0.372095,0.372094,0.371094,0.373106,5.6086e-05,5.60878e-05,5.58465e-05,5.63206e-05,0.0001603,0.000158958,0.000132855,0.000192127,2.80051e-05,2.80037e-05,2.7832e-05,2.81745e-05,-0.086903,5,2,0,0.0128326,0,False,nan,nan,nan,nan,nan,nan,nan,nan,nan,nan,12,19
ablation,matched,constant,2,7,20,30,8000,0.372478,5.62212e-05,0.000164505,2.75432e-05,1,5.52704,3.41687,nan,0.0628228,nan,0.0719962,5.35472,5.47356,5.59313,True,0.371927,0.371921,0.370925,0.372889,5.60876e-05,5.60889e-05,5.58719e-05,5.63073e-05,0.000161599,0.000160664,0.000131992,0.000194275,2.75724e-05,2.75732e-05,2.7408e-05,2.77418e-05,-0.0776845,4,2,0,0.0127551,0,False,nan,nan,nan,nan,nan,nan,nan,nan,nan,nan,12,19
ablation,matched,constant,2,8,1,30,8000,0.848178,5.16568e-05,0.000224518,5.16568e-05,1,10.2382,9.50852,nan,5.37302,nan,0,7.90248,11.7137,17.1078,True,0.848865,0.849035,0.842285,0.855196,5.1445e-05,5.14444e-05,5.11604e-05,5.17049e-05,0.00022803,0.000228078,0.000199107,0.000255796,5.1445e-05,5.14444e-05,5.11604e-05,5.17049e-05,-0.275671,18,2,0,0.01,0,False,nan,nan,nan,nan,nan,nan,nan,nan,nan,nan,12,15
ablation,matched,constant,2,8,2,30,8000,0.848178,5.16568e-05,0.000224518,4.79739e-05,1,9.53095,8.82263,nan,0.00550799,nan,0.0696962,9.36026,9.52926,9.71198,True,0.849839,0.84977,0.845237,0.854595,5.13422e-05,5.13458e-05,5.11097e-05,5.15818e-05,0.000212017,0.000212129,0.00018995,0.000234812,4.78924e-05,4.78945e-05,4.76747e-05,4.80983e-05,-0.260224,5,2,0,0.01,0,False,nan,nan,nan,nan,nan,nan,nan,nan,nan,nan,12,15
ablation,matched,constant,2,8,3,30,8000,0.848178,5.16568e-05,0.000224518,4.47529e-05,1,8.90964,8.22709,nan,0.113006,nan,0.0681331,8.83542,8.98849,9.14838,True,0.849286,0.849222,0.845286,0.853449,5.14159e-05,5.1419e-05,5.11891e-05,5.16239e-05,0.000232506,0.000232766,0.000209513,0.000256428,4.48885e-05,4.48875e-05,4.46955e-05,4.50911e-05,-0.188871,5,2,0,0.01,0,False,nan,nan,nan,nan,nan,nan,nan,nan,nan,nan,12,15
ablation,matched,constant,2,8,4,30,8000,0.848178,5.16568e-05,0.000224518,4.2184e-05,1,8.41226,7.74253,nan,0.00915037,nan,0.00293208,8.26302,8.40755,8.55662,True,0.848356,0.848344,0.844882,0.851906,5.14257e-05,5.14237e-05,5.1212e-05,5.16333e-05,0.000233125,0.000232909,0.000210148,0.000257254,4.23811e-05,4.23857e-05,4.2194e-05,4.25561e-05,-0.198457,4,2,0,0.01,0,False,nan,nan,nan,nan,nan,nan,nan,nan,nan,nan,12,15
ablation,matched,constant,2,8,5,30,8000,0.848178,5.16568e-05,0.000224518,3.98022e-05,1,7.94964,7.30093,nan,0.0331878,nan,0.0208385,7.8349,7.97394,8.12132,True,0.847971,0.847989,0.844789,0.851087,5.14297e-05,5.14292e-05,5.12063e-05,5.16454e-05,0.000235332,0.000235628,0.000210703,0.00026002,4.00282e-05,4.00274e-05,3.98496e-05,4.02097e-05,-0.131475,4,2,0,0.01,0,False,nan,nan,nan,nan,nan,nan,nan,nan,nan,nan,12,15
ablation,matched,constant,2,8,6,30,8000,0.848178,5.16568e-05,0.000224518,3.80455e-05,1,7.60752,6.96271,nan,0.064194,nan,0.0763073,7.42957,7.55753,7.69332,True,0.848214,0.848285,0.845115,0.851131,5.14209e-05,5.14212e-05,5.11928e-05,5.16383e-05,0.000228516,0.000228005,0.000204312,0.000254677,3.80531e-05,3.80538e-05,3.78781e-05,3.82328e-05,-0.178664,4,2,0,0.01,0,False,nan,nan,nan,nan,nan,nan,nan,nan,nan,nan,12,15
ablation,matched,constant,2,8,7,30,8000,0.848178,5.16568e-05,0.000224518,3.65356e-05,1,7.31282,6.67286,nan,0.104995,nan,0.0953836,7.10867,7.23475,7.35849,True,0.847239,0.847313,0.844274,0.850096,5.14357e-05,5.14324e-05,5.12228e-05,5.16561e-05,0.00022295,0.000222515,0.000197445,0.000249041,3.65005e-05,3.64981e-05,3.63329e-05,3.66739e-05,-0.139376,5,2,0,0.01,0,False,nan,nan,nan,nan,nan,nan,nan,nan,nan,nan,12,15
ablation,matched,constant,2,8,8,30,8000,0.848178,5.16568e-05,0.000224518,3.46688e-05,1,6.94769,6.33567,nan,0.0302823,nan,0.0330946,6.85484,6.97383,7.09304,True,0.84798,0.848078,0.845183,0.850553,5.1426e-05,5.14236e-05,5.12177e-05,5.16521e-05,0.000218239,0.000217643,0.000191073,0.000245497,3.45791e-05,3.45776e-05,3.44208e-05,3.47473e-05,-0.0998933,4,2,0,0.01,0,False,nan,nan,nan,nan,nan,nan,nan,nan,nan,nan,12,15
ablation,matched,constant,2,8,9,30,8000,0.848178,5.16568e-05,0.000224518,3.28898e-05,1,6.59889,6.01647,nan,0.0488652,nan,0.0542203,6.51702,6.63635,6.75563,True,0.84838,0.848414,0.845782,0.850937,5.14197e-05,5.14173e-05,5.1205e-05,5.1641e-05,0.000223571,0.000223027,0.000193945,0.00025314,3.29153e-05,3.2916e-05,3.27465e-05,3.3086e-05,-0.0945816,4,2,0,0.01,0,False,nan,nan,nan,nan,nan,nan,nan,nan,nan,nan,12,15
ablation,matched,constant,2,8,10,30,8000,0.848178,5.16568e-05,0.000224518,3.13865e-05,1,6.30351,5.7439,nan,0.0321302,nan,0.022752,6.21384,6.32832,6.44153,True,0.848483,0.848551,0.845786,0.850881,5.14235e-05,5.14143e-05,5.12087e-05,5.16595e-05,0.00023434,0.000234208,0.000204315,0.000266508,3.14365e-05,3.14357e-05,3.12805e-05,3.15966e-05,-0.133956,3,2,0,0.01,0,False,nan,nan,nan,nan,nan,nan,nan,nan,nan,nan,12,15
ablation,matched,constant,2,8,11,30,8000,0.848178,5.16568e-05,0.000224518,2.99104e-05,1,6.01293,5.47867,nan,0.0382511,nan,0.0478126,5.92899,6.04144,6.14834,True,0.848513,0.84855,0.845797,0.850999,5.14261e-05,5.14193e-05,5.12093e-05,5.16597e-05,0.000235633,0.000234946,0.000204436,0.000268608,3.00661e-05,3.00638e-05,2.99071e-05,3.02264e-05,-0.0910479,4,2,0,0.01,0,False,nan,nan,nan,nan,nan,nan,nan,nan,nan,nan,12,15
ablation,matched,constant,2,8,12,30,8000,0.848178,5.16568e-05,0.000224518,2.89211e-05,1,5.81784,5.29324,nan,0.0300107,nan,0.0481889,5.6933,5.79307,5.89882,True,0.847831,0.84782,0.845268,0.850277,5.14376e-05,5.14373e-05,5.12232e-05,5.16565e-05,0.000245457,0.000244526,0.000212687,0.000281318,2.90209e-05,2.90204e-05,2.886e-05,2.9173e-05,-0.073581,4,2,0,0.01,0,False,nan,nan,nan,nan,nan,nan,nan,nan,nan,nan,12,15
ablation,matched,constant,2,8,13,30,8000,0.848178,5.16568e-05,0.000224518,2.77998e-05,1,5.59643,5.08926,nan,0.0112754,nan,0.00549916,5.49122,5.59053,5.68853,True,0.84794,0.847973,0.845496,0.850351,5.14302e-05,5.14319e-05,5.12135e-05,5.16444e-05,0.000233538,0.000233387,0.00019981,0.000268468,2.78751e-05,2.7877e-05,2.772e-05,2.80324e-05,-0.127528,3,2,0,0.01,0,False,nan,nan,nan,nan,nan,nan,nan,nan,nan,nan,12,15
ablation,matched,constant,2,8,14,30,8000,0.848178,5.16568e-05,0.000224518,2.6712e-05,1,5.38132,4.89238,nan,0.0227731,nan,0.0181764,5.30445,5.39677,5.49618,True,0.847887,0.84793,0.845553,0.850212,5.14262e-05,5.1429e-05,5.12056e-05,5.16493e-05,0.000232843,0.000231956,0.000200671,0.000269572,2.66598e-05,2.66597e-05,2.65087e-05,2.68164e-05,-0.0863817,3,2,0,0.01,0,False,nan,nan,nan,nan,nan,nan,nan,nan,nan,nan,12,15
ablation,matched,constant,2,8,15,30,8000,0.848178,5.16568e-05,0.000224518,2.57237e-05,1,5.18562,4.71309,nan,0.0139007,nan,0.012277,5.08372,5.1776,5.26932,True,0.847609,0.847636,0.845306,0.849941,5.14362e-05,5.14341e-05,5.12286e-05,5.16564e-05,0.000237089,0.000236285,0.00020412,0.000275296,2.5709e-05,2.57115e-05,2.5559e-05,2.5857e-05,-0.113035,4,2,0,0.01,0,False,nan,nan,nan,nan,nan,nan,nan,nan,nan,nan,12,15
ablation,matched,constant,2,8,16,30,8000,0.848178,5.16568e-05,0.000224518,2.46504e-05,1,4.9728,4.52105,nan,0.0294067,nan,0.0519828,4.90869,4.99646,5.08463,True,0.847733,0.847745,0.8455,0.850011,5.14348e-05,5.14359e-05,5.12285e-05,5.16451e-05,0.000226709,0.000225423,0.000193828,0.000262371,2.46662e-05,2.46653e-05,2.45195e-05,2.48125e-05,-0.126767,3,2,0,0.01,0,False,nan,nan,nan,nan,nan,nan,nan,nan,nan,nan,12,15
ablation,matched,constant,2,8,17,30,8000,0.848178,5.16568e-05,0.000224518,2.39362e-05,1,4.83102,4.38888,nan,0.023928,nan,0.0233685,4.72829,4.81226,4.90008,True,0.847743,0.847709,0.845539,0.850027,5.14359e-05,5.14404e-05,5.12216e-05,5.16466e-05,0.000232255,0.000231609,0.000195886,0.000272074,2.38539e-05,2.38547e-05,2.37071e-05,2.39983e-05,-0.0952697,3,2,0,0.01,0,False,nan,nan,nan,nan,nan,nan,nan,nan,nan,nan,12,15
ablation,matched,constant,2,8,18,30,8000,0.848178,5.16568e-05,0.000224518,2.28229e-05,1,4.60974,4.19211,nan,0.0613455,nan,0.0927366,4.57189,4.65649,4.73941,True,0.847943,0.847962,0.845669,0.850137,5.14354e-05,5.14379e-05,5.12161e-05,5.16373e-05,0.000219413,0.000219028,0.000181185,0.000258209,2.28603e-05,2.28652e-05,2.27118e-05,2.30004e-05,-0.123494,4,2,0,0.01,0,False,nan,nan,nan,nan,nan,nan,nan,nan,nan,nan,12,15
ablation,matched,constant,2,8,19,30,8000,0.848178,5.16568e-05,0.000224518,2.24385e-05,1,4.53325,4.11611,nan,0.0636044,nan,0.0801091,4.40407,4.4836,4.56925,True,0.847998,0.848004,0.845628,0.850437,5.14302e-05,5.14334e-05,5.12202e-05,5.16369e-05,0.000208579,0.000208193,0.00017221,0.000247014,2.2416e-05,2.24198e-05,2.22668e-05,2.25579e-05,-0.120636,4,2,0,0.01,0,False,nan,nan,nan,nan,nan,nan,nan,nan,nan,nan,12,15
ablation,matched,constant,2,8,20,30,8000,0.848178,5.16568e-05,0.000224518,2.14253e-05,1,4.33149,3.93689,nan,0.102782,nan,0.0904156,4.32751,4.41084,4.48996,True,0.847831,0.847801,0.845585,0.850202,5.14316e-05,5.14331e-05,5.12198e-05,5.16323e-05,0.000215273,0.000214643,0.000176859,0.000257301,2.15263e-05,2.15249e-05,2.13908e-05,2.16618e-05,-0.0988508,4,2,0,0.01,0,False,nan,nan,nan,nan,nan,nan,nan,nan,nan,nan,12,15
ablation,matched,constant,2,9,1,30,8000,0.319433,6.36999e-05,0.000224183,6.36999e-05,1,12.4128,6.58856,nan,3.05345,nan,0,7.70305,11.5975,17.1536,True,0.322489,0.322468,0.32011,0.325097,6.31153e-05,6.31186e-05,6.27804e-05,6.34493e-05,0.000183594,0.000183962,0.000158851,0.000206081,6.31153e-05,6.31186e-05,6.27804e-05,6.34493e-05,-0.226422,18,2,0,0.01,0,False,nan,nan,nan,nan,nan,nan,nan,nan,nan,nan,12,13
ablation,matched,constant,2,9,2,30,8000,0.319433,6.36999e-05,0.000224183,5.95821e-05,1,11.6409,6.19547,nan,0.079389,nan,0.206335,11.3964,11.6037,11.8135,True,0.321539,0.321545,0.319832,0.32324,6.33455e-05,6.33496e-05,6.30758e-05,6.35969e-05,0.000211,0.000211084,0.000192454,0.000231006,5.94315e-05,5.94261e-05,5.9181e-05,5.96944e-05,-0.17756,7,2,0,0.01,0,False,nan,nan,nan,nan,nan,nan,nan,nan,nan,nan,12,13
ablation,matched,constant,2,9,3,30,8000,0.319433,6.36999e-05,0.000224183,5.46346e-05,1,10.7082,5.69328,nan,0.162526,nan,0.0984137,10.655,10.8378,11.0254,True,0.321195,0.321156,0.3198,0.322666,6.34194e-05,6.34244e-05,6.31668e-05,6.36671e-05,0.000225491,0.000225775,0.000205817,0.000245218,5.44348e-05,5.44409e-05,5.4186e-05,5.4676e-05,-0.149378,6,2,0,0.0105235,0,False,nan,nan,nan,nan,nan,nan,nan,nan,nan,nan,12,13
ablation,matched,constant,2,9,4,30,8000,0.319433,6.36999e-05,0.000224183,5.08873e-05,1,9.99784,5.31804,nan,0.0480377,nan,0.0096923,9.76499,9.95159,10.1326,True,0.320353,0.320335,0.319154,0.321584,6.34352e-05,6.34437e-05,6.31799e-05,6.36872e-05,0.00022398,0.000223863,0.0002038,0.000244462,5.09206e-05,5.09229e-05,5.06928e-05,5.11469e-05,-0.128042,5,2,0,0.01,0,False,nan,nan,nan,nan,nan,nan,nan,nan,nan,nan,12,13
ablation,matched,constant,2,9,5,30,8000,0.319433,6.36999e-05,0.000224183,4.74145e-05,1,9.33648,4.96501,nan,0.045566,nan,0.0356013,9.20669,9.36995,9.53223,True,0.319935,0.319933,0.318808,0.32109,6.34357e-05,6.34365e-05,6.31988e-05,6.36813e-05,0.000226632,0.000226434,0.000204394,0.000249916,4.75676e-05,4.75693e-05,4.73514e-05,4.77957e-05,-0.12692,4,2,0,0.01,0,False,nan,nan,nan,nan,nan,nan,nan,nan,nan,nan,12,13
ablation,matched,constant,2,9,6,30,8000,0.319433,6.36999e-05,0.000224183,4.44859e-05,1,8.77646,4.66778,nan,0.035415,nan,0.00976134,8.65395,8.80308,8.96928,True,0.319698,0.319707,0.318595,0.32079,6.34369e-05,6.34371e-05,6.31991e-05,6.3695e-05,0.000219918,0.000219875,0.000196995,0.000242309,4.44511e-05,4.4457e-05,4.42379e-05,4.4648e-05,-0.125787,4,2,0,0.01,0,False,nan,nan,nan,nan,nan,nan,nan,nan,nan,nan,12,13
ablation,matched,constant,2,9,7,30,8000,0.319433,6.36999e-05,0.000224183,4.25472e-05,1,8.40455,4.48263,nan,0.120274,nan,0.130938,8.14918,8.29695,8.43665,True,0.319718,0.319717,0.318647,0.32077,6.34381e-05,6.3436e-05,6.32014e-05,6.36927e-05,0.000214411,0.000214323,0.000190975,0.000238285,4.25858e-05,4.25818e-05,4.2377e-05,4.27977e-05,-0.19362,5,2,0,0.01,0,False,nan,nan,nan,nan,nan,nan,nan,nan,nan,nan,12,13
ablation,matched,constant,2,9,8,30,8000,0.319433,6.36999e-05,0.000224183,4.05003e-05,1,8.0109,4.27972,nan,0.0225477,nan,0.062372,7.85849,7.9885,8.13657,True,0.319872,0.319888,0.318793,0.320898,6.3435e-05,6.3435e-05,6.31809e-05,6.3699e-05,0.000227595,0.000227179,0.000202708,0.000253619,4.04931e-05,4.04916e-05,4.02985e-05,4.06956e-05,-0.145788,5,2,0,0.01,0,False,nan,nan,nan,nan,nan,nan,nan,nan,nan,nan,12,13
ablation,matched,constant,2,9,9,30,8000,0.319433,6.36999e-05,0.000224183,3.80339e-05,1,7.53519,4.01838,nan,0.0654586,nan,0.0743726,7.45845,7.59179,7.73084,True,0.319835,0.319837,0.318821,0.320818,6.34447e-05,6.34395e-05,6.31901e-05,6.37076e-05,0.000230901,0.000230014,0.000204757,0.000259392,3.80718e-05,3.8073e-05,3.7877e-05,3.82699e-05,-0.0723068,4,2,0,0.01,0,False,nan,nan,nan,nan,nan,nan,nan,nan,nan,nan,12,13
ablation,matched,constant,2,9,10,30,8000,0.319433,6.36999e-05,0.000224183,3.63144e-05,1,7.20263,3.845,nan,0.0416602,nan,0.0342907,7.0419,7.16359,7.29043,True,0.319727,0.319741,0.318777,0.320653,6.34341e-05,6.34358e-05,6.31821e-05,6.3688e-05,0.000229935,0.000229268,0.000202298,0.000258612,3.62586e-05,3.62594e-05,3.60696e-05,3.64494e-05,-0.084744,3,2,0,0.01,0,False,nan,nan,nan,nan,nan,nan,nan,nan,nan,nan,12,13
ablation,matched,constant,2,9,11,30,8000,0.319433,6.36999e-05,0.000224183,3.44379e-05,1,6.83886,3.6477,nan,0.0155354,nan,0.0349414,6.73204,6.8501,6.97172,True,0.319814,0.319805,0.318871,0.320762,6.34352e-05,6.34281e-05,6.31842e-05,6.37104e-05,0.000237895,0.000237882,0.000208128,0.000270126,3.43511e-05,3.43551e-05,3.41549e-05,3.45469e-05,-0.140705,4,2,0,0.01,0,False,nan,nan,nan,nan,nan,nan,nan,nan,nan,nan,12,13
ablation,matched,constant,2,9,12,30,8000,0.319433,6.36999e-05,0.000224183,3.30256e-05,1,6.56449,3.50474,nan,0.0757512,nan,0.0292415,6.38245,6.49559,6.61358,True,0.319747,0.319732,0.31879,0.3207,6.34339e-05,6.34274e-05,6.31835e-05,6.36947e-05,0.000236113,0.000235604,0.000205464,0.000269019,3.28567e-05,3.28551e-05,3.26745e-05,3.30433e-05,-0.0957902,3,2,0,0.01,0,False,nan,nan,nan,nan,nan,nan,nan,nan,nan,nan,12,13
ablation,matched,constant,2,9,13,30,8000,0.319433,6.36999e-05,0.000224183,3.15613e-05,1,6.27947,3.35199,nan,0.0481748,nan,0.00856455,6.12294,6.23421,6.34698,True,0.319909,0.319896,0.318956,0.320874,6.34282e-05,6.34209e-05,6.31775e-05,6.36876e-05,0.000227757,0.000227808,0.000196667,0.000258146,3.16233e-05,3.16201e-05,3.14448e-05,3.18127e-05,-0.102764,4,2,0,0.01,0,False,nan,nan,nan,nan,nan,nan,nan,nan,nan,nan,12,13
ablation,matched,constant,2,9,14,30,8000,0.319433,6.36999e-05,0.000224183,2.98098e-05,1,5.93785,3.16091,nan,0.106378,nan,0.0977683,5.92302,6.03304,6.13986,True,0.31987,0.319888,0.318904,0.32076,6.34216e-05,6.34127e-05,6.31771e-05,6.36853e-05,0.00023097,0.000230551,0.00019956,0.000265825,2.98118e-05,2.98157e-05,2.96307e-05,2.99848e-05,-0.0749852,5,2,0,0.01,0,False,nan,nan,nan,nan,nan,nan,nan,nan,nan,nan,12,13
ablation,matched,constant,2,9,15,30,8000,0.319433,6.36999e-05,0.000224183,2.85729e-05,1,5.69612,3.03146,nan,0.00753119,nan,0.0155326,5.59668,5.7009,5.80565,True,0.319926,0.319924,0.318955,0.32083,6.34237e-05,6.34155e-05,6.31761e-05,6.36822e-05,0.000222191,0.000221623,0.000190647,0.000255927,2.87396e-05,2.87399e-05,2.85671e-05,2.89135e-05,-0.0622703,3,2,0,0.01,0,False,nan,nan,nan,nan,nan,nan,nan,nan,nan,nan,12,13
ablation,matched,constant,2,9,16,30,8000,0.319433,6.36999e-05,0.000224183,2.76889e-05,1,5.52313,2.9435,nan,0.00402738,nan,0.0414079,5.42055,5.51891,5.61819,True,0.319916,0.31992,0.319007,0.320804,6.34203e-05,6.34178e-05,6.31661e-05,6.36805e-05,0.000214056,0.000213375,0.000183422,0.000247045,2.76837e-05,2.7684e-05,2.75091e-05,2.7851e-05,-0.0369573,3,2,0,0.01,0,False,nan,nan,nan,nan,nan,nan,nan,nan,nan,nan,12,13
ablation,matched,constant,2,9,17,30,8000,0.319433,6.36999e-05,0.000224183,2.65043e-05,1,5.29098,2.81675,nan,0.0524539,nan,0.0385963,5.24033,5.33596,5.43294,True,0.319997,0.320012,0.319126,0.320891,6.34205e-05,6.34135e-05,6.31758e-05,6.36805e-05,0.000216274,0.000215413,0.000183597,0.000253881,2.63897e-05,2.63865e-05,2.62249e-05,2.65625e-05,-0.093371,4,2,0,0.01,0,False,nan,nan,nan,nan,nan,nan,nan,nan,nan,nan,12,13
ablation,matched,constant,2,9,18,30,8000,0.319433,6.36999e-05,0.000224183,2.58092e-05,1,5.15458,2.74917,nan,0.0636519,nan,0.0506485,5.00501,5.09711,5.18705,True,0.319832,0.319826,0.318906,0.320748,6.34225e-05,6.34135e-05,6.31785e-05,6.36793e-05,0.000209091,0.000207369,0.000176261,0.000248204,2.57909e-05,2.57911e-05,2.56266e-05,2.59529e-05,-0.0696658,4,2,0,0.01,0,False,nan,nan,nan,nan,nan,nan,nan,nan,nan,nan,12,13
ablation,matched,constant,2,9,19,30,8000,0.319433,6.36999e-05,0.000224183,2.46126e-05,1,4.9195,2.61788,nan,0.0866653,nan,0.0699444,4.90202,4.99695,5.08948,True,0.319886,0.319902,0.319045,0.320759,6.34201e-05,6.34191e-05,6.31713e-05,6.36707e-05,0.000223996,0.000222555,0.000186799,0.000266998,2.45617e-05,2.45604e-05,2.43896e-05,2.47299e-05,-0.0715743,5,2,0,0.01,0,False,nan,nan,nan,nan,nan,nan,nan,nan,nan,nan,12,13
ablation,matched,constant,2,9,20,30,8000,0.319433,6.36999e-05,0.000224183,2.40879e-05,1,4.81631,2.56878,nan,0.0703182,nan,0.0606809,4.66339,4.75055,4.84497,True,0.319885,0.319891,0.319,0.320759,6.34155e-05,6.34139e-05,6.31619e-05,6.36788e-05,0.000217545,0.000217229,0.000180414,0.000259218,2.39771e-05,2.39718e-05,2.38219e-05,2.41427e-05,-0.0404002,3,2,0,0.01,0,False,nan,nan,nan,nan,nan,nan,nan,nan,nan,nan,12,13
ablation,matched,constant,2,10,1,30,8000,0.0135469,4.15807e-05,0.000223674,4.15807e-05,1,8.11744,3.98907,nan,5.37295,nan,0,7.8879,11.6959,17.1454,True,0.0134399,0.013399,0.0129135,0.0140112,4.18878e-05,4.18862e-05,4.15599e-05,4.22298e-05,0.000254128,0.000255109,0.000202115,0.000306246,4.18878e-05,4.18862e-05,4.15599e-05,4.22298e-05,-0.0394698,16,2,0,0.01,0,False,nan,nan,nan,nan,nan,nan,nan,nan,nan,nan,12,18
ablation,matched,constant,2,10,2,30,8000,0.0135469,4.15807e-05,0.000223674,3.85855e-05,1,7.54746,3.59458,nan,0.114925,nan,0.147145,7.49683,7.65643,7.82476,True,0.0133523,0.0133497,0.0129824,0.0137471,4.19893e-05,4.19833e-05,4.17093e-05,4.22784e-05,0.00028072,0.000279677,0.000241758,0.00032262,3.89171e-05,3.89128e-05,3.86658e-05,3.91694e-05,0.0166128,5,2,0,0.01,0,False,nan,nan,nan,nan,nan,nan,nan,nan,nan,nan,12,18
ablation,matched,constant,2,10,3,30,8000,0.0135469,4.15807e-05,0.000223674,3.61462e-05,1,7.08162,3.24308,nan,0.0358901,nan,0.0985289,6.96273,7.10169,7.23756,True,0.01331,0.0133182,0.0129697,0.0136321,4.1928e-05,4.19275e-05,4.16713e-05,4.21788e-05,0.000260836,0.000259334,0.000226485,0.000296203,3.62609e-05,3.62569e-05,3.6058e-05,3.64857e-05,-0.0246541,4,2,0,0.01,0,False,nan,nan,nan,nan,nan,nan,nan,nan,nan,nan,12,18
ablation,matched,constant,2,10,4,30,8000,0.0135469,4.15807e-05,0.000223674,3.4711e-05,1,6.80686,2.83466,nan,0.108857,nan,0.0515316,6.58275,6.69906,6.82417,True,0.0134222,0.013427,0.0131227,0.0137088,4.18818e-05,4.18771e-05,4.16137e-05,4.21603e-05,0.000246668,0.000245953,0.000214456,0.000280988,3.48946e-05,3.49002e-05,3.46845e-05,3.50975e-05,0.012636,6,2,0,0.010597,0,False,nan,nan,nan,nan,nan,nan,nan,nan,nan,nan,12,18
ablation,matched,constant,2,10,5,30,8000,0.0135469,4.15807e-05,0.000223674,3.31301e-05,1,6.50359,2.53653,nan,0.0165227,nan,0.00196379,6.36292,6.4913,6.62179,True,0.0134087,0.0134062,0.0131118,0.0136949,4.19118e-05,4.19087e-05,4.16496e-05,4.21773e-05,0.00026383,0.000263364,0.000229115,0.000299572,3.31966e-05,3.31964e-05,3.29935e-05,3.33983e-05,0.0220773,4,2,0,0.01,0,False,nan,nan,nan,nan,nan,nan,nan,nan,nan,nan,12,18
ablation,matched,constant,2,10,6,30,8000,0.0135469,4.15807e-05,0.000223674,3.15022e-05,1,6.19067,2.3146,nan,0.0282379,nan,0.037838,6.05536,6.16712,6.27735,True,0.0134394,0.0134402,0.0131936,0.0136964,4.19113e-05,4.19084e-05,4.16541e-05,4.21672e-05,0.000265226,0.000264591,0.000230096,0.000302128,3.14908e-05,3.14868e-05,3.12951e-05,3.16864e-05,-0.037941,3,2,0,0.01,0,False,nan,nan,nan,nan,nan,nan,nan,nan,nan,nan,12,18
ablation,matched,constant,2,10,7,30,8000,0.0135469,4.15807e-05,0.000223674,3.0261e-05,1,5.95162,2.08944,nan,0.0809329,nan,0.0113454,5.7635,5.8729,5.98291,True,0.013456,0.0134554,0.0132269,0.0137019,4.19067e-05,4.19006e-05,4.16604e-05,4.21703e-05,0.000253489,0.000253478,0.000217498,0.000289711,3.02758e-05,3.02726e-05,3.00785e-05,3.04714e-05,-0.0342013,4,2,0,0.01,0,False,nan,nan,nan,nan,nan,nan,nan,nan,nan,nan,12,18
ablation,matched,constant,2,10,8,30,8000,0.0135469,4.15807e-05,0.000223674,2.849e-05,1,5.60988,1.99063,nan,0.0717398,nan,0.111665,5.57617,5.6811,5.7841,True,0.0134465,0.0134496,0.0132109,0.013671,4.19172e-05,4.19159e-05,4.16571e-05,4.21831e-05,0.00026242,0.000262315,0.000222917,0.000301044,2.84161e-05,2.84153e-05,2.82224e-05,2.86083e-05,0.00719706,5,2,0,0.0101904,0,False,nan,nan,nan,nan,nan,nan,nan,nan,nan,nan,12,18
ablation,matched,constant,2,10,9,30,8000,0.0135469,4.15807e-05,0.000223674,2.72673e-05,1,5.37346,1.84723,nan,0.0355884,nan,0.0305781,5.23515,5.34228,5.43655,True,0.0134722,0.0134717,0.0132451,0.0136974,4.19079e-05,4.19029e-05,4.16511e-05,4.21802e-05,0.000257325,0.000256598,0.000219821,0.000297004,2.7341e-05,2.73468e-05,2.71419e-05,2.7531e-05,0.00419402,3,2,0,0.01,0,False,nan,nan,nan,nan,nan,nan,nan,nan,nan,nan,12,18
ablation,matched,constant,2,10,10,30,8000,0.0135469,4.15807e-05,0.000223674,2.59852e-05,1,5.12514,1.74534,nan,0.0345285,nan,0.0596164,5.06054,5.1578,5.25198,True,0.0134345,0.013438,0.0132203,0.0136443,4.1908e-05,4.19058e-05,4.16536e-05,4.2184e-05,0.000243897,0.000243489,0.000206576,0.000282909,2.62212e-05,2.62215e-05,2.60388e-05,2.64093e-05,0.0291616,3,2,0,0.01,0,False,nan,nan,nan,nan,nan,nan,nan,nan,nan,nan,12,18
ablation,matched,constant,2,10,11,30,8000,0.0135469,4.15807e-05,0.000223674,2.50514e-05,1,4.94405,1.61952,nan,0.0311412,nan,0.00850975,4.88365,4.97455,5.06602,True,0.0134626,0.013465,0.0132446,0.0136709,4.19077e-05,4.19026e-05,4.1661e-05,4.21668e-05,0.000245942,0.000245125,0.000206187,0.000286528,2.50482e-05,2.5048e-05,2.4865e-05,2.52367e-05,-0.00416813,3,2,0,0.01,0,False,nan,nan,nan,nan,nan,nan,nan,nan,nan,nan,12,18
ablation,matched,constant,2,10,12,30,8000,0.0135469,4.15807e-05,0.000223674,2.40172e-05,1,4.74318,1.53255,nan,0.0181524,nan,0.0405241,4.6733,4.75963,4.8474,True,0.0134818,0.0134859,0.0132783,0.0136733,4.19037e-05,4.1906e-05,4.1649e-05,4.21746e-05,0.000235825,0.000235196,0.000198032,0.000276517,2.41975e-05,2.41975e-05,2.40183e-05,2.43805e-05,0.00796399,3,2,0,0.01,0,False,nan,nan,nan,nan,nan,nan,nan,nan,nan,nan,12,18
ablation,matched,constant,2,10,13,30,8000,0.0135469,4.15807e-05,0.000223674,2.34404e-05,1,4.63106,1.4008,nan,0.0154517,nan,0.0366779,4.53105,4.61593,4.70295,True,0.0134946,0.0135009,0.0132898,0.0136781,4.19127e-05,4.1911e-05,4.16637e-05,4.21796e-05,0.000235159,0.000234237,0.000196182,0.000276499,2.33207e-05,2.33237e-05,2.3142e-05,2.34975e-05,-0.014567,2,2,0,0.01,0,False,nan,nan,nan,nan,nan,nan,nan,nan,nan,nan,12,18
ablation,matched,constant,2,10,14,30,8000,0.0135469,4.15807e-05,0.000223674,2.29466e-05,1,4.53499,1.27804,nan,0.0801986,nan,0.0460427,4.37323,4.45392,4.54521,True,0.0134961,0.0135013,0.0132972,0.0136849,4.19079e-05,4.19022e-05,4.16672e-05,4.21679e-05,0.000224323,0.000223275,0.000185333,0.000265324,2.28568e-05,2.28615e-05,2.26772e-05,2.30358e-05,-0.0234879,4,2,0,0.01,0,False,nan,nan,nan,nan,nan,nan,nan,nan,nan,nan,12,18
ablation,matched,constant,2,10,15,30,8000,0.0135469,4.15807e-05,0.000223674,2.23771e-05,1,4.4241,1.183,nan,0.0441997,nan,0.0252099,4.3005,4.37808,4.46513,True,0.0135184,0.0135222,0.013329,0.0136896,4.19099e-05,4.19023e-05,4.16634e-05,4.21841e-05,0.00020487,0.000204034,0.000166881,0.000244423,2.23519e-05,2.23495e-05,2.21788e-05,2.25317e-05,0.0339599,4,2,0,0.01,0,False,nan,nan,nan,nan,nan,nan,nan,nan,nan,nan,12,18
ablation,matched,constant,2,10,16,30,8000,0.0135469,4.15807e-05,0.000223674,2.16334e-05,1,4.27919,1.12382,nan,0.0261147,nan,0.0158488,4.22306,4.30488,4.38871,True,0.0135021,0.0135045,0.013313,0.0136743,4.19084e-05,4.19042e-05,4.16478e-05,4.21788e-05,0.00020355,0.00020317,0.000164502,0.000246904,2.16446e-05,2.16415e-05,2.14711e-05,2.18195e-05,-0.0280713,2,2,0,0.01,0,False,nan,nan,nan,nan,nan,nan,nan,nan,nan,nan,12,18
ablation,matched,constant,2,10,17,30,8000,0.0135469,4.15807e-05,0.000223674,2.10003e-05,1,4.15572,1.0625,nan,0.0212729,nan,0.00243535,4.09702,4.17781,4.25401,True,0.0135266,0.0135297,0.0133396,0.0136987,4.19071e-05,4.19018e-05,4.16426e-05,4.217e-05,0.000204757,0.000203869,0.000164257,0.000247703,2.10303e-05,2.1031e-05,2.08561e-05,2.11985e-05,0.00503064,3,2,0,0.01,0,False,nan,nan,nan,nan,nan,nan,nan,nan,nan,nan,12,18
ablation,matched,constant,2,10,18,30,8000,0.0135469,4.15807e-05,0.000223674,2.04457e-05,1,4.04747,1.00226,nan,0.0136416,nan,0.00610665,3.98319,4.06168,4.13827,True,0.0134961,0.0134976,0.0133136,0.0136759,4.19086e-05,4.19061e-05,4.16484e-05,4.21773e-05,0.000210156,0.000208746,0.000169337,0.000255065,2.0384e-05,2.03835e-05,2.02152e-05,2.05589e-05,0.0217271,3,2,0,0.01,0,False,nan,nan,nan,nan,nan,nan,nan,nan,nan,nan,12,18
ablation,matched,constant,2,10,19,30,8000,0.0135469,4.15807e-05,0.000223674,1.96469e-05,1,3.89141,0.979245,nan,0.0456398,nan,0.0482569,3.86137,3.9354,4.01475,True,0.0135147,0.0135161,0.0133287,0.013698,4.19095e-05,4.19048e-05,4.16595e-05,4.21702e-05,0.000215384,0.000214467,0.000170956,0.000261654,1.97177e-05,1.97197e-05,1.95568e-05,1.98935e-05,-0.00333611,2,2,0,0.01,0,False,nan,nan,nan,nan,nan,nan,nan,nan,nan,nan,12,18
ablation,matched,constant,2,10,20,30,8000,0.0135469,4.15807e-05,0.000223674,1.89982e-05,1,3.76454,0.946443,nan,0.0437989,nan,0.0268624,3.73605,3.80692,3.88128,True,0.0135369,0.0135446,0.0133492,0.0137067,4.19008e-05,4.19066e-05,4.16434e-05,4.21693e-05,0.000227833,0.000227378,0.00018208,0.000275046,1.88685e-05,1.88714e-05,1.86994e-05,1.90392e-05,-0.0291458,5,2,0,0.01,0,False,nan,nan,nan,nan,nan,nan,nan,nan,nan,nan,12,18
ablation,matched,constant,2,11,1,30,8000,1.65584,5.43367e-05,0.00021849,5.43367e-05,1,10.9222,12.3811,nan,8.11235,nan,0,8.02205,11.7223,17.3796,True,1.65016,1.65007,1.63939,1.66128,5.44605e-05,5.44638e-05,5.42087e-05,5.4706e-05,0.000207395,0.000207439,0.000184303,0.000230566,5.44605e-05,5.44638e-05,5.42087e-05,5.4706e-05,-0.294515,19,2,0,0.01,0,False,nan,nan,nan,nan,nan,nan,nan,nan,nan,nan,12,15
ablation,matched,constant,2,11,2,30,8000,1.65584,5.43367e-05,0.00021849,5.05771e-05,1,10.1905,11.532,nan,0.126065,nan,0.0275638,10.0968,10.2815,10.4666,True,1.65084,1.65077,1.64278,1.65923,5.45035e-05,5.45022e-05,5.42943e-05,5.47048e-05,0.000216453,0.000216396,0.000198117,0.000234947,5.06402e-05,5.06415e-05,5.04447e-05,5.08226e-05,-0.21642,5,2,0,0.01,0,False,nan,nan,nan,nan,nan,nan,nan,nan,nan,nan,12,15
ablation,matched,constant,2,11,3,30,8000,1.65584,5.43367e-05,0.00021849,4.74111e-05,1,9.5717,10.8153,nan,0.0219098,nan,0.00650453,9.42182,9.58458,9.75034,True,1.65166,1.65178,1.64477,1.65833,5.45036e-05,5.4503e-05,5.43067e-05,5.46992e-05,0.000218813,0.000218691,0.000199605,0.000238181,4.74221e-05,4.74248e-05,4.724e-05,4.75942e-05,-0.190823,4,2,0,0.01,0,False,nan,nan,nan,nan,nan,nan,nan,nan,nan,nan,12,15
ablation,matched,constant,2,11,4,30,8000,1.65584,5.43367e-05,0.00021849,4.44138e-05,1,8.9836,10.1428,nan,0.0496612,nan,0.0530666,8.86399,9.01907,9.17738,True,1.65061,1.65061,1.64443,1.65673,5.4505e-05,5.45011e-05,5.43131e-05,5.47027e-05,0.000219066,0.000219043,0.00019962,0.000238666,4.4583e-05,4.45808e-05,4.44076e-05,4.4762e-05,-0.218408,5,2,0,0.01,0,False,nan,nan,nan,nan,nan,nan,nan,nan,nan,nan,12,15
ablation,matched,constant,2,11,5,30,8000,1.65584,5.43367e-05,0.00021849,4.15248e-05,1,8.41464,9.49897,nan,0.153008,nan,0.11883,8.37727,8.52431,8.67091,True,1.65061,1.65055,1.64502,1.65648,5.45109e-05,5.45053e-05,5.43239e-05,5.47072e-05,0.000229016,0.000228991,0.000207172,0.0002513,4.16755e-05,4.16765e-05,4.1506e-05,4.18384e-05,-0.181972,5,2,0,0.01,0,False,nan,nan,nan,nan,nan,nan,nan,nan,nan,nan,12,15
ablation,matched,constant,2,11,6,30,8000,1.65584,5.43367e-05,0.00021849,3.84332e-05,1,7.80348,8.81887,nan,0.254076,nan,0.266192,7.83708,7.98009,8.12228,False,1.6524,1.65241,1.64709,1.65766,5.45108e-05,5.4508e-05,5.43259e-05,5.47033e-05,0.000250776,0.000250202,0.000226398,0.000276453,3.86781e-05,3.86814e-05,3.8514e-05,3.88409e-05,-0.130719,7,2,0,0.01,0,False,nan,nan,nan,nan,nan,nan,nan,nan,nan,nan,12,15
ablation,matched,constant,2,11,7,30,8000,1.65584,5.43367e-05,0.00021849,3.69105e-05,1,7.5016,8.46317,nan,0.155001,nan,0.100882,7.27313,7.39978,7.52965,True,1.65353,1.65361,1.64829,1.65869,5.44988e-05,5.44948e-05,5.43125e-05,5.46952e-05,0.000247149,0.00024721,0.000222533,0.000273952,3.70624e-05,3.70614e-05,3.69088e-05,3.72233e-05,-0.159014,5,2,0,0.0100984,0,False,nan,nan,nan,nan,nan,nan,nan,nan,nan,nan,12,15
ablation,matched,constant,2,11,8,30,8000,1.65584,5.43367e-05,0.00021849,3.45032e-05,1,7.02315,7.92987,nan,0.143928,nan,0.198118,7.00053,7.11904,7.24712,True,1.65375,1.65386,1.64837,1.65857,5.44933e-05,5.44935e-05,5.43038e-05,5.46841e-05,0.000248713,0.000247877,0.000223426,0.000276988,3.4593e-05,3.45929e-05,3.44429e-05,3.47456e-05,-0.131826,6,2,0,0.0105668,0,False,nan,nan,nan,nan,nan,nan,nan,nan,nan,nan,12,15
ablation,matched,constant,2,11,9,30,8000,1.65584,5.43367e-05,0.00021849,3.26519e-05,1,6.65421,7.51395,nan,0.0403219,nan,0.0984825,6.5616,6.67769,6.80111,True,1.65319,1.65323,1.64824,1.65799,5.44898e-05,5.44924e-05,5.42947e-05,5.46875e-05,0.000248421,0.000247527,0.000221109,0.000278462,3.27427e-05,3.27434e-05,3.25937e-05,3.28897e-05,-0.103545,4,2,0,0.0101733,0,False,nan,nan,nan,nan,nan,nan,nan,nan,nan,nan,12,15
ablation,matched,constant,2,11,10,30,8000,1.65584,5.43367e-05,0.00021849,3.11504e-05,1,6.35433,7.17275,nan,0.0230725,nan,0.0416282,6.23614,6.34614,6.45532,True,1.65347,1.65349,1.64862,1.65811,5.44925e-05,5.4487e-05,5.42995e-05,5.46956e-05,0.00025581,0.000255175,0.000226412,0.000287144,3.13202e-05,3.13197e-05,3.11691e-05,3.14668e-05,-0.137338,4,2,0,0.01,0,False,nan,nan,nan,nan,nan,nan,nan,nan,nan,nan,12,15
ablation,matched,constant,2,11,11,30,8000,1.65584,5.43367e-05,0.00021849,3.00637e-05,1,6.13694,6.92026,nan,0.0942362,nan,0.0448321,5.96722,6.07417,6.1872,True,1.65427,1.65425,1.64971,1.65874,5.44873e-05,5.4481e-05,5.42816e-05,5.46912e-05,0.000246472,0.000246298,0.000216855,0.000278768,3.01936e-05,3.01914e-05,3.00566e-05,3.03389e-05,-0.0676292,4,2,0,0.01,0,False,nan,nan,nan,nan,nan,nan,nan,nan,nan,nan,12,15
ablation,matched,constant,2,11,12,30,8000,1.65584,5.43367e-05,0.00021849,2.93616e-05,1,5.99634,6.75219,nan,0.164528,nan,0.133345,5.77672,5.88665,5.98912,False,1.6547,1.65468,1.65029,1.65907,5.44872e-05,5.44864e-05,5.4306e-05,5.46744e-05,0.000232822,0.000232564,0.00020377,0.000263442,2.93065e-05,2.93046e-05,2.91637e-05,2.94486e-05,-0.0681963,6,2,0,0.0102425,0,False,nan,nan,nan,nan,nan,nan,nan,nan,nan,nan,12,15
ablation,matched,constant,2,11,13,30,8000,1.65584,5.43367e-05,0.00021849,2.85039e-05,1,5.82439,6.55406,nan,0.115211,nan,0.0723266,5.64202,5.74703,5.85012,True,1.65532,1.65529,1.65106,1.65977,5.4481e-05,5.44775e-05,5.42964e-05,5.46646e-05,0.000241983,0.000240897,0.000209305,0.000279012,2.85487e-05,2.85467e-05,2.84049e-05,2.8701e-05,-0.0589492,5,2,0,0.0104974,0,False,nan,nan,nan,nan,nan,nan,nan,nan,nan,nan,12,15
ablation,matched,constant,2,11,14,30,8000,1.65584,5.43367e-05,0.00021849,2.7274e-05,1,5.5775,6.2766,nan,0.023617,nan,0.0554476,5.4873,5.59309,5.69884,True,1.65539,1.65543,1.65126,1.65972,5.44867e-05,5.4487e-05,5.42928e-05,5.4678e-05,0.000238509,0.000237354,0.000206693,0.00027474,2.72419e-05,2.72397e-05,2.70973e-05,2.73797e-05,-0.0841741,4,2,0,0.0102374,0,False,nan,nan,nan,nan,nan,nan,nan,nan,nan,nan,12,15
ablation,matched,constant,2,11,15,30,8000,1.65584,5.43367e-05,0.00021849,2.59527e-05,1,5.31182,5.97996,nan,0.0612725,nan,0.107962,5.26015,5.35397,5.44809,True,1.6557,1.65565,1.65165,1.66021,5.44894e-05,5.44875e-05,5.4298e-05,5.46855e-05,0.000235121,0.000234357,0.000204204,0.000270572,2.60188e-05,2.60171e-05,2.58796e-05,2.61611e-05,-0.124252,4,2,0,0.0100646,0,False,nan,nan,nan,nan,nan,nan,nan,nan,nan,nan,12,15
ablation,matched,constant,2,11,16,30,8000,1.65584,5.43367e-05,0.00021849,2.49908e-05,1,5.11813,5.76148,nan,0.0186659,nan,0.028242,5.04056,5.12963,5.22363,True,1.65573,1.65566,1.65171,1.65981,5.44844e-05,5.44823e-05,5.42907e-05,5.46774e-05,0.000232025,0.000231186,0.000200451,0.000267191,2.49897e-05,2.49871e-05,2.48569e-05,2.51254e-05,-0.096393,3,2,0,0.01,0,False,nan,nan,nan,nan,nan,nan,nan,nan,nan,nan,12,15
ablation,matched,constant,2,11,17,30,8000,1.65584,5.43367e-05,0.00021849,2.39809e-05,1,4.91452,5.5332,nan,0.0373121,nan,0.0607881,4.85322,4.93974,5.02803,True,1.65577,1.65587,1.65177,1.65958,5.44809e-05,5.44756e-05,5.42976e-05,5.46833e-05,0.000232824,0.00023193,0.000198578,0.000270493,2.4087e-05,2.40869e-05,2.39591e-05,2.42263e-05,-0.0561054,3,2,0,0.01,0,False,nan,nan,nan,nan,nan,nan,nan,nan,nan,nan,12,15
ablation,matched,constant,2,11,18,30,8000,1.65584,5.43367e-05,0.00021849,2.32945e-05,1,4.77596,5.37532,nan,0.00890264,nan,0.0162616,4.68727,4.77196,4.85602,True,1.65684,1.65691,1.6529,1.66061,5.44785e-05,5.44753e-05,5.42959e-05,5.46679e-05,0.00024109,0.000240267,0.000203934,0.000279376,2.32902e-05,2.3287e-05,2.31624e-05,2.34235e-05,-0.044952,4,2,0,0.01,0,False,nan,nan,nan,nan,nan,nan,nan,nan,nan,nan,12,15
ablation,matched,constant,2,11,19,30,8000,1.65584,5.43367e-05,0.00021849,2.2809e-05,1,4.67791,5.26207,nan,0.0953963,nan,0.0635757,4.52909,4.61171,4.6966,True,1.65644,1.65641,1.65261,1.66039,5.44709e-05,5.44691e-05,5.4287e-05,5.46618e-05,0.000234749,0.000233932,0.00019796,0.00027633,2.27528e-05,2.27537e-05,2.26234e-05,2.28791e-05,-0.0752569,4,2,0,0.01,0,False,nan,nan,nan,nan,nan,nan,nan,nan,nan,nan,12,15
ablation,matched,constant,2,11,20,30,8000,1.65584,5.43367e-05,0.00021849,2.23004e-05,1,4.57509,5.14471,nan,0.0818052,nan,0.0483028,4.43509,4.52053,4.60204,True,1.65692,1.65684,1.65328,1.66096,5.44658e-05,5.44596e-05,5.42774e-05,5.4662e-05,0.000218458,0.000218005,0.000182254,0.000256468,2.24354e-05,2.24324e-05,2.23089e-05,2.25669e-05,-0.0797538,5,2,0,0.01,0,False,nan,nan,nan,nan,nan,nan,nan,nan,nan,nan,12,15
ablation,matched,constant,2,12,1,30,8000,3.12005,7.02256e-05,0.000223104,7.02256e-05,1,14.0134,18.7815,nan,14.491,nan,0,7.76513,11.6055,17.2888,True,3.12036,3.11996,3.10759,3.13365,7.00069e-05,7.00068e-05,6.97947e-05,7.02257e-05,0.000210294,0.000210073,0.000198134,0.000222605,7.00069e-05,7.00068e-05,6.97947e-05,7.02257e-05,-0.291879,21,2,0,0.01,0,False,nan,nan,nan,nan,nan,nan,nan,nan,nan,nan,12,12
ablation,matched,constant,2,12,2,30,8000,3.12005,7.02256e-05,0.000223104,6.35925e-05,1,12.7429,17.0701,nan,0.258616,nan,0.162083,12.6876,12.898,13.1257,True,3.12161,3.12142,3.11198,3.1309,7.00044e-05,7.00104e-05,6.97978e-05,7.01977e-05,0.00020892,0.000208761,0.00019745,0.000220919,6.34338e-05,6.3435e-05,6.32511e-05,6.36201e-05,-0.240888,6,2,0,0.0105753,0,False,nan,nan,nan,nan,nan,nan,nan,nan,nan,nan,12,12
ablation,matched,constant,2,12,3,30,8000,3.12005,7.02256e-05,0.000223104,5.901e-05,1,11.859,15.8883,nan,0.0665377,nan,0.149504,11.6157,11.8209,12.0275,True,3.12401,3.12404,3.11564,3.13256,7.0001e-05,7.00058e-05,6.98014e-05,7.01958e-05,0.000218781,0.000218775,0.000205519,0.00023264,5.8925e-05,5.89257e-05,5.87376e-05,5.91042e-05,-0.167268,6,2,0,0.01,0,False,nan,nan,nan,nan,nan,nan,nan,nan,nan,nan,12,12
ablation,matched,constant,2,12,4,30,8000,3.12005,7.02256e-05,0.000223104,5.39987e-05,1,10.8867,14.5778,nan,0.219076,nan,0.200346,10.8359,11.0185,11.2047,True,3.1214,3.12139,3.11434,3.12869,7.00032e-05,7.00089e-05,6.97914e-05,7.01969e-05,0.000209426,0.0002094,0.000194366,0.000223493,5.38688e-05,5.38694e-05,5.36977e-05,5.40295e-05,-0.154135,7,2,0,0.0105121,0,False,nan,nan,nan,nan,nan,nan,nan,nan,nan,nan,12,12
ablation,matched,constant,2,12,5,30,8000,3.12005,7.02256e-05,0.000223104,5.12701e-05,1,10.3546,13.8732,nan,0.237617,nan,0.306174,10.0296,10.2066,10.3929,True,3.12094,3.12082,3.11422,3.12793,6.99944e-05,6.99961e-05,6.97896e-05,7.01987e-05,0.000207461,0.000207365,0.00019173,0.000224616,5.10792e-05,5.10771e-05,5.09133e-05,5.12604e-05,-0.159905,6,2,0,0.0108396,0,False,nan,nan,nan,nan,nan,nan,nan,nan,nan,nan,12,12
ablation,matched,constant,2,12,6,30,8000,3.12005,7.02256e-05,0.000223104,4.82939e-05,1,9.77221,13.0949,nan,0.06926,nan,0.115671,9.55662,9.72856,9.90766,True,3.1211,3.12097,3.11468,3.12793,7.0001e-05,7.00041e-05,6.97948e-05,7.01979e-05,0.000205885,0.00020555,0.000189395,0.000222745,4.83491e-05,4.83505e-05,4.8194e-05,4.85102e-05,-0.121301,5,2,0,0.010512,0,False,nan,nan,nan,nan,nan,nan,nan,nan,nan,nan,12,12
ablation,matched,constant,2,12,7,30,8000,3.12005,7.02256e-05,0.000223104,4.41452e-05,1,8.95664,11.9899,nan,0.499999,nan,0.377017,9.10272,9.26368,9.4247,False,3.12123,3.12125,3.11564,3.12703,6.99948e-05,6.99939e-05,6.98003e-05,7.0179e-05,0.000232915,0.000232817,0.000212677,0.000253773,4.42879e-05,4.42857e-05,4.41239e-05,4.44548e-05,-0.13924,10,2,0,0.0135626,0,False,nan,nan,nan,nan,nan,nan,nan,nan,nan,nan,12,12
ablation,matched,constant,2,12,8,30,8000,3.12005,7.02256e-05,0.000223104,4.12758e-05,1,8.39003,11.2281,nan,0.102054,nan,0.119751,8.25404,8.45307,8.64557,True,3.12202,3.12207,3.11657,3.1272,6.99951e-05,6.99949e-05,6.98108e-05,7.01792e-05,0.000231802,0.000232154,0.000210747,0.000253059,4.13719e-05,4.13724e-05,4.12134e-05,4.15292e-05,-0.0721503,6,2,0,0.0130072,0,False,nan,nan,nan,nan,nan,nan,nan,nan,nan,nan,12,12
ablation,matched,constant,2,12,9,30,8000,3.12005,7.02256e-05,0.000223104,3.89718e-05,1,7.93356,10.6162,nan,0.0309685,nan,0.0363274,7.78601,7.95108,8.106,True,3.12207,3.12215,3.11679,3.12758,6.99886e-05,6.99883e-05,6.97978e-05,7.01794e-05,0.00024648,0.000246178,0.000222349,0.000271342,3.90752e-05,3.90775e-05,3.89177e-05,3.92281e-05,-0.069541,5,2,0,0.0124545,0,False,nan,nan,nan,nan,nan,nan,nan,nan,nan,nan,12,12
ablation,matched,constant,2,12,10,30,8000,3.12005,7.02256e-05,0.000223104,3.74636e-05,1,7.63402,10.2184,nan,0.20708,nan,0.146095,7.34828,7.50343,7.67206,True,3.12183,3.12168,3.1163,3.12761,6.99927e-05,6.99923e-05,6.9788e-05,7.01865e-05,0.000225186,0.000225459,0.000203392,0.000247131,3.75517e-05,3.75524e-05,3.73967e-05,3.76964e-05,-0.0594735,6,2,0,0.0128453,0,False,nan,nan,nan,nan,nan,nan,nan,nan,nan,nan,12,12
ablation,matched,constant,2,12,11,30,8000,3.12005,7.02256e-05,0.000223104,3.60477e-05,1,7.35227,9.84429,nan,0.10717,nan,0.129188,7.13152,7.28731,7.44611,True,3.12224,3.12219,3.11696,3.1276,6.99937e-05,6.99893e-05,6.97998e-05,7.01979e-05,0.000223767,0.000223547,0.0002004,0.000247579,3.60155e-05,3.60161e-05,3.58718e-05,3.61545e-05,-0.0844788,5,2,0,0.0125476,0,False,nan,nan,nan,nan,nan,nan,nan,nan,nan,nan,12,12
ablation,matched,constant,2,12,12,30,8000,3.12005,7.02256e-05,0.000223104,3.50934e-05,1,7.16208,9.59636,nan,0.244677,nan,0.236578,6.85552,7.01289,7.15796,False,3.12221,3.12217,3.11688,3.1279,6.99769e-05,6.99758e-05,6.97846e-05,7.01756e-05,0.000228016,0.000227569,0.000203429,0.000254546,3.51314e-05,3.5129e-05,3.4991e-05,3.52757e-05,-0.0188168,7,2,0,0.0134627,0,False,nan,nan,nan,nan,nan,nan,nan,nan,nan,nan,12,12
ablation,matched,constant,2,12,13,30,8000,3.12005,7.02256e-05,0.000223104,3.36043e-05,1,6.86486,9.19846,nan,0.0400449,nan,0.0350532,6.67364,6.84074,6.99988,True,3.12245,3.12238,3.11707,3.12774,6.99753e-05,6.99741e-05,6.97843e-05,7.01777e-05,0.000229318,0.000229055,0.000203617,0.000256392,3.3589e-05,3.3591e-05,3.34482e-05,3.3732e-05,-0.100808,5,2,0,0.013015,0,False,nan,nan,nan,nan,nan,nan,nan,nan,nan,nan,12,12
ablation,matched,constant,2,12,14,30,8000,3.12005,7.02256e-05,0.000223104,3.17517e-05,1,6.49426,8.69723,nan,0.10381,nan,0.125667,6.41321,6.55415,6.70154,True,3.12285,3.12291,3.11702,3.12863,6.99786e-05,6.99783e-05,6.98029e-05,7.01638e-05,0.000219763,0.000219307,0.00019423,0.000247479,3.17788e-05,3.17797e-05,3.16373e-05,3.19144e-05,-0.0857594,5,2,0,0.0128125,0,False,nan,nan,nan,nan,nan,nan,nan,nan,nan,nan,12,12
ablation,matched,constant,2,12,15,30,8000,3.12005,7.02256e-05,0.000223104,3.06629e-05,1,6.27604,8.40675,nan,0.0507789,nan,0.0731676,6.10774,6.24229,6.38665,True,3.12238,3.12262,3.117,3.12749,6.99774e-05,6.99765e-05,6.97993e-05,7.01612e-05,0.000218236,0.000217982,0.000191186,0.000246466,3.05737e-05,3.05732e-05,3.04375e-05,3.07082e-05,-0.0592019,4,2,0,0.0124486,0,False,nan,nan,nan,nan,nan,nan,nan,nan,nan,nan,12,12
ablation,matched,constant,2,12,16,30,8000,3.12005,7.02256e-05,0.000223104,2.91108e-05,1,5.96443,7.98578,nan,0.0926079,nan,0.106591,5.89439,6.01879,6.1451,True,3.12156,3.12161,3.11626,3.12684,6.99778e-05,6.99758e-05,6.97866e-05,7.01636e-05,0.000216305,0.000215917,0.000187519,0.000246889,2.9167e-05,2.91662e-05,2.9026e-05,2.93064e-05,-0.104966,4,2,0,0.0122165,0,False,nan,nan,nan,nan,nan,nan,nan,nan,nan,nan,12,12
ablation,matched,constant,2,12,17,30,8000,3.12005,7.02256e-05,0.000223104,2.77406e-05,1,5.68883,7.61429,nan,0.121138,nan,0.0860858,5.64389,5.76411,5.88249,True,3.12147,3.12151,3.11657,3.12673,6.99679e-05,6.99652e-05,6.97742e-05,7.01582e-05,0.000223781,0.000223285,0.000192804,0.000257769,2.77299e-05,2.77311e-05,2.75979e-05,2.78601e-05,-0.121872,5,2,0,0.0122451,0,False,nan,nan,nan,nan,nan,nan,nan,nan,nan,nan,12,12
ablation,matched,constant,2,12,18,30,8000,3.12005,7.02256e-05,0.000223104,2.70719e-05,1,5.55413,7.43675,nan,0.112724,nan,0.111096,5.37119,5.4834,5.60132,True,3.1214,3.12161,3.11632,3.12631,6.99686e-05,6.99638e-05,6.97923e-05,7.01616e-05,0.000207279,0.00020611,0.000178208,0.000240507,2.70082e-05,2.70066e-05,2.68812e-05,2.71376e-05,-0.0460795,5,2,0,0.0121503,0,False,nan,nan,nan,nan,nan,nan,nan,nan,nan,nan,12,12
ablation,matched,constant,2,12,19,30,8000,3.12005,7.02256e-05,0.000223104,2.59398e-05,1,5.32584,7.12931,nan,0.0729184,nan,0.0564289,5.25677,5.37275,5.47744,True,3.12095,3.12096,3.11592,3.12603,6.99702e-05,6.9966e-05,6.979e-05,7.01586e-05,0.000208342,0.000207812,0.000178773,0.0002408,2.59915e-05,2.59899e-05,2.58651e-05,2.61196e-05,-0.0539906,4,2,0,0.0118986,0,False,nan,nan,nan,nan,nan,nan,nan,nan,nan,nan,12,12
ablation,matched,constant,2,12,20,30,8000,3.12005,7.02256e-05,0.000223104,2.53085e-05,1,5.1984,6.96078,nan,0.0379998,nan,0.0827412,5.07226,5.17422,5.28284,True,3.1211,3.12114,3.1161,3.12609,6.9964e-05,6.99603e-05,6.97842e-05,7.01515e-05,0.000218448,0.000218285,0.000184459,0.000252105,2.5312e-05,2.53094e-05,2.519e-05,2.54398e-05,-0.0791741,4,2,0,0.0116853,0,False,nan,nan,nan,nan,nan,nan,nan,nan,nan,nan,12,12
ablation,matched,constant,2,13,1,30,8000,0.842023,8.66968e-05,0.000173562,8.66968e-05,1,17.0142,15.9801,nan,12.2553,nan,0,7.77863,11.4133,16.7683,False,0.845792,0.84585,0.841901,0.849595,8.67189e-05,8.67071e-05,8.64237e-05,8.70238e-05,0.000177346,0.000177415,0.000166378,0.000188085,8.67189e-05,8.67071e-05,8.64237e-05,8.70238e-05,-0.321063,21,2,0,0.01,0,False,nan,nan,nan,nan,nan,nan,nan,nan,nan,nan,12,13
ablation,matched,constant,2,13,2,30,8000,0.842023,8.66968e-05,0.000173562,7.81691e-05,1,15.4052,14.4229,nan,0.281205,nan,0.311194,15.3351,15.603,15.8637,True,0.843663,0.843671,0.840795,0.84654,8.68051e-05,8.68045e-05,8.65422e-05,8.70638e-05,0.000181094,0.000181095,0.000170584,0.000191543,7.82586e-05,7.82552e-05,7.80257e-05,7.84969e-05,-0.214924,8,2,0,0.0106924,0,False,nan,nan,nan,nan,nan,nan,nan,nan,nan,nan,12,13
ablation,matched,constant,2,13,3,30,8000,0.842023,8.66968e-05,0.000173562,7.26123e-05,1,14.3495,13.4511,nan,0.161342,nan,0.102311,13.9713,14.2213,14.4822,True,0.842129,0.842084,0.839605,0.844779,8.68207e-05,8.68246e-05,8.65855e-05,8.70486e-05,0.000178552,0.000178335,0.000167268,0.000190371,7.28303e-05,7.28302e-05,7.2595e-05,7.30653e-05,-0.233901,6,2,0,0.0106762,0,False,nan,nan,nan,nan,nan,nan,nan,nan,nan,nan,12,13
ablation,matched,constant,2,13,4,30,8000,0.842023,8.66968e-05,0.000173562,6.71898e-05,1,13.3138,12.472,nan,0.0664941,nan,0.0621348,13.1258,13.3641,13.6004,True,0.842695,0.842718,0.840466,0.845039,8.68092e-05,8.68114e-05,8.65776e-05,8.70463e-05,0.000175756,0.000175927,0.00016404,0.000187741,6.73898e-05,6.73903e-05,6.71742e-05,6.7609e-05,-0.1617,5,2,0,0.01,0,False,nan,nan,nan,nan,nan,nan,nan,nan,nan,nan,12,13
ablation,matched,constant,2,13,5,30,8000,0.842023,8.66968e-05,0.000173562,6.25653e-05,1,12.4261,11.6354,nan,0.0688315,nan,0.0428302,12.2781,12.4765,12.6825,True,0.842364,0.842379,0.840159,0.84453,8.68078e-05,8.68112e-05,8.65775e-05,8.70381e-05,0.000172138,0.000171954,0.00015935,0.000185148,6.26131e-05,6.26158e-05,6.23996e-05,6.28166e-05,-0.137468,5,2,0,0.01,0,False,nan,nan,nan,nan,nan,nan,nan,nan,nan,nan,12,13
ablation,matched,constant,2,13,6,30,8000,0.842023,8.66968e-05,0.000173562,5.86589e-05,1,11.6731,10.9306,nan,0.0289647,nan,0.00652048,11.5061,11.692,11.8998,True,0.842327,0.842329,0.840385,0.844284,8.68098e-05,8.68122e-05,8.65711e-05,8.70414e-05,0.000174308,0.000174038,0.000160192,0.000189743,5.86525e-05,5.86478e-05,5.84531e-05,5.88646e-05,-0.109919,4,2,0,0.01,0,False,nan,nan,nan,nan,nan,nan,nan,nan,nan,nan,12,13
ablation,matched,constant,2,13,7,30,8000,0.842023,8.66968e-05,0.000173562,5.59184e-05,1,11.1431,10.4606,nan,0.177245,nan,0.174036,10.8256,11.0078,11.1894,True,0.842441,0.842462,0.840581,0.844347,8.68025e-05,8.68017e-05,8.65851e-05,8.70312e-05,0.00017266,0.000172133,0.000158055,0.000188458,5.59332e-05,5.59358e-05,5.57337e-05,5.61348e-05,-0.124897,6,2,0,0.01,0,False,nan,nan,nan,nan,nan,nan,nan,nan,nan,nan,12,13
ablation,matched,constant,2,13,8,30,8000,0.842023,8.66968e-05,0.000173562,5.29884e-05,1,10.5748,9.9339,nan,0.0359983,nan,0.0485898,10.3678,10.5457,10.7241,True,0.842705,0.842692,0.840931,0.844513,8.679e-05,8.6791e-05,8.65676e-05,8.70139e-05,0.000169188,0.000168895,0.000154397,0.000184746,5.30521e-05,5.30508e-05,5.28701e-05,5.3241e-05,-0.12657,5,2,0,0.01,0,False,nan,nan,nan,nan,nan,nan,nan,nan,nan,nan,12,13
ablation,matched,constant,2,13,9,30,8000,0.842023,8.66968e-05,0.000173562,4.96376e-05,1,9.92289,9.30098,nan,0.180149,nan,0.138325,9.89072,10.0605,10.2315,True,0.842791,0.842818,0.841126,0.844469,8.67989e-05,8.67916e-05,8.6577e-05,8.70271e-05,0.000179048,0.000179001,0.000161531,0.000197802,4.96358e-05,4.96352e-05,4.94418e-05,4.98242e-05,-0.112299,6,2,0,0.01,0,False,nan,nan,nan,nan,nan,nan,nan,nan,nan,nan,12,13
ablation,matched,constant,2,13,10,30,8000,0.842023,8.66968e-05,0.000173562,4.71661e-05,1,9.44063,8.84946,nan,0.0285573,nan,0.000731702,9.26053,9.41625,9.57582,True,0.843169,0.843197,0.841544,0.844722,8.68062e-05,8.68021e-05,8.65757e-05,8.70505e-05,0.000173608,0.000173362,0.0001554,0.000192687,4.72634e-05,4.72635e-05,4.70824e-05,4.7445e-05,-0.0787032,4,2,0,0.01,0,False,nan,nan,nan,nan,nan,nan,nan,nan,nan,nan,12,13
ablation,matched,constant,2,13,11,30,8000,0.842023,8.66968e-05,0.000173562,4.53816e-05,1,9.09168,8.53973,nan,0.0918579,nan,0.117,8.86615,9.01847,9.16944,True,0.843507,0.843552,0.84201,0.844925,8.68001e-05,8.67998e-05,8.65766e-05,8.70429e-05,0.000171769,0.00017205,0.000152944,0.000190299,4.53478e-05,4.53481e-05,4.5169e-05,4.55185e-05,-0.0634478,5,2,0,0.01,0,False,nan,nan,nan,nan,nan,nan,nan,nan,nan,nan,12,13
ablation,matched,constant,2,13,12,30,8000,0.842023,8.66968e-05,0.000173562,4.34474e-05,1,8.71274,8.18877,nan,0.0371936,nan,0.0367958,8.53643,8.67927,8.82849,True,0.843405,0.843414,0.841915,0.844832,8.68121e-05,8.68071e-05,8.6591e-05,8.7052e-05,0.000172965,0.000173099,0.000153661,0.000191686,4.34062e-05,4.34088e-05,4.32401e-05,4.35776e-05,-0.0605667,4,2,0,0.01,0,False,nan,nan,nan,nan,nan,nan,nan,nan,nan,nan,12,13
ablation,matched,constant,2,13,13,30,8000,0.842023,8.66968e-05,0.000173562,4.18718e-05,1,8.40353,7.91022,nan,0.0871625,nan,0.0856485,8.18863,8.33168,8.47479,True,0.84331,0.843294,0.841768,0.844826,8.68156e-05,8.68127e-05,8.6589e-05,8.70523e-05,0.000178822,0.000178772,0.000157857,0.00020083,4.17501e-05,4.17494e-05,4.1578e-05,4.1918e-05,-0.101994,4,2,0,0.01,0,False,nan,nan,nan,nan,nan,nan,nan,nan,nan,nan,12,13
ablation,matched,constant,2,13,14,30,8000,0.842023,8.66968e-05,0.000173562,4.08169e-05,1,8.19622,7.74206,nan,0.231399,nan,0.185852,7.88432,8.01691,8.15755,False,0.84286,0.842828,0.84147,0.844451,8.68268e-05,8.68182e-05,8.66035e-05,8.70878e-05,0.000180845,0.000181104,0.000160226,0.000201575,4.08405e-05,4.08407e-05,4.06633e-05,4.10032e-05,-0.0632213,7,2,0,0.01,0,False,nan,nan,nan,nan,nan,nan,nan,nan,nan,nan,12,13
ablation,matched,constant,2,13,15,30,8000,0.842023,8.66968e-05,0.000173562,3.9023e-05,1,7.84317,7.40244,nan,0.0088961,nan,0.0273721,7.71224,7.8446,7.97983,True,0.843132,0.843116,0.841658,0.844745,8.68217e-05,8.68172e-05,8.65845e-05,8.70743e-05,0.00017795,0.00017781,0.000155991,0.00020023,3.89653e-05,3.89591e-05,3.88088e-05,3.91332e-05,-0.123642,4,2,0,0.01,0,False,nan,nan,nan,nan,nan,nan,nan,nan,nan,nan,12,13
ablation,matched,constant,2,13,16,30,8000,0.842023,8.66968e-05,0.000173562,3.75355e-05,1,7.54993,7.12631,nan,0.042066,nan,0.0150733,7.38325,7.51709,7.64419,True,0.843131,0.843124,0.841605,0.844705,8.68226e-05,8.68213e-05,8.6592e-05,8.70662e-05,0.000167675,0.000167678,0.000146047,0.000188775,3.72898e-05,3.72929e-05,3.71227e-05,3.74541e-05,-0.0924143,4,2,0,0.01,0,False,nan,nan,nan,nan,nan,nan,nan,nan,nan,nan,12,13
ablation,matched,constant,2,13,17,30,8000,0.842023,8.66968e-05,0.000173562,3.61544e-05,1,7.27728,6.86942,nan,0.051504,nan,0.0132847,7.11399,7.23967,7.36508,True,0.843169,0.843174,0.841651,0.844643,8.68256e-05,8.68257e-05,8.6595e-05,8.70732e-05,0.000174187,0.000174204,0.000150907,0.000197727,3.61366e-05,3.6136e-05,3.5971e-05,3.62943e-05,-0.0475912,4,2,0,0.01,0,False,nan,nan,nan,nan,nan,nan,nan,nan,nan,nan,12,13
ablation,matched,constant,2,13,18,30,8000,0.842023,8.66968e-05,0.000173562,3.46292e-05,1,6.97573,6.5758,nan,0.0492727,nan,0.0505144,6.89434,7.0115,7.12826,True,0.843168,0.843163,0.841651,0.844643,8.68295e-05,8.68286e-05,8.65895e-05,8.70781e-05,0.000173165,0.000172708,0.000150389,0.000198275,3.45661e-05,3.45635e-05,3.44078e-05,3.47271e-05,-0.0953886,4,2,0,0.01,0,False,nan,nan,nan,nan,nan,nan,nan,nan,nan,nan,12,13
ablation,matched,constant,2,13,19,30,8000,0.842023,8.66968e-05,0.000173562,3.31834e-05,1,6.68943,6.29631,nan,0.0485994,nan,0.05805,6.60906,6.72376,6.83993,True,0.843127,0.843126,0.841616,0.844557,8.68231e-05,8.68203e-05,8.65992e-05,8.70642e-05,0.000182886,0.000182398,0.000158277,0.000210095,3.32168e-05,3.32119e-05,3.30642e-05,3.33789e-05,-0.097854,4,2,0,0.01,0,False,nan,nan,nan,nan,nan,nan,nan,nan,nan,nan,12,13
ablation,matched,constant,2,13,20,30,8000,0.842023,8.66968e-05,0.000173562,3.18413e-05,1,6.42331,6.03689,nan,0.0418328,nan,0.0567006,6.34434,6.45411,6.56383,True,0.843111,0.843085,0.841695,0.844594,8.68355e-05,8.68268e-05,8.66107e-05,8.70819e-05,0.000177927,0.000177694,0.000152371,0.000204219,3.19098e-05,3.19103e-05,3.17543e-05,3.20644e-05,-0.0861668,3,2,0,0.01,0,False,nan,nan,nan,nan,nan,nan,nan,nan,nan,nan,12,13
ablation,matched,constant,2,14,1,30,8000,0.00105566,6.50552e-05,0.000251873,6.50552e-05,1,12.5506,3.31067,nan,4.39979,nan,0,7.86059,11.5383,17.0361,True,0.00102799,0.0010278,0.000985181,0.00106627,6.53441e-05,6.53452e-05,6.49096e-05,6.57655e-05,0.00025856,0.000258025,0.000228324,0.000289148,6.53441e-05,6.53452e-05,6.49096e-05,6.57655e-05,0.0311043,16,2,0,0.01,0,False,nan,nan,nan,nan,nan,nan,nan,nan,nan,nan,12,11
ablation,matched,constant,2,14,2,30,8000,0.00105566,6.50552e-05,0.000251873,5.89802e-05,1,11.4285,3.00319,nan,0.0333708,nan,0.0189138,11.2269,11.4517,11.6687,True,0.00105174,0.00105255,0.00102231,0.00108035,6.52759e-05,6.52812e-05,6.49247e-05,6.5628e-05,0.000249403,0.000248997,0.000226885,0.000273169,5.89786e-05,5.89679e-05,5.8686e-05,5.92833e-05,0.0354881,6,2,0,0.01,0,False,nan,nan,nan,nan,nan,nan,nan,nan,nan,nan,12,11
ablation,matched,constant,2,14,3,30,8000,0.00105566,6.50552e-05,0.000251873,5.45043e-05,1,10.5955,2.78527,nan,0.0759486,nan,0.0899747,10.3347,10.5207,10.709,True,0.00104572,0.00104628,0.00101817,0.00107209,6.53365e-05,6.53407e-05,6.49893e-05,6.5673e-05,0.000262424,0.000262248,0.000237875,0.00028684,5.46537e-05,5.46488e-05,5.43772e-05,5.49367e-05,-0.0352488,5,2,0,0.01,0,False,nan,nan,nan,nan,nan,nan,nan,nan,nan,nan,12,11
ablation,matched,constant,2,14,4,30,8000,0.00105566,6.50552e-05,0.000251873,4.94919e-05,1,9.65627,2.52776,nan,0.122624,nan,0.143394,9.60272,9.7753,9.95598,True,0.00104492,0.00104483,0.00102062,0.00106897,6.53572e-05,6.53558e-05,6.50411e-05,6.56704e-05,0.000263986,0.000263623,0.000238752,0.000290348,4.97268e-05,4.97161e-05,4.94831e-05,5.00064e-05,0.0137801,5,2,0,0.01,0,False,nan,nan,nan,nan,nan,nan,nan,nan,nan,nan,12,11
ablation,matched,constant,2,14,5,30,8000,0.00105566,6.50552e-05,0.000251873,4.66402e-05,1,9.1189,2.38953,nan,0.133867,nan,0.130402,8.83584,8.98292,9.14726,True,0.00104749,0.00104768,0.00102472,0.00106903,6.53396e-05,6.53387e-05,6.50379e-05,6.56417e-05,0.000262181,0.000261977,0.000235123,0.000289297,4.67733e-05,4.67665e-05,4.65229e-05,4.70301e-05,0.0282646,5,2,0,0.0103513,0,False,nan,nan,nan,nan,nan,nan,nan,nan,nan,nan,12,11
ablation,matched,constant,2,14,6,30,8000,0.00105566,6.50552e-05,0.000251873,4.24658e-05,1,8.32824,2.18249,nan,0.186899,nan,0.19584,8.34524,8.51391,8.68378,False,0.00105165,0.00105213,0.0010295,0.0010722,6.53484e-05,6.53444e-05,6.50357e-05,6.56574e-05,0.000285151,0.000284882,0.000254029,0.000316652,4.25888e-05,4.25881e-05,4.23325e-05,4.28283e-05,-0.025387,7,2,0,0.011926,0,False,nan,nan,nan,nan,nan,nan,nan,nan,nan,nan,12,11
ablation,matched,constant,2,14,7,30,8000,0.00105566,6.50552e-05,0.000251873,3.95812e-05,1,7.77906,2.04336,nan,0.0264363,nan,0.0491401,7.59181,7.7577,7.92117,True,0.00104841,0.00104818,0.00102823,0.00106883,6.53428e-05,6.53418e-05,6.50259e-05,6.5656e-05,0.000270187,0.000269884,0.000240026,0.000302643,3.97192e-05,3.97163e-05,3.94906e-05,3.99574e-05,0.0269005,4,2,0,0.0112841,0,False,nan,nan,nan,nan,nan,nan,nan,nan,nan,nan,12,11
ablation,matched,constant,2,14,8,30,8000,0.00105566,6.50552e-05,0.000251873,3.70863e-05,1,7.30221,1.92351,nan,0.0205455,nan,0.0388299,7.17559,7.3205,7.47304,True,0.00105285,0.00105284,0.00103334,0.00107267,6.53429e-05,6.53462e-05,6.5025e-05,6.56498e-05,0.000257379,0.000256439,0.000228345,0.00028987,3.71981e-05,3.72003e-05,3.69802e-05,3.74238e-05,-0.0264615,4,2,0,0.0107082,0,False,nan,nan,nan,nan,nan,nan,nan,nan,nan,nan,12,11
ablation,matched,constant,2,14,9,30,8000,0.00105566,6.50552e-05,0.000251873,3.50857e-05,1,6.91855,1.82324,nan,0.00367978,nan,0.00400204,6.78587,6.92042,7.0543,True,0.00104953,0.00104949,0.00103058,0.0010687,6.53383e-05,6.53431e-05,6.50233e-05,6.56488e-05,0.000253979,0.000253048,0.000223857,0.000289336,3.49807e-05,3.49829e-05,3.47735e-05,3.51876e-05,0.0446835,3,2,0,0.0102423,0,False,nan,nan,nan,nan,nan,nan,nan,nan,nan,nan,12,11
ablation,matched,constant,2,14,10,30,8000,0.00105566,6.50552e-05,0.000251873,3.32161e-05,1,6.55902,1.73103,nan,0.0124883,nan,0.0107112,6.42652,6.54637,6.66791,True,0.00105329,0.00105263,0.0010349,0.00107206,6.53497e-05,6.53508e-05,6.50385e-05,6.56627e-05,0.000248702,0.000248184,0.00021715,0.000281719,3.33415e-05,3.33402e-05,3.31373e-05,3.35349e-05,0.00373775,4,2,0,0.01,0,False,nan,nan,nan,nan,nan,nan,nan,nan,nan,nan,12,11
ablation,matched,constant,2,14,11,30,8000,0.00105566,6.50552e-05,0.000251873,3.12746e-05,1,6.1846,1.64266,nan,0.0879602,nan,0.0605673,6.16118,6.27183,6.38471,True,0.00105115,0.00105115,0.00103413,0.00106843,6.53576e-05,6.53633e-05,6.50306e-05,6.56763e-05,0.000262658,0.000261825,0.000227572,0.000301079,3.13209e-05,3.13198e-05,3.11092e-05,3.15309e-05,0.0311066,4,2,0,0.010045,0,False,nan,nan,nan,nan,nan,nan,nan,nan,nan,nan,12,11
ablation,matched,constant,2,14,12,30,8000,0.00105566,6.50552e-05,0.000251873,2.9624e-05,1,5.86541,1.5661,nan,0.0322668,nan,0.039239,5.78892,5.8969,6.00929,True,0.00105275,0.00105228,0.00103636,0.00107026,6.53584e-05,6.53588e-05,6.50352e-05,6.56894e-05,0.000260963,0.000259603,0.000225503,0.000300122,2.96109e-05,2.96123e-05,2.94191e-05,2.98155e-05,0.0128791,3,2,0,0.01,0,False,nan,nan,nan,nan,nan,nan,nan,nan,nan,nan,12,11
ablation,matched,constant,2,14,13,30,8000,0.00105566,6.50552e-05,0.000251873,2.86991e-05,1,5.68624,1.50522,nan,0.0900224,nan,0.0742116,5.49799,5.59549,5.70103,True,0.0010536,0.00105336,0.00103658,0.00107061,6.53408e-05,6.53444e-05,6.5012e-05,6.56611e-05,0.000250792,0.000250195,0.000216487,0.000286443,2.86541e-05,2.86494e-05,2.84665e-05,2.88468e-05,0.0255356,5,2,0,0.010025,0,False,nan,nan,nan,nan,nan,nan,nan,nan,nan,nan,12,11
ablation,matched,constant,2,14,14,30,8000,0.00105566,6.50552e-05,0.000251873,2.80787e-05,1,5.5659,1.46014,nan,0.124713,nan,0.118567,5.34465,5.44148,5.54685,False,0.00105231,0.00105208,0.00103552,0.00107017,6.53458e-05,6.53458e-05,6.50441e-05,6.56574e-05,0.000235488,0.000234368,0.000203219,0.000272064,2.79643e-05,2.79656e-05,2.7772e-05,2.81554e-05,0.04339,5,2,0,0.0107079,0,False,nan,nan,nan,nan,nan,nan,nan,nan,nan,nan,12,11
ablation,matched,constant,2,14,15,30,8000,0.00105566,6.50552e-05,0.000251873,2.74284e-05,1,5.43964,1.42286,nan,0.101584,nan,0.102741,5.23674,5.33955,5.44546,True,0.00105596,0.00105581,0.00103933,0.00107287,6.53454e-05,6.53511e-05,6.50118e-05,6.56652e-05,0.000223336,0.000222409,0.000191961,0.00025874,2.72962e-05,2.7297e-05,2.71087e-05,2.74826e-05,0.0465583,4,2,0,0.0109926,0,False,nan,nan,nan,nan,nan,nan,nan,nan,nan,nan,12,11
ablation,matched,constant,2,14,16,30,8000,0.00105566,6.50552e-05,0.000251873,2.62502e-05,1,5.21058,1.36338,nan,0.024377,nan,0.011138,5.12762,5.23324,5.33741,True,0.00105467,0.00105492,0.00103831,0.00107142,6.53411e-05,6.53463e-05,6.50262e-05,6.56259e-05,0.000216549,0.000215275,0.000184365,0.000253518,2.64508e-05,2.64502e-05,2.62586e-05,2.66485e-05,0.0409807,4,2,0,0.0107263,0,False,nan,nan,nan,nan,nan,nan,nan,nan,nan,nan,12,11
ablation,matched,constant,2,14,17,30,8000,0.00105566,6.50552e-05,0.000251873,2.51186e-05,1,4.99022,1.30689,nan,0.0984528,nan,0.0201546,4.98876,5.08524,5.18739,True,0.00105501,0.00105511,0.00103908,0.00107043,6.53268e-05,6.53259e-05,6.50117e-05,6.56461e-05,0.000240584,0.000239908,0.00020176,0.000283523,2.51373e-05,2.51395e-05,2.49489e-05,2.53286e-05,0.0393924,5,2,0,0.0110055,0,False,nan,nan,nan,nan,nan,nan,nan,nan,nan,nan,12,11
ablation,matched,constant,2,14,18,30,8000,0.00105566,6.50552e-05,0.000251873,2.45864e-05,1,4.88645,1.27798,nan,0.0639967,nan,0.0810639,4.73022,4.82231,4.91683,True,0.00105478,0.00105458,0.00103986,0.00106998,6.53299e-05,6.53296e-05,6.49893e-05,6.56391e-05,0.000227633,0.000226266,0.000188154,0.000271945,2.45412e-05,2.4539e-05,2.43583e-05,2.472e-05,0.0210925,3,2,0,0.0110382,0,False,nan,nan,nan,nan,nan,nan,nan,nan,nan,nan,12,11
ablation,matched,constant,2,14,19,30,8000,0.00105566,6.50552e-05,0.000251873,2.37987e-05,1,4.73269,1.23784,nan,0.00783434,nan,0.0231023,4.63288,4.72453,4.82115,True,0.00105402,0.00105356,0.00103932,0.0010688,6.53348e-05,6.53348e-05,6.50248e-05,6.56416e-05,0.000223376,0.00022148,0.000184062,0.000267405,2.37277e-05,2.37284e-05,2.35514e-05,2.39129e-05,0.0480101,3,2,0,0.0107456,0,False,nan,nan,nan,nan,nan,nan,nan,nan,nan,nan,12,11
ablation,matched,constant,2,14,20,30,8000,0.00105566,6.50552e-05,0.000251873,2.2818e-05,1,4.54103,1.18775,nan,0.0409553,nan,0.0259939,4.49189,4.58155,4.67212,True,0.00105523,0.00105492,0.00104019,0.00107049,6.53317e-05,6.53335e-05,6.50033e-05,6.56459e-05,0.000229072,0.00022728,0.000188183,0.000277712,2.28465e-05,2.28471e-05,2.26733e-05,2.30249e-05,0.022384,3,2,0,0.0105301,0,False,nan,nan,nan,nan,nan,nan,nan,nan,nan,nan,12,11
ablation,matched,constant,2,15,1,30,8000,0.203389,4.93178e-05,0.000391678,4.93178e-05,1,9.43999,3.98482,nan,3.0092,nan,0,7.87301,11.521,17.2086,True,0.204507,0.204526,0.20273,0.206392,4.92248e-05,4.92296e-05,4.88696e-05,4.95685e-05,0.000359223,0.000358996,0.000316396,0.00040408,4.92248e-05,4.92296e-05,4.88696e-05,4.95685e-05,-0.14686,18,2,0,0.01,0,False,nan,nan,nan,nan,nan,nan,nan,nan,nan,nan,12,10
ablation,matched,constant,2,15,2,30,8000,0.203389,4.93178e-05,0.000391678,4.45347e-05,1,8.56904,3.70181,nan,0.0380155,nan,0.0793813,8.41284,8.5873,8.75824,True,0.204034,0.204034,0.202712,0.205317,4.9314e-05,4.93125e-05,4.90287e-05,4.95941e-05,0.000379176,0.000378964,0.000345217,0.000414054,4.43046e-05,4.42991e-05,4.40662e-05,4.45651e-05,-0.114453,4,2,0,0.01,0,False,nan,nan,nan,nan,nan,nan,nan,nan,nan,nan,12,10
ablation,matched,constant,2,15,3,30,8000,0.203389,4.93178e-05,0.000391678,4.02404e-05,1,7.77943,3.4832,nan,0.01374,nan,0.00326171,7.6357,7.78304,7.92967,True,0.204163,0.204179,0.202989,0.205269,4.93237e-05,4.93271e-05,4.90412e-05,4.96098e-05,0.000385329,0.000385471,0.00034984,0.000419693,4.01562e-05,4.01554e-05,3.99194e-05,4.03858e-05,-0.128362,4,2,0,0.01,0,False,nan,nan,nan,nan,nan,nan,nan,nan,nan,nan,12,10
ablation,matched,constant,2,15,4,30,8000,0.203389,4.93178e-05,0.000391678,3.69511e-05,1,7.16959,3.27058,nan,0.0461602,nan,0.046458,6.9965,7.12262,7.25548,True,0.203824,0.203828,0.202738,0.204882,4.93419e-05,4.93467e-05,4.90682e-05,4.96268e-05,0.000403973,0.0004045,0.000365007,0.000443329,3.68985e-05,3.68978e-05,3.66727e-05,3.7119e-05,-0.0683048,4,2,0,0.01,0,False,nan,nan,nan,nan,nan,nan,nan,nan,nan,nan,12,10
ablation,matched,constant,2,15,5,30,8000,0.203389,4.93178e-05,0.000391678,3.41056e-05,1,6.6385,3.08707,nan,0.0627357,nan,0.0294017,6.45054,6.57576,6.70274,True,0.203834,0.203853,0.202878,0.204752,4.93338e-05,4.93316e-05,4.90472e-05,4.9613e-05,0.000386834,0.00038647,0.000348521,0.000427155,3.42505e-05,3.42488e-05,3.4049e-05,3.44718e-05,-0.0608654,4,2,0,0.01,0,False,nan,nan,nan,nan,nan,nan,nan,nan,nan,nan,12,10
ablation,matched,constant,2,15,6,30,8000,0.203389,4.93178e-05,0.000391678,3.1406e-05,1,6.13152,2.94609,nan,0.0640168,nan,0.0265484,6.07692,6.1901,6.30593,True,0.203898,0.203902,0.203037,0.204754,4.93532e-05,4.93447e-05,4.90702e-05,4.96426e-05,0.000413347,0.000412517,0.00036778,0.000459887,3.14528e-05,3.14477e-05,3.12473e-05,3.16591e-05,-0.0838743,4,2,0,0.01,0,False,nan,nan,nan,nan,nan,nan,nan,nan,nan,nan,12,10
ablation,matched,constant,2,15,7,30,8000,0.203389,4.93178e-05,0.000391678,2.91306e-05,1,5.70188,2.81477,nan,0.0108143,nan,0.0172302,5.58356,5.69537,5.80463,True,0.203899,0.203903,0.203074,0.20472,4.9351e-05,4.935e-05,4.90575e-05,4.96433e-05,0.000399397,0.00039963,0.00035717,0.000445698,2.92093e-05,2.92109e-05,2.90036e-05,2.94078e-05,-0.0637795,3,2,0,0.01,0,False,nan,nan,nan,nan,nan,nan,nan,nan,nan,nan,12,10
ablation,matched,constant,2,15,8,30,8000,0.203389,4.93178e-05,0.000391678,2.74604e-05,1,5.3851,2.66567,nan,0.0400335,nan,0.0448166,5.249,5.34601,5.44747,True,0.2039,0.203914,0.203034,0.204705,4.93445e-05,4.9345e-05,4.90516e-05,4.96206e-05,0.000404542,0.000404901,0.000355761,0.000453278,2.75631e-05,2.7564e-05,2.73639e-05,2.77527e-05,-0.0288402,4,2,0,0.01,0,False,nan,nan,nan,nan,nan,nan,nan,nan,nan,nan,12,10
ablation,matched,constant,2,15,9,30,8000,0.203389,4.93178e-05,0.000391678,2.58017e-05,1,5.06934,2.54799,nan,0.00676406,nan,0.00602223,4.96978,5.06475,5.165,True,0.203913,0.203911,0.203081,0.204701,4.93485e-05,4.93506e-05,4.90577e-05,4.96188e-05,0.000395714,0.000394886,0.000347678,0.000446858,2.5866e-05,2.58704e-05,2.5682e-05,2.60532e-05,-0.0363623,3,2,0,0.01,0,False,nan,nan,nan,nan,nan,nan,nan,nan,nan,nan,12,10
ablation,matched,constant,2,15,10,30,8000,0.203389,4.93178e-05,0.000391678,2.43656e-05,1,4.795,2.4368,nan,0.00670232,nan,0.0121868,4.70051,4.7918,4.87949,True,0.203858,0.203861,0.203054,0.204666,4.93533e-05,4.93542e-05,4.90613e-05,4.96241e-05,0.000390503,0.000390047,0.000340014,0.000443802,2.42649e-05,2.42661e-05,2.40791e-05,2.44461e-05,-0.0354158,3,2,0,0.01,0,False,nan,nan,nan,nan,nan,nan,nan,nan,nan,nan,12,10
ablation,matched,constant,2,15,11,30,8000,0.203389,4.93178e-05,0.000391678,2.31194e-05,1,4.55622,2.33096,nan,0.0345316,nan,0.018769,4.43765,4.52194,4.60798,True,0.203899,0.20389,0.203127,0.204669,4.9346e-05,4.93437e-05,4.9071e-05,4.96156e-05,0.000402895,0.000402269,0.000348013,0.00045925,2.30034e-05,2.30027e-05,2.28281e-05,2.31846e-05,-0.0571576,3,2,0,0.01,0,False,nan,nan,nan,nan,nan,nan,nan,nan,nan,nan,12,10
ablation,matched,constant,2,15,12,30,8000,0.203389,4.93178e-05,0.000391678,2.19838e-05,1,4.33804,2.23501,nan,0.0447014,nan,0.0148582,4.20965,4.29608,4.37704,True,0.203738,0.203733,0.202995,0.204491,4.93402e-05,4.93453e-05,4.90644e-05,4.96181e-05,0.00038014,0.000378763,0.000330247,0.000435701,2.19251e-05,2.19229e-05,2.17501e-05,2.21e-05,-0.0895618,3,2,0,0.01,0,False,nan,nan,nan,nan,nan,nan,nan,nan,nan,nan,12,10
ablation,matched,constant,2,15,13,30,8000,0.203389,4.93178e-05,0.000391678,2.05703e-05,1,4.06568,2.18757,nan,0.0646365,nan,0.0648621,4.04858,4.12474,4.20771,True,0.203627,0.203615,0.202915,0.204387,4.93539e-05,4.93546e-05,4.9074e-05,4.96262e-05,0.000406688,0.000405256,0.000350215,0.000468982,2.05006e-05,2.05019e-05,2.03295e-05,2.06778e-05,-0.0582066,4,2,0,0.01,0,False,nan,nan,nan,nan,nan,nan,nan,nan,nan,nan,12,10
ablation,matched,constant,2,15,14,30,8000,0.203389,4.93178e-05,0.000391678,1.96802e-05,1,3.89373,2.10115,nan,0.03777,nan,0.0147866,3.78176,3.85722,3.93476,True,0.203644,0.20363,0.202934,0.204387,4.93419e-05,4.93401e-05,4.90624e-05,4.96253e-05,0.000380253,0.00037736,0.000326931,0.000440886,1.9739e-05,1.97391e-05,1.95749e-05,1.99047e-05,-0.0559607,4,2,0,0.01,0,False,nan,nan,nan,nan,nan,nan,nan,nan,nan,nan,12,10
ablation,matched,constant,2,15,15,30,8000,0.203389,4.93178e-05,0.000391678,1.89072e-05,1,3.74411,2.01654,nan,0.00383599,nan,0.0224601,3.67043,3.74056,3.81021,True,0.203707,0.203699,0.202976,0.204439,4.93417e-05,4.93395e-05,4.90632e-05,4.96278e-05,0.000362364,0.000360755,0.000311398,0.00041921,1.89449e-05,1.89443e-05,1.87722e-05,1.91081e-05,-0.0541053,3,2,0,0.01,0,False,nan,nan,nan,nan,nan,nan,nan,nan,nan,nan,12,10
ablation,matched,constant,2,15,16,30,8000,0.203389,4.93178e-05,0.000391678,1.83548e-05,1,3.63702,1.92089,nan,0.029784,nan,0.054098,3.53613,3.60981,3.67977,True,0.203762,0.203783,0.203034,0.204484,4.93472e-05,4.93503e-05,4.90613e-05,4.96291e-05,0.000365386,0.000364792,0.000310019,0.00042522,1.82726e-05,1.8272e-05,1.81109e-05,1.84355e-05,-0.0704132,2,2,0,0.01,0,False,nan,nan,nan,nan,nan,nan,nan,nan,nan,nan,12,10
ablation,matched,constant,2,15,17,30,8000,0.203389,4.93178e-05,0.000391678,1.7544e-05,1,3.47962,1.8647,nan,0.00995192,nan,0.0083509,3.41809,3.48914,3.55701,True,0.20373,0.203738,0.202989,0.204472,4.93456e-05,4.93477e-05,4.90703e-05,4.96088e-05,0.000364503,0.000363646,0.000308865,0.000425435,1.76624e-05,1.76645e-05,1.75045e-05,1.78232e-05,-0.0366573,3,2,0,0.01,0,False,nan,nan,nan,nan,nan,nan,nan,nan,nan,nan,12,10
ablation,matched,constant,2,15,18,30,8000,0.203389,4.93178e-05,0.000391678,1.6629e-05,1,3.30163,1.83111,nan,0.0824439,nan,0.0432561,3.31307,3.37959,3.44604,False,0.203705,0.203712,0.202997,0.204422,4.93548e-05,4.93529e-05,4.90734e-05,4.96373e-05,0.000395482,0.000395106,0.00032898,0.000463596,1.66787e-05,1.66816e-05,1.6512e-05,1.68376e-05,-0.0554487,4,2,0,0.01,0,False,nan,nan,nan,nan,nan,nan,nan,nan,nan,nan,12,10
ablation,matched,constant,2,15,19,30,8000,0.203389,4.93178e-05,0.000391678,1.64368e-05,1,3.26419,1.72624,nan,0.083232,nan,0.0911774,3.11795,3.18515,3.25295,False,0.203652,0.203661,0.202989,0.204328,4.93667e-05,4.93724e-05,4.90835e-05,4.96464e-05,0.000373081,0.000370415,0.000315685,0.00044096,1.63973e-05,1.63978e-05,1.6235e-05,1.65553e-05,-0.044574,5,2,0,0.01,0,False,nan,nan,nan,nan,nan,nan,nan,nan,nan,nan,12,10
ablation,matched,constant,2,15,20,30,8000,0.203389,4.93178e-05,0.000391678,1.60581e-05,1,3.19038,1.65127,nan,0.0480893,nan,0.0498153,3.08182,3.14482,3.20954,True,0.203607,0.203621,0.202875,0.204281,4.93711e-05,4.9374e-05,4.90797e-05,4.9659e-05,0.000360739,0.000358735,0.000301164,0.000426876,1.60081e-05,1.6004e-05,1.58527e-05,1.61655e-05,-0.0322055,3,2,0,0.01,0,False,nan,nan,nan,nan,nan,nan,nan,nan,nan,nan,12,10
ablation,matched,constant,2,16,1,30,8000,0.00817383,6.34585e-05,0.000129333,6.34585e-05,1,12.4307,2.41649,nan,4.0791,nan,0,7.8588,11.619,16.9321,True,0.00823755,0.00824014,0.00804228,0.0084401,6.36787e-05,6.36711e-05,6.33208e-05,6.40673e-05,0.000140351,0.000140421,0.000115954,0.000167709,6.36787e-05,6.36711e-05,6.33208e-05,6.40673e-05,0.00427799,17,2,0,0.01,0,False,nan,nan,nan,nan,nan,nan,nan,nan,nan,nan,12,22
ablation,matched,constant,2,16,2,30,8000,0.00817383,6.34585e-05,0.000129333,6.07683e-05,1,11.9159,2.45677,nan,0.0944962,nan,0.0661057,11.6031,11.8225,12.0433,True,0.00803408,0.00803285,0.00788796,0.00818481,6.36437e-05,6.36439e-05,6.33368e-05,6.39601e-05,0.000134837,0.000134714,0.000116345,0.000153674,6.08858e-05,6.08833e-05,6.05992e-05,6.11824e-05,0.0192334,7,2.19353,0,0.01,0,False,nan,nan,nan,nan,nan,nan,nan,nan,nan,nan,12,22
ablation,matched,constant,2,16,3,30,8000,0.00817383,6.34585e-05,0.000129333,5.81157e-05,1,11.4073,2.50719,nan,0.0458681,nan,0.0257594,11.1618,11.3671,11.5794,True,0.00808757,0.00808628,0.00796391,0.00821016,6.35705e-05,6.35706e-05,6.3286e-05,6.38691e-05,0.00012467,0.000124421,0.000109095,0.000141578,5.80775e-05,5.80739e-05,5.78354e-05,5.83224e-05,-0.055843,5,2,0,0.01,0,False,nan,nan,nan,nan,nan,nan,nan,nan,nan,nan,12,22
ablation,matched,constant,2,16,4,30,8000,0.00817383,6.34585e-05,0.000129333,5.52619e-05,1,10.8589,2.50139,nan,0.0790916,nan,0.0587049,10.7508,10.9367,11.1272,True,0.00810996,0.00811145,0.0079966,0.00822209,6.35713e-05,6.3571e-05,6.3294e-05,6.38503e-05,0.000124532,0.000124216,0.00010923,0.000141146,5.52132e-05,5.52072e-05,5.49854e-05,5.54512e-05,-0.0188325,4,2,0,0.01,0,False,nan,nan,nan,nan,nan,nan,nan,nan,nan,nan,12,22
ablation,matched,constant,2,16,5,30,8000,0.00817383,6.34585e-05,0.000129333,5.24132e-05,1,10.3103,2.4535,nan,0.120327,nan,0.104565,10.2501,10.432,10.6033,True,0.0081599,0.00815876,0.00806189,0.00826309,6.35598e-05,6.35587e-05,6.32798e-05,6.38319e-05,0.000122518,0.000122508,0.000107193,0.000138571,5.24986e-05,5.24947e-05,5.22797e-05,5.27272e-05,-0.0359348,5,2,0,0.01,0,False,nan,nan,nan,nan,nan,nan,nan,nan,nan,nan,12,22
ablation,matched,constant,2,16,6,30,8000,0.00817383,6.34585e-05,0.000129333,5.03242e-05,1,9.90731,2.47765,nan,0.040679,nan,0.000767479,9.78047,9.94699,10.1142,True,0.00816425,0.00816283,0.00806996,0.00825895,6.35768e-05,6.35768e-05,6.32951e-05,6.38598e-05,0.000128823,0.000128304,0.000112467,0.00014786,5.04315e-05,5.043e-05,5.02136e-05,5.06523e-05,-0.00623751,4,2,0,0.01,0,False,nan,nan,nan,nan,nan,nan,nan,nan,nan,nan,12,22
ablation,matched,constant,2,16,7,30,8000,0.00817383,6.34585e-05,0.000129333,4.88059e-05,1,9.61399,2.55934,nan,0.0574841,nan,0.0796481,9.38494,9.55786,9.72431,True,0.00815121,0.00815039,0.00805888,0.00823902,6.35899e-05,6.35879e-05,6.33219e-05,6.38623e-05,0.000139795,0.00013965,0.000119712,0.000160943,4.86654e-05,4.86672e-05,4.8438e-05,4.88866e-05,-0.0602509,4,2,0,0.01,0,False,nan,nan,nan,nan,nan,nan,nan,nan,nan,nan,12,22
ablation,matched,constant,2,16,8,30,8000,0.00817383,6.34585e-05,0.000129333,4.67618e-05,1,9.21855,2.52666,nan,0.0208841,nan,0.0453227,9.03128,9.19946,9.36011,True,0.0081759,0.00817847,0.00809039,0.00825578,6.35857e-05,6.35846e-05,6.33179e-05,6.38632e-05,0.000136324,0.000136215,0.000117498,0.000155991,4.68352e-05,4.68347e-05,4.66194e-05,4.70517e-05,-0.0193019,4,2,0,0.01,0,False,nan,nan,nan,nan,nan,nan,nan,nan,nan,nan,12,22
ablation,matched,constant,2,16,9,30,8000,0.00817383,6.34585e-05,0.000129333,4.59046e-05,1,9.05253,2.66407,nan,0.175381,nan,0.158837,8.72304,8.87929,9.04249,False,0.00817608,0.0081759,0.00809376,0.00825333,6.35683e-05,6.35651e-05,6.32976e-05,6.38426e-05,0.000125348,0.000124887,0.000108711,0.00014461,4.5883e-05,4.58816e-05,4.56744e-05,4.6084e-05,-0.0177298,6,2,0,0.01,0,False,nan,nan,nan,nan,nan,nan,nan,nan,nan,nan,12,22
ablation,matched,constant,2,16,10,30,8000,0.00817383,6.34585e-05,0.000129333,4.45036e-05,1,8.78098,2.68647,nan,0.0311221,nan,0.0405126,8.59855,8.74773,8.9029,True,0.00817191,0.00817129,0.00809643,0.00825056,6.35757e-05,6.35738e-05,6.33044e-05,6.38421e-05,0.000128478,0.000128023,0.000110259,0.000148561,4.45478e-05,4.45481e-05,4.43288e-05,4.47724e-05,-0.0137131,4,2,0,0.01,0,False,nan,nan,nan,nan,nan,nan,nan,nan,nan,nan,12,22
ablation,matched,constant,2,16,11,30,8000,0.00817383,6.34585e-05,0.000129333,4.23584e-05,1,8.3646,2.55514,nan,0.135737,nan,0.124434,8.35487,8.49921,8.64307,True,0.00816655,0.00816647,0.00808978,0.0082421,6.35766e-05,6.35746e-05,6.33061e-05,6.38488e-05,0.000125727,0.00012548,0.000106304,0.000146319,4.25199e-05,4.25198e-05,4.23171e-05,4.27155e-05,-0.0058286,5,2,0,0.01,0,False,nan,nan,nan,nan,nan,nan,nan,nan,nan,nan,12,22
ablation,matched,constant,2,16,12,30,8000,0.00817383,6.34585e-05,0.000129333,4.09731e-05,1,8.09535,2.53473,nan,0.0444119,nan,0.00256914,7.9983,8.13813,8.28064,True,0.00816706,0.00816686,0.00809541,0.00824026,6.35612e-05,6.35559e-05,6.32903e-05,6.38488e-05,0.000123912,0.000123517,0.000105236,0.000145186,4.08751e-05,4.08758e-05,4.06717e-05,4.10721e-05,-0.00446589,4,2,0,0.01,0,False,nan,nan,nan,nan,nan,nan,nan,nan,nan,nan,12,22
ablation,matched,constant,2,16,13,30,8000,0.00817383,6.34585e-05,0.000129333,3.92727e-05,1,7.76447,2.43981,nan,0.0806058,nan,0.0818015,7.7099,7.84401,7.9807,True,0.00816281,0.00816321,0.00809277,0.00823521,6.35647e-05,6.35624e-05,6.33008e-05,6.38284e-05,0.000123775,0.000123433,0.000104136,0.00014516,3.93189e-05,3.93195e-05,3.91139e-05,3.95125e-05,-0.0101564,4,2,0,0.01,0,False,nan,nan,nan,nan,nan,nan,nan,nan,nan,nan,12,22
ablation,matched,constant,2,16,14,30,8000,0.00817383,6.34585e-05,0.000129333,3.77857e-05,1,7.47477,2.36548,nan,0.0844449,nan,0.0600975,7.42264,7.56069,7.6916,True,0.00816908,0.00816844,0.00809946,0.00823923,6.35673e-05,6.35662e-05,6.3294e-05,6.38412e-05,0.000119879,0.000119643,9.96826e-05,0.000141071,3.78222e-05,3.78227e-05,3.76227e-05,3.8021e-05,-0.00316233,4,2,0,0.01,0,False,nan,nan,nan,nan,nan,nan,nan,nan,nan,nan,12,22
ablation,matched,constant,2,16,15,30,8000,0.00817383,6.34585e-05,0.000129333,3.63874e-05,1,7.20204,2.29176,nan,0.0895188,nan,0.0597543,7.1621,7.29044,7.4208,True,0.0081773,0.00817754,0.00810879,0.00824411,6.35703e-05,6.35706e-05,6.33184e-05,6.38294e-05,0.00012582,0.000125482,0.000104955,0.000149082,3.64107e-05,3.64125e-05,3.62018e-05,3.6604e-05,-0.0194039,4,2,0,0.01,0,False,nan,nan,nan,nan,nan,nan,nan,nan,nan,nan,12,22
ablation,matched,constant,2,16,16,30,8000,0.00817383,6.34585e-05,0.000129333,3.52008e-05,1,6.97037,2.24234,nan,0.0466617,nan,0.0334697,6.8875,7.01814,7.13974,True,0.00818235,0.00818167,0.008119,0.00824708,6.3571e-05,6.357e-05,6.33118e-05,6.3825e-05,0.000127198,0.000126681,0.000105669,0.000152868,3.53156e-05,3.5317e-05,3.51206e-05,3.55079e-05,-0.018836,3,2,0,0.01,0,False,nan,nan,nan,nan,nan,nan,nan,nan,nan,nan,12,22
ablation,matched,constant,2,16,17,30,8000,0.00817383,6.34585e-05,0.000129333,3.44674e-05,1,6.82708,2.26253,nan,0.0159748,nan,0.043428,6.69033,6.8113,6.9349,True,0.00817845,0.00817884,0.00811559,0.00824587,6.35734e-05,6.35699e-05,6.33242e-05,6.38433e-05,0.000130641,0.000129996,0.000107365,0.000156744,3.44189e-05,3.44174e-05,3.42245e-05,3.46268e-05,0.016547,3,2,0,0.01,0,False,nan,nan,nan,nan,nan,nan,nan,nan,nan,nan,12,22
ablation,matched,constant,2,16,18,30,8000,0.00817383,6.34585e-05,0.000129333,3.40585e-05,1,6.74715,2.33196,nan,0.112113,nan,0.1,6.51627,6.63821,6.7543,True,0.00818463,0.00818514,0.00811804,0.00825123,6.35808e-05,6.3585e-05,6.33258e-05,6.384e-05,0.000122777,0.000122064,0.000100324,0.00014794,3.41203e-05,3.41195e-05,3.393e-05,3.43112e-05,0.010943,5,2,0,0.01,0,False,nan,nan,nan,nan,nan,nan,nan,nan,nan,nan,12,22
ablation,matched,constant,2,16,19,30,8000,0.00817383,6.34585e-05,0.000129333,3.3713e-05,1,6.67961,2.40484,nan,0.083432,nan,0.108381,6.47835,6.597,6.7208,True,0.00817663,0.00817708,0.00811122,0.00824105,6.35797e-05,6.3582e-05,6.33146e-05,6.38452e-05,0.000130847,0.000130516,0.000106751,0.000157276,3.35405e-05,3.35416e-05,3.33429e-05,3.37386e-05,-0.012955,5,2,0,0.01,0,False,nan,nan,nan,nan,nan,nan,nan,nan,nan,nan,12,22
ablation,matched,constant,2,16,20,30,8000,0.00817383,6.34585e-05,0.000129333,3.28116e-05,1,6.50328,2.36666,nan,0.0283262,nan,0.00521967,6.35449,6.47632,6.59514,True,0.00816552,0.00816585,0.00810401,0.00822784,6.35888e-05,6.35921e-05,6.33365e-05,6.38373e-05,0.000128518,0.000127924,0.000104449,0.000155336,3.28402e-05,3.2839e-05,3.26449e-05,3.30369e-05,0.00864881,3,2,0,0.01,0,False,nan,nan,nan,nan,nan,nan,nan,nan,nan,nan,12,22
ablation,matched,constant,2,17,1,30,8000,0.844872,3.43188e-05,0.000198144,3.43188e-05,1,6.89732,8.1666,nan,5.56989,nan,0,7.92424,11.5766,17.0588,False,0.853291,0.853386,0.843,0.863499,3.43774e-05,3.43793e-05,3.41355e-05,3.4615e-05,0.000189297,0.000189322,0.000137999,0.000241813,3.43774e-05,3.43793e-05,3.41355e-05,3.4615e-05,-0.339484,19,2,0,0.01,0,False,nan,nan,nan,nan,nan,nan,nan,nan,nan,nan,12,25
ablation,matched,constant,2,17,2,30,8000,0.844872,3.43188e-05,0.000198144,3.28482e-05,1,6.60743,7.53691,nan,0.0852566,nan,0.0274706,6.51879,6.65698,6.78794,True,0.847888,0.847832,0.840645,0.854801,3.44744e-05,3.44712e-05,3.42658e-05,3.46902e-05,0.000208176,0.000208304,0.000169289,0.000246331,3.29306e-05,3.2932e-05,3.27362e-05,3.31224e-05,-0.292089,5,2,0,0.01,0,False,nan,nan,nan,nan,nan,nan,nan,nan,nan,nan,12,25
ablation,matched,constant,2,17,3,30,8000,0.844872,3.43188e-05,0.000198144,3.15959e-05,1,6.36017,7.01586,nan,0.0125593,nan,6.52901e-06,6.23959,6.3583,6.48146,True,0.846078,0.84608,0.84047,0.852062,3.44829e-05,3.4482e-05,3.42942e-05,3.46728e-05,0.000205646,0.000205682,0.000171892,0.000239985,3.1469e-05,3.14708e-05,3.12965e-05,3.16376e-05,-0.239862,4,2,0,0.01,0,False,nan,nan,nan,nan,nan,nan,nan,nan,nan,nan,12,25
ablation,matched,constant,2,17,4,30,8000,0.844872,3.43188e-05,0.000198144,2.97224e-05,1,5.9896,6.54368,nan,0.138903,nan,0.185437,5.98208,6.09435,6.20678,True,0.846433,0.846465,0.841262,0.85148,3.45025e-05,3.45066e-05,3.43122e-05,3.4688e-05,0.000214621,0.000214217,0.00018199,0.000249515,2.99388e-05,2.99388e-05,2.97813e-05,3.00921e-05,-0.183583,4,2,0,0.01,0,False,nan,nan,nan,nan,nan,nan,nan,nan,nan,nan,12,25
ablation,matched,constant,2,17,5,30,8000,0.844872,3.43188e-05,0.000198144,2.87676e-05,1,5.80043,6.16735,nan,0.00909331,nan,0.0193304,5.69598,5.80071,5.90451,True,0.848222,0.848232,0.843837,0.852923,3.44891e-05,3.44916e-05,3.4306e-05,3.46755e-05,0.000214877,0.000215142,0.00018325,0.000247483,2.88794e-05,2.88792e-05,2.87249e-05,2.90432e-05,-0.201209,4,2,0,0.01,1,False,nan,nan,nan,nan,nan,nan,nan,nan,nan,nan,12,25
ablation,matched,constant,2,17,6,30,8000,0.844872,3.43188e-05,0.000198144,2.76558e-05,1,5.57989,5.82983,nan,0.042607,nan,0.0382555,5.50675,5.60604,5.70764,True,0.846747,0.84668,0.842409,0.85116,3.44997e-05,3.44991e-05,3.43203e-05,3.46813e-05,0.000216347,0.000216341,0.000183086,0.000251348,2.76328e-05,2.76329e-05,2.74794e-05,2.779e-05,-0.205148,4,2,0,0.01,0,False,nan,nan,nan,nan,nan,nan,nan,nan,nan,nan,12,25
ablation,matched,constant,2,17,7,30,8000,0.844872,3.43188e-05,0.000198144,2.66941e-05,1,5.38891,5.53717,nan,0.0178383,nan,0.017901,5.27399,5.37445,5.47127,True,0.845775,0.845754,0.841689,0.849928,3.44948e-05,3.4496e-05,3.4321e-05,3.46683e-05,0.000205887,0.000206209,0.000173014,0.000239239,2.66046e-05,2.66058e-05,2.64553e-05,2.6759e-05,-0.140929,3,2,0,0.01,0,False,nan,nan,nan,nan,nan,nan,nan,nan,nan,nan,12,25
ablation,matched,constant,2,17,8,30,8000,0.844872,3.43188e-05,0.000198144,2.60851e-05,1,5.26785,5.29998,nan,0.0917693,nan,0.05851,5.10659,5.19668,5.28887,True,0.845913,0.845811,0.84217,0.850067,3.44917e-05,3.4491e-05,3.4321e-05,3.46623e-05,0.00020093,0.000199716,0.00016871,0.0002353,2.60659e-05,2.60675e-05,2.59057e-05,2.62168e-05,-0.137644,5,2,0,0.01,0,False,nan,nan,nan,nan,nan,nan,nan,nan,nan,nan,12,25
ablation,matched,constant,2,17,9,30,8000,0.844872,3.43188e-05,0.000198144,2.54672e-05,1,5.14494,5.08914,nan,0.054723,nan,0.0465665,5.01047,5.10424,5.19304,True,0.846098,0.846074,0.842325,0.849808,3.4496e-05,3.44965e-05,3.43233e-05,3.4667e-05,0.000208565,0.000207285,0.000174942,0.000245667,2.54399e-05,2.54372e-05,2.52926e-05,2.55905e-05,-0.110995,3,2,0,0.01,0,False,nan,nan,nan,nan,nan,nan,nan,nan,nan,nan,12,25
ablation,matched,constant,2,17,10,30,8000,0.844872,3.43188e-05,0.000198144,2.48187e-05,1,5.01583,4.89645,nan,0.0495458,nan,0.028961,4.88935,4.97662,5.06264,True,0.845228,0.845243,0.841644,0.848732,3.44993e-05,3.45003e-05,3.43204e-05,3.46687e-05,0.000206058,0.000205593,0.000171806,0.000241678,2.47802e-05,2.47791e-05,2.46372e-05,2.4927e-05,-0.122687,4,2,0,0.01,0,False,nan,nan,nan,nan,nan,nan,nan,nan,nan,nan,12,25
ablation,matched,constant,2,17,11,30,8000,0.844872,3.43188e-05,0.000198144,2.42451e-05,1,4.90156,4.72758,nan,0.059236,nan,0.038757,4.76939,4.85514,4.94533,True,0.845455,0.845471,0.841985,0.848922,3.45013e-05,3.45017e-05,3.4323e-05,3.46755e-05,0.000210702,0.000210087,0.000173846,0.000250546,2.40919e-05,2.40928e-05,2.39401e-05,2.42382e-05,-0.129976,3,2,0,0.01,1,False,nan,nan,nan,nan,nan,nan,nan,nan,nan,nan,12,25
ablation,matched,constant,2,17,12,30,8000,0.844872,3.43188e-05,0.000198144,2.34214e-05,1,4.73734,4.54532,nan,0.017606,nan,0.035253,4.63927,4.72428,4.80923,True,0.845639,0.845661,0.842259,0.849041,3.44981e-05,3.45009e-05,3.4321e-05,3.46698e-05,0.000211445,0.000210446,0.000175919,0.000251138,2.33983e-05,2.33984e-05,2.32417e-05,2.35563e-05,-0.139747,3,2,0.153077,0.01,0,False,nan,nan,nan,nan,nan,nan,nan,nan,nan,nan,12,25
ablation,matched,constant,2,17,13,30,8000,0.844872,3.43188e-05,0.000198144,2.26175e-05,1,4.5769,4.37388,nan,0.0228405,nan,0.0420224,4.51241,4.59274,4.67539,True,0.846501,0.846498,0.843186,0.849851,3.44879e-05,3.44875e-05,3.43107e-05,3.46554e-05,0.000209149,0.000207573,0.000173082,0.000250465,2.26728e-05,2.26721e-05,2.25308e-05,2.28157e-05,-0.106298,3,2,0,0.01,0,False,nan,nan,nan,nan,nan,nan,nan,nan,nan,nan,12,25
ablation,matched,constant,2,17,14,30,8000,0.844872,3.43188e-05,0.000198144,2.21534e-05,1,4.48422,4.2482,nan,0.0304763,nan,0.0359025,4.37649,4.46061,4.53972,True,0.845717,0.845709,0.842649,0.848825,3.44918e-05,3.44894e-05,3.43214e-05,3.4657e-05,0.000199248,0.00019837,0.000163474,0.000238682,2.21529e-05,2.21532e-05,2.20107e-05,2.22959e-05,-0.0974619,3,2,0,0.01,0,False,nan,nan,nan,nan,nan,nan,nan,nan,nan,nan,12,25
ablation,matched,constant,2,17,15,30,8000,0.844872,3.43188e-05,0.000198144,2.13417e-05,1,4.32199,4.08933,nan,0.0603837,nan,0.0616908,4.2865,4.36689,4.44844,True,0.84537,0.845331,0.842407,0.848333,3.44984e-05,3.44949e-05,3.4327e-05,3.46742e-05,0.000196292,0.000195086,0.000160153,0.000236612,2.14002e-05,2.14058e-05,2.12526e-05,2.15406e-05,-0.116186,3,2,0,0.01,0,False,nan,nan,nan,nan,nan,nan,nan,nan,nan,nan,12,25
ablation,matched,constant,2,17,16,30,8000,0.844872,3.43188e-05,0.000198144,2.058e-05,1,4.1696,3.94113,nan,0.0762471,nan,0.0593967,4.15484,4.22751,4.30553,True,0.846047,0.845994,0.843136,0.849,3.44921e-05,3.44909e-05,3.43166e-05,3.46588e-05,0.00020021,0.000199336,0.00016224,0.000240259,2.06034e-05,2.06012e-05,2.04659e-05,2.07405e-05,-0.050952,5,2,0,0.01,0,False,nan,nan,nan,nan,nan,nan,nan,nan,nan,nan,12,25
ablation,matched,constant,2,17,17,30,8000,0.844872,3.43188e-05,0.000198144,2.0275e-05,1,4.10855,3.85241,nan,0.0428157,nan,0.0509308,4.00041,4.07489,4.15095,True,0.846049,0.845998,0.84323,0.84896,3.44944e-05,3.44938e-05,3.4314e-05,3.46687e-05,0.000201224,0.000200033,0.000163653,0.000243746,2.02858e-05,2.02855e-05,2.01493e-05,2.04177e-05,-0.0783645,3,2,0,0.01,0,False,nan,nan,nan,nan,nan,nan,nan,nan,nan,nan,12,25
ablation,matched,constant,2,17,18,30,8000,0.844872,3.43188e-05,0.000198144,2.01469e-05,1,4.0829,3.79314,nan,0.0923884,nan,0.0936676,3.93559,4.01298,4.0852,True,0.846434,0.846429,0.843506,0.849279,3.44935e-05,3.44925e-05,3.43146e-05,3.46702e-05,0.000183345,0.000183227,0.000145626,0.000220256,2.01217e-05,2.01212e-05,1.99838e-05,2.02572e-05,-0.0991886,5,2,0,0.01,0,False,nan,nan,nan,nan,nan,nan,nan,nan,nan,nan,12,25
ablation,matched,constant,2,17,19,30,8000,0.844872,3.43188e-05,0.000198144,1.97635e-05,1,4.00611,3.70593,nan,0.0169206,nan,0.0249362,3.91879,3.99236,4.06649,True,0.8467,0.846676,0.843697,0.84966,3.44943e-05,3.44928e-05,3.4319e-05,3.46732e-05,0.000180477,0.000179698,0.000143965,0.000217295,1.96702e-05,1.96674e-05,1.95379e-05,1.98028e-05,-0.0788993,3,2,0,0.01,0,False,nan,nan,nan,nan,nan,nan,nan,nan,nan,nan,12,25
ablation,matched,constant,2,17,20,30,8000,0.844872,3.43188e-05,0.000198144,1.92646e-05,1,3.90613,3.60595,nan,0.00690927,nan,0.0101661,3.83582,3.90743,3.9783,True,0.846301,0.846331,0.843303,0.849152,3.44875e-05,3.4487e-05,3.43044e-05,3.46663e-05,0.000179422,0.000177977,0.00014472,0.00021812,1.93287e-05,1.9329e-05,1.91966e-05,1.94612e-05,-0.12392,3,2,0,0.01,0,False,nan,nan,nan,nan,nan,nan,nan,nan,nan,nan,12,25
ablation,matched,constant,2,18,1,30,8000,0.0111182,5.93734e-05,0.00026007,5.93734e-05,1,11.389,2.12902,nan,3.53467,nan,0,7.7821,11.7493,17.3615,True,0.0107801,0.0107693,0.0104886,0.0110739,5.93674e-05,5.93715e-05,5.89477e-05,5.97559e-05,0.000262344,0.00026258,0.000228582,0.000293748,5.93674e-05,5.93715e-05,5.89477e-05,5.97559e-05,-0.0212807,16,2,0,0.01,0,False,nan,nan,nan,nan,nan,nan,nan,nan,nan,nan,12,11
ablation,matched,constant,2,18,2,30,8000,0.0111182,5.93734e-05,0.00026007,5.40722e-05,1,10.4129,1.96117,nan,0.0448732,nan,0.0345819,10.2323,10.4282,10.6398,True,0.010804,0.0108025,0.010597,0.0110179,5.94537e-05,5.94435e-05,5.91486e-05,5.97757e-05,0.000274958,0.000274439,0.000249782,0.000300241,5.41283e-05,5.41273e-05,5.38494e-05,5.44232e-05,-0.0122628,5,2,0,0.01,0,False,nan,nan,nan,nan,nan,nan,nan,nan,nan,nan,12,11
ablation,matched,constant,2,18,3,30,8000,0.0111182,5.93734e-05,0.00026007,4.95744e-05,1,9.57869,1.8205,nan,0.0395198,nan,0.0417219,9.38192,9.56677,9.742,True,0.0109099,0.0109127,0.010732,0.0110784,5.9452e-05,5.94425e-05,5.91532e-05,5.97703e-05,0.000275357,0.000274646,0.000250246,0.000300931,4.98121e-05,4.98178e-05,4.95507e-05,5.00805e-05,0.00901171,4,2,0,0.01,0,False,nan,nan,nan,nan,nan,nan,nan,nan,nan,nan,12,11
ablation,matched,constant,2,18,4,30,8000,0.0111182,5.93734e-05,0.00026007,4.66024e-05,1,9.02444,1.68533,nan,0.137189,nan,0.12262,8.73561,8.89113,9.04525,True,0.0109585,0.0109601,0.010802,0.0111191,5.94303e-05,5.94331e-05,5.91322e-05,5.97308e-05,0.000267249,0.000267627,0.00024192,0.000292985,4.66918e-05,4.66907e-05,4.64601e-05,4.69182e-05,0.0492875,6,2,0,0.01,0,False,nan,nan,nan,nan,nan,nan,nan,nan,nan,nan,12,11
ablation,matched,constant,2,18,5,30,8000,0.0111182,5.93734e-05,0.00026007,4.31549e-05,1,8.37846,1.57999,nan,0.0380882,nan,0.0448911,8.26395,8.40888,8.56992,True,0.0110625,0.0110618,0.010925,0.011211,5.94282e-05,5.94284e-05,5.91411e-05,5.97055e-05,0.000259299,0.000259069,0.000233514,0.000286469,4.30676e-05,4.30683e-05,4.28451e-05,4.32917e-05,-0.00958653,5,2,0,0.01,0,False,nan,nan,nan,nan,nan,nan,nan,nan,nan,nan,12,11
ablation,matched,constant,2,18,6,30,8000,0.0111182,5.93734e-05,0.00026007,3.96761e-05,1,7.72327,1.50339,nan,0.122612,nan,0.135951,7.70247,7.8446,7.98766,True,0.011085,0.0110831,0.010945,0.0112267,5.9432e-05,5.94311e-05,5.91475e-05,5.97287e-05,0.000280187,0.000279701,0.000249151,0.000312446,3.99005e-05,3.99007e-05,3.96705e-05,4.01336e-05,-0.022326,4,2,0,0.01,0,False,nan,nan,nan,nan,nan,nan,nan,nan,nan,nan,12,11
ablation,matched,constant,2,18,7,30,8000,0.0111182,5.93734e-05,0.00026007,3.68888e-05,1,7.19584,1.43504,nan,0.0726257,nan,0.0836399,7.13498,7.2666,7.39989,True,0.0111342,0.0111339,0.0110012,0.0112686,5.94305e-05,5.94307e-05,5.91409e-05,5.97318e-05,0.000280709,0.000280064,0.000248248,0.000315147,3.70123e-05,3.7015e-05,3.67957e-05,3.72327e-05,-0.049601,5,2,0,0.01,0,False,nan,nan,nan,nan,nan,nan,nan,nan,nan,nan,12,11
ablation,matched,constant,2,18,8,30,8000,0.0111182,5.93734e-05,0.00026007,3.44367e-05,1,6.73002,1.37735,nan,0.0579628,nan,0.0791382,6.65949,6.78605,6.9139,True,0.01116,0.0111607,0.0110229,0.0112913,5.94337e-05,5.94309e-05,5.91299e-05,5.97477e-05,0.000284059,0.000283545,0.000249868,0.000319593,3.48072e-05,3.48077e-05,3.45994e-05,3.50132e-05,-0.0402877,3,2,0,0.01,0,False,nan,nan,nan,nan,nan,nan,nan,nan,nan,nan,12,11
ablation,matched,constant,2,18,9,30,8000,0.0111182,5.93734e-05,0.00026007,3.22136e-05,1,6.30621,1.33135,nan,0.103213,nan,0.0846011,6.29179,6.40628,6.52154,True,0.0111622,0.0111631,0.0110276,0.0112912,5.94372e-05,5.9434e-05,5.91359e-05,5.97493e-05,0.00030721,0.000306546,0.000271314,0.000346297,3.24313e-05,3.24324e-05,3.22189e-05,3.26358e-05,-0.00888505,5,2,0,0.01,0,False,nan,nan,nan,nan,nan,nan,nan,nan,nan,nan,12,11
ablation,matched,constant,2,18,10,30,8000,0.0111182,5.93734e-05,0.00026007,3.02494e-05,1,5.93058,1.29108,nan,0.0402523,nan,0.0768772,5.85566,5.96697,6.07616,True,0.0111507,0.0111516,0.0110222,0.0112755,5.94365e-05,5.94346e-05,5.9137e-05,5.97356e-05,0.000311915,0.00031165,0.00027286,0.000353764,3.04519e-05,3.04525e-05,3.02542e-05,3.06466e-05,0.0212109,3,2,0,0.01,0,False,nan,nan,nan,nan,nan,nan,nan,nan,nan,nan,12,11
ablation,matched,constant,2,18,11,30,8000,0.0111182,5.93734e-05,0.00026007,2.87878e-05,1,5.65031,1.23218,nan,0.0292602,nan,0.0145785,5.51885,5.62555,5.73436,True,0.0111521,0.0111533,0.011027,0.0112807,5.94355e-05,5.94336e-05,5.91234e-05,5.97445e-05,0.000316323,0.000315543,0.000275827,0.000358358,2.88873e-05,2.88858e-05,2.86847e-05,2.90902e-05,0.00549291,3,2,0,0.01,0,False,nan,nan,nan,nan,nan,nan,nan,nan,nan,nan,12,11
ablation,matched,constant,2,18,12,30,8000,0.0111182,5.93734e-05,0.00026007,2.71715e-05,1,5.33969,1.20183,nan,0.0190201,nan,0.0697024,5.24878,5.35147,5.45251,True,0.0111752,0.0111737,0.0110535,0.0113,5.94396e-05,5.94421e-05,5.91212e-05,5.97505e-05,0.000310654,0.000309296,0.000268402,0.00035462,2.73158e-05,2.732e-05,2.71237e-05,2.74998e-05,-0.00274658,3,2,0,0.01,0,False,nan,nan,nan,nan,nan,nan,nan,nan,nan,nan,12,11
ablation,matched,constant,2,18,13,30,8000,0.0111182,5.93734e-05,0.00026007,2.58715e-05,1,5.0893,1.16059,nan,0.0124723,nan,0.0343509,4.99553,5.08813,5.1857,True,0.0111824,0.011182,0.0110646,0.0112984,5.9438e-05,5.94396e-05,5.91094e-05,5.97503e-05,0.000308609,0.000307758,0.000264398,0.000354508,2.58277e-05,2.58244e-05,2.56462e-05,2.60124e-05,-0.00306797,3,2,0,0.01,0,False,nan,nan,nan,nan,nan,nan,nan,nan,nan,nan,12,11
ablation,matched,constant,2,18,14,30,8000,0.0111182,5.93734e-05,0.00026007,2.50881e-05,1,4.93815,1.08821,nan,0.106801,nan,0.0465144,4.7409,4.83306,4.92394,False,0.0111686,0.0111693,0.011045,0.0112863,5.94321e-05,5.94318e-05,5.91299e-05,5.97464e-05,0.000278638,0.000277491,0.000238023,0.000323328,2.49486e-05,2.49489e-05,2.47717e-05,2.51281e-05,-0.00586358,4,2,0,0.01,0,False,nan,nan,nan,nan,nan,nan,nan,nan,nan,nan,12,11
ablation,matched,constant,2,18,15,30,8000,0.0111182,5.93734e-05,0.00026007,2.46109e-05,1,4.84601,1.00772,nan,0.139604,nan,0.0948502,4.619,4.70874,4.79398,False,0.0111547,0.011155,0.0110218,0.0112787,5.94372e-05,5.9434e-05,5.91658e-05,5.97442e-05,0.000247697,0.000247299,0.000208221,0.00028792,2.46008e-05,2.4599e-05,2.44198e-05,2.47776e-05,0.0374711,7,2,0,0.01,0,False,nan,nan,nan,nan,nan,nan,nan,nan,nan,nan,12,11
ablation,matched,constant,2,18,16,30,8000,0.0111182,5.93734e-05,0.00026007,2.33022e-05,1,4.59293,0.994433,nan,0.0874448,nan,0.0750922,4.58835,4.6787,4.76578,True,0.011177,0.0111786,0.0110596,0.0112927,5.94365e-05,5.94378e-05,5.91487e-05,5.97274e-05,0.000249539,0.000248703,0.000210005,0.000291621,2.34507e-05,2.34506e-05,2.32669e-05,2.36234e-05,0.0102252,4,2,0,0.01,0,False,nan,nan,nan,nan,nan,nan,nan,nan,nan,nan,12,11
ablation,matched,constant,2,18,17,30,8000,0.0111182,5.93734e-05,0.00026007,2.24248e-05,1,4.423,0.95914,nan,0.045386,nan,0.00897074,4.38498,4.46823,4.55159,True,0.0111676,0.0111689,0.0110565,0.0112802,5.94398e-05,5.94381e-05,5.91484e-05,5.9757e-05,0.000253068,0.000253023,0.000211324,0.000298503,2.25202e-05,2.2517e-05,2.23419e-05,2.26954e-05,-0.0275026,2,2,0,0.01,0,False,nan,nan,nan,nan,nan,nan,nan,nan,nan,nan,12,11
ablation,matched,constant,2,18,18,30,8000,0.0111182,5.93734e-05,0.00026007,2.16407e-05,1,4.27093,0.924031,nan,0.0271617,nan,0.00252062,4.21503,4.2967,4.38307,True,0.0111776,0.011177,0.0110692,0.0112852,5.94386e-05,5.94345e-05,5.915e-05,5.9731e-05,0.000252639,0.000251124,0.000208174,0.000300489,2.16942e-05,2.16978e-05,2.15219e-05,2.18679e-05,0.000426641,3,2,0,0.01,0,False,nan,nan,nan,nan,nan,nan,nan,nan,nan,nan,12,11
ablation,matched,constant,2,18,19,30,8000,0.0111182,5.93734e-05,0.00026007,2.08495e-05,1,4.1173,0.895955,nan,0.030002,nan,0.0141865,4.06872,4.14554,4.22707,True,0.0111788,0.0111788,0.0110679,0.0112859,5.9435e-05,5.9429e-05,5.91516e-05,5.97362e-05,0.000255796,0.000253842,0.000213018,0.000304219,2.0953e-05,2.09492e-05,2.07744e-05,2.11358e-05,-0.049423,3,2,0,0.01,0,False,nan,nan,nan,nan,nan,nan,nan,nan,nan,nan,12,11
ablation,matched,constant,2,18,20,30,8000,0.0111182,5.93734e-05,0.00026007,2.03711e-05,1,4.0243,0.8507,nan,0.0137877,nan,0.0374225,3.93176,4.00935,4.0873,True,0.0111796,0.0111812,0.0110738,0.0112867,5.94305e-05,5.94232e-05,5.91462e-05,5.97383e-05,0.000260523,0.000259525,0.000216498,0.000311222,2.03191e-05,2.03162e-05,2.01521e-05,2.04954e-05,0.018646,2,2,0,0.01,0,False,nan,nan,nan,nan,nan,nan,nan,nan,nan,nan,12,11
ablation,matched,constant,2,19,1,30,8000,0.0320614,5.7304e-05,0.000232591,5.7304e-05,1,11.0504,1.00054,nan,4.26615,nan,0,7.91801,11.7021,16.811,True,0.0318245,0.0318369,0.0311953,0.0324796,5.72651e-05,5.72555e-05,5.69238e-05,5.7626e-05,0.000215375,0.000215012,0.000183965,0.00024677,5.72651e-05,5.72555e-05,5.69238e-05,5.7626e-05,-0.0371125,17,2,0,0.01,0,False,nan,nan,nan,nan,nan,nan,nan,nan,nan,nan,12,14
ablation,matched,constant,2,19,2,30,8000,0.0320614,5.7304e-05,0.000232591,5.2401e-05,1,10.138,0.93249,nan,0.185542,nan,0.113472,10.1249,10.3219,10.5203,True,0.0317458,0.0317461,0.0312764,0.0322067,5.73619e-05,5.73596e-05,5.70638e-05,5.76606e-05,0.000231021,0.000231128,0.000206818,0.000255869,5.23706e-05,5.23734e-05,5.21059e-05,5.26291e-05,-0.0205822,6,2,0,0.011464,0,False,nan,nan,nan,nan,nan,nan,nan,nan,nan,nan,12,14
ablation,matched,constant,2,19,3,30,8000,0.0320614,5.7304e-05,0.000232591,4.94233e-05,1,9.58095,0.768878,nan,0.124388,nan,0.123927,9.27952,9.45921,9.65168,True,0.0319311,0.0319169,0.0315436,0.0323474,5.73288e-05,5.73219e-05,5.7019e-05,5.76284e-05,0.000225883,0.000225657,0.00020072,0.000251443,4.95097e-05,4.9506e-05,4.92596e-05,4.97737e-05,-0.0122228,6,2,0,0.0120979,0,False,nan,nan,nan,nan,nan,nan,nan,nan,nan,nan,12,14
ablation,matched,constant,2,19,4,30,8000,0.0320614,5.7304e-05,0.000232591,4.66477e-05,1,9.05974,0.676577,nan,0.0513628,nan,0.0887241,8.82723,9.00673,9.20702,True,0.0319035,0.0318994,0.0315746,0.0322587,5.73497e-05,5.73474e-05,5.70774e-05,5.76314e-05,0.000231293,0.000231325,0.000205673,0.00025791,4.67162e-05,4.6713e-05,4.64679e-05,4.69661e-05,-0.0311429,4,2,0,0.0115272,0,False,nan,nan,nan,nan,nan,nan,nan,nan,nan,nan,12,14
ablation,matched,constant,2,19,5,30,8000,0.0320614,5.7304e-05,0.000232591,4.42799e-05,1,8.61359,0.625068,nan,0.0840473,nan,0.101534,8.35625,8.53019,8.70221,True,0.0320083,0.0319951,0.031691,0.032347,5.73214e-05,5.73148e-05,5.70528e-05,5.76085e-05,0.000218655,0.000218552,0.000194005,0.000243904,4.41657e-05,4.41692e-05,4.39397e-05,4.43975e-05,-0.0377495,5,2,0,0.011048,0,False,nan,nan,nan,nan,nan,nan,nan,nan,nan,nan,12,14
ablation,matched,constant,2,19,6,30,8000,0.0320614,5.7304e-05,0.000232591,4.11158e-05,1,8.0152,0.587085,nan,0.129433,nan,0.105823,7.98253,8.14164,8.29525,True,0.0321177,0.0321193,0.0317913,0.032448,5.73352e-05,5.73298e-05,5.70731e-05,5.76131e-05,0.00022433,0.000223771,0.000197979,0.000252593,4.11418e-05,4.11433e-05,4.0922e-05,4.13562e-05,-0.0172411,5,2,0,0.011335,0,False,nan,nan,nan,nan,nan,nan,nan,nan,nan,nan,12,14
ablation,matched,constant,2,19,7,30,8000,0.0320614,5.7304e-05,0.000232591,3.8823e-05,1,7.57999,0.552251,nan,0.0298311,nan,0.00527851,7.4637,7.60472,7.7624,True,0.0320844,0.0320776,0.0317892,0.0324029,5.73349e-05,5.7332e-05,5.70731e-05,5.76241e-05,0.000220263,0.000219379,0.000193562,0.000247474,3.87527e-05,3.87522e-05,3.85314e-05,3.8963e-05,-0.0807481,3,2,0,0.0108298,0,False,nan,nan,nan,nan,nan,nan,nan,nan,nan,nan,12,14
ablation,matched,constant,2,19,8,30,8000,0.0320614,5.7304e-05,0.000232591,3.68912e-05,1,7.21227,0.523227,nan,0.00596264,nan,0.0183711,7.07128,7.21322,7.35495,True,0.0320976,0.0320909,0.0317813,0.0324183,5.73264e-05,5.7327e-05,5.70471e-05,5.7617e-05,0.000214455,0.000213891,0.000187009,0.000244878,3.69902e-05,3.6984e-05,3.6785e-05,3.72008e-05,-0.071376,4,2,0,0.0103256,0,False,nan,nan,nan,nan,nan,nan,nan,nan,nan,nan,12,14
ablation,matched,constant,2,19,9,30,8000,0.0320614,5.7304e-05,0.000232591,3.47782e-05,1,6.80895,0.495224,nan,0.115779,nan,0.0543438,6.7991,6.91999,7.05237,True,0.0321233,0.032129,0.0318188,0.0324153,5.73382e-05,5.7338e-05,5.7064e-05,5.76108e-05,0.000226746,0.000226922,0.000196062,0.000259997,3.48335e-05,3.48321e-05,3.46245e-05,3.50379e-05,-0.0551072,4,2,0,0.0105696,0,False,nan,nan,nan,nan,nan,nan,nan,nan,nan,nan,12,14
ablation,matched,constant,2,19,10,30,8000,0.0320614,5.7304e-05,0.000232591,3.33396e-05,1,6.53371,0.474594,nan,0.0166435,nan,0.0383637,6.39949,6.51673,6.64027,True,0.0321613,0.0321706,0.0318802,0.0324386,5.7332e-05,5.73291e-05,5.70494e-05,5.76112e-05,0.000223664,0.000222672,0.000191215,0.000257241,3.32489e-05,3.32495e-05,3.30445e-05,3.34573e-05,-0.05996,4,2,0,0.0101399,0,False,nan,nan,nan,nan,nan,nan,nan,nan,nan,nan,12,14
ablation,matched,constant,2,19,11,30,8000,0.0320614,5.7304e-05,0.000232591,3.16487e-05,1,6.20951,0.450416,nan,0.0372881,nan,0.0363209,6.13635,6.24358,6.36267,True,0.0322394,0.0322418,0.0319592,0.0325155,5.73284e-05,5.73181e-05,5.70413e-05,5.7623e-05,0.0002284,0.000227919,0.000196786,0.000263099,3.16114e-05,3.16111e-05,3.14214e-05,3.18147e-05,-0.0609464,3,2,0,0.01,0,False,nan,nan,nan,nan,nan,nan,nan,nan,nan,nan,12,14
ablation,matched,constant,2,19,12,30,8000,0.0320614,5.7304e-05,0.000232591,3.06306e-05,1,6.01393,0.444735,nan,0.0655398,nan,0.0669789,5.84353,5.94893,6.06101,True,0.0322304,0.0322401,0.0319504,0.0324924,5.73251e-05,5.73219e-05,5.70478e-05,5.76108e-05,0.000215577,0.000214744,0.000185173,0.000249907,3.06331e-05,3.06293e-05,3.0442e-05,3.08262e-05,-0.043243,4,2,0,0.01,0,False,nan,nan,nan,nan,nan,nan,nan,nan,nan,nan,12,14
ablation,matched,constant,2,19,13,30,8000,0.0320614,5.7304e-05,0.000232591,2.9154e-05,1,5.72981,0.419211,nan,0.0647436,nan,0.0395386,5.68682,5.79231,5.89818,True,0.0322331,0.0322378,0.0319661,0.0324798,5.73254e-05,5.73233e-05,5.70366e-05,5.76258e-05,0.000229244,0.000228513,0.00019607,0.000267718,2.92235e-05,2.92214e-05,2.90338e-05,2.94168e-05,-0.0451021,4,2,0,0.01,0,False,nan,nan,nan,nan,nan,nan,nan,nan,nan,nan,12,14
ablation,matched,constant,2,19,14,30,8000,0.0320614,5.7304e-05,0.000232591,2.8238e-05,1,5.55327,0.418007,nan,0.0296326,nan,0.0475426,5.42168,5.52264,5.62969,True,0.0321906,0.0321965,0.031927,0.0324407,5.73311e-05,5.73324e-05,5.70374e-05,5.7614e-05,0.000224794,0.000224784,0.000191433,0.000261714,2.80758e-05,2.80737e-05,2.78959e-05,2.82586e-05,-0.0375242,3,2,0,0.01,0,False,nan,nan,nan,nan,nan,nan,nan,nan,nan,nan,12,14
ablation,matched,constant,2,19,15,30,8000,0.0320614,5.7304e-05,0.000232591,2.72511e-05,1,5.36282,0.411991,nan,0.0394124,nan,0.0198036,5.23161,5.32205,5.42248,True,0.0321688,0.0321675,0.0319146,0.0324332,5.73237e-05,5.73218e-05,5.70478e-05,5.76117e-05,0.000218526,0.000217559,0.000184309,0.000255016,2.71599e-05,2.7159e-05,2.697e-05,2.73526e-05,-0.0542133,3,2,0,0.01,0,False,nan,nan,nan,nan,nan,nan,nan,nan,nan,nan,12,14
ablation,matched,constant,2,19,16,30,8000,0.0320614,5.7304e-05,0.000232591,2.64372e-05,1,5.20557,0.417042,nan,0.0387097,nan,0.0394937,5.0749,5.16729,5.26708,True,0.0321583,0.0321646,0.0318887,0.0324109,5.73358e-05,5.73323e-05,5.70603e-05,5.76232e-05,0.000203979,0.000202196,0.000170922,0.000241082,2.64926e-05,2.64906e-05,2.63061e-05,2.66711e-05,-0.000610917,4,2,0,0.01,0,False,nan,nan,nan,nan,nan,nan,nan,nan,nan,nan,12,14
ablation,matched,constant,2,19,17,30,8000,0.0320614,5.7304e-05,0.000232591,2.53462e-05,1,4.9945,0.391683,nan,0.0732474,nan,0.0267548,4.97162,5.06475,5.15861,True,0.0321724,0.0321778,0.0319216,0.0324148,5.73292e-05,5.73312e-05,5.70523e-05,5.76141e-05,0.00020483,0.000203711,0.000170109,0.000241913,2.54487e-05,2.54476e-05,2.52674e-05,2.56318e-05,0.00742975,3,2,0,0.01,0,False,nan,nan,nan,nan,nan,nan,nan,nan,nan,nan,12,14
ablation,matched,constant,2,19,18,30,8000,0.0320614,5.7304e-05,0.000232591,2.45199e-05,1,4.83442,0.38525,nan,0.0382586,nan,0.010531,4.77957,4.87182,4.96111,True,0.0321412,0.0321475,0.0319045,0.0323857,5.73313e-05,5.73303e-05,5.70457e-05,5.76201e-05,0.00021439,0.000212897,0.000178435,0.000253449,2.43801e-05,2.43818e-05,2.41945e-05,2.45561e-05,0.0544832,3,2,0,0.01,0,False,nan,nan,nan,nan,nan,nan,nan,nan,nan,nan,12,14
ablation,matched,constant,2,19,19,30,8000,0.0320614,5.7304e-05,0.000232591,2.32112e-05,1,4.58053,0.338107,nan,0.0891041,nan,0.0959418,4.57771,4.66883,4.75739,True,0.0321825,0.0321879,0.0319317,0.0324272,5.73353e-05,5.73366e-05,5.70279e-05,5.76248e-05,0.000232908,0.000231365,0.000191172,0.000278624,2.32405e-05,2.32422e-05,2.30628e-05,2.3422e-05,0.00469612,5,2,0,0.01,0,False,nan,nan,nan,nan,nan,nan,nan,nan,nan,nan,12,14
ablation,matched,constant,2,19,20,30,8000,0.0320614,5.7304e-05,0.000232591,2.26432e-05,1,4.47018,0.339798,nan,0.0278999,nan,0.0340436,4.3621,4.44231,4.5255,True,0.0322229,0.0322294,0.0319668,0.0324587,5.73285e-05,5.73275e-05,5.70455e-05,5.76163e-05,0.000224648,0.000223225,0.00018432,0.00026865,2.26531e-05,2.26471e-05,2.24834e-05,2.28316e-05,0.0114443,3,2,0,0.01,0,False,nan,nan,nan,nan,nan,nan,nan,nan,nan,nan,12,14
ablation,matched,constant,2,20,1,30,8000,0.00148679,5.13882e-05,0.000334693,5.13882e-05,1,9.8688,3.3249,nan,4.91485,nan,0,8.05629,11.7534,17.2775,True,0.00148512,0.00148736,0.00141642,0.00155148,5.15449e-05,5.15442e-05,5.11062e-05,5.19796e-05,0.000358765,0.000360272,0.000311357,0.00040391,5.15449e-05,5.15442e-05,5.11062e-05,5.19796e-05,-0.0269388,16,2,0,0.01,0,False,nan,nan,nan,nan,nan,nan,nan,nan,nan,nan,12,11
ablation,matched,constant,2,20,2,30,8000,0.00148679,5.13882e-05,0.000334693,4.6623e-05,1,8.99434,3.09387,nan,0.094283,nan,0.0289198,8.72127,8.90179,9.07791,True,0.00146853,0.00146875,0.00141939,0.00151607,5.14004e-05,5.14024e-05,5.10486e-05,5.17443e-05,0.000333223,0.000332729,0.000301101,0.000367355,4.63638e-05,4.63654e-05,4.61032e-05,4.66304e-05,0.00747226,5,2,0,0.01,0,False,nan,nan,nan,nan,nan,nan,nan,nan,nan,nan,12,11
ablation,matched,constant,2,20,3,30,8000,0.00148679,5.13882e-05,0.000334693,4.22827e-05,1,8.19098,2.9288,nan,0.0130974,nan,0.0476682,8.04595,8.20197,8.3495,True,0.00148814,0.00148863,0.00144679,0.00153081,5.13757e-05,5.13716e-05,5.10593e-05,5.17164e-05,0.000325067,0.000325063,0.000292121,0.000357941,4.21073e-05,4.21067e-05,4.18693e-05,4.23491e-05,0.074046,4,2,0,0.01,0,False,nan,nan,nan,nan,nan,nan,nan,nan,nan,nan,12,11
ablation,matched,constant,2,20,4,30,8000,0.00148679,5.13882e-05,0.000334693,3.86459e-05,1,7.51274,2.78356,nan,0.0420323,nan,0.0468967,7.41335,7.55457,7.69466,True,0.00148244,0.00148284,0.0014455,0.00152049,5.13828e-05,5.13725e-05,5.10764e-05,5.17099e-05,0.0003227,0.000321949,0.000286512,0.000358469,3.84528e-05,3.84506e-05,3.82252e-05,3.86858e-05,0.0404001,4,2,0,0.01,0,False,nan,nan,nan,nan,nan,nan,nan,nan,nan,nan,12,11
ablation,matched,constant,2,20,5,30,8000,0.00148679,5.13882e-05,0.000334693,3.61351e-05,1,7.04174,2.59419,nan,0.0694836,nan,0.0645351,6.84612,6.97316,7.10321,True,0.00148857,0.00148855,0.0014541,0.00152207,5.13542e-05,5.13451e-05,5.10529e-05,5.16899e-05,0.0003137,0.000314029,0.000277711,0.00035021,3.60527e-05,3.60531e-05,3.58346e-05,3.62738e-05,0.0349114,4,2,0,0.01,0,False,nan,nan,nan,nan,nan,nan,nan,nan,nan,nan,12,11
ablation,matched,constant,2,20,6,30,8000,0.00148679,5.13882e-05,0.000334693,3.33808e-05,1,6.52246,2.48591,nan,0.0732123,nan,0.0477514,6.47655,6.59369,6.72063,True,0.00148259,0.00148198,0.00144986,0.00151537,5.13602e-05,5.13549e-05,5.10642e-05,5.16971e-05,0.000301598,0.000300476,0.000265812,0.000339157,3.34173e-05,3.34136e-05,3.32143e-05,3.36197e-05,0.0140219,4,2,0,0.01,0,False,nan,nan,nan,nan,nan,nan,nan,nan,nan,nan,12,11
ablation,matched,constant,2,20,7,30,8000,0.00148679,5.13882e-05,0.000334693,3.14906e-05,1,6.16448,2.33396,nan,0.0164821,nan,0.0494531,6.0635,6.17782,6.2946,True,0.00148039,0.00148045,0.00144958,0.00151141,5.13628e-05,5.13577e-05,5.10547e-05,5.16736e-05,0.000303253,0.000302113,0.000265292,0.000344192,3.13669e-05,3.13717e-05,3.11636e-05,3.15747e-05,0.0355075,3,2,0,0.01,0,False,nan,nan,nan,nan,nan,nan,nan,nan,nan,nan,12,11
ablation,matched,constant,2,20,8,30,8000,0.00148679,5.13882e-05,0.000334693,2.99223e-05,1,5.86647,2.18699,nan,0.0409844,nan,0.0673892,5.72163,5.82497,5.93326,True,0.00148253,0.00148304,0.00145207,0.00151209,5.13703e-05,5.13631e-05,5.10562e-05,5.17044e-05,0.000300136,0.000298847,0.000263343,0.000342054,2.98247e-05,2.98219e-05,2.96268e-05,3.00203e-05,0.0538854,3,2,0,0.01,0,False,nan,nan,nan,nan,nan,nan,nan,nan,nan,nan,12,11
ablation,matched,constant,2,20,9,30,8000,0.00148679,5.13882e-05,0.000334693,2.84514e-05,1,5.58614,2.06258,nan,0.0207253,nan,0.0514382,5.46206,5.56779,5.67012,True,0.00148217,0.00148214,0.00145277,0.00151023,5.13793e-05,5.13764e-05,5.10572e-05,5.17023e-05,0.000307049,0.000306322,0.000266141,0.00035175,2.83165e-05,2.83174e-05,2.8121e-05,2.8512e-05,0.0189161,3,2,0,0.01,0,False,nan,nan,nan,nan,nan,nan,nan,nan,nan,nan,12,11
ablation,matched,constant,2,20,10,30,8000,0.00148679,5.13882e-05,0.000334693,2.64573e-05,1,5.20483,2.02176,nan,0.0937196,nan,0.080919,5.19588,5.29747,5.40064,True,0.00147937,0.00147985,0.00144894,0.00150749,5.13836e-05,5.13795e-05,5.10646e-05,5.17102e-05,0.000327008,0.00032628,0.000278975,0.000377157,2.64799e-05,2.64809e-05,2.62909e-05,2.66703e-05,0.00917398,5,2,0,0.01,0,False,nan,nan,nan,nan,nan,nan,nan,nan,nan,nan,12,11
ablation,matched,constant,2,20,11,30,8000,0.00148679,5.13882e-05,0.000334693,2.47281e-05,1,4.87297,1.98008,nan,0.0811523,nan,0.070123,4.86215,4.95282,5.04887,True,0.00148142,0.00148127,0.00145283,0.00150941,5.14016e-05,5.13935e-05,5.10607e-05,5.17542e-05,0.000335147,0.000334065,0.000287386,0.00038697,2.4878e-05,2.48746e-05,2.46924e-05,2.50696e-05,-0.0732972,3,2,0,0.01,0,False,nan,nan,nan,nan,nan,nan,nan,nan,nan,nan,12,11
ablation,matched,constant,2,20,12,30,8000,0.00148679,5.13882e-05,0.000334693,2.3435e-05,1,4.62405,1.91115,nan,0.0443086,nan,0.0183389,4.57674,4.66784,4.75537,True,0.00148215,0.00148233,0.00145575,0.00150892,5.14067e-05,5.14023e-05,5.10789e-05,5.17475e-05,0.000342306,0.000339797,0.000293862,0.000397294,2.35556e-05,2.35569e-05,2.33764e-05,2.37364e-05,0.00106077,3,2,0,0.01,0,False,nan,nan,nan,nan,nan,nan,nan,nan,nan,nan,12,11
ablation,matched,constant,2,20,13,30,8000,0.00148679,5.13882e-05,0.000334693,2.24009e-05,1,4.42454,1.83086,nan,0.00534687,nan,0.00885417,4.34631,4.42851,4.51363,True,0.00148205,0.0014825,0.00145491,0.00150859,5.14031e-05,5.13979e-05,5.10853e-05,5.17631e-05,0.000332951,0.000331918,0.000281671,0.000385928,2.23714e-05,2.23715e-05,2.21893e-05,2.25517e-05,-0.0196899,3,2,0,0.01,0,False,nan,nan,nan,nan,nan,nan,nan,nan,nan,nan,12,11
ablation,matched,constant,2,20,14,30,8000,0.00148679,5.13882e-05,0.000334693,2.15075e-05,1,4.25185,1.75068,nan,0.0226609,nan,0.0185505,4.1465,4.22992,4.31355,True,0.00148603,0.00148617,0.00146055,0.0015126,5.14033e-05,5.14001e-05,5.1076e-05,5.17553e-05,0.000328808,0.000327433,0.000277221,0.000381315,2.14959e-05,2.14931e-05,2.13239e-05,2.16749e-05,0.034397,2,2,0,0.01,0,False,nan,nan,nan,nan,nan,nan,nan,nan,nan,nan,12,11
ablation,matched,constant,2,20,15,30,8000,0.00148679,5.13882e-05,0.000334693,2.04134e-05,1,4.03995,1.70972,nan,0.0400095,nan,0.0355025,3.99776,4.07951,4.16068,True,0.0014861,0.00148611,0.00146163,0.00151139,5.141e-05,5.14031e-05,5.1079e-05,5.17565e-05,0.00034151,0.000340073,0.000285543,0.000398556,2.03874e-05,2.03872e-05,2.02203e-05,2.05607e-05,-0.00532688,4,2,0,0.01,0,False,nan,nan,nan,nan,nan,nan,nan,nan,nan,nan,12,11
ablation,matched,constant,2,20,16,30,8000,0.00148679,5.13882e-05,0.000334693,1.95891e-05,1,3.88,1.6495,nan,0.00983136,nan,5.41388e-05,3.79357,3.8703,3.95027,True,0.00148562,0.0014858,0.00146063,0.0015109,5.14079e-05,5.14053e-05,5.108e-05,5.17468e-05,0.000335763,0.000334161,0.000282401,0.000391105,1.95601e-05,1.95614e-05,1.93962e-05,1.97251e-05,0.00777354,2,2,0,0.01,0,False,nan,nan,nan,nan,nan,nan,nan,nan,nan,nan,12,11
ablation,matched,constant,2,20,17,30,8000,0.00148679,5.13882e-05,0.000334693,1.86546e-05,1,3.69835,1.61519,nan,0.0277126,nan,0.0342686,3.65035,3.72616,3.8035,True,0.00148529,0.00148518,0.00146104,0.00151019,5.14075e-05,5.14091e-05,5.10839e-05,5.17389e-05,0.00035026,0.000349993,0.000289203,0.000409893,1.858e-05,1.858e-05,1.84078e-05,1.87545e-05,-0.0307304,3,2,0,0.01,0,False,nan,nan,nan,nan,nan,nan,nan,nan,nan,nan,12,11
ablation,matched,constant,2,20,18,30,8000,0.00148679,5.13882e-05,0.000334693,1.82162e-05,1,3.61302,1.52964,nan,0.0700833,nan,0.0495739,3.4707,3.54367,3.61811,True,0.00148385,0.00148406,0.00145843,0.00150874,5.14042e-05,5.14025e-05,5.10719e-05,5.17284e-05,0.000343546,0.000343617,0.000283556,0.000404278,1.80703e-05,1.80676e-05,1.78965e-05,1.82441e-05,0.0122669,4,2,0,0.01,0,False,nan,nan,nan,nan,nan,nan,nan,nan,nan,nan,12,11
ablation,matched,constant,2,20,19,30,8000,0.00148679,5.13882e-05,0.000334693,1.76409e-05,1,3.50093,1.47091,nan,0.046428,nan,0.0164896,3.3851,3.45411,3.52404,True,0.00148367,0.00148352,0.0014597,0.00150841,5.13986e-05,5.13987e-05,5.10749e-05,5.1718e-05,0.000332765,0.000332489,0.000274835,0.000392598,1.74919e-05,1.74895e-05,1.7316e-05,1.76609e-05,-0.0195092,2,2,0,0.01,0,False,nan,nan,nan,nan,nan,nan,nan,nan,nan,nan,12,11
ablation,matched,constant,2,20,20,30,8000,0.00148679,5.13882e-05,0.000334693,1.70396e-05,1,3.38364,1.42397,nan,0.0300028,nan,0.00344119,3.28654,3.35457,3.42152,True,0.00148263,0.00148232,0.00145839,0.00150702,5.13992e-05,5.13932e-05,5.10822e-05,5.17178e-05,0.000334088,0.000332215,0.000275343,0.000398383,1.70049e-05,1.70026e-05,1.68375e-05,1.71725e-05,-0.0271548,3,2,0,0.01,0,False,nan,nan,nan,nan,nan,nan,nan,nan,nan,nan,12,11
ablation,matched,constant,2,21,1,30,8000,0.0232812,3.8188e-05,0.000346871,3.8188e-05,1,7.36744,4.48461,nan,5.80043,nan,0,7.90128,11.6085,16.9276,False,0.0227812,0.0227714,0.0221148,0.023441,3.82798e-05,3.82876e-05,3.79061e-05,3.86585e-05,0.000354875,0.000355763,0.000281108,0.000426286,3.82798e-05,3.82876e-05,3.79061e-05,3.86585e-05,-0.0905973,18,2,0,0.01,0,False,nan,nan,nan,nan,nan,nan,nan,nan,nan,nan,12,14
ablation,matched,constant,2,21,2,30,8000,0.0232812,3.8188e-05,0.000346871,3.52941e-05,1,6.82874,4.07058,nan,0.0262484,nan,0.00736758,6.68285,6.83431,6.99692,True,0.0231368,0.023132,0.0226285,0.0236278,3.81861e-05,3.81896e-05,3.78755e-05,3.84843e-05,0.000333717,0.000332972,0.000285865,0.000382948,3.51855e-05,3.51815e-05,3.49522e-05,3.54278e-05,-0.0480158,5,2,0,0.01,0,False,nan,nan,nan,nan,nan,nan,nan,nan,nan,nan,12,14
ablation,matched,constant,2,21,3,30,8000,0.0232812,3.8188e-05,0.000346871,3.26112e-05,1,6.32657,3.76075,nan,0.0510603,nan,0.0439401,6.2511,6.37544,6.50733,True,0.0233678,0.0233733,0.0229381,0.0237746,3.82339e-05,3.82339e-05,3.79657e-05,3.85172e-05,0.000347779,0.000347754,0.000305493,0.000391271,3.26459e-05,3.2649e-05,3.24302e-05,3.28641e-05,0.00921787,4,2,0,0.01,0,False,nan,nan,nan,nan,nan,nan,nan,nan,nan,nan,12,14
ablation,matched,constant,2,21,4,30,8000,0.0232812,3.8188e-05,0.000346871,3.03396e-05,1,5.8993,3.48888,nan,0.0367873,nan,0.031917,5.82367,5.93572,6.04885,True,0.0233638,0.023367,0.02298,0.023757,3.82503e-05,3.82498e-05,3.79791e-05,3.85093e-05,0.000357771,0.000357359,0.000312258,0.00040479,3.0529e-05,3.05251e-05,3.03186e-05,3.07394e-05,0.0211675,3,2,0,0.01,0,False,nan,nan,nan,nan,nan,nan,nan,nan,nan,nan,12,14
ablation,matched,constant,2,21,5,30,8000,0.0232812,3.8188e-05,0.000346871,2.86638e-05,1,5.58287,3.19882,nan,0.0123138,nan,0.0297262,5.46473,5.57094,5.67714,True,0.0233153,0.0233128,0.0229627,0.023664,3.82441e-05,3.82429e-05,3.79844e-05,3.85097e-05,0.000351034,0.000350673,0.000305783,0.000396742,2.86688e-05,2.86666e-05,2.84728e-05,2.88569e-05,0.0290054,3,2,0,0.01,0,False,nan,nan,nan,nan,nan,nan,nan,nan,nan,nan,12,14
ablation,matched,constant,2,21,6,30,8000,0.0232812,3.8188e-05,0.000346871,2.73842e-05,1,5.34051,2.91008,nan,0.0729463,nan,0.069339,5.16704,5.26853,5.36994,True,0.0234037,0.0234034,0.0230659,0.0237224,3.82362e-05,3.82347e-05,3.79786e-05,3.84986e-05,0.000340075,0.000339719,0.000296591,0.000387182,2.73284e-05,2.73265e-05,2.71338e-05,2.75416e-05,-0.0237628,4,2,0,0.01,0,False,nan,nan,nan,nan,nan,nan,nan,nan,nan,nan,12,14
ablation,matched,constant,2,21,7,30,8000,0.0232812,3.8188e-05,0.000346871,2.6033e-05,1,5.08394,2.69513,nan,0.0302942,nan,0.0287607,4.96088,5.0549,5.14772,True,0.0233496,0.0233478,0.0230261,0.0236714,3.82284e-05,3.82312e-05,3.79776e-05,3.84817e-05,0.000323057,0.000321356,0.000281515,0.00036826,2.59773e-05,2.59775e-05,2.57883e-05,2.61595e-05,0.018391,3,2,0,0.01,0,False,nan,nan,nan,nan,nan,nan,nan,nan,nan,nan,12,14
ablation,matched,constant,2,21,8,30,8000,0.0232812,3.8188e-05,0.000346871,2.47789e-05,1,4.84517,2.51325,nan,0.00771175,nan,0.0203622,4.75436,4.8396,4.93129,True,0.0233422,0.0233427,0.0230394,0.0236397,3.82291e-05,3.82305e-05,3.79771e-05,3.84965e-05,0.000325923,0.000325797,0.000280311,0.00037336,2.46186e-05,2.46182e-05,2.44348e-05,2.48079e-05,-0.0125839,3,2,0,0.01,0,False,nan,nan,nan,nan,nan,nan,nan,nan,nan,nan,12,14
ablation,matched,constant,2,21,9,30,8000,0.0232812,3.8188e-05,0.000346871,2.35511e-05,1,4.61085,2.36942,nan,0.0107583,nan,0.00131143,4.51799,4.60092,4.6904,True,0.023412,0.0234156,0.0231214,0.0236939,3.82337e-05,3.82318e-05,3.79867e-05,3.84852e-05,0.000335943,0.000334614,0.000288898,0.000388895,2.33424e-05,2.33421e-05,2.31693e-05,2.35305e-05,-0.00130767,3,2,0,0.01,0,False,nan,nan,nan,nan,nan,nan,nan,nan,nan,nan,12,14
ablation,matched,constant,2,21,10,30,8000,0.0232812,3.8188e-05,0.000346871,2.24195e-05,1,4.39435,2.2446,nan,0.0258272,nan,0.00266799,4.29029,4.36739,4.45572,True,0.0234431,0.023447,0.0231751,0.0237147,3.82333e-05,3.82344e-05,3.79764e-05,3.84774e-05,0.000344163,0.000342704,0.000293093,0.000399757,2.2229e-05,2.22293e-05,2.20475e-05,2.24124e-05,0.00847609,2,2,0,0.01,0,False,nan,nan,nan,nan,nan,nan,nan,nan,nan,nan,12,14
ablation,matched,constant,2,21,11,30,8000,0.0232812,3.8188e-05,0.000346871,2.15173e-05,1,4.22138,2.10916,nan,0.0555242,nan,0.0220846,4.08114,4.16656,4.25068,True,0.023462,0.0234609,0.0231842,0.0237309,3.8229e-05,3.8226e-05,3.79737e-05,3.84835e-05,0.000335744,0.000334867,0.000284952,0.000391706,2.13977e-05,2.13963e-05,2.12259e-05,2.15754e-05,0.0322788,3,2,0,0.01,0,False,nan,nan,nan,nan,nan,nan,nan,nan,nan,nan,12,14
ablation,matched,constant,2,21,12,30,8000,0.0232812,3.8188e-05,0.000346871,2.01071e-05,1,3.9504,2.09427,nan,0.082294,nan,0.0925245,3.95491,4.03071,4.10839,False,0.023458,0.023459,0.0231981,0.0237129,3.82427e-05,3.82458e-05,3.79899e-05,3.84816e-05,0.000370838,0.000368819,0.000311353,0.000437204,2.01023e-05,2.01045e-05,1.99229e-05,2.02721e-05,0.00575728,5,2,0,0.01,0,False,nan,nan,nan,nan,nan,nan,nan,nan,nan,nan,12,14
ablation,matched,constant,2,21,13,30,8000,0.0232812,3.8188e-05,0.000346871,1.93271e-05,1,3.80019,1.98724,nan,0.0249594,nan,0.00794903,3.70131,3.77594,3.85199,True,0.0234477,0.0234461,0.0231836,0.0237165,3.82478e-05,3.82534e-05,3.80007e-05,3.84977e-05,0.00036381,0.000361885,0.000305108,0.000427444,1.93675e-05,1.9367e-05,1.9193e-05,1.95448e-05,-0.0514898,3,2,0,0.01,0,False,nan,nan,nan,nan,nan,nan,nan,nan,nan,nan,12,14
ablation,matched,constant,2,21,14,30,8000,0.0232812,3.8188e-05,0.000346871,1.8215e-05,1,3.58561,1.96251,nan,0.0666068,nan,0.0692436,3.57994,3.64976,3.72349,True,0.0234274,0.0234297,0.0231583,0.0236934,3.82412e-05,3.82422e-05,3.7993e-05,3.84829e-05,0.000371523,0.000371621,0.000306675,0.000437645,1.84473e-05,1.84485e-05,1.82712e-05,1.86249e-05,0.00649997,2,2,0,0.01,0,False,nan,nan,nan,nan,nan,nan,nan,nan,nan,nan,12,14
ablation,matched,constant,2,21,15,30,8000,0.0232812,3.8188e-05,0.000346871,1.76107e-05,1,3.4688,1.86208,nan,0.0158404,nan,0.0141057,3.41209,3.48508,3.55155,True,0.0233867,0.0233908,0.0231136,0.0236545,3.82464e-05,3.82452e-05,3.80017e-05,3.84836e-05,0.000376224,0.000374333,0.000314605,0.000443716,1.75584e-05,1.75605e-05,1.73928e-05,1.77206e-05,-0.00768348,3,2,0,0.01,0,False,nan,nan,nan,nan,nan,nan,nan,nan,nan,nan,12,14
ablation,matched,constant,2,21,16,30,8000,0.0232812,3.8188e-05,0.000346871,1.69731e-05,1,3.3454,1.78409,nan,0.0239858,nan,0.000971372,3.25488,3.32171,3.39143,True,0.0233743,0.0233738,0.0231129,0.0236486,3.82444e-05,3.82501e-05,3.79975e-05,3.84825e-05,0.000370676,0.000369623,0.000309447,0.000439477,1.69029e-05,1.69034e-05,1.67413e-05,1.70711e-05,-0.00177331,2,2,0,0.01,0,False,nan,nan,nan,nan,nan,nan,nan,nan,nan,nan,12,14
ablation,matched,constant,2,21,17,30,8000,0.0232812,3.8188e-05,0.000346871,1.6149e-05,1,3.18566,1.75533,nan,0.0241845,nan,0.0464683,3.14681,3.21,3.27168,True,0.0233519,0.0233517,0.0231021,0.023606,3.8245e-05,3.8243e-05,3.79973e-05,3.8492e-05,0.000390255,0.000389458,0.000325044,0.000462357,1.61843e-05,1.61824e-05,1.60215e-05,1.63419e-05,0.0307082,3,2,0,0.01,0,False,nan,nan,nan,nan,nan,nan,nan,nan,nan,nan,12,14
ablation,matched,constant,2,21,18,30,8000,0.0232812,3.8188e-05,0.000346871,1.54317e-05,1,3.04641,1.71976,nan,0.0240097,nan,0.0362706,3.00482,3.06904,3.13199,True,0.0233423,0.0233418,0.0231008,0.0235961,3.82471e-05,3.82491e-05,3.80014e-05,3.84941e-05,0.000401501,0.000401144,0.000327154,0.000479238,1.54898e-05,1.54921e-05,1.53297e-05,1.56506e-05,0.0131307,2,2,0,0.01,0,False,nan,nan,nan,nan,nan,nan,nan,nan,nan,nan,12,14
ablation,matched,constant,2,21,19,30,8000,0.0232812,3.8188e-05,0.000346871,1.51095e-05,1,2.9838,1.62197,nan,0.0428787,nan,0.0327732,2.88012,2.94095,3.00362,True,0.0233201,0.0233216,0.0230716,0.023583,3.82524e-05,3.82508e-05,3.80084e-05,3.84978e-05,0.000372355,0.00037126,0.00030461,0.000447973,1.51844e-05,1.51851e-05,1.50219e-05,1.53404e-05,-0.00539733,4,2,0,0.01,0,False,nan,nan,nan,nan,nan,nan,nan,nan,nan,nan,12,14
ablation,matched,constant,2,21,20,30,8000,0.0232812,3.8188e-05,0.000346871,1.50086e-05,1,2.96417,1.49357,nan,0.0681736,nan,0.0725948,2.83425,2.89729,2.95637,False,0.0233027,0.023307,0.02305,0.0235518,3.82588e-05,3.82582e-05,3.80136e-05,3.85075e-05,0.000350958,0.000350088,0.000286213,0.000421379,1.48297e-05,1.48315e-05,1.46733e-05,1.49833e-05,-0.0115298,3,2,0,0.01,0,False,nan,nan,nan,nan,nan,nan,nan,nan,nan,nan,12,14
ablation,matched,constant,2,22,1,30,8000,3.06271,6.15639e-05,0.000243022,6.15639e-05,1,12.3111,16.3698,nan,12.089,nan,0,7.8926,11.7893,17.1552,True,3.05826,3.05807,3.04351,3.07284,6.16004e-05,6.16e-05,6.13896e-05,6.18124e-05,0.000241797,0.000242527,0.000226472,0.000257486,6.16004e-05,6.16e-05,6.13896e-05,6.18124e-05,-0.31932,20,2,0,0.01,0,False,nan,nan,nan,nan,nan,nan,nan,nan,nan,nan,12,13
ablation,matched,constant,2,22,2,30,8000,3.06271,6.15639e-05,0.000243022,5.56753e-05,1,11.1788,14.867,nan,0.245992,nan,0.234425,11.1399,11.3379,11.5225,True,3.06007,3.0602,3.04989,3.07048,6.1651e-05,6.16458e-05,6.14568e-05,6.18494e-05,0.000256284,0.000256131,0.000240853,0.000272187,5.58673e-05,5.58665e-05,5.56788e-05,5.60576e-05,-0.254631,6,2,0,0.0101497,0,False,nan,nan,nan,nan,nan,nan,nan,nan,nan,nan,12,13
ablation,matched,constant,2,22,3,30,8000,3.06271,6.15639e-05,0.000243022,5.11225e-05,1,10.2971,13.6953,nan,0.0540568,nan,0.0993176,10.1572,10.3288,10.5107,True,3.06495,3.06486,3.05604,3.07378,6.16263e-05,6.16284e-05,6.14313e-05,6.18165e-05,0.000249861,0.000249776,0.000232805,0.000266872,5.12259e-05,5.12248e-05,5.10468e-05,5.13983e-05,-0.145416,6,2,0,0.01,0,False,nan,nan,nan,nan,nan,nan,nan,nan,nan,nan,12,13
ablation,matched,constant,2,22,4,30,8000,3.06271,6.15639e-05,0.000243022,4.7494e-05,1,9.59043,12.7547,nan,0.0115149,nan,0.0105139,9.42497,9.59113,9.75193,True,3.06483,3.06474,3.05687,3.07307,6.162e-05,6.16207e-05,6.14361e-05,6.18079e-05,0.000244566,0.000244505,0.000227011,0.000262956,4.76028e-05,4.76055e-05,4.74301e-05,4.77672e-05,-0.173366,5,2,0,0.01,0,False,nan,nan,nan,nan,nan,nan,nan,nan,nan,nan,12,13
ablation,matched,constant,2,22,5,30,8000,3.06271,6.15639e-05,0.000243022,4.46584e-05,1,9.03573,12.0143,nan,0.0667598,nan,0.0899783,8.84032,8.99431,9.14692,True,3.06288,3.06276,3.05505,3.07063,6.16276e-05,6.16276e-05,6.14435e-05,6.18249e-05,0.000245088,0.000244953,0.000226037,0.000264911,4.46531e-05,4.46531e-05,4.44995e-05,4.48078e-05,-0.130005,4,2,0,0.01,0,False,nan,nan,nan,nan,nan,nan,nan,nan,nan,nan,12,13
ablation,matched,constant,2,22,6,30,8000,3.06271,6.15639e-05,0.000243022,4.23223e-05,1,8.57711,11.4017,nan,0.150092,nan,0.137842,8.34432,8.48449,8.6321,True,3.06401,3.06408,3.05686,3.07091,6.16259e-05,6.16227e-05,6.14431e-05,6.18169e-05,0.000239304,0.000239197,0.000218549,0.000260566,4.24006e-05,4.24007e-05,4.22449e-05,4.25583e-05,-0.117285,6,2,0,0.01,0,False,nan,nan,nan,nan,nan,nan,nan,nan,nan,nan,12,13
ablation,matched,constant,2,22,7,30,8000,3.06271,6.15639e-05,0.000243022,3.91745e-05,1,7.95678,10.5804,nan,0.248836,nan,0.209228,7.97361,8.11195,8.24205,False,3.06274,3.0627,3.05619,3.06924,6.16241e-05,6.16186e-05,6.14538e-05,6.1814e-05,0.000249051,0.000248929,0.000226507,0.000271358,3.93322e-05,3.93349e-05,3.91857e-05,3.94831e-05,-0.0445519,6,2,0,0.01,0,False,nan,nan,nan,nan,nan,nan,nan,nan,nan,nan,12,13
ablation,matched,constant,2,22,8,30,8000,3.06271,6.15639e-05,0.000243022,3.71474e-05,1,7.55586,10.0461,nan,0.0218706,nan,0.038341,7.4075,7.54242,7.67735,True,3.0642,3.06421,3.05768,3.07027,6.16118e-05,6.16138e-05,6.14344e-05,6.17919e-05,0.00024819,0.000247779,0.000224988,0.000271785,3.72158e-05,3.72116e-05,3.70688e-05,3.73617e-05,-0.106298,4,2,0,0.01,0,False,nan,nan,nan,nan,nan,nan,nan,nan,nan,nan,12,13
ablation,matched,constant,2,22,9,30,8000,3.06271,6.15639e-05,0.000243022,3.4907e-05,1,7.11143,9.45691,nan,0.101834,nan,0.0981938,7.05609,7.17151,7.30172,True,3.06513,3.06522,3.05859,3.07158,6.16177e-05,6.16171e-05,6.14393e-05,6.179e-05,0.000243115,0.000242557,0.000219627,0.000268454,3.49253e-05,3.49203e-05,3.4784e-05,3.50718e-05,-0.114939,5,2,0,0.01,0,False,nan,nan,nan,nan,nan,nan,nan,nan,nan,nan,12,13
ablation,matched,constant,2,22,10,30,8000,3.06271,6.15639e-05,0.000243022,3.36998e-05,1,6.87136,9.13411,nan,0.15422,nan,0.16374,6.65786,6.77402,6.89197,True,3.06503,3.06507,3.0589,3.07104,6.16166e-05,6.16208e-05,6.14373e-05,6.17911e-05,0.000232917,0.000232327,0.000208589,0.000258627,3.36145e-05,3.36111e-05,3.34761e-05,3.37528e-05,-0.133869,5,2,0,0.01,0,False,nan,nan,nan,nan,nan,nan,nan,nan,nan,nan,12,13
ablation,matched,constant,2,22,11,30,8000,3.06271,6.15639e-05,0.000243022,3.21936e-05,1,6.57127,8.73457,nan,0.023514,nan,0.0305357,6.44789,6.5546,6.66833,True,3.06492,3.06503,3.05849,3.07092,6.16141e-05,6.16152e-05,6.14262e-05,6.17888e-05,0.000238977,0.000237907,0.000211854,0.000267751,3.22133e-05,3.22123e-05,3.20749e-05,3.2358e-05,-0.112473,4,2,0,0.01,0,False,nan,nan,nan,nan,nan,nan,nan,nan,nan,nan,12,13
ablation,matched,constant,2,22,12,30,8000,3.06271,6.15639e-05,0.000243022,3.1348e-05,1,6.40252,8.5081,nan,0.182404,nan,0.200241,6.18364,6.28679,6.39894,False,3.06463,3.06463,3.05849,3.07057,6.16203e-05,6.16262e-05,6.14315e-05,6.1797e-05,0.000225021,0.000224819,0.000199237,0.000253651,3.12183e-05,3.12189e-05,3.10877e-05,3.13424e-05,-0.0885059,5,2,0,0.01,0,False,nan,nan,nan,nan,nan,nan,nan,nan,nan,nan,12,13
ablation,matched,constant,2,22,13,30,8000,3.06271,6.15639e-05,0.000243022,2.96552e-05,1,6.06409,8.05915,nan,0.111878,nan,0.098343,6.03004,6.13105,6.23769,True,3.0636,3.06366,3.05806,3.06902,6.16194e-05,6.16229e-05,6.1446e-05,6.17983e-05,0.000236444,0.000236482,0.000207696,0.000267517,2.976e-05,2.97602e-05,2.96283e-05,2.98907e-05,-0.0888338,5,2,0,0.01,0,False,nan,nan,nan,nan,nan,nan,nan,nan,nan,nan,12,13
ablation,matched,constant,2,22,14,30,8000,3.06271,6.15639e-05,0.000243022,2.76048e-05,1,5.65308,7.51724,nan,0.307766,nan,0.261419,5.74361,5.84073,5.94813,False,3.06324,3.0633,3.05771,3.06875,6.1629e-05,6.1626e-05,6.14571e-05,6.18121e-05,0.000248527,0.000247777,0.000218132,0.000279507,2.77572e-05,2.77583e-05,2.76249e-05,2.78869e-05,-0.0289431,8,2,0,0.0111582,0,False,nan,nan,nan,nan,nan,nan,nan,nan,nan,nan,12,13
ablation,matched,constant,2,22,15,30,8000,3.06271,6.15639e-05,0.000243022,2.64794e-05,1,5.42698,7.21668,nan,0.0418546,nan,0.0137075,5.34989,5.45145,5.5621,True,3.06288,3.06294,3.05743,3.06811,6.16289e-05,6.16314e-05,6.1455e-05,6.18026e-05,0.000238276,0.000238259,0.000208453,0.000270393,2.65472e-05,2.65468e-05,2.64186e-05,2.66708e-05,-0.0512953,4,2,0,0.0108339,0,False,nan,nan,nan,nan,nan,nan,nan,nan,nan,nan,12,13
ablation,matched,constant,2,22,16,30,8000,3.06271,6.15639e-05,0.000243022,2.54654e-05,1,5.22295,6.94526,nan,0.0344857,nan,0.0050973,5.14538,5.2431,5.34333,True,3.06277,3.06286,3.05726,3.06801,6.16291e-05,6.16304e-05,6.14504e-05,6.1806e-05,0.000242879,0.000241931,0.000210118,0.000280576,2.53527e-05,2.53515e-05,2.52332e-05,2.54772e-05,-0.0869485,4,2,0,0.0106786,0,False,nan,nan,nan,nan,nan,nan,nan,nan,nan,nan,12,13
ablation,matched,constant,2,22,17,30,8000,3.06271,6.15639e-05,0.000243022,2.40229e-05,1,4.9322,6.56318,nan,0.135074,nan,0.169256,4.92559,5.01551,5.10997,True,3.06195,3.06196,3.05661,3.06727,6.16368e-05,6.16389e-05,6.14521e-05,6.18023e-05,0.000254457,0.00025387,0.000219608,0.000291381,2.4087e-05,2.4085e-05,2.39618e-05,2.42101e-05,-0.0448655,5,2,0,0.0108621,0,False,nan,nan,nan,nan,nan,nan,nan,nan,nan,nan,12,13
ablation,matched,constant,2,22,18,30,8000,3.06271,6.15639e-05,0.000243022,2.31201e-05,1,4.74992,6.32107,nan,0.0267839,nan,0.0255978,4.67748,4.76597,4.85821,True,3.06218,3.06222,3.05682,3.06747,6.16306e-05,6.16315e-05,6.14506e-05,6.17983e-05,0.000260636,0.000260799,0.000223964,0.000298756,2.31009e-05,2.30986e-05,2.2979e-05,2.3221e-05,-0.0759754,3,2,0,0.0106375,0,False,nan,nan,nan,nan,nan,nan,nan,nan,nan,nan,12,13
ablation,matched,constant,2,22,19,30,8000,3.06271,6.15639e-05,0.000243022,2.27372e-05,1,4.67255,6.21397,nan,0.158928,nan,0.125158,4.48483,4.57435,4.66051,False,3.06244,3.06243,3.05735,3.06808,6.16267e-05,6.16281e-05,6.14612e-05,6.18031e-05,0.00024235,0.000241201,0.000208359,0.000280105,2.26632e-05,2.26617e-05,2.25483e-05,2.27904e-05,-0.0157883,6,2,0,0.0109752,0,False,nan,nan,nan,nan,nan,nan,nan,nan,nan,nan,12,13
ablation,matched,constant,2,22,20,30,8000,3.06271,6.15639e-05,0.000243022,2.18937e-05,1,4.50192,5.98777,nan,0.0118192,nan,0.0339377,4.42349,4.50904,4.59716,True,3.06246,3.06234,3.05743,3.06811,6.16271e-05,6.16267e-05,6.14625e-05,6.17959e-05,0.00023605,0.000234961,0.000200892,0.000274785,2.1804e-05,2.18038e-05,2.16847e-05,2.19195e-05,-0.0332628,3,2,0,0.0107742,0,False,nan,nan,nan,nan,nan,nan,nan,nan,nan,nan,12,13
ablation,matched,constant,2,23,1,30,8000,0.00966661,6.00985e-05,0.000461774,6.00985e-05,1,11.1428,2.20748,nan,3.69241,nan,0,7.75425,11.6414,17.2192,True,0.00959594,0.00958675,0.00930846,0.00990434,5.99753e-05,5.99755e-05,5.95714e-05,6.03545e-05,0.000468029,0.000466523,0.000434637,0.000500768,5.99753e-05,5.99755e-05,5.95714e-05,6.03545e-05,-0.0239735,18,2,0,0.01,0,False,nan,nan,nan,nan,nan,nan,nan,nan,nan,nan,12,7
ablation,matched,constant,2,23,2,30,8000,0.00966661,6.00985e-05,0.000461774,5.14135e-05,1,9.6364,2.20883,nan,0.0482519,nan,0.00482729,9.39499,9.58901,9.77702,True,0.00970979,0.00970496,0.00949156,0.00992782,5.99795e-05,5.99841e-05,5.96212e-05,6.03198e-05,0.00047459,0.000474353,0.000442531,0.000505909,5.12728e-05,5.12709e-05,5.09777e-05,5.15713e-05,-0.0247629,4,2,0,0.01,0,False,nan,nan,nan,nan,nan,nan,nan,nan,nan,nan,12,7
ablation,matched,constant,2,23,3,30,8000,0.00966661,6.00985e-05,0.000461774,4.46896e-05,1,8.44787,2.28639,nan,0.0276624,nan,0.0382436,8.26346,8.42341,8.58524,True,0.009769,0.00976571,0.00958984,0.00996543,5.99435e-05,5.99415e-05,5.96117e-05,6.02811e-05,0.000456752,0.000456313,0.000423441,0.000492128,4.45167e-05,4.45151e-05,4.42586e-05,4.47795e-05,-0.0103679,4,2,0,0.01,0,False,nan,nan,nan,nan,nan,nan,nan,nan,nan,nan,12,7
ablation,matched,constant,2,23,4,30,8000,0.00966661,6.00985e-05,0.000461774,3.95478e-05,1,7.5254,2.34439,nan,0.0181407,nan,0.0253748,7.3975,7.54064,7.68594,True,0.00980185,0.00979912,0.00964202,0.00996854,5.99295e-05,5.99323e-05,5.95814e-05,6.02706e-05,0.000431127,0.000430308,0.000396974,0.000468761,3.9587e-05,3.95855e-05,3.93487e-05,3.98228e-05,0.00646078,4,2,0,0.01,0,False,nan,nan,nan,nan,nan,nan,nan,nan,nan,nan,12,7
ablation,matched,constant,2,23,5,30,8000,0.00966661,6.00985e-05,0.000461774,3.48213e-05,1,6.66678,2.46289,nan,0.212003,nan,0.140224,6.75022,6.8737,7.00194,False,0.00973903,0.00973901,0.00958144,0.00989626,5.99723e-05,5.99794e-05,5.96202e-05,6.03055e-05,0.0004572,0.000457216,0.000415115,0.000502374,3.50036e-05,3.50033e-05,3.47769e-05,3.52383e-05,0.017967,7,2,0,0.0106681,0,False,nan,nan,nan,nan,nan,nan,nan,nan,nan,nan,12,7
ablation,matched,constant,2,23,6,30,8000,0.00966661,6.00985e-05,0.000461774,3.25283e-05,1,6.24646,2.32404,nan,0.11899,nan,0.153349,6.00755,6.13057,6.24807,True,0.00973559,0.00973612,0.0095786,0.00989353,5.99569e-05,5.99602e-05,5.95955e-05,6.03059e-05,0.000433071,0.000432003,0.000389109,0.000478179,3.24167e-05,3.24155e-05,3.21972e-05,3.26387e-05,-0.0257662,5,2,0,0.0114109,0,False,nan,nan,nan,nan,nan,nan,nan,nan,nan,nan,12,7
ablation,matched,constant,2,23,7,30,8000,0.00966661,6.00985e-05,0.000461774,3.0019e-05,1,5.78364,2.27206,nan,0.0195202,nan,0.0421889,5.64818,5.76618,5.88546,True,0.00974499,0.00974046,0.00960133,0.00990031,5.99571e-05,5.99598e-05,5.95851e-05,6.03166e-05,0.000448967,0.000448346,0.00040083,0.000499946,3.00403e-05,3.0043e-05,2.98183e-05,3.02613e-05,0.00265064,4,2,0,0.0109422,0,False,nan,nan,nan,nan,nan,nan,nan,nan,nan,nan,12,7
ablation,matched,constant,2,23,8,30,8000,0.00966661,6.00985e-05,0.000461774,2.7263e-05,1,5.27182,2.30847,nan,0.0973569,nan,0.0778646,5.26188,5.36811,5.47434,True,0.00972079,0.00971978,0.00958224,0.00986751,5.99609e-05,5.99666e-05,5.95911e-05,6.0326e-05,0.000472643,0.000470725,0.000418359,0.00052944,2.74374e-05,2.74359e-05,2.72358e-05,2.76405e-05,0.003293,4,2,0,0.010877,0,False,nan,nan,nan,nan,nan,nan,nan,nan,nan,nan,12,7
ablation,matched,constant,2,23,9,30,8000,0.00966661,6.00985e-05,0.000461774,2.48868e-05,1,4.82757,2.33416,nan,0.0978086,nan,0.0815196,4.82259,4.92367,5.02297,True,0.00972134,0.0097201,0.00958012,0.00986372,5.993e-05,5.99241e-05,5.9561e-05,6.0296e-05,0.000507301,0.000505184,0.000450534,0.000569906,2.49029e-05,2.49022e-05,2.47072e-05,2.51153e-05,-0.0254753,5,2,0,0.0119035,0,False,nan,nan,nan,nan,nan,nan,nan,nan,nan,nan,12,7
ablation,matched,constant,2,23,10,30,8000,0.00966661,6.00985e-05,0.000461774,2.34159e-05,1,4.55116,2.254,nan,0.0719976,nan,0.0308592,4.37996,4.48019,4.57977,True,0.00969325,0.00969266,0.00955851,0.00983614,5.99579e-05,5.99589e-05,5.95806e-05,6.03406e-05,0.000477112,0.000474873,0.000421235,0.000540898,2.35065e-05,2.35075e-05,2.33151e-05,2.36995e-05,-0.065324,4,2,0,0.0122787,0,False,nan,nan,nan,nan,nan,nan,nan,nan,nan,nan,12,7
ablation,matched,constant,2,23,11,30,8000,0.00966661,6.00985e-05,0.000461774,2.23465e-05,1,4.34954,2.13963,nan,0.0732666,nan,0.0730491,4.18315,4.27785,4.37255,True,0.0096572,0.00965804,0.00951653,0.00979235,5.99456e-05,5.99452e-05,5.95672e-05,6.03186e-05,0.000446215,0.000444259,0.000390705,0.000510008,2.24315e-05,2.24285e-05,2.22383e-05,2.26293e-05,-0.0310716,6,2,0,0.012951,0,False,nan,nan,nan,nan,nan,nan,nan,nan,nan,nan,12,7
ablation,matched,constant,2,23,12,30,8000,0.00966661,6.00985e-05,0.000461774,2.11919e-05,1,4.13119,2.06507,nan,0.0067583,nan,0.0327402,4.02755,4.12536,4.22061,True,0.00967861,0.00967767,0.00955187,0.00980526,5.99501e-05,5.99549e-05,5.95788e-05,6.03208e-05,0.000444407,0.000442536,0.000385412,0.000509377,2.12853e-05,2.1285e-05,2.10951e-05,2.1475e-05,0.0197138,3,2,0,0.0125847,0,False,nan,nan,nan,nan,nan,nan,nan,nan,nan,nan,12,7
ablation,matched,constant,2,23,13,30,8000,0.00966661,6.00985e-05,0.000461774,1.96391e-05,1,3.8365,2.07918,nan,0.097608,nan,0.0688186,3.84469,3.93187,4.02579,False,0.00968569,0.00968438,0.0095638,0.00981802,5.99512e-05,5.99565e-05,5.95533e-05,6.03272e-05,0.000473869,0.000472559,0.000405639,0.000544279,1.97472e-05,1.97442e-05,1.95653e-05,1.99345e-05,0.0293429,4,2,0,0.0130118,0,False,nan,nan,nan,nan,nan,nan,nan,nan,nan,nan,12,7
ablation,matched,constant,2,23,14,30,8000,0.00966661,6.00985e-05,0.000461774,1.84124e-05,1,3.60283,2.06125,nan,0.0503863,nan,0.0378289,3.56134,3.65273,3.73983,True,0.00969113,0.0096925,0.00956595,0.00980942,5.99459e-05,5.995e-05,5.95717e-05,6.03424e-05,0.000480026,0.000478851,0.000407664,0.000557626,1.82634e-05,1.82626e-05,1.80833e-05,1.84514e-05,-0.0631456,5,2,0,0.0136985,0,False,nan,nan,nan,nan,nan,nan,nan,nan,nan,nan,12,7
ablation,matched,constant,2,23,15,30,8000,0.00966661,6.00985e-05,0.000461774,1.78789e-05,1,3.50096,1.9452,nan,0.107403,nan,0.0727577,3.30655,3.39552,3.48659,False,0.00969549,0.00969533,0.00957053,0.00982158,5.99637e-05,5.99729e-05,5.9571e-05,6.03474e-05,0.000455877,0.000455496,0.000386051,0.000533839,1.76926e-05,1.76924e-05,1.75073e-05,1.7879e-05,-0.0192269,4,2,0,0.0140136,0,False,nan,nan,nan,nan,nan,nan,nan,nan,nan,nan,12,7
ablation,matched,constant,2,23,16,30,8000,0.00966661,6.00985e-05,0.000461774,1.7294e-05,1,3.38911,1.85356,nan,0.0847296,nan,0.0530621,3.22292,3.30454,3.38942,True,0.00969502,0.00969823,0.00956358,0.00981994,5.99901e-05,5.99985e-05,5.95894e-05,6.03473e-05,0.000423459,0.000422816,0.000350618,0.000497509,1.72904e-05,1.729e-05,1.71032e-05,1.74826e-05,-0.0625535,5,2,0,0.0147943,0,False,nan,nan,nan,nan,nan,nan,nan,nan,nan,nan,12,7
ablation,matched,constant,2,23,17,30,8000,0.00966661,6.00985e-05,0.000461774,1.61969e-05,1,3.17885,1.86226,nan,0.0757242,nan,0.0568732,3.16488,3.25142,3.344,True,0.00968568,0.00968928,0.00955052,0.00980974,5.99812e-05,5.99877e-05,5.9581e-05,6.0351e-05,0.000424147,0.000422251,0.000352038,0.000503417,1.63237e-05,1.63254e-05,1.61539e-05,1.65035e-05,-0.0180513,3,2,0,0.0146742,0,False,nan,nan,nan,nan,nan,nan,nan,nan,nan,nan,12,7
ablation,matched,constant,2,23,18,30,8000,0.00966661,6.00985e-05,0.000461774,1.5657e-05,1,3.07514,1.78958,nan,0.00824226,nan,0.0326913,3.00164,3.08259,3.1666,True,0.00969413,0.00969362,0.00956291,0.00982405,5.99757e-05,5.99878e-05,5.95751e-05,6.0345e-05,0.000424103,0.000423122,0.00034794,0.000504856,1.57759e-05,1.57751e-05,1.55989e-05,1.59536e-05,-0.0437844,3,2,0,0.014321,0,False,nan,nan,nan,nan,nan,nan,nan,nan,nan,nan,12,7
ablation,matched,constant,2,23,19,30,8000,0.00966661,6.00985e-05,0.000461774,1.49184e-05,1,2.93302,1.76216,nan,0.0522483,nan,0.0148896,2.90273,2.98413,3.0658,True,0.00967438,0.00967399,0.00954717,0.00980427,5.99778e-05,5.99899e-05,5.95751e-05,6.03526e-05,0.000457143,0.000453593,0.00037076,0.000548927,1.48277e-05,1.48291e-05,1.46516e-05,1.50086e-05,-0.045726,4,2,0,0.014667,0,False,nan,nan,nan,nan,nan,nan,nan,nan,nan,nan,12,7
ablation,matched,constant,2,23,20,30,8000,0.00966661,6.00985e-05,0.000461774,1.45652e-05,1,2.86495,1.67912,nan,0.063577,nan,0.0486985,2.72287,2.80296,2.8767,True,0.00967916,0.00967784,0.00954537,0.0098099,5.99867e-05,5.9993e-05,5.95805e-05,6.03524e-05,0.000436514,0.000434657,0.000355136,0.000529113,1.45135e-05,1.45149e-05,1.43355e-05,1.46877e-05,-0.0180308,3,2,0,0.0148271,0,False,nan,nan,nan,nan,nan,nan,nan,nan,nan,nan,12,7
ablation,matched,constant,2,24,1,30,8000,0.00189826,9.25037e-05,0.000285091,9.25037e-05,1,17.2956,6.66159,nan,7.17208,nan,0,7.73463,11.4057,17.2531,False,0.00188624,0.00188054,0.00184217,0.00193165,9.27707e-05,9.28188e-05,9.2318e-05,9.31619e-05,0.000298497,0.000299799,0.000282039,0.000311592,9.27707e-05,9.28188e-05,9.2318e-05,9.31619e-05,-0.0478464,19,2,0,0.01,0,False,nan,nan,nan,nan,nan,nan,nan,nan,nan,nan,12,8
ablation,matched,constant,2,24,2,30,8000,0.00189826,9.25037e-05,0.000285091,8.01764e-05,1,15.1354,5.43428,nan,0.19946,nan,0.103332,14.6865,14.9388,15.1984,True,0.00191227,0.00191235,0.00187756,0.00194595,9.25285e-05,9.25166e-05,9.21557e-05,9.29223e-05,0.00027254,0.000272344,0.000257771,0.000287804,7.9992e-05,7.99915e-05,7.96564e-05,8.0317e-05,0.0121339,7,2,0,0.01,0,False,nan,nan,nan,nan,nan,nan,nan,nan,nan,nan,12,8
ablation,matched,constant,2,24,3,30,8000,0.00189826,9.25037e-05,0.000285091,7.0782e-05,1,13.4614,4.5547,nan,0.0269759,nan,0.0877652,13.2036,13.4466,13.6791,True,0.00191614,0.00191576,0.00188702,0.00194493,9.25677e-05,9.25739e-05,9.21854e-05,9.29501e-05,0.000279165,0.000279314,0.0002609,0.000297324,7.07723e-05,7.07766e-05,7.04414e-05,7.10992e-05,0.0128546,5,2,0,0.01,0,False,nan,nan,nan,nan,nan,nan,nan,nan,nan,nan,12,8
ablation,matched,constant,2,24,4,30,8000,0.00189826,9.25037e-05,0.000285091,6.22564e-05,1,11.921,3.73679,nan,0.168027,nan,0.131305,11.8707,12.0865,12.3016,True,0.00191537,0.00191532,0.00188852,0.0019417,9.25693e-05,9.25725e-05,9.21817e-05,9.29424e-05,0.000290297,0.000289864,0.000270253,0.000311104,6.22797e-05,6.22783e-05,6.19889e-05,6.25676e-05,-0.0142997,6,2,0,0.01,0,False,nan,nan,nan,nan,nan,nan,nan,nan,nan,nan,12,8
ablation,matched,constant,2,24,5,30,8000,0.00189826,9.25037e-05,0.000285091,5.59212e-05,1,10.7628,3.19555,nan,0.0145868,nan,0.0391769,10.5862,10.7733,10.963,True,0.00191251,0.00191233,0.00188851,0.00193741,9.25643e-05,9.25697e-05,9.21691e-05,9.29327e-05,0.000271801,0.000271821,0.000249613,0.000294554,5.57833e-05,5.57808e-05,5.55147e-05,5.60672e-05,0.0253523,5,2,0,0.01,0,False,nan,nan,nan,nan,nan,nan,nan,nan,nan,nan,12,8
ablation,matched,constant,2,24,6,30,8000,0.00189826,9.25037e-05,0.000285091,5.10756e-05,1,9.86897,2.82664,nan,0.0134577,nan,0.0272749,9.69847,9.87408,10.0523,True,0.00191882,0.00191868,0.00189443,0.00194301,9.25665e-05,9.25736e-05,9.21596e-05,9.29329e-05,0.000269132,0.00026864,0.000245308,0.000293415,5.10362e-05,5.10334e-05,5.07741e-05,5.12988e-05,0.0225054,4,2,0,0.01,0,False,nan,nan,nan,nan,nan,nan,nan,nan,nan,nan,12,8
ablation,matched,constant,2,24,7,30,8000,0.00189826,9.25037e-05,0.000285091,4.71116e-05,1,9.13259,2.5466,nan,0.0163087,nan,0.0437363,8.97702,9.14414,9.30236,True,0.00191718,0.00191731,0.00189403,0.0019392,9.25767e-05,9.25872e-05,9.21878e-05,9.29509e-05,0.00026608,0.000266007,0.000239835,0.000293446,4.69411e-05,4.69393e-05,4.66973e-05,4.71947e-05,-0.0270546,4,2,0,0.01,0,False,nan,nan,nan,nan,nan,nan,nan,nan,nan,nan,12,8
ablation,matched,constant,2,24,8,30,8000,0.00189826,9.25037e-05,0.000285091,4.42351e-05,1,8.59527,2.38034,nan,0.101876,nan,0.135633,8.34338,8.49557,8.64717,True,0.00191552,0.00191541,0.00189418,0.00193743,9.25861e-05,9.2591e-05,9.21927e-05,9.2981e-05,0.000273684,0.000273601,0.000244255,0.000302516,4.40359e-05,4.40353e-05,4.37942e-05,4.42809e-05,-0.0257323,4,2,0,0.01,0,False,nan,nan,nan,nan,nan,nan,nan,nan,nan,nan,12,8
ablation,matched,constant,2,24,9,30,8000,0.00189826,9.25037e-05,0.000285091,4.10969e-05,1,8.0062,2.1633,nan,0.0126729,nan,0.00842847,7.84837,7.99399,8.14725,True,0.00191351,0.00191318,0.00189202,0.00193475,9.25913e-05,9.25918e-05,9.21963e-05,9.29768e-05,0.000281743,0.000280882,0.000251022,0.000312883,4.09837e-05,4.0981e-05,4.07522e-05,4.12273e-05,0.0179151,4,2,0,0.01,0,False,nan,nan,nan,nan,nan,nan,nan,nan,nan,nan,12,8
ablation,matched,constant,2,24,10,30,8000,0.00189826,9.25037e-05,0.000285091,3.81079e-05,1,7.44229,1.95494,nan,0.0356295,nan,0.0435536,7.34162,7.47751,7.61352,True,0.00191028,0.00191025,0.00188985,0.00193064,9.25822e-05,9.25971e-05,9.21701e-05,9.29597e-05,0.000297655,0.000296931,0.000265569,0.00033212,3.8002e-05,3.8003e-05,3.77778e-05,3.82291e-05,0.00039286,4,2,0,0.01,0,False,nan,nan,nan,nan,nan,nan,nan,nan,nan,nan,12,8
ablation,matched,constant,2,24,11,30,8000,0.00189826,9.25037e-05,0.000285091,3.53497e-05,1,6.91949,1.77043,nan,0.0241258,nan,0.0714634,6.81586,6.94058,7.07236,True,0.00191327,0.00191359,0.0018931,0.00193305,9.25928e-05,9.25961e-05,9.21898e-05,9.29783e-05,0.000299152,0.000298354,0.000264889,0.000336471,3.56119e-05,3.56061e-05,3.53952e-05,3.58366e-05,0.0164254,3,2,0,0.01,0,False,nan,nan,nan,nan,nan,nan,nan,nan,nan,nan,12,8
ablation,matched,constant,2,24,12,30,8000,0.00189826,9.25037e-05,0.000285091,3.26834e-05,1,6.41184,1.6026,nan,0.130365,nan,0.116375,6.42002,6.54052,6.65979,False,0.00191345,0.00191349,0.00189413,0.00193368,9.25906e-05,9.25885e-05,9.2184e-05,9.30032e-05,0.000304564,0.000303883,0.000268239,0.000343372,3.28664e-05,3.28605e-05,3.26628e-05,3.30809e-05,-0.0163956,5,2,0,0.01,0,False,nan,nan,nan,nan,nan,nan,nan,nan,nan,nan,12,8
ablation,matched,constant,2,24,13,30,8000,0.00189826,9.25037e-05,0.000285091,3.0864e-05,1,6.06414,1.50648,nan,0.00952736,nan,0.00942449,5.96113,6.06899,6.18193,True,0.00191288,0.00191309,0.00189261,0.00193212,9.25826e-05,9.25829e-05,9.2169e-05,9.29936e-05,0.000291211,0.000290493,0.000252565,0.000331278,3.09753e-05,3.09736e-05,3.07716e-05,3.11849e-05,0.00989925,3,2,0,0.01,0,False,nan,nan,nan,nan,nan,nan,nan,nan,nan,nan,12,8
ablation,matched,constant,2,24,14,30,8000,0.00189826,9.25037e-05,0.000285091,2.93742e-05,1,5.77865,1.43208,nan,0.00875133,nan,0.0182098,5.6575,5.77169,5.87704,True,0.00191081,0.00191105,0.00189132,0.00192962,9.25789e-05,9.25753e-05,9.21808e-05,9.29903e-05,0.000269521,0.000269142,0.000231181,0.000309507,2.9553e-05,2.9551e-05,2.93692e-05,2.97486e-05,0.0192026,4,2,0,0.01,0,False,nan,nan,nan,nan,nan,nan,nan,nan,nan,nan,12,8
ablation,matched,constant,2,24,15,30,8000,0.00189826,9.25037e-05,0.000285091,2.78239e-05,1,5.48081,1.3542,nan,0.0758582,nan,0.021794,5.44871,5.55513,5.67198,True,0.00191427,0.00191428,0.00189379,0.00193411,9.25894e-05,9.25871e-05,9.22113e-05,9.29832e-05,0.000268855,0.000267867,0.000231921,0.000307947,2.79844e-05,2.79849e-05,2.77955e-05,2.81817e-05,0.00558128,3,2,0,0.01,0,False,nan,nan,nan,nan,nan,nan,nan,nan,nan,nan,12,8
ablation,matched,constant,2,24,16,30,8000,0.00189826,9.25037e-05,0.000285091,2.62362e-05,1,5.17499,1.27887,nan,0.105558,nan,0.0572598,5.18071,5.27764,5.38405,False,0.00191187,0.00191183,0.00189189,0.00193174,9.2589e-05,9.25806e-05,9.22081e-05,9.29994e-05,0.000270616,0.00026935,0.000231435,0.00031276,2.64909e-05,2.64919e-05,2.63017e-05,2.66721e-05,-0.0218395,3,2,0,0.01,0,False,nan,nan,nan,nan,nan,nan,nan,nan,nan,nan,12,8
ablation,matched,constant,2,24,17,30,8000,0.00189826,9.25037e-05,0.000285091,2.49131e-05,1,4.91949,1.22014,nan,0.0966062,nan,0.0331572,4.9212,5.01476,5.10851,False,0.00191361,0.00191386,0.00189317,0.00193221,9.25814e-05,9.25738e-05,9.21922e-05,9.30035e-05,0.000284224,0.000282637,0.000241787,0.000328747,2.49456e-05,2.4946e-05,2.47662e-05,2.51296e-05,0.0190714,5,2,0,0.01,0,False,nan,nan,nan,nan,nan,nan,nan,nan,nan,nan,12,8
ablation,matched,constant,2,24,18,30,8000,0.00189826,9.25037e-05,0.000285091,2.39071e-05,1,4.72487,1.17408,nan,0.00354426,nan,0.00708469,4.62976,4.72828,4.81467,True,0.00191267,0.00191297,0.00189253,0.0019326,9.25754e-05,9.25724e-05,9.21833e-05,9.29939e-05,0.000272674,0.000271796,0.000231211,0.000318031,2.38557e-05,2.3855e-05,2.36787e-05,2.4036e-05,-0.0102672,3,2,0,0.01,0,False,nan,nan,nan,nan,nan,nan,nan,nan,nan,nan,12,8
ablation,matched,constant,2,24,19,30,8000,0.00189826,9.25037e-05,0.000285091,2.2805e-05,1,4.51126,1.12823,nan,0.0318972,nan,0.0275736,4.453,4.54283,4.62623,True,0.00191196,0.00191196,0.00189237,0.00193153,9.25828e-05,9.25737e-05,9.21988e-05,9.29983e-05,0.000281089,0.000280679,0.000235337,0.000328197,2.29195e-05,2.29202e-05,2.2732e-05,2.3099e-05,0.0353705,3,2,0,0.01,0,False,nan,nan,nan,nan,nan,nan,nan,nan,nan,nan,12,8
ablation,matched,constant,2,24,20,30,8000,0.00189826,9.25037e-05,0.000285091,2.1975e-05,1,4.35015,1.09009,nan,0.0171332,nan,0.00911826,4.28371,4.36627,4.45114,True,0.00191166,0.00191176,0.00189242,0.00193109,9.25931e-05,9.25863e-05,9.22258e-05,9.29829e-05,0.000280173,0.000278253,0.000235188,0.000329025,2.1813e-05,2.18102e-05,2.16341e-05,2.19894e-05,-0.00949596,3,2,0,0.01,0,False,nan,nan,nan,nan,nan,nan,nan,nan,nan,nan,12,8
ablation,matched,constant,2,25,1,30,8000,0.269315,5.0659e-05,0.000204286,5.0659e-05,1,9.97335,4.92252,nan,2.57778,nan,0,7.7198,11.499,17.4809,True,0.271066,0.271026,0.268679,0.273482,5.05645e-05,5.05728e-05,5.02462e-05,5.08782e-05,0.00019332,0.000193147,0.000159432,0.000229315,5.05645e-05,5.05728e-05,5.02462e-05,5.08782e-05,-0.201344,18,2,0,0.01,0,False,nan,nan,nan,nan,nan,nan,nan,nan,nan,nan,12,17
ablation,matched,constant,2,25,2,30,8000,0.269315,5.0659e-05,0.000204286,4.75291e-05,1,9.3745,4.53641,nan,0.0713514,nan,0.0263396,9.25352,9.42533,9.60673,True,0.270195,0.270225,0.268506,0.271826,5.06519e-05,5.0655e-05,5.03752e-05,5.09145e-05,0.000203209,0.000202647,0.000177198,0.000230785,4.77157e-05,4.77112e-05,4.74796e-05,4.79568e-05,-0.200013,4,2,0,0.01,0,False,nan,nan,nan,nan,nan,nan,nan,nan,nan,nan,12,17
ablation,matched,constant,2,25,3,30,8000,0.269315,5.0659e-05,0.000204286,4.48322e-05,1,8.85673,4.21693,nan,0.0539308,nan,0.00900702,8.73864,8.90091,9.06259,True,0.269596,0.269606,0.268196,0.271007,5.07243e-05,5.07255e-05,5.04818e-05,5.09758e-05,0.00021388,0.00021336,0.000190042,0.000238396,4.48116e-05,4.48124e-05,4.45886e-05,4.50402e-05,-0.184416,5,2,0,0.01,0,False,nan,nan,nan,nan,nan,nan,nan,nan,nan,nan,12,17
ablation,matched,constant,2,25,4,30,8000,0.269315,5.0659e-05,0.000204286,4.30048e-05,1,8.50498,3.96836,nan,0.147801,nan,0.113919,8.22029,8.36722,8.51226,True,0.269793,0.269798,0.268558,0.27099,5.06996e-05,5.06934e-05,5.04571e-05,5.09521e-05,0.000207625,0.000207114,0.000184772,0.000232292,4.27636e-05,4.27664e-05,4.2546e-05,4.29789e-05,-0.182509,4,2,0,0.01,0,False,nan,nan,nan,nan,nan,nan,nan,nan,nan,nan,12,17
ablation,matched,constant,2,25,5,30,8000,0.269315,5.0659e-05,0.000204286,4.0508e-05,1,8.02311,3.72607,nan,0.0115953,nan,0.0658877,7.88528,8.03076,8.17579,True,0.269521,0.269532,0.268438,0.270589,5.07029e-05,5.07038e-05,5.04645e-05,5.09488e-05,0.000207204,0.000207185,0.000182345,0.000232397,4.05301e-05,4.05315e-05,4.03195e-05,4.07353e-05,-0.110357,4,2,0,0.01,0,False,nan,nan,nan,nan,nan,nan,nan,nan,nan,nan,12,17
ablation,matched,constant,2,25,6,30,8000,0.269315,5.0659e-05,0.000204286,3.86273e-05,1,7.65923,3.52997,nan,0.0164506,nan,0.0133584,7.50945,7.63933,7.77565,True,0.270024,0.270016,0.268996,0.271105,5.06974e-05,5.06895e-05,5.0459e-05,5.09461e-05,0.000214578,0.000214047,0.000188405,0.00024227,3.85442e-05,3.85445e-05,3.83374e-05,3.87461e-05,-0.123151,4,2,0,0.01,0,False,nan,nan,nan,nan,nan,nan,nan,nan,nan,nan,12,17
ablation,matched,constant,2,25,7,30,8000,0.269315,5.0659e-05,0.000204286,3.6796e-05,1,7.3041,3.35111,nan,0.0258276,nan,0.0126738,7.15339,7.27889,7.40858,True,0.270313,0.270312,0.269314,0.271306,5.06941e-05,5.06895e-05,5.04542e-05,5.09288e-05,0.00022126,0.000221358,0.000193934,0.000250849,3.67335e-05,3.67327e-05,3.65317e-05,3.6928e-05,-0.124161,3,2,0,0.01,0,False,nan,nan,nan,nan,nan,nan,nan,nan,nan,nan,12,17
ablation,matched,constant,2,25,8,30,8000,0.269315,5.0659e-05,0.000204286,3.54363e-05,1,7.03993,3.21127,nan,0.104459,nan,0.0533187,6.81632,6.93978,7.07243,True,0.270514,0.270528,0.269608,0.271468,5.06792e-05,5.06768e-05,5.04328e-05,5.09162e-05,0.000211096,0.000211032,0.000184207,0.000238963,3.5523e-05,3.55251e-05,3.53278e-05,3.57162e-05,-0.0799725,6,2,0,0.01,0,False,nan,nan,nan,nan,nan,nan,nan,nan,nan,nan,12,17
ablation,matched,constant,2,25,9,30,8000,0.269315,5.0659e-05,0.000204286,3.33829e-05,1,6.64018,3.03346,nan,0.127586,nan,0.118374,6.63295,6.75282,6.87197,True,0.270404,0.270388,0.269514,0.271318,5.06864e-05,5.06866e-05,5.04555e-05,5.09143e-05,0.000221267,0.000220443,0.00019141,0.000251983,3.34678e-05,3.34708e-05,3.32754e-05,3.36612e-05,-0.0697406,5,2,0,0.01,0,False,nan,nan,nan,nan,nan,nan,nan,nan,nan,nan,12,17
ablation,matched,constant,2,25,10,30,8000,0.269315,5.0659e-05,0.000204286,3.26749e-05,1,6.50212,2.95256,nan,0.145075,nan,0.132725,6.25112,6.36644,6.48086,False,0.27011,0.270107,0.269324,0.270949,5.06871e-05,5.06852e-05,5.04585e-05,5.0912e-05,0.000201873,0.000201784,0.000173263,0.000231921,3.2651e-05,3.26518e-05,3.24677e-05,3.28369e-05,-0.0925509,6,2,0,0.01,0,False,nan,nan,nan,nan,nan,nan,nan,nan,nan,nan,12,17
ablation,matched,constant,2,25,11,30,8000,0.269315,5.0659e-05,0.000204286,3.14653e-05,1,6.26598,2.84216,nan,0.0152518,nan,0.0142826,6.13764,6.25199,6.36213,True,0.269951,0.269942,0.269157,0.270756,5.06924e-05,5.06927e-05,5.04614e-05,5.09199e-05,0.000209948,0.000209237,0.000178817,0.000241799,3.13996e-05,3.1397e-05,3.12175e-05,3.15923e-05,-0.0665385,3,2,0,0.01,0,False,nan,nan,nan,nan,nan,nan,nan,nan,nan,nan,12,17
ablation,matched,constant,2,25,12,30,8000,0.269315,5.0659e-05,0.000204286,2.99589e-05,1,5.9714,2.70909,nan,0.0488759,nan,0.0685014,5.90512,6.01332,6.12036,True,0.269757,0.26975,0.268978,0.270566,5.07008e-05,5.07055e-05,5.04692e-05,5.09303e-05,0.000205302,0.000204898,0.00017457,0.000237384,2.99907e-05,2.99929e-05,2.98073e-05,3.0166e-05,-0.0479746,4,2,0,0.01,0,False,nan,nan,nan,nan,nan,nan,nan,nan,nan,nan,12,17
ablation,matched,constant,2,25,13,30,8000,0.269315,5.0659e-05,0.000204286,2.8804e-05,1,5.74522,2.60548,nan,0.0239732,nan,0.016713,5.66537,5.76551,5.8692,True,0.269769,0.269783,0.26901,0.270544,5.06937e-05,5.06976e-05,5.04692e-05,5.09215e-05,0.000206495,0.000206279,0.0001741,0.000240287,2.86492e-05,2.86444e-05,2.84754e-05,2.88316e-05,-0.0802941,3,2,0,0.01,0,False,nan,nan,nan,nan,nan,nan,nan,nan,nan,nan,12,17
ablation,matched,constant,2,25,14,30,8000,0.269315,5.0659e-05,0.000204286,2.82307e-05,1,5.63282,2.55397,nan,0.124666,nan,0.090595,5.41948,5.51687,5.6144,False,0.269673,0.269676,0.268889,0.270423,5.06957e-05,5.06911e-05,5.04574e-05,5.09261e-05,0.000187332,0.000187641,0.000155985,0.00021791,2.81571e-05,2.81549e-05,2.79841e-05,2.83327e-05,-0.0990795,6,2,0,0.01,0,False,nan,nan,nan,nan,nan,nan,nan,nan,nan,nan,12,17
ablation,matched,constant,2,25,15,30,8000,0.269315,5.0659e-05,0.000204286,2.70838e-05,1,5.40773,2.45183,nan,0.0535094,nan,0.0404558,5.3586,5.45484,5.55392,True,0.269643,0.269644,0.268834,0.270417,5.06962e-05,5.06968e-05,5.04692e-05,5.0922e-05,0.000193352,0.000192802,0.000162976,0.000226621,2.71745e-05,2.71773e-05,2.70032e-05,2.73405e-05,-0.116266,3,2,0,0.01,0,False,nan,nan,nan,nan,nan,nan,nan,nan,nan,nan,12,17
ablation,matched,constant,2,25,16,30,8000,0.269315,5.0659e-05,0.000204286,2.60455e-05,1,5.20368,2.35932,nan,0.0665654,nan,0.0333124,5.16949,5.26233,5.358,True,0.269553,0.269547,0.268769,0.270309,5.07026e-05,5.07052e-05,5.047e-05,5.09329e-05,0.00019848,0.000197539,0.000165676,0.00023358,2.59503e-05,2.59516e-05,2.57829e-05,2.6122e-05,-0.0845875,4,2,0,0.01,0,False,nan,nan,nan,nan,nan,nan,nan,nan,nan,nan,12,17
ablation,matched,constant,2,25,17,30,8000,0.269315,5.0659e-05,0.000204286,2.51845e-05,1,5.03429,2.28297,nan,0.00266568,nan,0.00931071,4.94418,5.03244,5.12415,True,0.269568,0.26957,0.268761,0.270374,5.06994e-05,5.07035e-05,5.04772e-05,5.09171e-05,0.0001911,0.000190007,0.000158867,0.000226989,2.51598e-05,2.5157e-05,2.49888e-05,2.53259e-05,-0.0890574,3,2,0,0.01,0,False,nan,nan,nan,nan,nan,nan,nan,nan,nan,nan,12,17
ablation,matched,constant,2,25,18,30,8000,0.269315,5.0659e-05,0.000204286,2.40856e-05,1,4.81784,2.18409,nan,0.0843269,nan,0.0717109,4.80494,4.89265,4.98483,True,0.26951,0.269511,0.268741,0.270287,5.06979e-05,5.07016e-05,5.04624e-05,5.09339e-05,0.00020152,0.000200414,0.000166317,0.000241783,2.40605e-05,2.40655e-05,2.38914e-05,2.42272e-05,-0.0521024,4,2,0,0.01,0,False,nan,nan,nan,nan,nan,nan,nan,nan,nan,nan,12,17
ablation,matched,constant,2,25,19,30,8000,0.269315,5.0659e-05,0.000204286,2.32065e-05,1,4.64446,2.10542,nan,0.0371459,nan,0.0383691,4.58958,4.67958,4.76369,True,0.26956,0.269554,0.268809,0.270298,5.06956e-05,5.06987e-05,5.0462e-05,5.09228e-05,0.000201136,0.000200044,0.000166458,0.000239924,2.32916e-05,2.32898e-05,2.31189e-05,2.3459e-05,-0.0681251,3,2,0,0.01,0,False,nan,nan,nan,nan,nan,nan,nan,nan,nan,nan,12,17
ablation,matched,constant,2,25,20,30,8000,0.269315,5.0659e-05,0.000204286,2.23609e-05,1,4.47753,2.02971,nan,0.0627942,nan,0.0418533,4.45053,4.53544,4.62007,True,0.269592,0.269599,0.268851,0.270355,5.06951e-05,5.06929e-05,5.04652e-05,5.09359e-05,0.000213144,0.000212511,0.000175637,0.000255619,2.24389e-05,2.24394e-05,2.22726e-05,2.26048e-05,-0.0778139,3,2,0,0.01,0,False,nan,nan,nan,nan,nan,nan,nan,nan,nan,nan,12,17
ablation,matched,constant,2,26,1,30,8000,0.487647,5.47067e-05,0.000222702,5.47067e-05,1,10.7779,7.66794,nan,3.90076,nan,0,7.70668,11.7524,17.326,True,0.488397,0.488446,0.484471,0.492383,5.4566e-05,5.45595e-05,5.42798e-05,5.48644e-05,0.000204399,0.000203732,0.000178234,0.000232103,5.4566e-05,5.45595e-05,5.42798e-05,5.48644e-05,-0.25091,18,2,0,0.01,0,False,nan,nan,nan,nan,nan,nan,nan,nan,nan,nan,12,15
ablation,matched,constant,2,26,2,30,8000,0.487647,5.47067e-05,0.000222702,5.14723e-05,1,10.1616,7.18501,nan,0.0551221,nan,0.124549,9.92705,10.1207,10.3074,True,0.489539,0.489535,0.48636,0.492722,5.46094e-05,5.46022e-05,5.43627e-05,5.48531e-05,0.000214263,0.000214569,0.000193762,0.000235314,5.14488e-05,5.14466e-05,5.12246e-05,5.16779e-05,-0.238421,5,2,0,0.01,0,False,nan,nan,nan,nan,nan,nan,nan,nan,nan,nan,12,15
ablation,matched,constant,2,26,3,30,8000,0.487647,5.47067e-05,0.000222702,4.79417e-05,1,9.48609,6.69536,nan,0.0858071,nan,0.0394381,9.38579,9.55012,9.71697,True,0.487801,0.487768,0.485285,0.490413,5.46412e-05,5.46439e-05,5.44055e-05,5.48737e-05,0.000212674,0.000213048,0.000191728,0.000233902,4.79226e-05,4.79265e-05,4.76987e-05,4.81329e-05,-0.213729,5,2,0,0.01,0,False,nan,nan,nan,nan,nan,nan,nan,nan,nan,nan,12,15
ablation,matched,constant,2,26,4,30,8000,0.487647,5.47067e-05,0.000222702,4.47788e-05,1,8.87832,6.25964,nan,0.0939005,nan,0.0543851,8.79719,8.95427,9.11226,True,0.488852,0.488833,0.486515,0.491126,5.46283e-05,5.46278e-05,5.43955e-05,5.48677e-05,0.000214535,0.000214419,0.000192357,0.000237387,4.49115e-05,4.49102e-05,4.47137e-05,4.51148e-05,-0.159836,4,2,0,0.01,0,False,nan,nan,nan,nan,nan,nan,nan,nan,nan,nan,12,15
ablation,matched,constant,2,26,5,30,8000,0.487647,5.47067e-05,0.000222702,4.197e-05,1,8.33654,5.87335,nan,0.121786,nan,0.0566721,8.28892,8.43463,8.58263,True,0.489101,0.489092,0.486969,0.491247,5.46348e-05,5.4636e-05,5.43984e-05,5.48675e-05,0.00022178,0.00022176,0.000197656,0.000247367,4.18819e-05,4.18836e-05,4.16844e-05,4.20882e-05,-0.14881,5,2,0,0.01,0,False,nan,nan,nan,nan,nan,nan,nan,nan,nan,nan,12,15
ablation,matched,constant,2,26,6,30,8000,0.487647,5.47067e-05,0.000222702,3.95253e-05,1,7.86339,5.53589,nan,0.0322974,nan,0.0427702,7.7479,7.88578,8.01722,True,0.488196,0.488204,0.486208,0.490181,5.46562e-05,5.46584e-05,5.44168e-05,5.4901e-05,0.000225395,0.000225411,0.000199482,0.000251846,3.95034e-05,3.95016e-05,3.9311e-05,3.97069e-05,-0.12842,4,2,0,0.01,0,False,nan,nan,nan,nan,nan,nan,nan,nan,nan,nan,12,15
ablation,matched,constant,2,26,7,30,8000,0.487647,5.47067e-05,0.000222702,3.75961e-05,1,7.48896,5.26414,nan,0.0298882,nan,0.0190453,7.32702,7.46129,7.59846,True,0.488051,0.488053,0.486172,0.490023,5.46535e-05,5.46528e-05,5.44184e-05,5.49019e-05,0.000215378,0.00021509,0.000190908,0.000241262,3.76738e-05,3.76738e-05,3.74855e-05,3.78598e-05,-0.155857,5,2,0,0.01,0,False,nan,nan,nan,nan,nan,nan,nan,nan,nan,nan,12,15
ablation,matched,constant,2,26,8,30,8000,0.487647,5.47067e-05,0.000222702,3.59878e-05,1,7.1761,5.03609,nan,0.0115828,nan,0.0503226,7.04012,7.16391,7.29215,True,0.487982,0.487956,0.486172,0.489818,5.46535e-05,5.46558e-05,5.43955e-05,5.49037e-05,0.000205856,0.000205126,0.000180974,0.000233125,3.59363e-05,3.59324e-05,3.57645e-05,3.61133e-05,-0.163502,3,2,0,0.01,0,False,nan,nan,nan,nan,nan,nan,nan,nan,nan,nan,12,15
ablation,matched,constant,2,26,9,30,8000,0.487647,5.47067e-05,0.000222702,3.42589e-05,1,6.83905,4.79718,nan,0.0461649,nan,0.0126397,6.75896,6.87394,6.99712,True,0.487745,0.487742,0.486036,0.489407,5.46604e-05,5.46648e-05,5.44289e-05,5.48796e-05,0.000216264,0.00021575,0.000189255,0.000246318,3.43014e-05,3.42976e-05,3.41224e-05,3.44784e-05,-0.132408,4,2,0,0.01,0,False,nan,nan,nan,nan,nan,nan,nan,nan,nan,nan,12,15
ablation,matched,constant,2,26,10,30,8000,0.487647,5.47067e-05,0.000222702,3.24993e-05,1,6.49524,4.5566,nan,0.0781326,nan,0.0558339,6.44171,6.56093,6.67264,True,0.487818,0.487797,0.486202,0.489485,5.46557e-05,5.46561e-05,5.44097e-05,5.4882e-05,0.000229041,0.000228751,0.000199576,0.000260911,3.244e-05,3.24345e-05,3.22495e-05,3.26375e-05,-0.154016,4,2,0.160482,0.01,0,False,nan,nan,nan,nan,nan,nan,nan,nan,nan,nan,12,15
ablation,matched,constant,2,26,11,30,8000,0.487647,5.47067e-05,0.000222702,3.13453e-05,1,6.26935,4.39338,nan,0.0778338,nan,0.0511665,6.09441,6.20514,6.32115,True,0.487854,0.487836,0.486189,0.4895,5.46552e-05,5.46593e-05,5.44149e-05,5.48781e-05,0.000225101,0.000225083,0.000195309,0.000255566,3.11146e-05,3.11136e-05,3.09478e-05,3.1286e-05,-0.121055,4,2,0,0.01,0,False,nan,nan,nan,nan,nan,nan,nan,nan,nan,nan,12,15
ablation,matched,constant,2,26,12,30,8000,0.487647,5.47067e-05,0.000222702,3.06431e-05,1,6.13173,4.29199,nan,0.189055,nan,0.135294,5.86779,5.97294,6.07783,False,0.487739,0.487741,0.486015,0.489416,5.46514e-05,5.46465e-05,5.4418e-05,5.48905e-05,0.000211055,0.000210814,0.000182167,0.000240805,3.04832e-05,3.04826e-05,3.03119e-05,3.06603e-05,-0.122962,6,2,0,0.01,0,False,nan,nan,nan,nan,nan,nan,nan,nan,nan,nan,12,15
ablation,matched,constant,2,26,13,30,8000,0.487647,5.47067e-05,0.000222702,2.87613e-05,1,5.76228,4.03664,nan,0.141655,nan,0.155034,5.7745,5.88008,5.98599,False,0.487885,0.487914,0.486317,0.489484,5.46567e-05,5.46571e-05,5.44108e-05,5.49016e-05,0.000220118,0.000219558,0.000189588,0.000251043,2.89967e-05,2.8993e-05,2.88332e-05,2.91602e-05,-0.115669,4,2,0,0.01,0,False,nan,nan,nan,nan,nan,nan,nan,nan,nan,nan,12,15
ablation,matched,constant,2,26,14,30,8000,0.487647,5.47067e-05,0.000222702,2.78969e-05,1,5.59227,3.91517,nan,0.00617949,nan,0.0507598,5.49876,5.59731,5.69373,True,0.487938,0.487954,0.486325,0.489509,5.46509e-05,5.4648e-05,5.43979e-05,5.48883e-05,0.000228793,0.000228124,0.00019646,0.000264838,2.78458e-05,2.78447e-05,2.76801e-05,2.80135e-05,-0.114434,3,2,0,0.01,0,False,nan,nan,nan,nan,nan,nan,nan,nan,nan,nan,12,15
ablation,matched,constant,2,26,15,30,8000,0.487647,5.47067e-05,0.000222702,2.69124e-05,1,5.3984,3.77881,nan,0.0279794,nan,0.00767152,5.27636,5.37533,5.47512,True,0.488068,0.488088,0.486524,0.489509,5.46492e-05,5.465e-05,5.44068e-05,5.48817e-05,0.00022136,0.00022084,0.000187624,0.000256264,2.68551e-05,2.68552e-05,2.66929e-05,2.70153e-05,-0.0609001,3,2,0,0.01,0,False,nan,nan,nan,nan,nan,nan,nan,nan,nan,nan,12,15
ablation,matched,constant,2,26,16,30,8000,0.487647,5.47067e-05,0.000222702,2.62514e-05,1,5.26811,3.68682,nan,0.077241,nan,0.0677147,5.11331,5.20069,5.29675,True,0.487988,0.487956,0.486512,0.489506,5.46438e-05,5.4642e-05,5.44112e-05,5.4879e-05,0.000222047,0.000221237,0.00018717,0.000261704,2.63463e-05,2.63494e-05,2.61816e-05,2.65041e-05,-0.0706147,5,2,0,0.01,0,False,nan,nan,nan,nan,nan,nan,nan,nan,nan,nan,12,15
ablation,matched,constant,2,26,17,30,8000,0.487647,5.47067e-05,0.000222702,2.53459e-05,1,5.08943,3.56178,nan,0.0235733,nan,0.000693107,5.01618,5.10752,5.2059,True,0.487883,0.487853,0.48644,0.489438,5.46522e-05,5.46545e-05,5.44044e-05,5.48857e-05,0.000233463,0.000233433,0.000195991,0.000273125,2.53126e-05,2.53135e-05,2.51463e-05,2.54816e-05,-0.086868,3,2,0,0.01,0,False,nan,nan,nan,nan,nan,nan,nan,nan,nan,nan,12,15
ablation,matched,constant,2,26,18,30,8000,0.487647,5.47067e-05,0.000222702,2.47072e-05,1,4.96327,3.47401,nan,0.0705631,nan,0.0481842,4.81582,4.90345,4.99422,True,0.487924,0.487902,0.486469,0.489456,5.46419e-05,5.46432e-05,5.44079e-05,5.48777e-05,0.00021887,0.000218272,0.000181989,0.000257717,2.46525e-05,2.46507e-05,2.44931e-05,2.48153e-05,-0.0552035,4,2,0,0.01,0,False,nan,nan,nan,nan,nan,nan,nan,nan,nan,nan,12,15
ablation,matched,constant,2,26,19,30,8000,0.487647,5.47067e-05,0.000222702,2.37899e-05,1,4.78189,3.34684,nan,0.0178612,nan,0.0275265,4.70523,4.79686,4.88503,True,0.48785,0.487855,0.486363,0.48936,5.46509e-05,5.46491e-05,5.4414e-05,5.48863e-05,0.000229994,0.000228271,0.00019263,0.000270533,2.3782e-05,2.37828e-05,2.36321e-05,2.39367e-05,-0.104697,3,2,0,0.01,0,False,nan,nan,nan,nan,nan,nan,nan,nan,nan,nan,12,15
ablation,matched,constant,2,26,20,30,8000,0.487647,5.47067e-05,0.000222702,2.31422e-05,1,4.65368,3.25761,nan,0.0318812,nan,0.022736,4.5445,4.62652,4.71262,True,0.487924,0.48791,0.486562,0.48945,5.46456e-05,5.46514e-05,5.44004e-05,5.48855e-05,0.000231281,0.000230647,0.000192792,0.000270612,2.31471e-05,2.31456e-05,2.30032e-05,2.33039e-05,-0.114551,3,2,0,0.01,0,False,nan,nan,nan,nan,nan,nan,nan,nan,nan,nan,12,15
ablation,matched,constant,2,27,1,30,8000,0.325409,5.78473e-05,0.000232689,5.78473e-05,1,11.3,6.11221,nan,2.73157,nan,0,7.69374,11.7304,17.0123,True,0.322828,0.322748,0.32044,0.325469,5.7907e-05,5.79034e-05,5.75977e-05,5.82116e-05,0.000226751,0.000226635,0.000200312,0.000253139,5.7907e-05,5.79034e-05,5.75977e-05,5.82116e-05,-0.230783,18,2,0,0.01,0,False,nan,nan,nan,nan,nan,nan,nan,nan,nan,nan,12,13
ablation,matched,constant,2,27,2,30,8000,0.325409,5.78473e-05,0.000232689,5.3041e-05,1,10.3943,5.62159,nan,0.125252,nan,0.0897877,10.3231,10.5145,10.7125,True,0.324757,0.32477,0.322737,0.32678,5.79155e-05,5.79157e-05,5.76371e-05,5.81967e-05,0.00023696,0.000237035,0.000214602,0.000258514,5.31348e-05,5.31335e-05,5.28894e-05,5.33813e-05,-0.204833,6,2,0,0.01,0,False,nan,nan,nan,nan,nan,nan,nan,nan,nan,nan,12,13
ablation,matched,constant,2,27,3,30,8000,0.325409,5.78473e-05,0.000232689,4.88371e-05,1,9.5974,5.19318,nan,0.10034,nan,0.105724,9.51854,9.69055,9.8513,True,0.3247,0.324689,0.32309,0.326325,5.7898e-05,5.78962e-05,5.76391e-05,5.81811e-05,0.000233314,0.000233027,0.000210855,0.000256189,4.88927e-05,4.88899e-05,4.86641e-05,4.91279e-05,-0.153821,4,2,0,0.01,0,False,nan,nan,nan,nan,nan,nan,nan,nan,nan,nan,12,13
ablation,matched,constant,2,27,4,30,8000,0.325409,5.78473e-05,0.000232689,4.5778e-05,1,9.01471,4.86815,nan,0.0210866,nan,0.0219327,8.83942,9.0006,9.16387,True,0.32449,0.324512,0.323021,0.326,5.79167e-05,5.79157e-05,5.76642e-05,5.81827e-05,0.00023859,0.000238517,0.000215032,0.000263775,4.59428e-05,4.59416e-05,4.57308e-05,4.61537e-05,-0.1573,5,2,0,0.01,0,False,nan,nan,nan,nan,nan,nan,nan,nan,nan,nan,12,13
ablation,matched,constant,2,27,5,30,8000,0.325409,5.78473e-05,0.000232689,4.27758e-05,1,8.44056,4.55692,nan,0.0563731,nan,0.0458215,8.34006,8.49203,8.64142,True,0.324517,0.324523,0.323101,0.325953,5.79202e-05,5.79209e-05,5.76638e-05,5.81785e-05,0.00024085,0.000240807,0.000215181,0.000266847,4.28433e-05,4.28431e-05,4.26303e-05,4.30662e-05,-0.159139,4,2,0,0.01,0,False,nan,nan,nan,nan,nan,nan,nan,nan,nan,nan,12,13
ablation,matched,constant,2,27,6,30,8000,0.325409,5.78473e-05,0.000232689,4.04483e-05,1,7.99385,4.30928,nan,0.0428889,nan,0.0253614,7.81719,7.96022,8.10612,True,0.324979,0.324977,0.323701,0.326277,5.79223e-05,5.79256e-05,5.76831e-05,5.81789e-05,0.000242231,0.000242305,0.000215373,0.000269143,4.06596e-05,4.0658e-05,4.04568e-05,4.08702e-05,-0.152968,4,2,0,0.01,0,False,nan,nan,nan,nan,nan,nan,nan,nan,nan,nan,12,13
ablation,matched,constant,2,27,7,30,8000,0.325409,5.78473e-05,0.000232689,3.78079e-05,1,7.48539,4.03973,nan,0.108809,nan,0.0968339,7.44893,7.58014,7.7187,True,0.325266,0.325271,0.324053,0.326465,5.79133e-05,5.79133e-05,5.76712e-05,5.81595e-05,0.000244006,0.000244191,0.000216375,0.000271171,3.80375e-05,3.8039e-05,3.78405e-05,3.82336e-05,-0.119706,4,2,0,0.01,0,False,nan,nan,nan,nan,nan,nan,nan,nan,nan,nan,12,13
ablation,matched,constant,2,27,8,30,8000,0.325409,5.78473e-05,0.000232689,3.63097e-05,1,7.19608,3.87376,nan,0.0773479,nan,0.0921487,6.99947,7.12703,7.25429,True,0.325134,0.3251,0.324004,0.326346,5.79235e-05,5.79209e-05,5.76753e-05,5.81701e-05,0.000259086,0.000258857,0.000230214,0.000290147,3.6338e-05,3.63391e-05,3.61323e-05,3.65443e-05,-0.112516,5,2,0,0.01,0,False,nan,nan,nan,nan,nan,nan,nan,nan,nan,nan,12,13
ablation,matched,constant,2,27,9,30,8000,0.325409,5.78473e-05,0.000232689,3.46495e-05,1,6.87481,3.69785,nan,0.0845646,nan,0.0254166,6.67525,6.80153,6.92354,True,0.325498,0.325531,0.32429,0.32667,5.79166e-05,5.7916e-05,5.76752e-05,5.81714e-05,0.000261846,0.000260894,0.000231149,0.000294739,3.45425e-05,3.45402e-05,3.43469e-05,3.47322e-05,-0.0752932,4,2,0,0.01,0,False,nan,nan,nan,nan,nan,nan,nan,nan,nan,nan,12,13
ablation,matched,constant,2,27,10,30,8000,0.325409,5.78473e-05,0.000232689,3.29071e-05,1,6.53684,3.5161,nan,0.0578032,nan,0.026268,6.36372,6.48484,6.60922,True,0.325154,0.325155,0.324053,0.32627,5.79265e-05,5.79219e-05,5.76633e-05,5.82075e-05,0.000254162,0.000253996,0.000221419,0.000285603,3.29506e-05,3.29538e-05,3.27611e-05,3.31327e-05,-0.0973273,4,2,0,0.01,0,False,nan,nan,nan,nan,nan,nan,nan,nan,nan,nan,12,13
ablation,matched,constant,2,27,11,30,8000,0.325409,5.78473e-05,0.000232689,3.13307e-05,1,6.2304,3.35131,nan,0.0133712,nan,0.0240304,6.1087,6.22194,6.33727,True,0.324886,0.324903,0.32367,0.326012,5.7938e-05,5.79344e-05,5.76825e-05,5.82073e-05,0.000242278,0.000241982,0.000209357,0.00027581,3.13444e-05,3.13433e-05,3.11594e-05,3.15285e-05,-0.104896,3,2,0,0.01,0,False,nan,nan,nan,nan,nan,nan,nan,nan,nan,nan,12,13
ablation,matched,constant,2,27,12,30,8000,0.325409,5.78473e-05,0.000232689,3.01891e-05,1,6.00807,3.22924,nan,0.0588055,nan,0.0416644,5.85001,5.95701,6.06448,True,0.324995,0.325028,0.323874,0.32609,5.79325e-05,5.79288e-05,5.76697e-05,5.82055e-05,0.000233488,0.000232757,0.000201998,0.000269594,3.022e-05,3.02189e-05,3.00421e-05,3.04048e-05,-0.110686,4,2,0,0.01,0,False,nan,nan,nan,nan,nan,nan,nan,nan,nan,nan,12,13
ablation,matched,constant,2,27,13,30,8000,0.325409,5.78473e-05,0.000232689,2.81154e-05,1,5.60333,3.02058,nan,0.189474,nan,0.183026,5.66875,5.77505,5.87572,False,0.325129,0.325126,0.324095,0.32615,5.79082e-05,5.79083e-05,5.76572e-05,5.8158e-05,0.000255301,0.000255631,0.000215692,0.000295395,2.83051e-05,2.8307e-05,2.8121e-05,2.84836e-05,-0.108385,7,2,0,0.01,0,False,nan,nan,nan,nan,nan,nan,nan,nan,nan,nan,12,13
ablation,matched,constant,2,27,14,30,8000,0.325409,5.78473e-05,0.000232689,2.71238e-05,1,5.40939,2.91316,nan,0.0179271,nan,0.0188419,5.29467,5.39453,5.49815,True,0.325224,0.325208,0.324177,0.326257,5.79061e-05,5.79013e-05,5.76402e-05,5.81793e-05,0.000245886,0.000244997,0.000208069,0.000285448,2.70526e-05,2.70511e-05,2.68852e-05,2.72339e-05,-0.0801683,3,2,0,0.01,0,False,nan,nan,nan,nan,nan,nan,nan,nan,nan,nan,12,13
ablation,matched,constant,2,27,15,30,8000,0.325409,5.78473e-05,0.000232689,2.62072e-05,1,5.22988,2.81424,nan,0.0483509,nan,0.0192411,5.09524,5.18707,5.28249,True,0.325196,0.325197,0.324251,0.326174,5.79098e-05,5.79056e-05,5.76473e-05,5.81624e-05,0.000238031,0.000237233,0.000199907,0.000279102,2.61913e-05,2.61864e-05,2.60204e-05,2.63658e-05,-0.0734076,3,2,0,0.01,0,False,nan,nan,nan,nan,nan,nan,nan,nan,nan,nan,12,13
ablation,matched,constant,2,27,16,30,8000,0.325409,5.78473e-05,0.000232689,2.53523e-05,1,5.06224,2.72235,nan,0.0289308,nan,0.0183992,4.94445,5.03689,5.13128,True,0.325136,0.32515,0.324154,0.326067,5.79057e-05,5.79086e-05,5.76158e-05,5.8163e-05,0.000226579,0.000225391,0.000189892,0.000266618,2.53891e-05,2.53905e-05,2.52239e-05,2.55591e-05,-0.0580148,3,2,0,0.01,0,False,nan,nan,nan,nan,nan,nan,nan,nan,nan,nan,12,13
ablation,matched,constant,2,27,17,30,8000,0.325409,5.78473e-05,0.000232689,2.48676e-05,1,4.96711,2.66831,nan,0.0735686,nan,0.0869485,4.81299,4.90223,4.98928,True,0.324962,0.324975,0.324,0.32588,5.79235e-05,5.79329e-05,5.76527e-05,5.81796e-05,0.000228284,0.000227521,0.000190711,0.00026787,2.48167e-05,2.48177e-05,2.46476e-05,2.4977e-05,-0.0978104,4,2,0,0.01,0,False,nan,nan,nan,nan,nan,nan,nan,nan,nan,nan,12,13
ablation,matched,constant,2,27,18,30,8000,0.325409,5.78473e-05,0.000232689,2.43871e-05,1,4.87276,2.61765,nan,0.0861407,nan,0.0807213,4.70964,4.79735,4.88948,True,0.324999,0.325007,0.324018,0.325922,5.79196e-05,5.79237e-05,5.76441e-05,5.81693e-05,0.000218241,0.000217276,0.000181201,0.000257893,2.4427e-05,2.44258e-05,2.42604e-05,2.45953e-05,-0.0515809,5,2,0,0.01,0,False,nan,nan,nan,nan,nan,nan,nan,nan,nan,nan,12,13
ablation,matched,constant,2,27,19,30,8000,0.325409,5.78473e-05,0.000232689,2.36244e-05,1,4.72284,2.53739,nan,0.0115502,nan,0.011483,4.64202,4.73283,4.82264,True,0.324972,0.32498,0.324009,0.325945,5.7915e-05,5.79157e-05,5.76415e-05,5.81688e-05,0.000228726,0.000227224,0.000189702,0.000274666,2.35905e-05,2.35913e-05,2.34183e-05,2.37562e-05,-0.0606194,3,2,0,0.01,0,False,nan,nan,nan,nan,nan,nan,nan,nan,nan,nan,12,13
ablation,matched,constant,2,27,20,30,8000,0.325409,5.78473e-05,0.000232689,2.25738e-05,1,4.51608,2.42573,nan,0.0588998,nan,0.0630114,4.48647,4.56957,4.65143,True,0.324839,0.324838,0.323857,0.325802,5.79219e-05,5.79238e-05,5.76409e-05,5.81778e-05,0.000235322,0.000234989,0.000194003,0.000282248,2.26515e-05,2.26515e-05,2.24907e-05,2.28124e-05,-0.0385789,3,2,0,0.01,0,False,nan,nan,nan,nan,nan,nan,nan,nan,nan,nan,12,13
ablation,matched,constant,2,28,1,30,8000,0.749298,5.07873e-05,0.000248174,5.07873e-05,1,10.0329,8.8673,nan,4.82142,nan,0,8.08199,11.6746,17.3466,True,0.751821,0.751826,0.746022,0.75777,5.06206e-05,5.06286e-05,5.03428e-05,5.08966e-05,0.000230169,0.000231006,0.000199314,0.000259459,5.06206e-05,5.06286e-05,5.03428e-05,5.08966e-05,-0.261305,18,2,0,0.01,0,False,nan,nan,nan,nan,nan,nan,nan,nan,nan,nan,12,13
ablation,matched,constant,2,28,2,30,8000,0.749298,5.07873e-05,0.000248174,4.62253e-05,1,9.16136,8.11599,nan,0.295124,nan,0.231699,9.21781,9.38254,9.56715,False,0.752829,0.752856,0.74839,0.757218,5.0765e-05,5.07582e-05,5.05241e-05,5.10002e-05,0.00026351,0.000262631,0.00023831,0.000291006,4.63663e-05,4.6363e-05,4.616e-05,4.65901e-05,-0.19622,7,2,0,0.0123598,0,False,nan,nan,nan,nan,nan,nan,nan,nan,nan,nan,12,13
ablation,matched,constant,2,28,3,30,8000,0.749298,5.07873e-05,0.000248174,4.31663e-05,1,8.57383,7.56662,nan,0.025865,nan,0.010016,8.37709,8.55677,8.73435,True,0.751772,0.751757,0.747882,0.755591,5.07788e-05,5.0774e-05,5.05525e-05,5.10123e-05,0.000263492,0.000263339,0.000237435,0.000289352,4.31977e-05,4.31941e-05,4.30035e-05,4.34108e-05,-0.224055,5,2,0,0.0112107,0,False,nan,nan,nan,nan,nan,nan,nan,nan,nan,nan,12,13
ablation,matched,constant,2,28,4,30,8000,0.749298,5.07873e-05,0.000248174,3.98685e-05,1,7.93756,7.01721,nan,0.117514,nan,0.162422,7.86525,8.02564,8.17871,True,0.752409,0.752461,0.749057,0.755668,5.0769e-05,5.07696e-05,5.0545e-05,5.09965e-05,0.000261384,0.000261019,0.000236256,0.000289061,3.99828e-05,3.99791e-05,3.98048e-05,4.01733e-05,-0.213427,5,2,0,0.0109931,0,False,nan,nan,nan,nan,nan,nan,nan,nan,nan,nan,12,13
ablation,matched,constant,2,28,5,30,8000,0.749298,5.07873e-05,0.000248174,3.73189e-05,1,7.44361,6.57425,nan,0.0623527,nan,0.0707366,7.33891,7.48399,7.63283,True,0.752228,0.752243,0.749103,0.755261,5.078e-05,5.07763e-05,5.05638e-05,5.10008e-05,0.000268351,0.000267701,0.000239972,0.000298558,3.73414e-05,3.73419e-05,3.71556e-05,3.7531e-05,-0.139508,4,2,0,0.010441,0,False,nan,nan,nan,nan,nan,nan,nan,nan,nan,nan,12,13
ablation,matched,constant,2,28,6,30,8000,0.749298,5.07873e-05,0.000248174,3.52238e-05,1,7.03636,6.20116,nan,0.025186,nan,0.0256663,6.88814,7.01593,7.15267,True,0.751344,0.751372,0.748449,0.754211,5.07906e-05,5.07857e-05,5.05712e-05,5.10142e-05,0.000267041,0.000266643,0.000238256,0.00029777,3.51915e-05,3.51889e-05,3.50115e-05,3.53745e-05,-0.183076,4,2,0,0.01,0,False,nan,nan,nan,nan,nan,nan,nan,nan,nan,nan,12,13
ablation,matched,constant,2,28,7,30,8000,0.749298,5.07873e-05,0.000248174,3.27265e-05,1,6.54933,5.79617,nan,0.128334,nan,0.179757,6.52818,6.64421,6.76303,True,0.751412,0.751373,0.748636,0.754288,5.078e-05,5.07753e-05,5.0556e-05,5.09983e-05,0.000261424,0.000261006,0.000231086,0.000293732,3.27064e-05,3.27061e-05,3.25347e-05,3.28838e-05,-0.158006,6,2,0,0.0107127,0,False,nan,nan,nan,nan,nan,nan,nan,nan,nan,nan,12,13
ablation,matched,constant,2,28,8,30,8000,0.749298,5.07873e-05,0.000248174,3.07259e-05,1,6.15789,5.46083,nan,0.0872167,nan,0.115249,6.10591,6.21994,6.33942,True,0.751265,0.751234,0.748554,0.754046,5.07896e-05,5.07884e-05,5.05753e-05,5.10109e-05,0.000261689,0.000260968,0.000230179,0.000296731,3.07772e-05,3.07746e-05,3.06171e-05,3.09438e-05,-0.132902,4,2,0,0.0106298,0,False,nan,nan,nan,nan,nan,nan,nan,nan,nan,nan,12,13
ablation,matched,constant,2,28,9,30,8000,0.749298,5.07873e-05,0.000248174,2.89938e-05,1,5.8181,5.16672,nan,0.0815017,nan,0.0929131,5.77016,5.87786,5.98984,True,0.751299,0.751308,0.748681,0.753845,5.07906e-05,5.07974e-05,5.05638e-05,5.10063e-05,0.00027337,0.00027323,0.000238294,0.000310634,2.90667e-05,2.90633e-05,2.89135e-05,2.92247e-05,-0.0910818,4,2,0,0.0104639,0,False,nan,nan,nan,nan,nan,nan,nan,nan,nan,nan,12,13
ablation,matched,constant,2,28,10,30,8000,0.749298,5.07873e-05,0.000248174,2.74942e-05,1,5.52321,4.90807,nan,0.0508386,nan,0.0713811,5.45868,5.55704,5.66291,True,0.751218,0.751285,0.74873,0.753682,5.0796e-05,5.07969e-05,5.05684e-05,5.10248e-05,0.000290623,0.000289986,0.00025183,0.000331667,2.74647e-05,2.74637e-05,2.72979e-05,2.76316e-05,-0.0982148,4,2,0,0.0103642,0,False,nan,nan,nan,nan,nan,nan,nan,nan,nan,nan,12,13
ablation,matched,constant,2,28,11,30,8000,0.749298,5.07873e-05,0.000248174,2.68619e-05,1,5.39868,4.75642,nan,0.190527,nan,0.117555,5.14859,5.24682,5.35019,False,0.750971,0.750986,0.748325,0.753696,5.07892e-05,5.07889e-05,5.05694e-05,5.10065e-05,0.000264354,0.000263564,0.000229189,0.000301675,2.67803e-05,2.67793e-05,2.66293e-05,2.69328e-05,-0.120111,6,2,0,0.0116076,0,False,nan,nan,nan,nan,nan,nan,nan,nan,nan,nan,12,13
ablation,matched,constant,2,28,12,30,8000,0.749298,5.07873e-05,0.000248174,2.55164e-05,1,5.13331,4.52961,nan,0.0359124,nan,0.0753966,5.0539,5.15715,5.265,True,0.751371,0.751398,0.748953,0.753893,5.07797e-05,5.07797e-05,5.05567e-05,5.10011e-05,0.000268334,0.000267184,0.000229596,0.000310051,2.56121e-05,2.56087e-05,2.54569e-05,2.57726e-05,-0.134442,3,2,0,0.0111992,0,False,nan,nan,nan,nan,nan,nan,nan,nan,nan,nan,12,13
ablation,matched,constant,2,28,13,30,8000,0.749298,5.07873e-05,0.000248174,2.47452e-05,1,4.98098,4.37648,nan,0.0477908,nan,0.0447296,4.83913,4.94384,5.04468,True,0.75171,0.751747,0.749294,0.754079,5.07828e-05,5.07849e-05,5.05562e-05,5.10014e-05,0.000267131,0.000266338,0.000229435,0.00030734,2.47242e-05,2.47241e-05,2.45714e-05,2.4873e-05,-0.108065,4,2,0,0.0108834,0,False,nan,nan,nan,nan,nan,nan,nan,nan,nan,nan,12,13
ablation,matched,constant,2,28,14,30,8000,0.749298,5.07873e-05,0.000248174,2.39432e-05,1,4.82237,4.22534,nan,0.0471161,nan,0.0228765,4.69166,4.78331,4.87656,True,0.752023,0.752013,0.74975,0.754452,5.07705e-05,5.07669e-05,5.05525e-05,5.09865e-05,0.000260168,0.000259169,0.000221813,0.000300079,2.39747e-05,2.39751e-05,2.38236e-05,2.41228e-05,-0.0734071,3,2,0,0.0107047,0,False,nan,nan,nan,nan,nan,nan,nan,nan,nan,nan,12,13
ablation,matched,constant,2,28,15,30,8000,0.749298,5.07873e-05,0.000248174,2.33376e-05,1,4.70249,4.10356,nan,0.0642911,nan,0.0586215,4.56217,4.64856,4.7423,True,0.752306,0.75229,0.749998,0.754643,5.07668e-05,5.07652e-05,5.05498e-05,5.09841e-05,0.000258073,0.000257226,0.000220435,0.000297912,2.33245e-05,2.33243e-05,2.31719e-05,2.3479e-05,-0.0569201,4,2,0,0.010615,0,False,nan,nan,nan,nan,nan,nan,nan,nan,nan,nan,12,13
ablation,matched,constant,2,28,16,30,8000,0.749298,5.07873e-05,0.000248174,2.2773e-05,1,4.59063,3.9917,nan,0.0689179,nan,0.0586536,4.45166,4.53342,4.61899,True,0.751696,0.751724,0.749371,0.753971,5.07812e-05,5.07826e-05,5.05662e-05,5.09978e-05,0.000239044,0.000238393,0.000204279,0.000277119,2.27918e-05,2.2793e-05,2.26421e-05,2.2939e-05,-0.121403,5,2,0,0.010713,0,False,nan,nan,nan,nan,nan,nan,nan,nan,nan,nan,12,13
ablation,matched,constant,2,28,17,30,8000,0.749298,5.07873e-05,0.000248174,2.19126e-05,1,4.41998,3.84397,nan,0.0449358,nan,0.0261596,4.36788,4.45007,4.54013,True,0.751764,0.751779,0.749565,0.753982,5.07779e-05,5.07776e-05,5.05678e-05,5.09888e-05,0.000246932,0.000246772,0.000208531,0.000287638,2.19907e-05,2.19911e-05,2.18486e-05,2.21374e-05,-0.0601975,3,2,0,0.0104172,0,False,nan,nan,nan,nan,nan,nan,nan,nan,nan,nan,12,13
ablation,matched,constant,2,28,18,30,8000,0.749298,5.07873e-05,0.000248174,2.1478e-05,1,4.3337,3.75561,nan,0.0446879,nan,0.0682796,4.21316,4.29607,4.37539,True,0.75186,0.751857,0.749675,0.754084,5.07773e-05,5.07781e-05,5.05671e-05,5.09945e-05,0.000242207,0.000241813,0.000201857,0.000285382,2.14883e-05,2.14886e-05,2.13397e-05,2.16291e-05,-0.0656378,3,2,0,0.0103196,0,False,nan,nan,nan,nan,nan,nan,nan,nan,nan,nan,12,13
ablation,matched,constant,2,28,19,30,8000,0.749298,5.07873e-05,0.000248174,2.09033e-05,1,4.21953,3.65093,nan,0.0148464,nan,0.0256623,4.12841,4.20466,4.2882,True,0.751751,0.75182,0.749578,0.753857,5.07792e-05,5.0778e-05,5.05684e-05,5.09923e-05,0.000236667,0.00023629,0.000194256,0.000280645,2.08625e-05,2.08589e-05,2.07227e-05,2.10093e-05,-0.0429763,3,2,0,0.0100486,0,False,nan,nan,nan,nan,nan,nan,nan,nan,nan,nan,12,13
ablation,matched,constant,2,28,20,30,8000,0.749298,5.07873e-05,0.000248174,2.03324e-05,1,4.10601,3.54862,nan,0.015924,nan,0.017676,4.01896,4.09118,4.16934,True,0.751717,0.751796,0.74957,0.753755,5.07765e-05,5.07794e-05,5.05555e-05,5.09862e-05,0.000231705,0.000231003,0.000190081,0.000276041,2.01949e-05,2.01923e-05,2.00593e-05,2.03356e-05,-0.111909,3,2,0,0.01,0,False,nan,nan,nan,nan,nan,nan,nan,nan,nan,nan,12,13
ablation,matched,constant,2,29,1,30,8000,0.000914479,6.16461e-05,0.00027674,6.16461e-05,1,11.882,3.1603,nan,4.14876,nan,0,7.80743,11.7444,16.9189,True,0.000900777,0.000902634,0.000856981,0.000943642,6.13234e-05,6.13388e-05,6.08839e-05,6.17334e-05,0.000253369,0.000255206,0.000217842,0.000285675,6.13234e-05,6.13388e-05,6.08839e-05,6.17334e-05,-0.0664815,16,2,0,0.01,0,False,nan,nan,nan,nan,nan,nan,nan,nan,nan,nan,12,10
ablation,matched,constant,2,29,2,30,8000,0.000914479,6.16461e-05,0.00027674,5.57607e-05,1,10.7977,2.88475,nan,0.0837951,nan,0.00154199,10.6635,10.8752,11.1049,True,0.000914936,0.000914358,0.000881767,0.000950904,6.14023e-05,6.14042e-05,6.10458e-05,6.17479e-05,0.000264071,0.000264523,0.000237017,0.000290385,5.54298e-05,5.5432e-05,5.51282e-05,5.57335e-05,0.021811,5,2,0,0.01,0,False,nan,nan,nan,nan,nan,nan,nan,nan,nan,nan,12,10
ablation,matched,constant,2,29,3,30,8000,0.000914479,6.16461e-05,0.00027674,5.09381e-05,1,9.90168,2.65828,nan,0.0101967,nan,0.00567152,9.71174,9.89618,10.0762,True,0.000912798,0.000912844,0.000883939,0.000940911,6.14033e-05,6.1406e-05,6.10872e-05,6.17367e-05,0.000262725,0.000262565,0.000236528,0.000288783,5.09006e-05,5.08977e-05,5.0649e-05,5.11632e-05,0.0150113,4,2,0,0.01,0,False,nan,nan,nan,nan,nan,nan,nan,nan,nan,nan,12,10
ablation,matched,constant,2,29,4,30,8000,0.000914479,6.16461e-05,0.00027674,4.65778e-05,1,9.08571,2.4637,nan,0.103132,nan,0.0530615,9.01926,9.18909,9.35017,True,0.000906011,0.00090549,0.000880913,0.00093112,6.13948e-05,6.13984e-05,6.10539e-05,6.17211e-05,0.000257507,0.000256632,0.00023242,0.000283896,4.64997e-05,4.64951e-05,4.62615e-05,4.67428e-05,0.000964655,5,2,0,0.01,0,False,nan,nan,nan,nan,nan,nan,nan,nan,nan,nan,12,10
ablation,matched,constant,2,29,5,30,8000,0.000914479,6.16461e-05,0.00027674,4.27091e-05,1,8.35701,2.30103,nan,0.134032,nan,0.082653,8.32938,8.48975,8.65113,True,0.00091159,0.000911437,0.000887866,0.000936305,6.14423e-05,6.14426e-05,6.11207e-05,6.17703e-05,0.000289302,0.000289016,0.000258864,0.000319082,4.27183e-05,4.27182e-05,4.24756e-05,4.29695e-05,-0.0261419,6,2,0,0.01,0,False,nan,nan,nan,nan,nan,nan,nan,nan,nan,nan,12,10
ablation,matched,constant,2,29,6,30,8000,0.000914479,6.16461e-05,0.00027674,4.02206e-05,1,7.88591,2.16056,nan,0.113963,nan,0.0799941,7.63419,7.77586,7.91812,True,0.000908672,0.00090874,0.000886685,0.000930461,6.143e-05,6.1426e-05,6.11225e-05,6.17535e-05,0.000264161,0.000264235,0.000234398,0.000294946,4.01149e-05,4.01114e-05,3.98978e-05,4.03335e-05,0.0384467,5,2,0,0.01,0,False,nan,nan,nan,nan,nan,nan,nan,nan,nan,nan,12,10
ablation,matched,constant,2,29,7,30,8000,0.000914479,6.16461e-05,0.00027674,3.70498e-05,1,7.2829,2.0412,nan,0.129006,nan,0.112205,7.27559,7.40919,7.55403,True,0.000902143,0.000901907,0.000880966,0.000924102,6.14418e-05,6.1438e-05,6.11279e-05,6.17577e-05,0.000261807,0.00026085,0.000230578,0.000295445,3.71743e-05,3.71694e-05,3.69689e-05,3.73923e-05,0.0146865,5,2,0,0.01,0,False,nan,nan,nan,nan,nan,nan,nan,nan,nan,nan,12,10
ablation,matched,constant,2,29,8,30,8000,0.000914479,6.16461e-05,0.00027674,3.50306e-05,1,6.8973,1.92962,nan,0.0209089,nan,0.0362408,6.79792,6.91445,7.04747,True,0.000900262,0.000900345,0.000879411,0.00092158,6.1441e-05,6.14346e-05,6.11207e-05,6.17649e-05,0.000260507,0.000259783,0.000228613,0.000293637,3.50465e-05,3.50484e-05,3.48356e-05,3.52592e-05,0.0235929,3,2,0,0.01,0,False,nan,nan,nan,nan,nan,nan,nan,nan,nan,nan,12,10
ablation,matched,constant,2,29,9,30,8000,0.000914479,6.16461e-05,0.00027674,3.25557e-05,1,6.42296,1.84178,nan,0.129458,nan,0.0960292,6.42902,6.5529,6.67354,False,0.000900174,0.000900434,0.000878664,0.000920844,6.14296e-05,6.14314e-05,6.1123e-05,6.17393e-05,0.000268046,0.000267955,0.000231192,0.000305825,3.25756e-05,3.25706e-05,3.23666e-05,3.27889e-05,0.0330425,5,2,0,0.0103355,0,False,nan,nan,nan,nan,nan,nan,nan,nan,nan,nan,12,10
ablation,matched,constant,2,29,10,30,8000,0.000914479,6.16461e-05,0.00027674,3.01631e-05,1,5.96259,1.7765,nan,0.150794,nan,0.131506,5.99721,6.11347,6.22454,False,0.000900405,0.000900455,0.000881625,0.000919562,6.1436e-05,6.14291e-05,6.11427e-05,6.17467e-05,0.000290799,0.000290469,0.00025062,0.000333443,3.03037e-05,3.03076e-05,3.00969e-05,3.05189e-05,0.0240989,6,2,0,0.0112957,0,False,nan,nan,nan,nan,nan,nan,nan,nan,nan,nan,12,10
ablation,matched,constant,2,29,11,30,8000,0.000914479,6.16461e-05,0.00027674,2.86304e-05,1,5.66673,1.69732,nan,0.0146912,nan,0.0104648,5.5675,5.68038,5.79391,True,0.000898952,0.00089869,0.000880966,0.000917895,6.14367e-05,6.1438e-05,6.11325e-05,6.17326e-05,0.000288248,0.000288396,0.000245693,0.000330965,2.86247e-05,2.86229e-05,2.84261e-05,2.88212e-05,-0.00248454,3,2,0,0.0108925,0,False,nan,nan,nan,nan,nan,nan,nan,nan,nan,nan,12,10
ablation,matched,constant,2,29,12,30,8000,0.000914479,6.16461e-05,0.00027674,2.72055e-05,1,5.391,1.62685,nan,0.00678221,nan,0.0174086,5.28326,5.39312,5.50638,True,0.000901203,0.000900962,0.00088221,0.000920881,6.14323e-05,6.14297e-05,6.11289e-05,6.17504e-05,0.000287184,0.000286443,0.000243733,0.000332812,2.69538e-05,2.69542e-05,2.6759e-05,2.71585e-05,-0.0220291,4,2,0,0.0107998,0,False,nan,nan,nan,nan,nan,nan,nan,nan,nan,nan,12,10
ablation,matched,constant,2,29,13,30,8000,0.000914479,6.16461e-05,0.00027674,2.60542e-05,1,5.16776,1.55575,nan,0.0694613,nan,0.0113103,4.99753,5.09908,5.20212,True,0.000900422,0.000900389,0.000881585,0.000919643,6.14281e-05,6.14309e-05,6.11239e-05,6.17177e-05,0.000283108,0.000282088,0.00023902,0.000330389,2.59718e-05,2.59647e-05,2.57691e-05,2.61737e-05,0.0156498,3,2,0,0.010686,0,False,nan,nan,nan,nan,nan,nan,nan,nan,nan,nan,12,10
ablation,matched,constant,2,29,14,30,8000,0.000914479,6.16461e-05,0.00027674,2.46663e-05,1,4.89809,1.50655,nan,0.0344724,nan,0.0543427,4.82995,4.93267,5.03298,True,0.00089877,0.000898394,0.000880415,0.000917376,6.14318e-05,6.14329e-05,6.11279e-05,6.17199e-05,0.000278172,0.000277136,0.000235261,0.000325227,2.47391e-05,2.4738e-05,2.45514e-05,2.49271e-05,0.00442618,3,2,0,0.0103399,0,False,nan,nan,nan,nan,nan,nan,nan,nan,nan,nan,12,10
ablation,matched,constant,2,29,15,30,8000,0.000914479,6.16461e-05,0.00027674,2.39682e-05,1,4.76221,1.43309,nan,0.0484593,nan,0.0589626,4.61856,4.71204,4.81172,True,0.000899506,0.000899773,0.000881451,0.000917469,6.14305e-05,6.14302e-05,6.11203e-05,6.17418e-05,0.000268752,0.00026674,0.000227129,0.000314168,2.39388e-05,2.39397e-05,2.37491e-05,2.41228e-05,0.0141564,3,2,0,0.0101757,0,False,nan,nan,nan,nan,nan,nan,nan,nan,nan,nan,12,10
ablation,matched,constant,2,29,16,30,8000,0.000914479,6.16461e-05,0.00027674,2.31653e-05,1,4.60574,1.37356,nan,0.0258899,nan,0.0276539,4.49365,4.58214,4.66801,True,0.00089969,0.000899764,0.0008814,0.000917941,6.14311e-05,6.14348e-05,6.11306e-05,6.17148e-05,0.00027101,0.000269539,0.000226552,0.000320316,2.31421e-05,2.31417e-05,2.29661e-05,2.33312e-05,0.012393,3,2,0,0.01,0,False,nan,nan,nan,nan,nan,nan,nan,nan,nan,nan,12,10
ablation,matched,constant,2,29,17,30,8000,0.000914479,6.16461e-05,0.00027674,2.21519e-05,1,4.40796,1.33017,nan,0.0277019,nan,0.0258056,4.35412,4.43243,4.52529,True,0.000898682,0.000898441,0.000881341,0.000915797,6.14282e-05,6.14291e-05,6.11385e-05,6.17258e-05,0.000272632,0.000271489,0.00022709,0.000321092,2.22304e-05,2.22293e-05,2.20512e-05,2.24115e-05,-0.000653349,3,2,0,0.01,0,False,nan,nan,nan,nan,nan,nan,nan,nan,nan,nan,12,10
ablation,matched,constant,2,29,18,30,8000,0.000914479,6.16461e-05,0.00027674,2.11512e-05,1,4.21232,1.29355,nan,0.0561343,nan,0.0379994,4.18666,4.26701,4.35224,True,0.000899532,0.000899713,0.000882452,0.000916223,6.14326e-05,6.14309e-05,6.11482e-05,6.17069e-05,0.000295577,0.000295324,0.000244093,0.000346192,2.11085e-05,2.11092e-05,2.09284e-05,2.12873e-05,0.0189958,4,2,0,0.01,0,False,nan,nan,nan,nan,nan,nan,nan,nan,nan,nan,12,10
ablation,matched,constant,2,29,19,30,8000,0.000914479,6.16461e-05,0.00027674,2.03949e-05,1,4.06426,1.25089,nan,0.0185718,nan,0.00358755,3.97032,4.04597,4.12762,True,0.000900416,0.000900448,0.000883434,0.000917882,6.14262e-05,6.1421e-05,6.11668e-05,6.16978e-05,0.000290472,0.000290187,0.00023876,0.000344415,2.02845e-05,2.02842e-05,2.01167e-05,2.04477e-05,0.0367853,2,2,0,0.01,0,False,nan,nan,nan,nan,nan,nan,nan,nan,nan,nan,12,10
ablation,matched,constant,2,29,20,30,8000,0.000914479,6.16461e-05,0.00027674,1.97424e-05,1,3.93635,1.20826,nan,0.0359243,nan,0.00683972,3.82415,3.90226,3.9806,True,0.000900477,0.000900491,0.000883911,0.000917445,6.14269e-05,6.14263e-05,6.11527e-05,6.17089e-05,0.000282195,0.000280781,0.000232054,0.000335768,1.96753e-05,1.96783e-05,1.94996e-05,1.9845e-05,-0.018139,3,2,0,0.01,0,False,nan,nan,nan,nan,nan,nan,nan,nan,nan,nan,12,10
ablation,matched,constant,2,30,1,30,8000,0.0217527,6.47009e-05,0.000144224,6.47009e-05,1,12.626,1.83507,nan,3.86701,nan,0,7.80632,11.6347,17.2412,True,0.0219556,0.0219594,0.0215475,0.0223928,6.49244e-05,6.49337e-05,6.45572e-05,6.52563e-05,0.000152845,0.000153341,0.000128676,0.000175333,6.49244e-05,6.49337e-05,6.45572e-05,6.52563e-05,-0.0609534,17,2,0,0.01,0,False,nan,nan,nan,nan,nan,nan,nan,nan,nan,nan,12,19
ablation,matched,constant,2,30,2,30,8000,0.0217527,6.47009e-05,0.000144224,6.13503e-05,1,11.9891,1.93902,nan,0.0499212,nan,0.0260009,11.7201,11.9447,12.1692,True,0.0217379,0.021734,0.0214391,0.0220378,6.49045e-05,6.48955e-05,6.46235e-05,6.52023e-05,0.000149524,0.000149318,0.000132366,0.000167499,6.1241e-05,6.12411e-05,6.0983e-05,6.1504e-05,-0.0235597,5,2,0,0.01,0,False,nan,nan,nan,nan,nan,nan,nan,nan,nan,nan,12,19
ablation,matched,constant,2,30,3,30,8000,0.0217527,6.47009e-05,0.000144224,5.74343e-05,1,11.2423,1.90298,nan,0.105333,nan,0.150183,11.1415,11.3434,11.551,True,0.0216974,0.0216953,0.0214503,0.0219475,6.49018e-05,6.48984e-05,6.46252e-05,6.51831e-05,0.00014947,0.000149441,0.000132929,0.000166214,5.74089e-05,5.74029e-05,5.71678e-05,5.7653e-05,-0.0425694,5,2,0,0.01,0,False,nan,nan,nan,nan,nan,nan,nan,nan,nan,nan,12,19
ablation,matched,constant,2,30,4,30,8000,0.0217527,6.47009e-05,0.000144224,5.41099e-05,1,10.6065,1.88262,nan,0.0787669,nan,0.109294,10.4911,10.6821,10.8749,True,0.0217329,0.0217336,0.0215168,0.0219438,6.48624e-05,6.48568e-05,6.45771e-05,6.51489e-05,0.000140457,0.000140335,0.000125176,0.000156683,5.40915e-05,5.40952e-05,5.3868e-05,5.43138e-05,-0.058429,5,2,0,0.01,0,False,nan,nan,nan,nan,nan,nan,nan,nan,nan,nan,12,19
ablation,matched,constant,2,30,5,30,8000,0.0217527,6.47009e-05,0.000144224,5.14668e-05,1,10.0997,1.90763,nan,0.0508022,nan,0.0358785,9.97051,10.1511,10.328,True,0.0217573,0.0217575,0.0215681,0.0219484,6.48794e-05,6.48753e-05,6.46005e-05,6.5163e-05,0.000143186,0.000143058,0.000126205,0.000161412,5.15118e-05,5.15156e-05,5.12862e-05,5.17413e-05,-0.00456312,4,2,0,0.01,0,False,nan,nan,nan,nan,nan,nan,nan,nan,nan,nan,12,19
ablation,matched,constant,2,30,6,30,8000,0.0217527,6.47009e-05,0.000144224,4.90972e-05,1,9.64439,1.92635,nan,0.0447327,nan,0.0273577,9.51658,9.69005,9.86013,True,0.0217295,0.021731,0.0215479,0.0219046,6.48835e-05,6.4885e-05,6.4595e-05,6.51581e-05,0.00014728,0.000146673,0.000129086,0.000166734,4.92804e-05,4.92777e-05,4.90575e-05,4.9524e-05,-0.0272581,4,2,0,0.01,0,False,nan,nan,nan,nan,nan,nan,nan,nan,nan,nan,12,19
ablation,matched,constant,2,30,7,30,8000,0.0217527,6.47009e-05,0.000144224,4.79086e-05,1,9.41566,2.10208,nan,0.141239,nan,0.165298,9.11661,9.27758,9.44241,True,0.0217532,0.0217551,0.0215859,0.021922,6.48772e-05,6.48761e-05,6.45879e-05,6.51823e-05,0.000143068,0.00014237,0.000125143,0.000163309,4.79138e-05,4.79074e-05,4.76952e-05,4.8145e-05,-0.0432961,5,2,0,0.01,0,False,nan,nan,nan,nan,nan,nan,nan,nan,nan,nan,12,19
ablation,matched,constant,2,30,8,30,8000,0.0217527,6.47009e-05,0.000144224,4.5921e-05,1,9.03265,2.10419,nan,0.0198138,nan,0.00975863,8.89367,9.05142,9.20894,True,0.0217951,0.0217964,0.0216248,0.0219507,6.48695e-05,6.48636e-05,6.45925e-05,6.51631e-05,0.000139537,0.000139146,0.00012018,0.000159693,4.58945e-05,4.58946e-05,4.56786e-05,4.61143e-05,-0.0192159,4,2,0,0.01,0,False,nan,nan,nan,nan,nan,nan,nan,nan,nan,nan,12,19
ablation,matched,constant,2,30,9,30,8000,0.0217527,6.47009e-05,0.000144224,4.44293e-05,1,8.7448,2.15923,nan,0.0433848,nan,0.0572512,8.55196,8.70572,8.84976,True,0.0218434,0.0218449,0.0216856,0.0220031,6.48795e-05,6.48779e-05,6.46098e-05,6.51652e-05,0.000137819,0.000137381,0.000118471,0.000158963,4.44176e-05,4.4415e-05,4.41994e-05,4.46316e-05,-0.0695365,4,2,0,0.01,0,False,nan,nan,nan,nan,nan,nan,nan,nan,nan,nan,12,19
ablation,matched,constant,2,30,10,30,8000,0.0217527,6.47009e-05,0.000144224,4.24836e-05,1,8.36877,2.10202,nan,0.073417,nan,0.0538974,8.29572,8.43805,8.59517,True,0.0217979,0.021796,0.0216434,0.0219527,6.48757e-05,6.48743e-05,6.46011e-05,6.51585e-05,0.000139701,0.000139423,0.000120123,0.000160514,4.23768e-05,4.23731e-05,4.21787e-05,4.25856e-05,-0.0167438,4,2,0,0.01,0,False,nan,nan,nan,nan,nan,nan,nan,nan,nan,nan,12,19
ablation,matched,constant,2,30,11,30,8000,0.0217527,6.47009e-05,0.000144224,4.1223e-05,1,8.12481,2.14165,nan,0.0602955,nan,0.053172,7.93036,8.06629,8.20411,True,0.0217896,0.0217851,0.02164,0.0219516,6.4878e-05,6.48747e-05,6.45911e-05,6.51636e-05,0.000140066,0.000139584,0.000119857,0.000162427,4.10186e-05,4.10178e-05,4.08112e-05,4.12221e-05,-0.00997399,4,2,0,0.01,0,False,nan,nan,nan,nan,nan,nan,nan,nan,nan,nan,12,19
ablation,matched,constant,2,30,12,30,8000,0.0217527,6.47009e-05,0.000144224,3.99757e-05,1,7.88317,2.16057,nan,0.0623964,nan,0.0385196,7.68742,7.82104,7.96133,True,0.0217916,0.0217921,0.0216455,0.0219436,6.48783e-05,6.48736e-05,6.46193e-05,6.51528e-05,0.000139681,0.000138777,0.000118994,0.000163215,3.98828e-05,3.98832e-05,3.96718e-05,4.00955e-05,-0.0450702,3,2,0,0.01,0,False,nan,nan,nan,nan,nan,nan,nan,nan,nan,nan,12,19
ablation,matched,constant,2,30,13,30,8000,0.0217527,6.47009e-05,0.000144224,3.84468e-05,1,7.58663,2.10641,nan,0.0303917,nan,0.0336376,7.48411,7.61557,7.74931,True,0.0217852,0.0217851,0.0216461,0.0219233,6.48858e-05,6.48812e-05,6.46214e-05,6.5173e-05,0.00015399,0.000153257,0.000129279,0.000182527,3.81437e-05,3.81426e-05,3.7942e-05,3.8347e-05,-0.0190357,5,2,0,0.01,0,False,nan,nan,nan,nan,nan,nan,nan,nan,nan,nan,12,19
ablation,matched,constant,2,30,14,30,8000,0.0217527,6.47009e-05,0.000144224,3.6958e-05,1,7.2975,2.04064,nan,0.0332484,nan,0.0455586,7.13077,7.26371,7.40483,True,0.0217929,0.0217905,0.0216603,0.0219253,6.48935e-05,6.48913e-05,6.46256e-05,6.51939e-05,0.000147785,0.000146709,0.000125033,0.000173458,3.70093e-05,3.70041e-05,3.68086e-05,3.72149e-05,-0.0288843,3,2,0,0.01,0,False,nan,nan,nan,nan,nan,nan,nan,nan,nan,nan,12,19
ablation,matched,constant,2,30,15,30,8000,0.0217527,6.47009e-05,0.000144224,3.58333e-05,1,7.07884,2.02582,nan,0.00883377,nan,0.0077673,6.94756,7.06806,7.1974,True,0.0217926,0.021796,0.0216542,0.021924,6.48853e-05,6.4878e-05,6.46182e-05,6.51769e-05,0.00014586,0.000145224,0.000122424,0.000172714,3.59604e-05,3.59601e-05,3.57647e-05,3.61546e-05,-0.0137259,4,2,0,0.01,0,False,nan,nan,nan,nan,nan,nan,nan,nan,nan,nan,12,19
ablation,matched,constant,2,30,16,30,8000,0.0217527,6.47009e-05,0.000144224,3.46037e-05,1,6.83954,1.97657,nan,0.0463102,nan,0.0265871,6.76508,6.88289,7.01121,True,0.0217829,0.0217833,0.0216414,0.0219208,6.48756e-05,6.48651e-05,6.46019e-05,6.51699e-05,0.000149093,0.000148567,0.000124376,0.000175547,3.43532e-05,3.43524e-05,3.41556e-05,3.45539e-05,0.00977545,4,2,0,0.01,0,False,nan,nan,nan,nan,nan,nan,nan,nan,nan,nan,12,19
ablation,matched,constant,2,30,17,30,8000,0.0217527,6.47009e-05,0.000144224,3.36949e-05,1,6.66251,1.97418,nan,0.0765771,nan,0.0225035,6.4639,6.58629,6.70882,True,0.0218031,0.0218009,0.0216711,0.0219428,6.48924e-05,6.48895e-05,6.46255e-05,6.51732e-05,0.000150943,0.000150827,0.000124902,0.000177515,3.35842e-05,3.35812e-05,3.33959e-05,3.37723e-05,-0.00619532,4,2,0,0.01,0,False,nan,nan,nan,nan,nan,nan,nan,nan,nan,nan,12,19
ablation,matched,constant,2,30,18,30,8000,0.0217527,6.47009e-05,0.000144224,3.30629e-05,1,6.53933,2.01236,nan,0.100337,nan,0.067024,6.32626,6.43916,6.55571,True,0.0218143,0.0218143,0.0216791,0.0219422,6.48833e-05,6.48816e-05,6.46103e-05,6.51585e-05,0.000141106,0.000140541,0.000116823,0.000166344,3.28126e-05,3.28138e-05,3.26196e-05,3.29998e-05,0.00381979,4,2,0,0.01,0,False,nan,nan,nan,nan,nan,nan,nan,nan,nan,nan,12,19
ablation,matched,constant,2,30,19,30,8000,0.0217527,6.47009e-05,0.000144224,3.19984e-05,1,6.33167,1.95809,nan,0.015214,nan,0.0257551,6.20504,6.31782,6.42768,True,0.0217987,0.021799,0.0216594,0.0219288,6.48819e-05,6.48745e-05,6.4614e-05,6.51582e-05,0.000143429,0.000142544,0.000118102,0.00017103,3.17817e-05,3.17804e-05,3.15965e-05,3.1971e-05,-0.0048805,3,2,0,0.01,0,False,nan,nan,nan,nan,nan,nan,nan,nan,nan,nan,12,19
ablation,matched,constant,2,30,20,30,8000,0.0217527,6.47009e-05,0.000144224,3.12636e-05,1,6.18823,1.95661,nan,0.0682619,nan,0.0280571,6.00931,6.12134,6.23093,True,0.0218024,0.0218039,0.0216699,0.0219321,6.48788e-05,6.48792e-05,6.46047e-05,6.51657e-05,0.000134524,0.000133973,0.000111189,0.000159201,3.1296e-05,3.12956e-05,3.11129e-05,3.14861e-05,-0.0255049,4,2,0,0.01,0,False,nan,nan,nan,nan,nan,nan,nan,nan,nan,nan,12,19
ablation,matched,constant,2,31,1,30,8000,0.146555,5.82261e-05,0.000420221,5.82261e-05,1,10.9629,2.49059,nan,2.70636,nan,0,7.78098,11.5674,16.9702,True,0.146538,0.146574,0.145175,0.147791,5.82341e-05,5.82355e-05,5.78937e-05,5.85959e-05,0.00041588,0.000415715,0.000384566,0.000449028,5.82341e-05,5.82355e-05,5.78937e-05,5.85959e-05,-0.0608871,18,2,0,0.01,0,False,nan,nan,nan,nan,nan,nan,nan,nan,nan,nan,12,8
ablation,matched,constant,2,31,2,30,8000,0.146555,5.82261e-05,0.000420221,5.05375e-05,1,9.59954,2.3841,nan,0.0402264,nan,0.0250991,9.45927,9.64075,9.81556,True,0.146517,0.146533,0.145536,0.147493,5.82467e-05,5.82519e-05,5.79085e-05,5.85831e-05,0.000418401,0.000418414,0.000389637,0.000446954,5.05633e-05,5.05574e-05,5.029e-05,5.08402e-05,-0.0576666,5,2,0,0.01,0,False,nan,nan,nan,nan,nan,nan,nan,nan,nan,nan,12,8
ablation,matched,constant,2,31,3,30,8000,0.146555,5.82261e-05,0.000420221,4.50651e-05,1,8.61463,2.30357,nan,0.0527306,nan,0.0596048,8.415,8.56248,8.72291,True,0.146418,0.146397,0.145585,0.147277,5.82396e-05,5.82402e-05,5.79258e-05,5.85593e-05,0.000407105,0.000407431,0.000377091,0.000437778,4.48255e-05,4.48262e-05,4.45822e-05,4.50741e-05,-0.0554045,4,2,0,0.01,0,False,nan,nan,nan,nan,nan,nan,nan,nan,nan,nan,12,8
ablation,matched,constant,2,31,4,30,8000,0.146555,5.82261e-05,0.000420221,4.1023e-05,1,7.87918,2.20527,nan,0.116773,nan,0.117493,7.62206,7.76812,7.90944,True,0.146713,0.146707,0.14598,0.147498,5.82246e-05,5.82175e-05,5.79167e-05,5.85383e-05,0.000414196,0.000413848,0.00038098,0.000448365,4.10835e-05,4.10831e-05,4.08478e-05,4.13105e-05,-0.00892396,6,2,0,0.0100228,0,False,nan,nan,nan,nan,nan,nan,nan,nan,nan,nan,12,8
ablation,matched,constant,2,31,5,30,8000,0.146555,5.82261e-05,0.000420221,3.74092e-05,1,7.21583,2.13908,nan,0.0286677,nan,0.0545079,7.05586,7.18719,7.31967,True,0.146681,0.146677,0.145964,0.147401,5.82173e-05,5.82036e-05,5.79144e-05,5.85371e-05,0.000409991,0.000408855,0.000372445,0.00044891,3.73375e-05,3.73403e-05,3.7109e-05,3.75706e-05,-0.0312467,3,2,0,0.01,0,False,nan,nan,nan,nan,nan,nan,nan,nan,nan,nan,12,8
ablation,matched,constant,2,31,6,30,8000,0.146555,5.82261e-05,0.000420221,3.37034e-05,1,6.52974,2.1517,nan,0.0934633,nan,0.0840301,6.49784,6.61909,6.74958,True,0.14636,0.146341,0.145708,0.147033,5.82191e-05,5.82086e-05,5.79283e-05,5.8521e-05,0.000425942,0.000426023,0.000384358,0.000469608,3.3635e-05,3.36331e-05,3.3415e-05,3.38582e-05,-0.00261096,5,2,0,0.0101053,0,False,nan,nan,nan,nan,nan,nan,nan,nan,nan,nan,12,8
ablation,matched,constant,2,31,7,30,8000,0.146555,5.82261e-05,0.000420221,3.12438e-05,1,6.07105,2.08158,nan,0.0629852,nan,0.0421488,5.89977,6.01031,6.12503,True,0.146298,0.146277,0.14567,0.146942,5.82164e-05,5.82195e-05,5.7919e-05,5.85192e-05,0.000399409,0.000398608,0.000360252,0.000441876,3.10472e-05,3.10468e-05,3.085e-05,3.12533e-05,-0.0274096,4,2,0,0.01,0,False,nan,nan,nan,nan,nan,nan,nan,nan,nan,nan,12,8
ablation,matched,constant,2,31,8,30,8000,0.146555,5.82261e-05,0.000420221,2.84015e-05,1,5.53766,2.10741,nan,0.0988715,nan,0.103,5.52778,5.63219,5.73736,True,0.146289,0.146278,0.145694,0.146894,5.82173e-05,5.82159e-05,5.79325e-05,5.85153e-05,0.000408774,0.000408658,0.000363003,0.000456512,2.85455e-05,2.85474e-05,2.83355e-05,2.87397e-05,-0.0225962,4,2,0,0.01,0,False,nan,nan,nan,nan,nan,nan,nan,nan,nan,nan,12,8
ablation,matched,constant,2,31,9,30,8000,0.146555,5.82261e-05,0.000420221,2.62277e-05,1,5.12729,2.09008,nan,0.0867248,nan,0.0487354,5.11307,5.21084,5.31006,True,0.146147,0.146148,0.145558,0.146757,5.82254e-05,5.82253e-05,5.79362e-05,5.85269e-05,0.000408846,0.000408465,0.000360237,0.000461592,2.64191e-05,2.6418e-05,2.62251e-05,2.66141e-05,-0.0594302,3,2,0,0.01,0,False,nan,nan,nan,nan,nan,nan,nan,nan,nan,nan,12,8
ablation,matched,constant,2,31,10,30,8000,0.146555,5.82261e-05,0.000420221,2.42245e-05,1,4.74721,2.08584,nan,0.114978,nan,0.0695001,4.76312,4.85899,4.95251,False,0.146273,0.146268,0.145652,0.146894,5.82167e-05,5.8218e-05,5.79129e-05,5.85291e-05,0.000440485,0.000438605,0.00038358,0.000502882,2.45436e-05,2.45422e-05,2.43481e-05,2.47317e-05,-0.0367944,4,2,0,0.01,0,False,nan,nan,nan,nan,nan,nan,nan,nan,nan,nan,12,8
ablation,matched,constant,2,31,11,30,8000,0.146555,5.82261e-05,0.000420221,2.28956e-05,1,4.49406,2.01312,nan,0.0205793,nan,0.0169349,4.42763,4.51136,4.601,True,0.146326,0.146326,0.145728,0.14695,5.82118e-05,5.82128e-05,5.7904e-05,5.85309e-05,0.000457033,0.00045551,0.000400708,0.000518465,2.28633e-05,2.28605e-05,2.26821e-05,2.30489e-05,-0.0186435,3,2,0,0.01,0,False,nan,nan,nan,nan,nan,nan,nan,nan,nan,nan,12,8
ablation,matched,constant,2,31,12,30,8000,0.146555,5.82261e-05,0.000420221,2.15398e-05,1,4.23495,1.96972,nan,0.0205129,nan,0.0174523,4.13492,4.21615,4.30011,True,0.146338,0.146347,0.14573,0.146933,5.82139e-05,5.82131e-05,5.78882e-05,5.85149e-05,0.000468064,0.000466186,0.000408707,0.000531129,2.14689e-05,2.14705e-05,2.12958e-05,2.16493e-05,-0.0177274,3,2,0,0.01,0,False,nan,nan,nan,nan,nan,nan,nan,nan,nan,nan,12,8
ablation,matched,constant,2,31,13,30,8000,0.146555,5.82261e-05,0.000420221,2.08334e-05,1,4.0996,1.84976,nan,0.131606,nan,0.0832842,3.8943,3.97196,4.05352,False,0.146237,0.146238,0.145644,0.146831,5.82123e-05,5.82122e-05,5.79173e-05,5.85096e-05,0.000420072,0.000418847,0.000366299,0.000478491,2.06789e-05,2.06787e-05,2.05066e-05,2.08581e-05,-0.0768831,5,2,0,0.01,0,False,nan,nan,nan,nan,nan,nan,nan,nan,nan,nan,12,8
ablation,matched,constant,2,31,14,30,8000,0.146555,5.82261e-05,0.000420221,1.98508e-05,1,3.91095,1.79046,nan,0.0434997,nan,0.0143845,3.79247,3.86934,3.94349,True,0.146337,0.146336,0.145751,0.146923,5.82101e-05,5.82114e-05,5.79121e-05,5.851e-05,0.000417856,0.000416907,0.00036169,0.000478482,1.97676e-05,1.97665e-05,1.95992e-05,1.99397e-05,-0.0322969,3,2,0,0.01,0,False,nan,nan,nan,nan,nan,nan,nan,nan,nan,nan,12,8
ablation,matched,constant,2,31,15,30,8000,0.146555,5.82261e-05,0.000420221,1.89837e-05,1,3.74411,1.73039,nan,0.031816,nan,0.0185366,3.64114,3.71424,3.78585,True,0.146358,0.146367,0.145772,0.146901,5.82033e-05,5.82047e-05,5.78991e-05,5.84971e-05,0.000403057,0.000401788,0.000346199,0.000466011,1.89459e-05,1.89481e-05,1.87812e-05,1.9112e-05,-0.0426513,3,2,0,0.01,0,False,nan,nan,nan,nan,nan,nan,nan,nan,nan,nan,12,8
ablation,matched,constant,2,31,16,30,8000,0.146555,5.82261e-05,0.000420221,1.80684e-05,1,3.5676,1.69274,nan,0.00908307,nan,0.00709283,3.50551,3.57569,3.64771,True,0.146363,0.146371,0.145801,0.146894,5.82064e-05,5.82085e-05,5.79168e-05,5.84871e-05,0.000414184,0.00041304,0.000351482,0.000482083,1.80074e-05,1.80094e-05,1.78433e-05,1.81752e-05,-0.00954033,2,2,0,0.01,0,False,nan,nan,nan,nan,nan,nan,nan,nan,nan,nan,12,8
ablation,matched,constant,2,31,17,30,8000,0.146555,5.82261e-05,0.000420221,1.73631e-05,1,3.43133,1.63602,nan,0.0276844,nan,0.0187374,3.33731,3.40422,3.47441,True,0.146412,0.146415,0.145852,0.146972,5.82151e-05,5.82183e-05,5.79182e-05,5.85139e-05,0.000418523,0.00041632,0.000354847,0.000487769,1.7368e-05,1.73671e-05,1.7205e-05,1.75318e-05,-0.0251161,3,2,0,0.01,0,False,nan,nan,nan,nan,nan,nan,nan,nan,nan,nan,12,8
ablation,matched,constant,2,31,18,30,8000,0.146555,5.82261e-05,0.000420221,1.64636e-05,1,3.25717,1.62185,nan,0.0327724,nan,0.0322172,3.21998,3.28921,3.35513,True,0.146481,0.146484,0.145957,0.147019,5.8214e-05,5.82123e-05,5.79172e-05,5.85089e-05,0.000429668,0.00042865,0.00036171,0.000501671,1.65073e-05,1.65058e-05,1.63395e-05,1.66759e-05,-0.0319413,3,2,0,0.01,0,False,nan,nan,nan,nan,nan,nan,nan,nan,nan,nan,12,8
ablation,matched,constant,2,31,19,30,8000,0.146555,5.82261e-05,0.000420221,1.61178e-05,1,3.19014,1.5313,nan,0.0617205,nan,0.0643044,3.06818,3.13095,3.1963,True,0.146485,0.146496,0.145955,0.147021,5.82141e-05,5.82146e-05,5.79181e-05,5.85114e-05,0.000413432,0.000411066,0.00034868,0.000487033,1.59862e-05,1.59865e-05,1.58281e-05,1.61377e-05,-0.0101044,3,2,0,0.01,0,False,nan,nan,nan,nan,nan,nan,nan,nan,nan,nan,12,8
ablation,matched,constant,2,31,20,30,8000,0.146555,5.82261e-05,0.000420221,1.54506e-05,1,3.0606,1.50099,nan,0.0157979,nan,0.00573373,2.98396,3.0448,3.10656,True,0.146523,0.14653,0.145987,0.147026,5.82124e-05,5.82118e-05,5.79274e-05,5.851e-05,0.000405554,0.000403503,0.000342278,0.000479461,1.54454e-05,1.54471e-05,1.52851e-05,1.56034e-05,-0.0078683,2,2,0,0.01,0,False,nan,nan,nan,nan,nan,nan,nan,nan,nan,nan,12,8
ablation,matched,constant,2,32,1,30,8000,0.0315541,4.45216e-05,0.000165634,4.45216e-05,1,8.73479,3.03284,nan,5.35986,nan,0,7.81219,11.6622,17.3958,True,0.0321465,0.0321361,0.0314158,0.0328717,4.4655e-05,4.46549e-05,4.43173e-05,4.4965e-05,0.000164093,0.000166046,0.000120067,0.000204344,4.4655e-05,4.46549e-05,4.43173e-05,4.4965e-05,0.0122452,17,2,0,0.01,0,False,nan,nan,nan,nan,nan,nan,nan,nan,nan,nan,12,24
ablation,matched,constant,2,32,2,30,8000,0.0315541,4.45216e-05,0.000165634,4.25028e-05,1,8.34692,2.48163,nan,0.060354,nan,0.020173,8.22463,8.39237,8.58127,True,0.0318951,0.0318948,0.0313479,0.0324338,4.47256e-05,4.47189e-05,4.44645e-05,4.49941e-05,0.000177714,0.000177972,0.000146264,0.000208946,4.26048e-05,4.26046e-05,4.2374e-05,4.28415e-05,-0.0161367,4,2,0,0.01,0,False,nan,nan,nan,nan,nan,nan,nan,nan,nan,nan,12,24
ablation,matched,constant,2,32,3,30,8000,0.0315541,4.45216e-05,0.000165634,4.13543e-05,1,8.12592,1.91397,nan,0.133234,nan,0.118049,7.84847,7.99671,8.13984,True,0.0320308,0.0320312,0.0315967,0.0324759,4.46679e-05,4.46642e-05,4.44104e-05,4.49337e-05,0.000167287,0.000166505,0.000139476,0.000195196,4.12949e-05,4.12944e-05,4.1077e-05,4.15158e-05,-0.0743131,5,2,0,0.01,0,False,nan,nan,nan,nan,nan,nan,nan,nan,nan,nan,12,24
ablation,matched,constant,2,32,4,30,8000,0.0315541,4.45216e-05,0.000165634,4.00282e-05,1,7.87044,1.49644,nan,0.0824384,nan,0.0652828,7.64375,7.79177,7.93684,True,0.0317513,0.0317382,0.031377,0.0321629,4.46418e-05,4.46297e-05,4.44067e-05,4.49082e-05,0.000161287,0.00016122,0.000136166,0.000187327,4.00744e-05,4.00707e-05,3.98631e-05,4.02953e-05,-0.0181856,5,2,0,0.01,0,False,nan,nan,nan,nan,nan,nan,nan,nan,nan,nan,12,24
ablation,matched,constant,2,32,5,30,8000,0.0315541,4.45216e-05,0.000165634,3.91206e-05,1,7.69539,1.10722,nan,0.106354,nan,0.127517,7.45989,7.58859,7.72383,True,0.0316671,0.0316613,0.0313087,0.0320188,4.46135e-05,4.46157e-05,4.43656e-05,4.48517e-05,0.000153399,0.000153064,0.000129955,0.00017795,3.91137e-05,3.91167e-05,3.8908e-05,3.93172e-05,-0.052907,5,2,0,0.0104411,0,False,nan,nan,nan,nan,nan,nan,nan,nan,nan,nan,12,24
ablation,matched,constant,2,32,6,30,8000,0.0315541,4.45216e-05,0.000165634,3.81657e-05,1,7.51107,0.821806,nan,0.0754166,nan,0.104846,7.30059,7.43418,7.57446,True,0.031693,0.0316956,0.0313713,0.0320046,4.46064e-05,4.46032e-05,4.43634e-05,4.4846e-05,0.000151382,0.000150961,0.000127777,0.000176188,3.82347e-05,3.82381e-05,3.80244e-05,3.84426e-05,-0.0256797,5,2,0,0.0107413,0,False,nan,nan,nan,nan,nan,nan,nan,nan,nan,nan,12,24
ablation,matched,constant,2,32,7,30,8000,0.0315541,4.45216e-05,0.000165634,3.64266e-05,1,7.17493,0.712694,nan,0.110636,nan,0.0635926,7.14526,7.28212,7.42356,True,0.0315384,0.0315317,0.0312374,0.0318477,4.46363e-05,4.4636e-05,4.43993e-05,4.48642e-05,0.0001667,0.000166058,0.000141769,0.000195144,3.64111e-05,3.64064e-05,3.62088e-05,3.663e-05,-0.0116207,5,2,0,0.0110483,0,False,nan,nan,nan,nan,nan,nan,nan,nan,nan,nan,12,24
ablation,matched,constant,2,32,8,30,8000,0.0315541,4.45216e-05,0.000165634,3.50003e-05,1,6.8988,0.611885,nan,0.0197983,nan,0.0264054,6.78584,6.91629,7.05683,True,0.0315667,0.0315642,0.0312583,0.0318732,4.46516e-05,4.46469e-05,4.44145e-05,4.48865e-05,0.000176399,0.000176325,0.000147669,0.000207122,3.51502e-05,3.51543e-05,3.4949e-05,3.53587e-05,-0.0169123,4,2,0,0.0105021,0,False,nan,nan,nan,nan,nan,nan,nan,nan,nan,nan,12,24
ablation,matched,constant,2,32,9,30,8000,0.0315541,4.45216e-05,0.000165634,3.39809e-05,1,6.70123,0.524459,nan,0.0263808,nan,0.0347566,6.5504,6.67517,6.8008,True,0.0316027,0.0315979,0.0313152,0.0319017,4.46483e-05,4.46494e-05,4.4419e-05,4.48724e-05,0.000173316,0.000172298,0.000144148,0.000204905,3.39405e-05,3.39431e-05,3.37445e-05,3.41394e-05,-0.0509615,3,2,0,0.0100077,0,False,nan,nan,nan,nan,nan,nan,nan,nan,nan,nan,12,24
ablation,matched,constant,2,32,10,30,8000,0.0315541,4.45216e-05,0.000165634,3.30525e-05,1,6.52111,0.489351,nan,0.0628891,nan,0.0394299,6.34263,6.45905,6.57916,True,0.0315773,0.0315751,0.0313035,0.0318576,4.46354e-05,4.46311e-05,4.44125e-05,4.48613e-05,0.000163572,0.000162882,0.000136901,0.000191911,3.30491e-05,3.30512e-05,3.28511e-05,3.32465e-05,-0.0504413,4,2,0,0.01,0,False,nan,nan,nan,nan,nan,nan,nan,nan,nan,nan,12,24
ablation,matched,constant,2,32,11,30,8000,0.0315541,4.45216e-05,0.000165634,3.21647e-05,1,6.34873,0.49718,nan,0.0317768,nan,0.0356638,6.20919,6.3161,6.43108,True,0.0315862,0.0315883,0.0313223,0.0318506,4.46305e-05,4.46281e-05,4.44048e-05,4.48635e-05,0.000155348,0.000154275,0.000129685,0.000183699,3.20959e-05,3.20963e-05,3.18939e-05,3.22926e-05,-0.052126,3,2.1909,0,0.01,0,False,nan,nan,nan,nan,nan,nan,nan,nan,nan,nan,12,24
ablation,matched,constant,2,32,12,30,8000,0.0315541,4.45216e-05,0.000165634,3.11595e-05,1,6.15335,0.513695,nan,0.00604488,nan,0.00135207,6.04609,6.15632,6.27341,True,0.0315764,0.0315787,0.0313283,0.0318382,4.46411e-05,4.46355e-05,4.44203e-05,4.48778e-05,0.000161699,0.000161024,0.000134636,0.000191045,3.13407e-05,3.13412e-05,3.11492e-05,3.1536e-05,-0.0754917,3,2,0,0.01,0,False,nan,nan,nan,nan,nan,nan,nan,nan,nan,nan,12,24
ablation,matched,constant,2,32,13,30,8000,0.0315541,4.45216e-05,0.000165634,3.01052e-05,1,5.94824,0.523752,nan,0.0615186,nan,0.0205399,5.89922,6.00881,6.1196,True,0.0315831,0.0315883,0.031337,0.0318344,4.46374e-05,4.46372e-05,4.44153e-05,4.48591e-05,0.000157156,0.000156533,0.000130624,0.000185542,3.0156e-05,3.01585e-05,2.99648e-05,3.03412e-05,0.0154614,4,2,0,0.01,0,False,nan,nan,nan,nan,nan,nan,nan,nan,nan,nan,12,24
ablation,matched,constant,2,32,14,30,8000,0.0315541,4.45216e-05,0.000165634,2.93152e-05,1,5.7944,0.560717,nan,0.00428633,nan,0.0195497,5.69338,5.79689,5.90317,True,0.0315457,0.0315443,0.0313106,0.0317796,4.46379e-05,4.4638e-05,4.44206e-05,4.48632e-05,0.000157553,0.000157089,0.000130596,0.000187409,2.93602e-05,2.93574e-05,2.91739e-05,2.95516e-05,-0.040791,3,2,0,0.01,0,False,nan,nan,nan,nan,nan,nan,nan,nan,nan,nan,12,24
ablation,matched,constant,2,32,15,30,8000,0.0315541,4.45216e-05,0.000165634,2.84892e-05,1,5.63344,0.58763,nan,0.0185411,nan,0.00339894,5.55152,5.65039,5.75287,True,0.0315515,0.0315502,0.0313237,0.0317858,4.46312e-05,4.46276e-05,4.44161e-05,4.48686e-05,0.000155432,0.000154897,0.000127384,0.000185447,2.84697e-05,2.84742e-05,2.82843e-05,2.86489e-05,0.0108343,3,2,0,0.01,0,False,nan,nan,nan,nan,nan,nan,nan,nan,nan,nan,12,24
ablation,matched,constant,2,32,16,30,8000,0.0315541,4.45216e-05,0.000165634,2.74238e-05,1,5.42562,0.569439,nan,0.0643485,nan,0.053426,5.39042,5.4891,5.58663,True,0.0315504,0.0315501,0.0313228,0.03178,4.4637e-05,4.46391e-05,4.44053e-05,4.48623e-05,0.00016399,0.000163434,0.000133956,0.000196358,2.72533e-05,2.72512e-05,2.70771e-05,2.74303e-05,-0.0208904,5,2,0,0.01,0,False,nan,nan,nan,nan,nan,nan,nan,nan,nan,nan,12,24
ablation,matched,constant,2,32,17,30,8000,0.0315541,4.45216e-05,0.000165634,2.6446e-05,1,5.23469,0.553933,nan,0.0180745,nan,0.0475361,5.15996,5.25021,5.34612,True,0.0315339,0.0315337,0.0313059,0.0317635,4.46384e-05,4.46354e-05,4.44103e-05,4.48678e-05,0.000178887,0.000178181,0.000144511,0.00021625,2.63527e-05,2.63517e-05,2.61626e-05,2.65331e-05,-0.0303845,3,2,0,0.01,0,False,nan,nan,nan,nan,nan,nan,nan,nan,nan,nan,12,24
ablation,matched,constant,2,32,18,30,8000,0.0315541,4.45216e-05,0.000165634,2.57756e-05,1,5.10367,0.576473,nan,0.0381535,nan,0.00351181,4.97793,5.0642,5.1584,True,0.031494,0.0314916,0.0312736,0.0317243,4.46441e-05,4.46445e-05,4.44134e-05,4.48854e-05,0.00017777,0.000176805,0.000144202,0.000215029,2.57481e-05,2.57462e-05,2.55684e-05,2.59276e-05,-0.00119445,3,2,0,0.01,0,False,nan,nan,nan,nan,nan,nan,nan,nan,nan,nan,12,24
ablation,matched,constant,2,32,19,30,8000,0.0315541,4.45216e-05,0.000165634,2.53649e-05,1,5.02337,0.634972,nan,0.0679632,nan,0.0485272,4.86281,4.95896,5.04452,True,0.0315097,0.0315098,0.0312938,0.0317348,4.46445e-05,4.46433e-05,4.44104e-05,4.48787e-05,0.000164848,0.000163821,0.000133061,0.000199033,2.53961e-05,2.53947e-05,2.52259e-05,2.55778e-05,-0.0276614,4,2,0,0.01,0,False,nan,nan,nan,nan,nan,nan,nan,nan,nan,nan,12,24
ablation,matched,constant,2,32,20,30,8000,0.0315541,4.45216e-05,0.000165634,2.50501e-05,1,4.96182,0.705712,nan,0.0572087,nan,0.0636163,4.81642,4.90562,4.99721,True,0.0315061,0.031507,0.0312913,0.0317188,4.46396e-05,4.4637e-05,4.44028e-05,4.48745e-05,0.00016123,0.000160706,0.000130137,0.000195815,2.49239e-05,2.49232e-05,2.47452e-05,2.51089e-05,-0.0201523,3,2,0,0.01,0,False,nan,nan,nan,nan,nan,nan,nan,nan,nan,nan,12,24
ablation,matched,constant,2,33,1,30,8000,4.97013,4.94411e-05,0.000246268,4.94411e-05,1,10.0376,15.3829,nan,11.4131,nan,0,8.08842,11.6711,17.2395,True,4.96589,4.96653,4.93171,4.99622,4.92938e-05,4.92977e-05,4.90751e-05,4.94947e-05,0.000243062,0.000244336,0.000219658,0.000266629,4.92938e-05,4.92977e-05,4.90751e-05,4.94947e-05,-0.384096,20,2,0,0.01,0,False,nan,nan,nan,nan,nan,nan,nan,nan,nan,nan,12,17
ablation,matched,constant,2,33,2,30,8000,4.97013,4.94411e-05,0.000246268,4.62233e-05,1,9.40567,14.3805,nan,0.102014,nan,0.067835,9.19343,9.34614,9.51619,True,4.97899,4.9813,4.95158,4.99736,4.92808e-05,4.92799e-05,4.91049e-05,4.94571e-05,0.000245784,0.000245684,0.000227033,0.000265078,4.62877e-05,4.62858e-05,4.61262e-05,4.64535e-05,-0.261487,6,2,0,0.01,0,False,nan,nan,nan,nan,nan,nan,nan,nan,nan,nan,12,17
ablation,matched,constant,2,33,3,30,8000,4.97013,4.94411e-05,0.000246268,4.2843e-05,1,8.73874,13.3544,nan,0.165408,nan,0.13462,8.67384,8.83009,8.98351,True,4.98164,4.98352,4.95932,4.99793,4.92737e-05,4.9275e-05,4.91049e-05,4.94357e-05,0.000244505,0.000244288,0.000225829,0.000263478,4.281e-05,4.28112e-05,4.26572e-05,4.29556e-05,-0.209773,5,2,0,0.01,0,False,nan,nan,nan,nan,nan,nan,nan,nan,nan,nan,12,17
ablation,matched,constant,2,33,4,30,8000,4.97013,4.94411e-05,0.000246268,3.99914e-05,1,8.17369,12.4835,nan,0.0974426,nan,0.0933385,8.08907,8.22403,8.37161,True,4.98915,4.99069,4.97311,4.99915,4.9268e-05,4.92685e-05,4.9105e-05,4.94302e-05,0.000255138,0.000255275,0.000234208,0.000276271,4.00053e-05,4.00047e-05,3.98586e-05,4.01496e-05,-0.107584,6,2,0,0.01,0,False,nan,nan,nan,nan,nan,nan,nan,nan,nan,nan,12,17
ablation,matched,constant,2,33,5,30,8000,4.97013,4.94411e-05,0.000246268,3.77407e-05,1,7.72607,11.7862,nan,0.0367169,nan,0.00411094,7.5764,7.70053,7.83265,True,4.98846,4.98994,4.97284,4.99891,4.92611e-05,4.92613e-05,4.90973e-05,4.94233e-05,0.000247268,0.000247202,0.000223297,0.000270866,3.76586e-05,3.76585e-05,3.75205e-05,3.78034e-05,-0.114488,4,2,0,0.01,0,False,nan,nan,nan,nan,nan,nan,nan,nan,nan,nan,12,17
ablation,matched,constant,2,33,6,30,8000,4.97013,4.94411e-05,0.000246268,3.59817e-05,1,7.37526,11.2327,nan,0.120895,nan,0.0928067,7.18,7.3014,7.42834,True,4.98599,4.98723,4.96895,4.9985,4.92621e-05,4.92618e-05,4.90943e-05,4.94367e-05,0.000247886,0.000247474,0.000223697,0.000272866,3.59271e-05,3.59266e-05,3.57902e-05,3.60634e-05,-0.176283,5,2,0,0.01,0,False,nan,nan,nan,nan,nan,nan,nan,nan,nan,nan,12,17
ablation,matched,constant,2,33,7,30,8000,4.97013,4.94411e-05,0.000246268,3.45448e-05,1,7.08803,10.7769,nan,0.165205,nan,0.143572,6.86867,6.99371,7.11027,True,4.9886,4.98984,4.97424,4.99886,4.92575e-05,4.92579e-05,4.90831e-05,4.9424e-05,0.000229113,0.000229254,0.000205374,0.000252357,3.44744e-05,3.44724e-05,3.43418e-05,3.46049e-05,-0.116932,6,2,0,0.01,0,False,nan,nan,nan,nan,nan,nan,nan,nan,nan,nan,12,17
ablation,matched,constant,2,33,8,30,8000,4.97013,4.94411e-05,0.000246268,3.31728e-05,1,6.81325,10.346,nan,0.072125,nan,0.11694,6.65766,6.77075,6.88493,True,4.98818,4.98952,4.9737,4.99896,4.92569e-05,4.92579e-05,4.9086e-05,4.94267e-05,0.000232102,0.000231678,0.000208832,0.000256629,3.31105e-05,3.31102e-05,3.29836e-05,3.32369e-05,-0.100254,4,2,0,0.01,0,False,nan,nan,nan,nan,nan,nan,nan,nan,nan,nan,12,17
ablation,matched,constant,2,33,9,30,8000,4.97013,4.94411e-05,0.000246268,3.18666e-05,1,6.55112,9.93863,nan,0.06271,nan,0.0945017,6.40256,6.51364,6.62327,True,4.98603,4.98755,4.97042,4.9982,4.926e-05,4.92612e-05,4.90839e-05,4.9428e-05,0.000238762,0.000238822,0.000211186,0.000267003,3.17698e-05,3.17702e-05,3.16356e-05,3.19043e-05,-0.140266,4,2,0,0.01,0,False,nan,nan,nan,nan,nan,nan,nan,nan,nan,nan,12,17
ablation,matched,constant,2,33,10,30,8000,4.97013,4.94411e-05,0.000246268,3.04686e-05,1,6.27002,9.50829,nan,0.0256287,nan,0.0196615,6.14378,6.25201,6.36108,True,4.98301,4.9835,4.9668,4.9965,4.92651e-05,4.92665e-05,4.90971e-05,4.94392e-05,0.000255128,0.000254469,0.000226585,0.000287111,3.04952e-05,3.04914e-05,3.03683e-05,3.06274e-05,-0.110854,5,2,0,0.01,0,False,nan,nan,nan,nan,nan,nan,nan,nan,nan,nan,12,17
ablation,matched,constant,2,33,11,30,8000,4.97013,4.94411e-05,0.000246268,2.93468e-05,1,6.04407,9.15963,nan,0.0858788,nan,0.0747504,5.89239,5.99434,6.09482,True,4.97935,4.97945,4.96374,4.99467,4.92749e-05,4.92747e-05,4.91117e-05,4.94459e-05,0.000250988,0.000250073,0.000223647,0.000280815,2.93568e-05,2.93551e-05,2.92392e-05,2.94832e-05,-0.0925575,5,2,0,0.01,0,False,nan,nan,nan,nan,nan,nan,nan,nan,nan,nan,12,17
ablation,matched,constant,2,33,12,30,8000,4.97013,4.94411e-05,0.000246268,2.84504e-05,1,5.86326,8.87861,nan,0.126502,nan,0.121755,5.68991,5.79002,5.89153,True,4.97942,4.97947,4.96392,4.99445,4.92748e-05,4.92757e-05,4.91121e-05,4.94442e-05,0.000246369,0.000246278,0.000217432,0.000274375,2.84048e-05,2.84063e-05,2.82831e-05,2.85243e-05,-0.115651,4,2,0,0.01,0,False,nan,nan,nan,nan,nan,nan,nan,nan,nan,nan,12,17
ablation,matched,constant,2,33,13,30,8000,4.97013,4.94411e-05,0.000246268,2.74941e-05,1,5.67008,8.58212,nan,0.0828843,nan,0.0743214,5.52641,5.62248,5.71958,True,4.97865,4.97885,4.96288,4.99428,4.92747e-05,4.92755e-05,4.91111e-05,4.94396e-05,0.00024487,0.000244552,0.000214953,0.000277556,2.75308e-05,2.75309e-05,2.74141e-05,2.76482e-05,-0.0956657,5,2,0,0.01,0,False,nan,nan,nan,nan,nan,nan,nan,nan,nan,nan,12,17
ablation,matched,constant,2,33,14,30,8000,4.97013,4.94411e-05,0.000246268,2.6739e-05,1,5.51738,8.34624,nan,0.0966815,nan,0.119511,5.36715,5.46228,5.55758,True,4.98215,4.98266,4.96698,4.9956,4.92715e-05,4.92702e-05,4.91131e-05,4.9432e-05,0.00023828,0.000237146,0.000206938,0.000270317,2.66651e-05,2.66645e-05,2.65443e-05,2.67879e-05,-0.142055,4,2,0,0.01,0,False,nan,nan,nan,nan,nan,nan,nan,nan,nan,nan,12,17
ablation,matched,constant,2,33,15,30,8000,4.97013,4.94411e-05,0.000246268,2.60628e-05,1,5.3805,8.13524,nan,0.136277,nan,0.127193,5.21047,5.30055,5.39934,True,4.98037,4.98054,4.9657,4.99434,4.9273e-05,4.92715e-05,4.9117e-05,4.94427e-05,0.000243141,0.000242227,0.000209981,0.000279652,2.60352e-05,2.60353e-05,2.59182e-05,2.61499e-05,-0.109637,6,2,0,0.01,0,False,nan,nan,nan,nan,nan,nan,nan,nan,nan,nan,12,17
ablation,matched,constant,2,33,16,30,8000,4.97013,4.94411e-05,0.000246268,2.54002e-05,1,5.24624,7.92951,nan,0.112509,nan,0.114032,5.09457,5.18087,5.26943,True,4.97877,4.979,4.9627,4.99386,4.92798e-05,4.92801e-05,4.91205e-05,4.94431e-05,0.000243425,0.000242715,0.000209779,0.000276177,2.53609e-05,2.53619e-05,2.52449e-05,2.54773e-05,-0.096042,4,2,0,0.01,0,False,nan,nan,nan,nan,nan,nan,nan,nan,nan,nan,12,17
ablation,matched,constant,2,33,17,30,8000,4.97013,4.94411e-05,0.000246268,2.46848e-05,1,5.10111,7.70868,nan,0.0837119,nan,0.0777823,4.96488,5.05312,5.1354,True,4.97972,4.97992,4.96416,4.99471,4.92809e-05,4.9281e-05,4.91236e-05,4.94373e-05,0.000241732,0.000241073,0.000208278,0.000274443,2.47618e-05,2.47614e-05,2.46512e-05,2.4875e-05,-0.127092,5,2,0,0.01,0,False,nan,nan,nan,nan,nan,nan,nan,nan,nan,nan,12,17
ablation,matched,constant,2,33,18,30,8000,4.97013,4.94411e-05,0.000246268,2.39688e-05,1,4.95573,7.48805,nan,0.0240875,nan,0.05937,4.85762,4.94028,5.0284,True,4.98296,4.98327,4.9687,4.99582,4.92718e-05,4.92737e-05,4.91232e-05,4.94178e-05,0.000229611,0.000230118,0.000196404,0.00026459,2.39041e-05,2.39038e-05,2.37925e-05,2.40208e-05,-0.111747,4,2,0,0.01,0,False,nan,nan,nan,nan,nan,nan,nan,nan,nan,nan,12,17
ablation,matched,constant,2,33,19,30,8000,4.97013,4.94411e-05,0.000246268,2.32009e-05,1,4.79965,7.2519,nan,0.0164164,nan,0.0229365,4.70489,4.78936,4.87445,True,4.98359,4.9839,4.9693,4.99638,4.92755e-05,4.92766e-05,4.91233e-05,4.94282e-05,0.000236104,0.000235638,0.000201663,0.000273253,2.31345e-05,2.31343e-05,2.30236e-05,2.32434e-05,-0.106604,3,2,0,0.01,0,False,nan,nan,nan,nan,nan,nan,nan,nan,nan,nan,12,17
ablation,matched,constant,2,33,20,30,8000,4.97013,4.94411e-05,0.000246268,2.20239e-05,1,4.56007,6.89212,nan,0.141379,nan,0.143152,4.55835,4.63829,4.71919,True,4.98517,4.98545,4.97162,4.99734,4.92641e-05,4.92639e-05,4.91074e-05,4.94213e-05,0.000251435,0.000250784,0.000216197,0.000289871,2.19649e-05,2.19649e-05,2.18577e-05,2.20749e-05,-0.0908674,6,2,0,0.01,0,False,nan,nan,nan,nan,nan,nan,nan,nan,nan,nan,12,17
ablation,matched,constant,2,34,1,30,8000,0.00242178,7.38486e-05,0.000343318,7.38486e-05,1,13.829,3.7495,nan,4.79728,nan,0,7.72815,11.6811,17.067,True,0.00248819,0.0024883,0.0024112,0.00255984,7.38658e-05,7.38558e-05,7.34643e-05,7.43157e-05,0.000346823,0.000345926,0.000323625,0.000372778,7.38658e-05,7.38558e-05,7.34643e-05,7.43157e-05,-0.0492324,18,2,0,0.01,0,False,nan,nan,nan,nan,nan,nan,nan,nan,nan,nan,12,8
ablation,matched,constant,2,34,2,30,8000,0.00242178,7.38486e-05,0.000343318,6.36007e-05,1,12.0254,3.03,nan,0.0445053,nan,0.0542719,11.8199,12.0559,12.2792,True,0.00241368,0.00241285,0.00235886,0.00247033,7.3943e-05,7.39431e-05,7.35359e-05,7.43335e-05,0.000354323,0.000354251,0.000330497,0.000378045,6.37318e-05,6.37353e-05,6.33904e-05,6.40535e-05,-0.0405551,6,2,0,0.01,0,False,nan,nan,nan,nan,nan,nan,nan,nan,nan,nan,12,8
ablation,matched,constant,2,34,3,30,8000,0.00242178,7.38486e-05,0.000343318,5.57058e-05,1,10.6123,2.56994,nan,0.0325734,nan,0.0688001,10.4472,10.6407,10.8456,True,0.00241315,0.00241155,0.00236589,0.00246282,7.39437e-05,7.39383e-05,7.35565e-05,7.43335e-05,0.00035135,0.000351272,0.000327703,0.000377744,5.58839e-05,5.58842e-05,5.56001e-05,5.61792e-05,-0.0202836,4,2,0,0.01,0,False,nan,nan,nan,nan,nan,nan,nan,nan,nan,nan,12,8
ablation,matched,constant,2,34,4,30,8000,0.00242178,7.38486e-05,0.000343318,4.98737e-05,1,9.55485,2.29278,nan,0.0155643,nan,0.00386986,9.37175,9.54111,9.71223,True,0.00239911,0.00239935,0.00235704,0.00244066,7.39402e-05,7.39298e-05,7.35597e-05,7.433e-05,0.00033317,0.000333146,0.000307637,0.000359128,4.98873e-05,4.98802e-05,4.96304e-05,5.01639e-05,-0.0102024,4,2,0,0.01,0,False,nan,nan,nan,nan,nan,nan,nan,nan,nan,nan,12,8
ablation,matched,constant,2,34,5,30,8000,0.00242178,7.38486e-05,0.000343318,4.46813e-05,1,8.60345,2.08947,nan,0.117594,nan,0.0835054,8.56458,8.71842,8.87806,True,0.00240722,0.00240608,0.00236791,0.00244994,7.39478e-05,7.39432e-05,7.3582e-05,7.4331e-05,0.000343728,0.000343509,0.000312833,0.000377936,4.46302e-05,4.4629e-05,4.437e-05,4.48807e-05,0.0220006,5,2,0,0.01,0,False,nan,nan,nan,nan,nan,nan,nan,nan,nan,nan,12,8
ablation,matched,constant,2,34,6,30,8000,0.00242178,7.38486e-05,0.000343318,4.09775e-05,1,7.91898,1.95518,nan,0.0377724,nan,0.0265876,7.73486,7.8816,8.02396,True,0.00241109,0.00241028,0.00237211,0.00245135,7.39478e-05,7.39497e-05,7.35638e-05,7.4332e-05,0.000343871,0.000344808,0.000308883,0.000377534,4.10401e-05,4.10431e-05,4.07926e-05,4.1285e-05,0.0125642,4,2,0,0.01,0,False,nan,nan,nan,nan,nan,nan,nan,nan,nan,nan,12,8
ablation,matched,constant,2,34,7,30,8000,0.00242178,7.38486e-05,0.000343318,3.86736e-05,1,7.49074,1.84304,nan,0.172017,nan,0.179777,7.18795,7.32041,7.4563,False,0.00239712,0.00239601,0.0023635,0.00243274,7.3943e-05,7.39411e-05,7.35624e-05,7.43393e-05,0.000331899,0.000331322,0.000298089,0.000370092,3.86856e-05,3.86777e-05,3.84649e-05,3.89196e-05,0.016953,7,2,0,0.0107856,0,False,nan,nan,nan,nan,nan,nan,nan,nan,nan,nan,12,8
ablation,matched,constant,2,34,8,30,8000,0.00242178,7.38486e-05,0.000343318,3.54854e-05,1,6.89492,1.75051,nan,0.0805441,nan,0.0518169,6.83976,6.97349,7.12044,True,0.00239897,0.00239861,0.00236413,0.00243281,7.3936e-05,7.39418e-05,7.35319e-05,7.43251e-05,0.000327324,0.000326277,0.000291418,0.000366145,3.54783e-05,3.54784e-05,3.52657e-05,3.57073e-05,0.0361901,5,2,0,0.0107016,0,False,nan,nan,nan,nan,nan,nan,nan,nan,nan,nan,12,8
ablation,matched,constant,2,34,9,30,8000,0.00242178,7.38486e-05,0.000343318,3.34573e-05,1,6.51397,1.663,nan,0.0563178,nan,0.0839466,6.3315,6.46009,6.58333,True,0.0023973,0.00239773,0.00236204,0.00243109,7.39313e-05,7.39315e-05,7.35273e-05,7.43002e-05,0.000319204,0.000318498,0.000282427,0.000357694,3.3392e-05,3.33913e-05,3.31876e-05,3.36014e-05,0.0213468,3,2,0,0.0104626,0,False,nan,nan,nan,nan,nan,nan,nan,nan,nan,nan,12,8
ablation,matched,constant,2,34,10,30,8000,0.00242178,7.38486e-05,0.000343318,3.09737e-05,1,6.04538,1.60524,nan,0.0856077,nan,0.0534585,6.01158,6.12979,6.24869,True,0.00239741,0.00239681,0.00236386,0.00243166,7.39304e-05,7.39256e-05,7.35399e-05,7.43257e-05,0.000347945,0.000345872,0.000304403,0.000399261,3.08626e-05,3.08607e-05,3.06595e-05,3.10771e-05,-0.0236134,5,2,0,0.0108859,0,False,nan,nan,nan,nan,nan,nan,nan,nan,nan,nan,12,8
ablation,matched,constant,2,34,11,30,8000,0.00242178,7.38486e-05,0.000343318,2.93398e-05,1,5.73585,1.53613,nan,0.0746819,nan,0.0506615,5.54875,5.66062,5.77474,True,0.00239393,0.00239349,0.00236227,0.00242756,7.39391e-05,7.39325e-05,7.35561e-05,7.43322e-05,0.000341374,0.000340959,0.000297045,0.000386827,2.92404e-05,2.92378e-05,2.90445e-05,2.9446e-05,-0.00835629,4,2,0,0.0107634,0,False,nan,nan,nan,nan,nan,nan,nan,nan,nan,nan,12,8
ablation,matched,constant,2,34,12,30,8000,0.00242178,7.38486e-05,0.000343318,2.80964e-05,1,5.49962,1.46338,nan,0.102961,nan,0.0894524,5.28597,5.39692,5.50783,True,0.00238919,0.00238783,0.00235888,0.00242179,7.3953e-05,7.39502e-05,7.35599e-05,7.43378e-05,0.000315145,0.000314051,0.000275444,0.000358795,2.79433e-05,2.79453e-05,2.77459e-05,2.81322e-05,-0.00525227,4,2,0,0.0109187,0,False,nan,nan,nan,nan,nan,nan,nan,nan,nan,nan,12,8
ablation,matched,constant,2,34,13,30,8000,0.00242178,7.38486e-05,0.000343318,2.62479e-05,1,5.14737,1.43022,nan,0.062347,nan,0.0535477,5.10473,5.20867,5.31073,True,0.00239109,0.00239099,0.00236138,0.00242147,7.39494e-05,7.39475e-05,7.35706e-05,7.4331e-05,0.000330434,0.000329615,0.000287535,0.000377793,2.62375e-05,2.62374e-05,2.60515e-05,2.64233e-05,0.0290039,4,2,0,0.010825,0,False,nan,nan,nan,nan,nan,nan,nan,nan,nan,nan,12,8
ablation,matched,constant,2,34,14,30,8000,0.00242178,7.38486e-05,0.000343318,2.49093e-05,1,4.89146,1.3854,nan,0.00877121,nan,0.007217,4.80117,4.8956,4.99714,True,0.00239035,0.00239006,0.00236151,0.00242004,7.39544e-05,7.39532e-05,7.3582e-05,7.43315e-05,0.000341027,0.00033956,0.000291987,0.000392634,2.48124e-05,2.48119e-05,2.46269e-05,2.5e-05,0.0320099,3,2,0,0.0104958,0,False,nan,nan,nan,nan,nan,nan,nan,nan,nan,nan,12,8
ablation,matched,constant,2,34,15,30,8000,0.00242178,7.38486e-05,0.000343318,2.38079e-05,1,4.68039,1.33699,nan,0.0430724,nan,0.0273517,4.54748,4.63745,4.73013,True,0.00239476,0.00239399,0.00236572,0.00242798,7.39548e-05,7.39624e-05,7.35678e-05,7.43326e-05,0.000321381,0.00032028,0.000273927,0.000372157,2.3743e-05,2.37428e-05,2.35588e-05,2.39221e-05,0.04163,3,2,0,0.010266,0,False,nan,nan,nan,nan,nan,nan,nan,nan,nan,nan,12,8
ablation,matched,constant,2,34,16,30,8000,0.00242178,7.38486e-05,0.000343318,2.24938e-05,1,4.42793,1.3134,nan,0.0454005,nan,0.0343143,4.38755,4.4718,4.55878,True,0.00239035,0.00238956,0.00236214,0.0024217,7.39588e-05,7.39593e-05,7.35759e-05,7.43335e-05,0.000330001,0.000328779,0.000280202,0.000384936,2.23223e-05,2.23244e-05,2.21459e-05,2.25027e-05,0.0391608,4,2,0,0.010609,0,False,nan,nan,nan,nan,nan,nan,nan,nan,nan,nan,12,8
ablation,matched,constant,2,34,17,30,8000,0.00242178,7.38486e-05,0.000343318,2.13696e-05,1,4.21143,1.28768,nan,0.00569733,nan,0.0206504,4.12919,4.211,4.30145,True,0.00239204,0.00239123,0.00236392,0.00242331,7.39614e-05,7.39581e-05,7.35752e-05,7.43562e-05,0.000333954,0.000332775,0.000280457,0.000392282,2.13367e-05,2.13372e-05,2.11564e-05,2.15168e-05,0.00775527,3,2,0,0.0102566,0,False,nan,nan,nan,nan,nan,nan,nan,nan,nan,nan,12,8
ablation,matched,constant,2,34,18,30,8000,0.00242178,7.38486e-05,0.000343318,2.0514e-05,1,4.04634,1.24961,nan,0.0126411,nan,0.0127619,3.9539,4.03425,4.11721,True,0.00239207,0.00239137,0.00236375,0.0024218,7.39721e-05,7.39677e-05,7.35814e-05,7.437e-05,0.0003378,0.000336149,0.000279244,0.000402441,2.04381e-05,2.04393e-05,2.02632e-05,2.06175e-05,0.0258408,2,2,0,0.01,0,False,nan,nan,nan,nan,nan,nan,nan,nan,nan,nan,12,8
ablation,matched,constant,2,34,19,30,8000,0.00242178,7.38486e-05,0.000343318,1.97549e-05,1,3.89961,1.21116,nan,0.028682,nan,0.0177915,3.80172,3.87042,3.94722,True,0.00239043,0.00239026,0.00236071,0.00242013,7.39536e-05,7.39489e-05,7.35623e-05,7.43427e-05,0.000308338,0.000306662,0.000256456,0.000365281,1.97564e-05,1.97581e-05,1.9587e-05,1.992e-05,0.0537461,3,2,0,0.01,0,False,nan,nan,nan,nan,nan,nan,nan,nan,nan,nan,12,8
ablation,matched,constant,2,34,20,30,8000,0.00242178,7.38486e-05,0.000343318,1.89466e-05,1,3.74314,1.18406,nan,0.0281605,nan,0.00365512,3.69647,3.76967,3.84408,True,0.00239071,0.00239108,0.00236308,0.00241882,7.39683e-05,7.39685e-05,7.35884e-05,7.43788e-05,0.000332567,0.000331406,0.000274527,0.000394763,1.88425e-05,1.88403e-05,1.86757e-05,1.90177e-05,0.0480467,3,2,0,0.01,0,False,nan,nan,nan,nan,nan,nan,nan,nan,nan,nan,12,8
ablation,matched,constant,2,35,1,30,8000,0.274584,7.31756e-05,0.000173687,7.31756e-05,1,14.3114,7.01745,nan,3.67938,nan,0,7.96141,11.7074,17.4264,True,0.273652,0.273691,0.271997,0.275249,7.35584e-05,7.35585e-05,7.32357e-05,7.38934e-05,0.00019633,0.000196199,0.00017912,0.000213273,7.35584e-05,7.35585e-05,7.32357e-05,7.38934e-05,-0.162939,19,2,0,0.01,0,False,nan,nan,nan,nan,nan,nan,nan,nan,nan,nan,12,15
ablation,matched,constant,2,35,2,30,8000,0.274584,7.31756e-05,0.000173687,6.9439e-05,1,13.6059,6.80408,nan,0.449067,nan,0.315295,12.9709,13.2036,13.4377,False,0.274281,0.274271,0.273148,0.275407,7.3346e-05,7.33504e-05,7.3044e-05,7.36447e-05,0.000176124,0.000176092,0.000162916,0.000190626,6.96425e-05,6.96407e-05,6.93833e-05,6.99145e-05,-0.187675,10,2,0,0.0158932,0,False,nan,nan,nan,nan,nan,nan,nan,nan,nan,nan,12,15
ablation,matched,constant,2,35,3,30,8000,0.274584,7.31756e-05,0.000173687,6.55093e-05,1,12.8611,6.51684,nan,0.154098,nan,0.171015,12.3826,12.7211,13.0353,True,0.273767,0.273746,0.272794,0.274797,7.33641e-05,7.33612e-05,7.30758e-05,7.36584e-05,0.000173951,0.000173967,0.000159495,0.000188689,6.56091e-05,6.56131e-05,6.53464e-05,6.58642e-05,-0.149218,7,2,0,0.0153409,0,False,nan,nan,nan,nan,nan,nan,nan,nan,nan,nan,12,15
ablation,matched,constant,2,35,4,30,8000,0.274584,7.31756e-05,0.000173687,6.22537e-05,1,12.2419,6.29365,nan,0.191061,nan,0.206608,11.7761,12.0708,12.3793,True,0.274237,0.274252,0.27341,0.275009,7.33313e-05,7.33287e-05,7.30437e-05,7.35987e-05,0.000169576,0.000169724,0.00015426,0.000184556,6.23443e-05,6.23444e-05,6.21056e-05,6.25943e-05,-0.148528,6,2,0,0.0153742,0,False,nan,nan,nan,nan,nan,nan,nan,nan,nan,nan,12,15
ablation,matched,constant,2,35,5,30,8000,0.274584,7.31756e-05,0.000173687,5.83286e-05,1,11.4927,5.9233,nan,0.0500976,nan,0.0164169,11.2487,11.5428,11.8144,True,0.274437,0.274439,0.273688,0.275211,7.33192e-05,7.33217e-05,7.30327e-05,7.35987e-05,0.000177664,0.000177467,0.000161507,0.000195217,5.80832e-05,5.80859e-05,5.78403e-05,5.83272e-05,-0.096465,6,2,0,0.0146342,0,False,nan,nan,nan,nan,nan,nan,nan,nan,nan,nan,12,15
ablation,matched,constant,2,35,6,30,8000,0.274584,7.31756e-05,0.000173687,5.5085e-05,1,10.8713,5.62969,nan,0.0968183,nan,0.0307755,10.5145,10.7841,11.0565,True,0.274709,0.274687,0.273997,0.275478,7.33017e-05,7.33039e-05,7.30251e-05,7.35849e-05,0.000183285,0.000183067,0.000165455,0.000202889,5.51487e-05,5.51463e-05,5.49124e-05,5.53864e-05,-0.0947956,5,2,0,0.0140304,0,False,nan,nan,nan,nan,nan,nan,nan,nan,nan,nan,12,15
ablation,matched,constant,2,35,7,30,8000,0.274584,7.31756e-05,0.000173687,5.18919e-05,1,10.2577,5.3153,nan,0.0112299,nan,0.0336296,10.0343,10.2488,10.4913,True,0.274801,0.274798,0.274077,0.275517,7.33039e-05,7.33019e-05,7.30236e-05,7.35904e-05,0.000164692,0.000164584,0.000148287,0.000181754,5.1781e-05,5.17809e-05,5.15665e-05,5.19951e-05,-0.0758791,6,2,0,0.0133573,0,False,nan,nan,nan,nan,nan,nan,nan,nan,nan,nan,12,15
ablation,matched,constant,2,35,8,30,8000,0.274584,7.31756e-05,0.000173687,4.96189e-05,1,9.81965,5.12955,nan,0.0729016,nan,0.0902673,9.53744,9.75349,9.9713,True,0.274814,0.274815,0.274152,0.27546,7.32961e-05,7.32986e-05,7.30145e-05,7.35671e-05,0.000161427,0.000161,0.000143626,0.000180114,4.97696e-05,4.97675e-05,4.95567e-05,4.99931e-05,-0.0464511,5,2,0,0.0131839,0,False,nan,nan,nan,nan,nan,nan,nan,nan,nan,nan,12,15
ablation,matched,constant,2,35,9,30,8000,0.274584,7.31756e-05,0.000173687,4.75542e-05,1,9.42091,4.95895,nan,0.0119518,nan,0.0867715,9.21004,9.41962,9.63243,True,0.274811,0.274814,0.274178,0.275445,7.32991e-05,7.32942e-05,7.30351e-05,7.35754e-05,0.000168122,0.000167945,0.000149143,0.000188148,4.75798e-05,4.75783e-05,4.73665e-05,4.77917e-05,-0.0392522,4,2,0,0.0126247,0,False,nan,nan,nan,nan,nan,nan,nan,nan,nan,nan,12,15
ablation,matched,constant,2,35,10,30,8000,0.274584,7.31756e-05,0.000173687,4.46441e-05,1,8.85747,4.62652,nan,0.166511,nan,0.134093,8.80559,9.00729,9.2105,True,0.274928,0.274941,0.274307,0.275508,7.32981e-05,7.33034e-05,7.30327e-05,7.3568e-05,0.000176334,0.000176279,0.000154604,0.00019868,4.47755e-05,4.47691e-05,4.4571e-05,4.49917e-05,-0.0701006,5,2,0,0.0126744,0,False,nan,nan,nan,nan,nan,nan,nan,nan,nan,nan,12,15
ablation,matched,constant,2,35,11,30,8000,0.274584,7.31756e-05,0.000173687,4.2811e-05,1,8.50171,4.46091,nan,0.0228943,nan,0.0383394,8.30321,8.47983,8.66361,True,0.274762,0.274765,0.274179,0.275358,7.33127e-05,7.33191e-05,7.30273e-05,7.35785e-05,0.000166116,0.000165705,0.000146916,0.00018659,4.28211e-05,4.28197e-05,4.26209e-05,4.30182e-05,-0.0537084,5,2,0,0.0122327,0,False,nan,nan,nan,nan,nan,nan,nan,nan,nan,nan,12,15
ablation,matched,constant,2,35,12,30,8000,0.274584,7.31756e-05,0.000173687,4.08966e-05,1,8.12946,4.26795,nan,0.0426406,nan,0.0126619,7.9983,8.16435,8.3459,True,0.27483,0.274843,0.27422,0.275381,7.33131e-05,7.33136e-05,7.30303e-05,7.35896e-05,0.000164251,0.000163949,0.000143485,0.000186773,4.08467e-05,4.08475e-05,4.06464e-05,4.10484e-05,-0.0525936,4,2,0,0.0118687,0,False,nan,nan,nan,nan,nan,nan,nan,nan,nan,nan,12,15
ablation,matched,constant,2,35,13,30,8000,0.274584,7.31756e-05,0.000173687,3.95467e-05,1,7.86656,4.15989,nan,0.0522593,nan,0.0738234,7.65799,7.81755,7.97953,True,0.274722,0.27472,0.274133,0.275294,7.33126e-05,7.33149e-05,7.30353e-05,7.35853e-05,0.000164355,0.000163927,0.00014393,0.000186711,3.94539e-05,3.94569e-05,3.92592e-05,3.96435e-05,-0.0834196,4,2,0,0.0115407,0,False,nan,nan,nan,nan,nan,nan,nan,nan,nan,nan,12,15
ablation,matched,constant,2,35,14,30,8000,0.274584,7.31756e-05,0.000173687,3.81577e-05,1,7.59566,4.03501,nan,0.0344317,nan,0.042522,7.41376,7.5661,7.71036,True,0.274785,0.274785,0.2742,0.275335,7.33138e-05,7.33146e-05,7.30476e-05,7.3576e-05,0.000167828,0.000167726,0.000145353,0.000191466,3.80302e-05,3.80282e-05,3.78423e-05,3.82113e-05,-0.0922554,3,2,0,0.0111812,0,False,nan,nan,nan,nan,nan,nan,nan,nan,nan,nan,12,15
ablation,matched,constant,2,35,15,30,8000,0.274584,7.31756e-05,0.000173687,3.63753e-05,1,7.24745,3.8323,nan,0.0488704,nan,0.0645481,7.14943,7.29058,7.43483,True,0.274794,0.274798,0.274231,0.275303,7.33103e-05,7.33049e-05,7.30349e-05,7.35918e-05,0.000163434,0.00016284,0.000142139,0.000187547,3.64633e-05,3.64691e-05,3.62728e-05,3.66445e-05,-0.0610497,4,2,0,0.0108644,0,False,nan,nan,nan,nan,nan,nan,nan,nan,nan,nan,12,15
ablation,matched,constant,2,35,16,30,8000,0.274584,7.31756e-05,0.000173687,3.48511e-05,1,6.94921,3.66601,nan,0.0836843,nan,0.0377413,6.89148,7.02374,7.15764,True,0.27479,0.274799,0.27423,0.275318,7.33135e-05,7.33146e-05,7.30367e-05,7.35915e-05,0.000180201,0.000180359,0.000153327,0.000205936,3.47729e-05,3.47742e-05,3.45765e-05,3.49612e-05,-0.0689706,5,2,0,0.0109181,0,False,nan,nan,nan,nan,nan,nan,nan,nan,nan,nan,12,15
ablation,matched,constant,2,35,17,30,8000,0.274584,7.31756e-05,0.000173687,3.3124e-05,1,6.61069,3.45754,nan,0.0757051,nan,0.104646,6.54855,6.67955,6.80651,True,0.274667,0.274676,0.274105,0.2752,7.33141e-05,7.3319e-05,7.30252e-05,7.35961e-05,0.000182491,0.000182364,0.000154997,0.000210229,3.33234e-05,3.33227e-05,3.31403e-05,3.35152e-05,-0.0732234,4,2,0,0.0106651,0,False,nan,nan,nan,nan,nan,nan,nan,nan,nan,nan,12,15
ablation,matched,constant,2,35,18,30,8000,0.274584,7.31756e-05,0.000173687,3.21926e-05,1,6.42787,3.37945,nan,0.0186561,nan,0.04081,6.29064,6.41067,6.53181,True,0.274579,0.274577,0.274022,0.275137,7.33193e-05,7.33208e-05,7.30328e-05,7.3587e-05,0.000177056,0.00017717,0.000148732,0.000205653,3.21361e-05,3.21376e-05,3.19466e-05,3.23176e-05,-0.0308641,3,2,0,0.0103795,0,False,nan,nan,nan,nan,nan,nan,nan,nan,nan,nan,12,15
ablation,matched,constant,2,35,19,30,8000,0.274584,7.31756e-05,0.000173687,3.11372e-05,1,6.22052,3.27434,nan,0.0207891,nan,0.00106152,6.09019,6.20219,6.3189,True,0.2745,0.274496,0.273967,0.275038,7.33173e-05,7.33189e-05,7.30301e-05,7.36026e-05,0.000180449,0.000180485,0.000149715,0.000210264,3.09877e-05,3.09906e-05,3.08115e-05,3.117e-05,-0.0111092,3,2,0,0.0101255,0,False,nan,nan,nan,nan,nan,nan,nan,nan,nan,nan,12,15
ablation,matched,constant,2,35,20,30,8000,0.274584,7.31756e-05,0.000173687,2.97398e-05,1,5.94562,3.10498,nan,0.0438317,nan,0.0870654,5.88051,5.98458,6.09227,True,0.274479,0.274472,0.273955,0.274992,7.33196e-05,7.33189e-05,7.30489e-05,7.35983e-05,0.000189702,0.000188988,0.0001605,0.000221766,2.97934e-05,2.97981e-05,2.96088e-05,2.99707e-05,-0.0512467,4,2,0,0.01,0,False,nan,nan,nan,nan,nan,nan,nan,nan,nan,nan,12,15
ablation,matched,constant,2,36,1,30,8000,0.192736,5.91761e-05,0.000232007,5.91761e-05,1,11.503,3.64159,nan,2.10989,nan,0,7.77297,11.5934,17.4589,True,0.192776,0.192794,0.191388,0.194114,5.90966e-05,5.90929e-05,5.87535e-05,5.94383e-05,0.000225074,0.000224582,0.000197931,0.000253986,5.90966e-05,5.90929e-05,5.87535e-05,5.94383e-05,-0.111028,17,2,0,0.01,0,False,nan,nan,nan,nan,nan,nan,nan,nan,nan,nan,12,14
ablation,matched,constant,2,36,2,30,8000,0.192736,5.91761e-05,0.000232007,5.41684e-05,1,10.5645,3.34539,nan,0.109194,nan,0.0872061,10.4618,10.6706,10.8717,True,0.193093,0.193083,0.192099,0.194078,5.91183e-05,5.91183e-05,5.88241e-05,5.94042e-05,0.000229604,0.000229291,0.000208112,0.0002523,5.42138e-05,5.42117e-05,5.39649e-05,5.44621e-05,-0.1121,5,2,0,0.01,0,False,nan,nan,nan,nan,nan,nan,nan,nan,nan,nan,12,14
ablation,matched,constant,2,36,3,30,8000,0.192736,5.91761e-05,0.000232007,5.01688e-05,1,9.81057,3.10384,nan,0.0502326,nan,0.0293615,9.67574,9.85919,10.0345,True,0.193283,0.193262,0.192426,0.194167,5.9158e-05,5.91695e-05,5.88571e-05,5.94329e-05,0.000240059,0.000239911,0.000216644,0.000263537,5.00891e-05,5.00883e-05,4.98554e-05,5.03252e-05,-0.0975179,5,2,0,0.01,0,False,nan,nan,nan,nan,nan,nan,nan,nan,nan,nan,12,14
ablation,matched,constant,2,36,4,30,8000,0.192736,5.91761e-05,0.000232007,4.7394e-05,1,9.28516,2.93013,nan,0.150974,nan,0.109271,8.97932,9.13842,9.30574,True,0.193182,0.193176,0.192441,0.193936,5.91459e-05,5.91443e-05,5.88672e-05,5.94421e-05,0.000235293,0.000234477,0.000212592,0.000258824,4.74095e-05,4.74063e-05,4.7188e-05,4.76354e-05,-0.0632786,5,2,0,0.0100109,0,False,nan,nan,nan,nan,nan,nan,nan,nan,nan,nan,12,14
ablation,matched,constant,2,36,5,30,8000,0.192736,5.91761e-05,0.000232007,4.46653e-05,1,8.76657,2.76606,nan,0.0562294,nan,0.0494181,8.56397,8.71098,8.86716,True,0.193232,0.193228,0.192548,0.193969,5.91223e-05,5.91263e-05,5.88445e-05,5.94129e-05,0.000229353,0.000228889,0.000205788,0.000253743,4.47489e-05,4.47515e-05,4.45293e-05,4.49638e-05,-0.0539127,4,2,0,0.01,0,False,nan,nan,nan,nan,nan,nan,nan,nan,nan,nan,12,14
ablation,matched,constant,2,36,6,30,8000,0.192736,5.91761e-05,0.000232007,4.21386e-05,1,8.28471,2.61504,nan,0.010354,nan,0.025222,8.135,8.28341,8.44014,True,0.193227,0.193226,0.192564,0.193899,5.91135e-05,5.91113e-05,5.88555e-05,5.93892e-05,0.000220045,0.000219612,0.00019687,0.000244739,4.21807e-05,4.21814e-05,4.19581e-05,4.23975e-05,-0.0780738,4,2,0,0.01,0,False,nan,nan,nan,nan,nan,nan,nan,nan,nan,nan,12,14
ablation,matched,constant,2,36,7,30,8000,0.192736,5.91761e-05,0.000232007,4.00531e-05,1,7.88577,2.49257,nan,0.015145,nan,0.0570837,7.73329,7.87451,8.01353,True,0.19329,0.193279,0.192694,0.193923,5.9113e-05,5.91048e-05,5.88451e-05,5.94052e-05,0.000227249,0.000226812,0.000201632,0.000253561,4.00376e-05,4.00352e-05,3.98222e-05,4.02508e-05,-0.0845733,4,2,0,0.01,0,False,nan,nan,nan,nan,nan,nan,nan,nan,nan,nan,12,14
ablation,matched,constant,2,36,8,30,8000,0.192736,5.91761e-05,0.000232007,3.797e-05,1,7.48616,2.3681,nan,0.0104702,nan,0.0126793,7.35521,7.48525,7.61456,True,0.193246,0.193247,0.192647,0.193876,5.91099e-05,5.91081e-05,5.88335e-05,5.94002e-05,0.000226259,0.000226394,0.000199395,0.000254619,3.79636e-05,3.79631e-05,3.77609e-05,3.81625e-05,-0.0722146,3,2,0,0.01,0,False,nan,nan,nan,nan,nan,nan,nan,nan,nan,nan,12,14
ablation,matched,constant,2,36,9,30,8000,0.192736,5.91761e-05,0.000232007,3.58411e-05,1,7.07662,2.23691,nan,0.0539036,nan,0.0395429,6.99991,7.12465,7.25626,True,0.193165,0.193162,0.1926,0.193749,5.91201e-05,5.9118e-05,5.88499e-05,5.94022e-05,0.000228516,0.000228175,0.000199555,0.00025837,3.60695e-05,3.60678e-05,3.58673e-05,3.62796e-05,-0.0436977,4,2,0,0.01,0,False,nan,nan,nan,nan,nan,nan,nan,nan,nan,nan,12,14
ablation,matched,constant,2,36,10,30,8000,0.192736,5.91761e-05,0.000232007,3.39469e-05,1,6.71124,2.1203,nan,0.0864127,nan,0.0337796,6.67295,6.79066,6.91521,True,0.193099,0.193091,0.19254,0.193664,5.91177e-05,5.91116e-05,5.88387e-05,5.94196e-05,0.000237534,0.000237401,0.000207097,0.000270231,3.39705e-05,3.3963e-05,3.37746e-05,3.41767e-05,-0.0401015,4,2,0,0.01,0,False,nan,nan,nan,nan,nan,nan,nan,nan,nan,nan,12,14
ablation,matched,constant,2,36,11,30,8000,0.192736,5.91761e-05,0.000232007,3.24719e-05,1,6.42609,2.03186,nan,0.0230653,nan,0.0161286,6.2878,6.4066,6.51918,True,0.193139,0.193153,0.192606,0.193664,5.91157e-05,5.9114e-05,5.8823e-05,5.94169e-05,0.000222056,0.000221472,0.000193514,0.000252871,3.24423e-05,3.24424e-05,3.22566e-05,3.26312e-05,-0.0399992,3,2,0,0.01,0,False,nan,nan,nan,nan,nan,nan,nan,nan,nan,nan,12,14
ablation,matched,constant,2,36,12,30,8000,0.192736,5.91761e-05,0.000232007,3.1537e-05,1,6.24504,1.98425,nan,0.0851053,nan,0.0999183,6.04949,6.16196,6.28007,True,0.19323,0.193229,0.192715,0.193739,5.90995e-05,5.91027e-05,5.88132e-05,5.93999e-05,0.000213513,0.000213197,0.00018209,0.000245805,3.15305e-05,3.15287e-05,3.13427e-05,3.17182e-05,-0.0174846,5,2,0,0.01,0,False,nan,nan,nan,nan,nan,nan,nan,nan,nan,nan,12,14
ablation,matched,constant,2,36,13,30,8000,0.192736,5.91761e-05,0.000232007,2.99768e-05,1,5.9424,1.88424,nan,0.0767809,nan,0.0438261,5.90452,6.01302,6.12938,True,0.193188,0.193186,0.192682,0.193711,5.91045e-05,5.91039e-05,5.88153e-05,5.94016e-05,0.000221689,0.000221107,0.000190146,0.000255085,2.99898e-05,2.9993e-05,2.97999e-05,3.01767e-05,-0.0508582,4,2,0,0.01,0,False,nan,nan,nan,nan,nan,nan,nan,nan,nan,nan,12,14
ablation,matched,constant,2,36,14,30,8000,0.192736,5.91761e-05,0.000232007,2.94463e-05,1,5.83934,1.87019,nan,0.121016,nan,0.1407,5.62175,5.72288,5.82921,False,0.19315,0.193152,0.192634,0.193675,5.91026e-05,5.91082e-05,5.87974e-05,5.93975e-05,0.00021108,0.000211093,0.000179691,0.000243643,2.93611e-05,2.93593e-05,2.91701e-05,2.95553e-05,-0.0311712,5,2,0,0.01,0,False,nan,nan,nan,nan,nan,nan,nan,nan,nan,nan,12,14
ablation,matched,constant,2,36,15,30,8000,0.192736,5.91761e-05,0.000232007,2.81263e-05,1,5.58263,1.78371,nan,0.0465027,nan,0.0293687,5.52671,5.62621,5.72795,True,0.193017,0.193017,0.192465,0.193504,5.91157e-05,5.91238e-05,5.88094e-05,5.94152e-05,0.000213595,0.000213337,0.000182003,0.000245721,2.80846e-05,2.80848e-05,2.79014e-05,2.82599e-05,0.00622452,3,2,0,0.01,0,False,nan,nan,nan,nan,nan,nan,nan,nan,nan,nan,12,14
ablation,matched,constant,2,36,16,30,8000,0.192736,5.91761e-05,0.000232007,2.65491e-05,1,5.27526,1.67341,nan,0.119781,nan,0.102986,5.29245,5.38808,5.48795,False,0.193013,0.193013,0.192494,0.193509,5.9124e-05,5.9121e-05,5.8826e-05,5.94227e-05,0.000231225,0.0002304,0.000197762,0.000270536,2.66044e-05,2.66044e-05,2.64321e-05,2.6782e-05,0.00519394,6,2,0,0.01,0,False,nan,nan,nan,nan,nan,nan,nan,nan,nan,nan,12,14
ablation,matched,constant,2,36,17,30,8000,0.192736,5.91761e-05,0.000232007,2.51084e-05,1,4.99393,1.57743,nan,0.109728,nan,0.098787,4.99905,5.09889,5.19302,False,0.193075,0.193076,0.192587,0.193541,5.9114e-05,5.91065e-05,5.88432e-05,5.94101e-05,0.00024273,0.000241604,0.000205044,0.000284911,2.53342e-05,2.53378e-05,2.5163e-05,2.55098e-05,0.00402846,4,2,0,0.01,0,False,nan,nan,nan,nan,nan,nan,nan,nan,nan,nan,12,14
ablation,matched,constant,2,36,18,30,8000,0.192736,5.91761e-05,0.000232007,2.44594e-05,1,4.86702,1.54052,nan,0.0116174,nan,0.0435394,4.76614,4.85526,4.94952,True,0.193077,0.193093,0.192571,0.193553,5.91146e-05,5.91074e-05,5.88516e-05,5.94087e-05,0.00024013,0.000238901,0.000201514,0.000281424,2.44818e-05,2.44839e-05,2.43056e-05,2.46523e-05,-0.045983,2,2,0,0.01,0,False,nan,nan,nan,nan,nan,nan,nan,nan,nan,nan,12,14
ablation,matched,constant,2,36,19,30,8000,0.192736,5.91761e-05,0.000232007,2.3996e-05,1,4.77633,1.51952,nan,0.0736221,nan,0.0728936,4.61958,4.70381,4.7975,True,0.193058,0.193055,0.192572,0.19353,5.9131e-05,5.9131e-05,5.88484e-05,5.94218e-05,0.000227941,0.000227352,0.000190372,0.000266014,2.39396e-05,2.39396e-05,2.37628e-05,2.41151e-05,-0.033228,4,2,0,0.01,0,False,nan,nan,nan,nan,nan,nan,nan,nan,nan,nan,12,14
ablation,matched,constant,2,36,20,30,8000,0.192736,5.91761e-05,0.000232007,2.31711e-05,1,4.61474,1.46754,nan,0.00383649,nan,0.00780398,4.52633,4.61547,4.69999,True,0.193016,0.193013,0.192525,0.193507,5.91284e-05,5.91221e-05,5.88503e-05,5.94403e-05,0.000229105,0.000227907,0.000190775,0.000270714,2.32112e-05,2.32151e-05,2.30382e-05,2.33875e-05,-0.027503,3,2,0,0.01,0,False,nan,nan,nan,nan,nan,nan,nan,nan,nan,nan,12,14
ablation,matched,constant,2,37,1,30,8000,0.366699,0.000106728,0.000220518,0.000106728,1,20.2881,14.3868,nan,11.2736,nan,0,7.90014,11.6242,16.8064,False,0.365722,0.365559,0.364315,0.367266,0.000106899,0.000106894,0.000106616,0.000107198,0.000223641,0.000223111,0.000216322,0.000231245,0.000106899,0.000106894,0.000106616,0.000107198,-0.218794,22,2,0,0.01,0,False,nan,nan,nan,nan,nan,nan,nan,nan,nan,nan,12,8
ablation,matched,constant,2,37,2,30,8000,0.366699,0.000106728,0.000220518,9.35913e-05,1,17.9326,12.48,nan,0.0828151,nan,0.0506546,17.5673,17.8733,18.1559,True,0.366454,0.366455,0.365291,0.367614,0.000106854,0.000106854,0.00010654,0.000107176,0.000221644,0.00022159,0.000212489,0.000231251,9.37006e-05,9.36961e-05,9.34059e-05,9.40087e-05,-0.178681,6,2,0,0.01,0,False,nan,nan,nan,nan,nan,nan,nan,nan,nan,nan,12,8
ablation,matched,constant,2,37,3,30,8000,0.366699,0.000106728,0.000220518,8.11455e-05,1,15.6667,10.6067,nan,0.422812,nan,0.418585,15.7617,16.0398,16.3082,False,0.366212,0.366236,0.36516,0.36723,0.000106879,0.000106878,0.00010655,0.000107191,0.000225825,0.00022565,0.000214212,0.000237722,8.14392e-05,8.14432e-05,8.11623e-05,8.17121e-05,-0.133472,8,2,0,0.0119829,0,False,nan,nan,nan,nan,nan,nan,nan,nan,nan,nan,12,8
ablation,matched,constant,2,37,4,30,8000,0.366699,0.000106728,0.000220518,7.23822e-05,1,14.0506,9.34529,nan,0.15858,nan,0.167282,13.9251,14.1875,14.4658,True,0.366208,0.366203,0.365187,0.36723,0.000106893,0.000106895,0.000106568,0.000107202,0.000235138,0.000235027,0.000221428,0.000249391,7.27524e-05,7.27494e-05,7.24813e-05,7.30321e-05,-0.0948837,5,2,0,0.0113638,0,False,nan,nan,nan,nan,nan,nan,nan,nan,nan,nan,12,8
ablation,matched,constant,2,37,5,30,8000,0.366699,0.000106728,0.000220518,6.6074e-05,1,12.8766,8.48197,nan,0.0822987,nan,0.0224617,12.5612,12.809,13.0595,True,0.366353,0.366359,0.365449,0.367258,0.000106881,0.000106886,0.000106542,0.000107198,0.000224694,0.000224483,0.00021022,0.000239417,6.63156e-05,6.63167e-05,6.60662e-05,6.65619e-05,-0.0902193,6,2,0,0.0108023,0,False,nan,nan,nan,nan,nan,nan,nan,nan,nan,nan,12,8
ablation,matched,constant,2,37,6,30,8000,0.366699,0.000106728,0.000220518,6.0781e-05,1,11.8845,7.76415,nan,0.0117144,nan,0.0199429,11.6579,11.8757,12.1021,True,0.366273,0.366277,0.365408,0.367099,0.000106884,0.000106881,0.000106567,0.000107187,0.000223264,0.000222852,0.000207453,0.000240055,6.09077e-05,6.0906e-05,6.06648e-05,6.1146e-05,-0.139426,4,2,0,0.0101758,0,False,nan,nan,nan,nan,nan,nan,nan,nan,nan,nan,12,8
ablation,matched,constant,2,37,7,30,8000,0.366699,0.000106728,0.000220518,5.59657e-05,1,10.9762,7.10247,nan,0.0551606,nan,0.0493186,10.8414,11.0265,11.2208,True,0.366182,0.366186,0.365344,0.367007,0.000106891,0.000106893,0.000106569,0.000107185,0.000220416,0.000220196,0.000203517,0.000238993,5.58684e-05,5.58625e-05,5.56392e-05,5.61025e-05,-0.0970695,5,2,0,0.01,0,False,nan,nan,nan,nan,nan,nan,nan,nan,nan,nan,12,8
ablation,matched,constant,2,37,8,30,8000,0.366699,0.000106728,0.000220518,5.20328e-05,1,10.2303,6.5752,nan,0.0219564,nan,0.00438439,10.0331,10.2158,10.386,True,0.366269,0.366283,0.365493,0.367019,0.000106892,0.000106894,0.00010657,0.000107173,0.000217016,0.000217316,0.000197371,0.000236292,5.1813e-05,5.18141e-05,5.1603e-05,5.20235e-05,-0.0310137,4,2,0,0.01,0,False,nan,nan,nan,nan,nan,nan,nan,nan,nan,nan,12,8
ablation,matched,constant,2,37,9,30,8000,0.366699,0.000106728,0.000220518,4.88461e-05,1,9.6232,6.16132,nan,0.0752515,nan,0.0462975,9.39518,9.56024,9.72874,True,0.366253,0.366274,0.365448,0.367007,0.000106884,0.000106898,0.000106569,0.00010718,0.000217494,0.000217008,0.000196704,0.000239059,4.88668e-05,4.88684e-05,4.86522e-05,4.90869e-05,-0.072908,4,2,0,0.01,0,False,nan,nan,nan,nan,nan,nan,nan,nan,nan,nan,12,8
ablation,matched,constant,2,37,10,30,8000,0.366699,0.000106728,0.000220518,4.5564e-05,1,8.99538,5.71449,nan,0.0733209,nan,0.0602342,8.90352,9.05865,9.22075,True,0.366203,0.366214,0.365431,0.366968,0.0001069,0.000106911,0.000106575,0.00010718,0.000216666,0.000216563,0.00019455,0.00023872,4.56117e-05,4.56121e-05,4.54013e-05,4.58206e-05,-0.0608643,5,2,0,0.01,0,False,nan,nan,nan,nan,nan,nan,nan,nan,nan,nan,12,8
ablation,matched,constant,2,37,11,30,8000,0.366699,0.000106728,0.000220518,4.21614e-05,1,8.34178,5.2352,nan,0.192827,nan,0.170462,8.36458,8.51067,8.66354,False,0.366232,0.366202,0.365501,0.366975,0.000106904,0.000106912,0.000106594,0.000107203,0.000222415,0.000222019,0.000198344,0.000245475,4.21403e-05,4.21409e-05,4.19407e-05,4.23477e-05,-0.0414483,6,2,0,0.0103031,0,False,nan,nan,nan,nan,nan,nan,nan,nan,nan,nan,12,8
ablation,matched,constant,2,37,12,30,8000,0.366699,0.000106728,0.000220518,3.95808e-05,1,7.84417,4.88964,nan,0.0608001,nan,0.0708757,7.756,7.89774,8.03727,True,0.366238,0.366227,0.365508,0.366951,0.000106913,0.000106913,0.000106584,0.000107229,0.000216883,0.000215904,0.000193544,0.000242598,3.96745e-05,3.96761e-05,3.94763e-05,3.98666e-05,0.0157681,4,2,0,0.0100199,0,False,nan,nan,nan,nan,nan,nan,nan,nan,nan,nan,12,8
ablation,matched,constant,2,37,13,30,8000,0.366699,0.000106728,0.000220518,3.74082e-05,1,7.42399,4.60573,nan,0.0642269,nan,0.0386407,7.3523,7.48193,7.6108,True,0.366211,0.366211,0.365466,0.366932,0.00010692,0.00010693,0.0001066,0.000107229,0.000224916,0.000223925,0.000198462,0.000253543,3.7367e-05,3.73657e-05,3.71758e-05,3.75602e-05,-0.046319,4,2,0,0.01,0,False,nan,nan,nan,nan,nan,nan,nan,nan,nan,nan,12,8
ablation,matched,constant,2,37,14,30,8000,0.366699,0.000106728,0.000220518,3.5217e-05,1,6.99901,4.3121,nan,0.069161,nan,0.0891309,6.93611,7.06092,7.18209,True,0.366205,0.366206,0.365435,0.366937,0.000106908,0.000106914,0.000106588,0.00010721,0.000224614,0.000224087,0.0001981,0.000254104,3.51279e-05,3.51341e-05,3.49326e-05,3.53129e-05,-0.0392207,5,2,0,0.0100198,0,False,nan,nan,nan,nan,nan,nan,nan,nan,nan,nan,12,8
ablation,matched,constant,2,37,15,30,8000,0.366699,0.000106728,0.000220518,3.44178e-05,1,6.84371,4.24655,nan,0.20656,nan,0.17592,6.54445,6.66459,6.78177,False,0.366103,0.366092,0.365382,0.366843,0.00010691,0.000106912,0.000106611,0.000107196,0.000215929,0.000215759,0.000187941,0.000246345,3.42994e-05,3.4297e-05,3.41192e-05,3.44824e-05,-0.0688082,7,2,0,0.0111596,0,False,nan,nan,nan,nan,nan,nan,nan,nan,nan,nan,12,8
ablation,matched,constant,2,37,16,30,8000,0.366699,0.000106728,0.000220518,3.30144e-05,1,6.57062,4.07345,nan,0.0408694,nan,0.0261123,6.41238,6.53898,6.66734,True,0.366011,0.366014,0.365301,0.366687,0.000106919,0.000106927,0.000106632,0.000107196,0.00021126,0.000211447,0.000183209,0.000240653,3.30714e-05,3.30701e-05,3.28914e-05,3.32546e-05,-0.0195864,4,2,0,0.0109582,0,False,nan,nan,nan,nan,nan,nan,nan,nan,nan,nan,12,8
ablation,matched,constant,2,37,17,30,8000,0.366699,0.000106728,0.000220518,3.15741e-05,1,6.28983,3.889,nan,0.0401551,nan,0.00859549,6.20498,6.32491,6.44927,True,0.365998,0.366011,0.36529,0.366664,0.000106915,0.000106916,0.000106625,0.000107203,0.00021901,0.000218427,0.000188769,0.000251493,3.16088e-05,3.16105e-05,3.14266e-05,3.17804e-05,-0.0282306,3,2,0,0.0106775,0,False,nan,nan,nan,nan,nan,nan,nan,nan,nan,nan,12,8
ablation,matched,constant,2,37,18,30,8000,0.366699,0.000106728,0.000220518,3.04745e-05,1,6.0751,3.75782,nan,0.0340775,nan,0.041278,5.92983,6.04704,6.17168,True,0.365999,0.366021,0.365273,0.366622,0.000106905,0.00010691,0.00010661,0.000107187,0.000214145,0.000213801,0.000183409,0.000245454,3.05161e-05,3.05155e-05,3.03422e-05,3.06957e-05,-0.0587028,4,2,0,0.010459,0,False,nan,nan,nan,nan,nan,nan,nan,nan,nan,nan,12,8
ablation,matched,constant,2,37,19,30,8000,0.366699,0.000106728,0.000220518,2.93701e-05,1,5.85916,3.62185,nan,0.00640299,nan,0.0210119,5.74594,5.8555,5.97497,True,0.366056,0.366065,0.365375,0.3667,0.000106899,0.000106902,0.000106613,0.000107178,0.000220583,0.000220415,0.00018739,0.000254472,2.92936e-05,2.9293e-05,2.91241e-05,2.94623e-05,-0.0284665,3,2,0,0.0101779,0,False,nan,nan,nan,nan,nan,nan,nan,nan,nan,nan,12,8
ablation,matched,constant,2,37,20,30,8000,0.366699,0.000106728,0.000220518,2.81663e-05,1,5.6234,3.46547,nan,0.00478454,nan,0.0199905,5.52478,5.62713,5.72722,True,0.36594,0.365944,0.365253,0.366571,0.000106911,0.000106917,0.000106602,0.000107203,0.000215842,0.000215466,0.000183777,0.000250023,2.81007e-05,2.81022e-05,2.79311e-05,2.82748e-05,-0.0692236,3,2,0,0.01,0,False,nan,nan,nan,nan,nan,nan,nan,nan,nan,nan,12,8
ablation,matched,constant,2,38,1,30,8000,0.0168294,7.65938e-05,0.000530194,7.65938e-05,1,13.7332,2.95759,nan,3.94032,nan,0,7.91742,11.7152,17.2763,True,0.0166658,0.0166715,0.0162982,0.0169998,7.62963e-05,7.62932e-05,7.58916e-05,7.67105e-05,0.0005042,0.000503164,0.000483323,0.000525944,7.62963e-05,7.62932e-05,7.58916e-05,7.67105e-05,-0.0618354,19,2,0,0.01,0,False,nan,nan,nan,nan,nan,nan,nan,nan,nan,nan,12,6
ablation,matched,constant,2,38,2,30,8000,0.0168294,7.65938e-05,0.000530194,6.27707e-05,1,11.4689,1.93806,nan,0.132136,nan,0.237229,11.136,11.3456,11.5596,True,0.0167039,0.0167037,0.016437,0.0169739,7.63044e-05,7.63041e-05,7.59198e-05,7.66897e-05,0.000512292,0.000511842,0.000487941,0.000537786,6.26411e-05,6.26426e-05,6.23111e-05,6.29717e-05,-0.0191211,6,2,0,0.0108139,0,False,nan,nan,nan,nan,nan,nan,nan,nan,nan,nan,12,6
ablation,matched,constant,2,38,3,30,8000,0.0168294,7.65938e-05,0.000530194,5.24321e-05,1,9.71979,1.57649,nan,0.0226611,nan,0.0452307,9.56974,9.73699,9.90988,True,0.016706,0.0167074,0.0164707,0.016956,7.63087e-05,7.63061e-05,7.59227e-05,7.66928e-05,0.000502353,0.000502752,0.000472873,0.000532092,5.22328e-05,5.22317e-05,5.19282e-05,5.25321e-05,-0.0374035,4,2,0,0.01,0,False,nan,nan,nan,nan,nan,nan,nan,nan,nan,nan,12,6
ablation,matched,constant,2,38,4,30,8000,0.0168294,7.65938e-05,0.000530194,4.46893e-05,1,8.37678,1.64292,nan,0.0873294,nan,0.0245575,8.31179,8.46258,8.61234,True,0.0166685,0.0166684,0.0164412,0.0168973,7.63034e-05,7.6298e-05,7.59184e-05,7.67006e-05,0.000513976,0.000513454,0.000477123,0.000550375,4.46076e-05,4.46044e-05,4.43432e-05,4.48897e-05,-0.0215759,4,2,0,0.01,0,False,nan,nan,nan,nan,nan,nan,nan,nan,nan,nan,12,6
ablation,matched,constant,2,38,5,30,8000,0.0168294,7.65938e-05,0.000530194,3.87187e-05,1,7.32094,1.83351,nan,0.0903535,nan,0.0589159,7.276,7.40794,7.54317,True,0.0166951,0.0166979,0.0164686,0.0169023,7.62975e-05,7.62999e-05,7.59095e-05,7.66863e-05,0.000515323,0.000515241,0.000474386,0.000555225,3.86581e-05,3.86602e-05,3.8403e-05,3.89047e-05,-0.00667848,5,2,0,0.0101379,0,False,nan,nan,nan,nan,nan,nan,nan,nan,nan,nan,12,6
ablation,matched,constant,2,38,6,30,8000,0.0168294,7.65938e-05,0.000530194,3.40912e-05,1,6.49009,2.00453,nan,0.0811349,nan,0.0581831,6.4422,6.56989,6.69178,True,0.016684,0.0166873,0.0164773,0.0168785,7.63059e-05,7.6305e-05,7.59314e-05,7.67038e-05,0.000533744,0.000533458,0.000489174,0.000582624,3.41779e-05,3.41781e-05,3.3942e-05,3.44163e-05,-0.0408203,4,2,0,0.01,0,False,nan,nan,nan,nan,nan,nan,nan,nan,nan,nan,12,6
ablation,matched,constant,2,38,7,30,8000,0.0168294,7.65938e-05,0.000530194,3.06046e-05,1,5.85665,2.10046,nan,0.0253326,nan,0.0184776,5.77032,5.87903,5.9977,True,0.0166845,0.0166874,0.0164879,0.0168748,7.63152e-05,7.63104e-05,7.59502e-05,7.66895e-05,0.000530777,0.000529916,0.000482507,0.000583663,3.07254e-05,3.07201e-05,3.05032e-05,3.09384e-05,-0.0217299,3,2,0,0.01,0,False,nan,nan,nan,nan,nan,nan,nan,nan,nan,nan,12,6
ablation,matched,constant,2,38,8,30,8000,0.0168294,7.65938e-05,0.000530194,2.72346e-05,1,5.23817,2.2435,nan,0.134213,nan,0.114667,5.26834,5.36913,5.4722,False,0.0166208,0.0166255,0.0164101,0.0168171,7.63313e-05,7.63275e-05,7.59647e-05,7.67201e-05,0.00057737,0.000578033,0.000517394,0.000638114,2.74922e-05,2.74923e-05,2.7285e-05,2.77047e-05,0.00654782,5,2,0,0.0100852,0,False,nan,nan,nan,nan,nan,nan,nan,nan,nan,nan,12,6
ablation,matched,constant,2,38,9,30,8000,0.0168294,7.65938e-05,0.000530194,2.48302e-05,1,4.79311,2.28335,nan,0.0307712,nan,0.0374937,4.72314,4.82025,4.92208,True,0.0166536,0.016659,0.0164596,0.0168407,7.63208e-05,7.63111e-05,7.59623e-05,7.67245e-05,0.000583793,0.000581886,0.000521027,0.000648891,2.47892e-05,2.47926e-05,2.45991e-05,2.49833e-05,-0.0456851,4,2,0,0.0100461,0,False,nan,nan,nan,nan,nan,nan,nan,nan,nan,nan,12,6
ablation,matched,constant,2,38,10,30,8000,0.0168294,7.65938e-05,0.000530194,2.29293e-05,1,4.43898,2.27925,nan,0.0455693,nan,0.0103005,4.30921,4.39558,4.48385,True,0.0166768,0.016678,0.01649,0.0168694,7.63386e-05,7.63332e-05,7.59866e-05,7.67168e-05,0.00054544,0.00054488,0.000486983,0.000608518,2.30495e-05,2.30497e-05,2.28558e-05,2.32482e-05,0.00648047,4,2,0,0.0101088,0,False,nan,nan,nan,nan,nan,nan,nan,nan,nan,nan,12,6
ablation,matched,constant,2,38,11,30,8000,0.0168294,7.65938e-05,0.000530194,2.13945e-05,1,4.15157,2.24596,nan,0.00553375,nan,0.00932899,4.0666,4.15142,4.2363,True,0.0166632,0.0166616,0.0164821,0.0168556,7.63337e-05,7.63294e-05,7.59807e-05,7.67156e-05,0.000541423,0.000540721,0.00047624,0.000609777,2.14506e-05,2.14466e-05,2.12642e-05,2.16443e-05,-0.00563155,2,2,0,0.01,0,False,nan,nan,nan,nan,nan,nan,nan,nan,nan,nan,12,6
ablation,matched,constant,2,38,12,30,8000,0.0168294,7.65938e-05,0.000530194,2.0119e-05,1,3.9117,2.19603,nan,0.0201906,nan,0.0209908,3.81369,3.8928,3.96974,True,0.0166674,0.016666,0.016492,0.0168472,7.63462e-05,7.63395e-05,7.59789e-05,7.67221e-05,0.000558304,0.000556792,0.000485343,0.000635531,2.0084e-05,2.00845e-05,1.99067e-05,2.02645e-05,0.0304292,3,2,0,0.01,0,False,nan,nan,nan,nan,nan,nan,nan,nan,nan,nan,12,6
ablation,matched,constant,2,38,13,30,8000,0.0168294,7.65938e-05,0.000530194,1.85355e-05,1,3.61261,2.22444,nan,0.0469076,nan,0.0679832,3.58172,3.65774,3.73592,True,0.016673,0.0166746,0.0164977,0.0168584,7.6344e-05,7.63482e-05,7.59754e-05,7.67088e-05,0.000564583,0.000563388,0.000487589,0.00064966,1.87132e-05,1.87146e-05,1.85422e-05,1.88866e-05,0.0179265,2,2,0,0.01,0,False,nan,nan,nan,nan,nan,nan,nan,nan,nan,nan,12,6
ablation,matched,constant,2,38,14,30,8000,0.0168294,7.65938e-05,0.000530194,1.73286e-05,1,3.38368,2.20897,nan,0.0429896,nan,0.0304912,3.35383,3.42661,3.49534,True,0.0166571,0.0166515,0.0164892,0.0168318,7.63457e-05,7.63449e-05,7.59705e-05,7.6724e-05,0.00058903,0.000588866,0.000510813,0.000672818,1.73259e-05,1.73248e-05,1.71564e-05,1.74922e-05,-0.014017,4,2,0,0.01,0,False,nan,nan,nan,nan,nan,nan,nan,nan,nan,nan,12,6
ablation,matched,constant,2,38,15,30,8000,0.0168294,7.65938e-05,0.000530194,1.65562e-05,1,3.23671,2.13513,nan,0.0552994,nan,0.028548,3.11768,3.18247,3.24959,True,0.0166729,0.0166633,0.0165121,0.0168683,7.63444e-05,7.63465e-05,7.59487e-05,7.6723e-05,0.000557015,0.000556498,0.000477624,0.000638163,1.6516e-05,1.65199e-05,1.63448e-05,1.6678e-05,-0.0227505,3,2,0,0.01,0,False,nan,nan,nan,nan,nan,nan,nan,nan,nan,nan,12,6
ablation,matched,constant,2,38,16,30,8000,0.0168294,7.65938e-05,0.000530194,1.58013e-05,1,3.09275,2.0745,nan,0.0354647,nan,0.0168607,2.99562,3.05862,3.1211,True,0.0166727,0.0166682,0.0165034,0.0168683,7.63443e-05,7.63451e-05,7.59691e-05,7.67284e-05,0.000524798,0.000524609,0.000444983,0.000606646,1.58608e-05,1.58565e-05,1.57023e-05,1.60265e-05,-0.0142899,4,2,0,0.01,0,False,nan,nan,nan,nan,nan,nan,nan,nan,nan,nan,12,6
ablation,matched,constant,2,38,17,30,8000,0.0168294,7.65938e-05,0.000530194,1.5066e-05,1,2.9522,2.02498,nan,0.00737175,nan,0.00646685,2.89476,2.95789,3.02072,True,0.0166827,0.016679,0.016505,0.0168779,7.63435e-05,7.63472e-05,7.59773e-05,7.67316e-05,0.000537012,0.000536063,0.000454573,0.000628783,1.5022e-05,1.50246e-05,1.48549e-05,1.51803e-05,0.0158428,2,2,0,0.01,0,False,nan,nan,nan,nan,nan,nan,nan,nan,nan,nan,12,6
ablation,matched,constant,2,38,18,30,8000,0.0168294,7.65938e-05,0.000530194,1.41917e-05,1,2.78468,2.01378,nan,0.0235607,nan,0.0338642,2.74628,2.80752,2.86925,True,0.0166666,0.0166612,0.0164999,0.0168514,7.63352e-05,7.63341e-05,7.59778e-05,7.67084e-05,0.000537766,0.000536945,0.000452523,0.000629167,1.42435e-05,1.42416e-05,1.40861e-05,1.44044e-05,0.00842505,2,2,0,0.01,0,False,nan,nan,nan,nan,nan,nan,nan,nan,nan,nan,12,6
ablation,matched,constant,2,38,19,30,8000,0.0168294,7.65938e-05,0.000530194,1.34866e-05,1,2.64922,1.98399,nan,0.0230478,nan,0.0160231,2.61361,2.672,2.73087,True,0.0166703,0.016665,0.0165007,0.0168556,7.6333e-05,7.63343e-05,7.59624e-05,7.67001e-05,0.000558433,0.000555704,0.000467538,0.00065421,1.34923e-05,1.34928e-05,1.33387e-05,1.36466e-05,-0.0197604,3,2,0,0.01,0,False,nan,nan,nan,nan,nan,nan,nan,nan,nan,nan,12,6
ablation,matched,constant,2,38,20,30,8000,0.0168294,7.65938e-05,0.000530194,1.28773e-05,1,2.53195,1.94745,nan,0.00361605,nan,0.00885994,2.47749,2.53216,2.5881,True,0.0166747,0.0166688,0.0165112,0.0168647,7.63282e-05,7.63354e-05,7.5974e-05,7.66737e-05,0.000535833,0.000533039,0.000443212,0.000633191,1.29971e-05,1.29979e-05,1.28437e-05,1.31456e-05,-0.00861296,2,2,0,0.01,0,False,nan,nan,nan,nan,nan,nan,nan,nan,nan,nan,12,6
ablation,matched,constant,2,39,1,30,8000,2.00089,6.34626e-05,0.000277031,6.34626e-05,1,12.5883,14.8407,nan,10.5467,nan,0,7.4449,11.6385,16.8719,True,2.00337,2.00362,1.9909,2.01566,6.33807e-05,6.3379e-05,6.31232e-05,6.36129e-05,0.000257641,0.000258191,0.000240283,0.000274599,6.33807e-05,6.3379e-05,6.31232e-05,6.36129e-05,-0.24094,19,2,0,0.01,0,False,nan,nan,nan,nan,nan,nan,nan,nan,nan,nan,12,11
ablation,matched,constant,2,39,2,30,8000,2.00089,6.34626e-05,0.000277031,5.85539e-05,1,11.659,13.7437,nan,0.209768,nan,0.352267,11.3234,11.5236,11.7167,True,1.99964,1.99935,1.9901,2.00972,6.34335e-05,6.3434e-05,6.32092e-05,6.36528e-05,0.000268458,0.000268413,0.000252666,0.000284636,5.84241e-05,5.84225e-05,5.82211e-05,5.86332e-05,-0.239748,7,2,0,0.0107514,0,False,nan,nan,nan,nan,nan,nan,nan,nan,nan,nan,12,11
ablation,matched,constant,2,39,3,30,8000,2.00089,6.34626e-05,0.000277031,5.34085e-05,1,10.6772,12.5855,nan,0.0173115,nan,0.0341108,10.4706,10.6698,10.8588,True,1.99573,1.99581,1.98767,2.00367,6.34445e-05,6.34479e-05,6.32321e-05,6.36491e-05,0.000268768,0.000268634,0.000251102,0.000287196,5.34091e-05,5.34112e-05,5.32191e-05,5.36112e-05,-0.194428,5,2,0,0.01,0,False,nan,nan,nan,nan,nan,nan,nan,nan,nan,nan,12,11
ablation,matched,constant,2,39,4,30,8000,2.00089,6.34626e-05,0.000277031,4.99891e-05,1,10.0205,11.8106,nan,0.241292,nan,0.28887,9.70361,9.86281,10.0344,True,1.99722,1.9972,1.99034,2.00423,6.34209e-05,6.34207e-05,6.32097e-05,6.36257e-05,0.000260554,0.000260225,0.000242603,0.000279028,4.99905e-05,4.99893e-05,4.9807e-05,5.01774e-05,-0.163517,7,2,0,0.0112225,0,False,nan,nan,nan,nan,nan,nan,nan,nan,nan,nan,12,11
ablation,matched,constant,2,39,5,30,8000,2.00089,6.34626e-05,0.000277031,4.60113e-05,1,9.25212,10.9048,nan,0.117264,nan,0.0263648,9.14726,9.33411,9.50876,True,1.9976,1.99767,1.99128,2.00392,6.34239e-05,6.34237e-05,6.32048e-05,6.36325e-05,0.000278172,0.000278083,0.000257575,0.000300205,4.59226e-05,4.59221e-05,4.5738e-05,4.6098e-05,-0.139775,6,2,0,0.0108706,0,False,nan,nan,nan,nan,nan,nan,nan,nan,nan,nan,12,11
ablation,matched,constant,2,39,6,30,8000,2.00089,6.34626e-05,0.000277031,4.28745e-05,1,8.64282,10.1867,nan,0.08385,nan,0.0519411,8.43134,8.59099,8.75003,True,1.99852,1.99851,1.99261,2.00461,6.34186e-05,6.3422e-05,6.32127e-05,6.3618e-05,0.00026817,0.000267762,0.000246372,0.000290474,4.25925e-05,4.25954e-05,4.24165e-05,4.27584e-05,-0.118235,4,2,0,0.0102198,0,False,nan,nan,nan,nan,nan,nan,nan,nan,nan,nan,12,11
ablation,matched,constant,2,39,7,30,8000,2.00089,6.34626e-05,0.000277031,3.93161e-05,1,7.94799,9.37193,nan,0.162312,nan,0.196531,7.91467,8.05899,8.19941,True,1.99906,1.9991,1.99333,2.00499,6.34232e-05,6.34232e-05,6.3224e-05,6.36276e-05,0.000283098,0.000282928,0.000258436,0.000308846,3.9268e-05,3.9269e-05,3.91019e-05,3.94273e-05,-0.083005,6,2,0,0.0106438,0,False,nan,nan,nan,nan,nan,nan,nan,nan,nan,nan,12,11
ablation,matched,constant,2,39,8,30,8000,2.00089,6.34626e-05,0.000277031,3.66502e-05,1,7.42487,8.75835,nan,0.0324136,nan,0.0653197,7.30734,7.44775,7.58386,True,2.00015,2.00006,1.99461,2.00592,6.34184e-05,6.34138e-05,6.32229e-05,6.36197e-05,0.000286472,0.00028523,0.000259991,0.000315468,3.652e-05,3.65188e-05,3.63612e-05,3.6687e-05,-0.0889951,5,2,0,0.0103448,0,False,nan,nan,nan,nan,nan,nan,nan,nan,nan,nan,12,11
ablation,matched,constant,2,39,9,30,8000,2.00089,6.34626e-05,0.000277031,3.52448e-05,1,7.14822,8.42789,nan,0.279264,nan,0.216339,6.83901,6.96225,7.08576,False,1.99947,1.99919,1.9947,2.00507,6.34233e-05,6.3421e-05,6.32269e-05,6.36317e-05,0.000282505,0.000281972,0.000255107,0.000311051,3.52378e-05,3.52399e-05,3.50849e-05,3.53949e-05,-0.123115,8,2,0,0.0123937,0,False,nan,nan,nan,nan,nan,nan,nan,nan,nan,nan,12,11
ablation,matched,constant,2,39,10,30,8000,2.00089,6.34626e-05,0.000277031,3.32481e-05,1,6.75409,7.96453,nan,0.0135071,nan,0.00562788,6.60567,6.74623,6.89518,True,2.00003,1.99988,1.99538,2.00534,6.34205e-05,6.34226e-05,6.32152e-05,6.36271e-05,0.000267848,0.000267528,0.000241595,0.000295786,3.327e-05,3.32702e-05,3.31075e-05,3.34203e-05,-0.0813689,4,2,0.155348,0.0118599,0,False,nan,nan,nan,nan,nan,nan,nan,nan,nan,nan,12,11
ablation,matched,constant,2,39,11,30,8000,2.00089,6.34626e-05,0.000277031,3.13901e-05,1,6.3862,7.53269,nan,0.0568988,nan,0.0275652,6.28882,6.42471,6.55228,True,1.99909,1.99892,1.99456,2.00407,6.34269e-05,6.34279e-05,6.32218e-05,6.36335e-05,0.000269408,0.000269056,0.000239337,0.000301084,3.139e-05,3.13908e-05,3.12374e-05,3.15391e-05,-0.105413,4,2,0,0.0114758,0,False,nan,nan,nan,nan,nan,nan,nan,nan,nan,nan,12,11
ablation,matched,constant,2,39,12,30,8000,2.00089,6.34626e-05,0.000277031,2.99861e-05,1,6.10749,7.20358,nan,0.0333233,nan,0.0522299,5.96625,6.08543,6.20772,True,1.99913,1.99902,1.99435,2.00411,6.34273e-05,6.34242e-05,6.323e-05,6.36338e-05,0.000277653,0.000276438,0.000244354,0.00031244,2.98813e-05,2.98819e-05,2.97301e-05,3.00349e-05,-0.103674,4,2,0,0.011054,0,False,nan,nan,nan,nan,nan,nan,nan,nan,nan,nan,12,11
ablation,matched,constant,2,39,13,30,8000,2.00089,6.34626e-05,0.000277031,2.87303e-05,1,5.85766,6.90838,nan,0.0858763,nan,0.0563489,5.68801,5.80073,5.91229,True,1.99906,1.99893,1.99454,2.00422,6.34264e-05,6.34216e-05,6.32318e-05,6.3644e-05,0.000277778,0.000276947,0.000243903,0.000314675,2.87513e-05,2.87519e-05,2.86056e-05,2.8896e-05,-0.0563042,4,2,0,0.0109872,0,False,nan,nan,nan,nan,nan,nan,nan,nan,nan,nan,12,11
ablation,matched,constant,2,39,14,30,8000,2.00089,6.34626e-05,0.000277031,2.77281e-05,1,5.65791,6.6712,nan,0.0981972,nan,0.0978461,5.4849,5.59362,5.70186,True,1.99858,1.99856,1.99376,2.00369,6.34319e-05,6.34285e-05,6.32301e-05,6.36405e-05,0.000284448,0.000283401,0.000250576,0.000321467,2.76578e-05,2.7655e-05,2.75191e-05,2.78053e-05,-0.0277916,5,2,0,0.0108527,0,False,nan,nan,nan,nan,nan,nan,nan,nan,nan,nan,12,11
ablation,matched,constant,2,39,15,30,8000,2.00089,6.34626e-05,0.000277031,2.67716e-05,1,5.46698,6.44497,nan,0.120512,nan,0.0849525,5.28584,5.38637,5.49254,True,1.99851,1.99845,1.99366,2.00357,6.34351e-05,6.34273e-05,6.32302e-05,6.36624e-05,0.000266901,0.000266424,0.000233276,0.000302274,2.68861e-05,2.6886e-05,2.67494e-05,2.70323e-05,-0.0288552,6,2,0,0.0113884,0,False,nan,nan,nan,nan,nan,nan,nan,nan,nan,nan,12,11
ablation,matched,constant,2,39,16,30,8000,2.00089,6.34626e-05,0.000277031,2.59115e-05,1,5.29504,6.24125,nan,0.0383581,nan,0.0893475,5.16757,5.27134,5.37588,True,1.99912,1.99898,1.99427,2.00424,6.34292e-05,6.3425e-05,6.32272e-05,6.36329e-05,0.00026905,0.000268012,0.000233202,0.000308495,2.60481e-05,2.60514e-05,2.59102e-05,2.61872e-05,-0.067127,4,2,0,0.0113361,0,False,nan,nan,nan,nan,nan,nan,nan,nan,nan,nan,12,11
ablation,matched,constant,2,39,17,30,8000,2.00089,6.34626e-05,0.000277031,2.44118e-05,1,4.99466,5.89074,nan,0.174574,nan,0.125089,5.00731,5.11224,5.21398,False,1.99973,1.99961,1.99479,2.00501,6.34291e-05,6.34275e-05,6.32223e-05,6.36302e-05,0.000279924,0.000279616,0.000240581,0.000321856,2.44908e-05,2.44934e-05,2.43523e-05,2.4627e-05,-0.0378942,6,2,0,0.0118579,0,False,nan,nan,nan,nan,nan,nan,nan,nan,nan,nan,12,11
ablation,matched,constant,2,39,18,30,8000,2.00089,6.34626e-05,0.000277031,2.37026e-05,1,4.85238,5.72156,nan,0.0593525,nan,0.0774753,4.71341,4.81327,4.91685,True,1.99957,1.9996,1.99459,2.00451,6.34316e-05,6.34337e-05,6.32265e-05,6.36266e-05,0.000285551,0.000284937,0.000245667,0.000330026,2.3671e-05,2.36718e-05,2.35348e-05,2.38041e-05,-0.0769226,4,2,0,0.0116276,0,False,nan,nan,nan,nan,nan,nan,nan,nan,nan,nan,12,11
ablation,matched,constant,2,39,19,30,8000,2.00089,6.34626e-05,0.000277031,2.25337e-05,1,4.61748,5.44757,nan,0.0564802,nan,0.0779875,4.55747,4.65473,4.75007,True,1.99883,1.99869,1.99389,2.00388,6.34388e-05,6.3438e-05,6.32367e-05,6.36392e-05,0.000290855,0.000290268,0.000245929,0.000337606,2.25334e-05,2.25333e-05,2.23997e-05,2.26707e-05,-0.0506973,4,2,0,0.0114807,0,False,nan,nan,nan,nan,nan,nan,nan,nan,nan,nan,12,11
ablation,matched,constant,2,39,20,30,8000,2.00089,6.34626e-05,0.000277031,2.17973e-05,1,4.46927,5.27251,nan,0.0444419,nan,0.02691,4.3464,4.44148,4.52806,True,1.99922,1.99924,1.99416,2.0043,6.34335e-05,6.34316e-05,6.32268e-05,6.36402e-05,0.000276803,0.000276121,0.000232309,0.000321139,2.18502e-05,2.18465e-05,2.1717e-05,2.1986e-05,-0.0907415,4,2,0,0.0113227,0,False,nan,nan,nan,nan,nan,nan,nan,nan,nan,nan,12,11
ablation,matched,constant,2,40,1,30,8000,0.0104006,4.88093e-05,0.000304774,4.88093e-05,1,9.37805,3.03411,nan,4.36321,nan,0,7.8646,11.6688,17.3186,True,0.0104266,0.0104209,0.010114,0.0107589,4.86485e-05,4.86435e-05,4.8321e-05,4.90046e-05,0.000314049,0.00031285,0.000269095,0.000359387,4.86485e-05,4.86435e-05,4.8321e-05,4.90046e-05,-0.0165794,16,2,0,0.01,0,False,nan,nan,nan,nan,nan,nan,nan,nan,nan,nan,12,13
ablation,matched,constant,2,40,2,30,8000,0.0104006,4.88093e-05,0.000304774,4.41648e-05,1,8.51997,2.86426,nan,0.0531604,nan,0.108836,8.40004,8.56789,8.73938,True,0.0102876,0.0102841,0.0100421,0.0105319,4.86944e-05,4.86923e-05,4.83822e-05,4.90139e-05,0.000321788,0.000321584,0.000287755,0.000356045,4.43722e-05,4.43715e-05,4.41203e-05,4.46343e-05,-0.0240819,5,2,0,0.01,0,False,nan,nan,nan,nan,nan,nan,nan,nan,nan,nan,12,13
ablation,matched,constant,2,40,3,30,8000,0.0104006,4.88093e-05,0.000304774,4.01565e-05,1,7.77389,2.73344,nan,0.108429,nan,0.123604,7.73738,7.87996,8.02796,True,0.0103626,0.0103584,0.0101471,0.0105809,4.87446e-05,4.87398e-05,4.84546e-05,4.90415e-05,0.000332627,0.000332636,0.000296979,0.000368019,4.0323e-05,4.03253e-05,4.00845e-05,4.05529e-05,-0.00402933,5,2,0,0.01,0,False,nan,nan,nan,nan,nan,nan,nan,nan,nan,nan,12,13
ablation,matched,constant,2,40,4,30,8000,0.0104006,4.88093e-05,0.000304774,3.7541e-05,1,7.28426,2.50684,nan,0.0712533,nan,0.0337937,7.07885,7.21297,7.35384,True,0.0103916,0.0103879,0.0101952,0.0105922,4.87068e-05,4.87029e-05,4.84193e-05,4.90043e-05,0.000316179,0.000315547,0.000282847,0.00035174,3.76433e-05,3.76403e-05,3.74288e-05,3.78669e-05,-0.0315583,4,2,0,0.01,0,False,nan,nan,nan,nan,nan,nan,nan,nan,nan,nan,12,13
ablation,matched,constant,2,40,5,30,8000,0.0104006,4.88093e-05,0.000304774,3.56302e-05,1,6.92516,2.26138,nan,0.110747,nan,0.103397,6.69241,6.8136,6.94066,True,0.0103617,0.0103584,0.0101805,0.0105443,4.86973e-05,4.86956e-05,4.83927e-05,4.90028e-05,0.000307295,0.000306694,0.000272443,0.000343586,3.54678e-05,3.54688e-05,3.525e-05,3.56889e-05,-0.0342393,4,2,0,0.01,0,False,nan,nan,nan,nan,nan,nan,nan,nan,nan,nan,12,13
ablation,matched,constant,2,40,6,30,8000,0.0104006,4.88093e-05,0.000304774,3.39184e-05,1,6.60241,2.05367,nan,0.126666,nan,0.0966085,6.35858,6.47798,6.59623,False,0.0103644,0.0103627,0.0101958,0.0105423,4.86834e-05,4.8688e-05,4.83922e-05,4.89736e-05,0.000300844,0.000299134,0.000264966,0.00034045,3.38418e-05,3.38383e-05,3.36287e-05,3.40593e-05,-0.021856,5,2,0,0.010396,0,False,nan,nan,nan,nan,nan,nan,nan,nan,nan,nan,12,13
ablation,matched,constant,2,40,7,30,8000,0.0104006,4.88093e-05,0.000304774,3.24015e-05,1,6.31562,1.87302,nan,0.102402,nan,0.0955378,6.0993,6.21456,6.332,True,0.0103642,0.0103646,0.0102029,0.0105209,4.86686e-05,4.86725e-05,4.83622e-05,4.89625e-05,0.00027765,0.000277097,0.000243981,0.000315023,3.21006e-05,3.20986e-05,3.19026e-05,3.23013e-05,-0.0092683,4,2,0,0.0101021,0,False,nan,nan,nan,nan,nan,nan,nan,nan,nan,nan,12,13
ablation,matched,constant,2,40,8,30,8000,0.0104006,4.88093e-05,0.000304774,3.00683e-05,1,5.873,1.83957,nan,0.0886359,nan,0.0943506,5.84915,5.95975,6.06727,True,0.0103926,0.0103958,0.0102352,0.0105377,4.86781e-05,4.86768e-05,4.83808e-05,4.89725e-05,0.000297069,0.000296173,0.000259489,0.000339913,3.01989e-05,3.02001e-05,2.99896e-05,3.04035e-05,-0.011566,4,2,0,0.01,0,False,nan,nan,nan,nan,nan,nan,nan,nan,nan,nan,12,13
ablation,matched,constant,2,40,9,30,8000,0.0104006,4.88093e-05,0.000304774,2.85669e-05,1,5.58719,1.73336,nan,0.0146289,nan,0.017858,5.49557,5.60157,5.70549,True,0.0104188,0.0104178,0.0102674,0.0105638,4.86796e-05,4.86782e-05,4.83817e-05,4.89726e-05,0.00030754,0.000306594,0.00026619,0.000350972,2.86505e-05,2.86525e-05,2.84519e-05,2.88481e-05,-0.0420374,3,2,0,0.01,0,False,nan,nan,nan,nan,nan,nan,nan,nan,nan,nan,12,13
ablation,matched,constant,2,40,10,30,8000,0.0104006,4.88093e-05,0.000304774,2.72246e-05,1,5.33105,1.63649,nan,0.0090484,nan,0.0194056,5.22087,5.32184,5.42356,True,0.0104375,0.0104373,0.0102914,0.0105839,4.86838e-05,4.86833e-05,4.83857e-05,4.89849e-05,0.000320592,0.000319539,0.000276845,0.00036707,2.71223e-05,2.71212e-05,2.69278e-05,2.73265e-05,-0.0252071,3,2,0,0.01,0,False,nan,nan,nan,nan,nan,nan,nan,nan,nan,nan,12,13
ablation,matched,constant,2,40,11,30,8000,0.0104006,4.88093e-05,0.000304774,2.57904e-05,1,5.05669,1.57778,nan,0.0128906,nan,0.0234668,4.947,5.04359,5.14087,True,0.0104516,0.0104525,0.0103143,0.0105923,4.86803e-05,4.86766e-05,4.83964e-05,4.89691e-05,0.000321132,0.000319042,0.00027656,0.000375282,2.59181e-05,2.59135e-05,2.57305e-05,2.61178e-05,-0.0234432,3,2,0,0.01,0,False,nan,nan,nan,nan,nan,nan,nan,nan,nan,nan,12,13
ablation,matched,constant,2,40,12,30,8000,0.0104006,4.88093e-05,0.000304774,2.5095e-05,1,4.92341,1.44482,nan,0.0910614,nan,0.0945147,4.74394,4.83275,4.93044,True,0.0104598,0.0104577,0.0103306,0.0105973,4.86692e-05,4.8669e-05,4.84007e-05,4.89539e-05,0.000308468,0.000307177,0.000264662,0.000356893,2.50743e-05,2.50723e-05,2.48813e-05,2.52602e-05,-0.00365121,5,2,0,0.01,0,False,nan,nan,nan,nan,nan,nan,nan,nan,nan,nan,12,13
ablation,matched,constant,2,40,13,30,8000,0.0104006,4.88093e-05,0.000304774,2.39883e-05,1,4.71096,1.38466,nan,0.00894173,nan,0.00260474,4.61304,4.70351,4.79145,True,0.010461,0.0104588,0.0103245,0.0105983,4.86706e-05,4.86726e-05,4.83937e-05,4.89571e-05,0.000310198,0.000309311,0.000263685,0.000356073,2.39734e-05,2.39742e-05,2.37834e-05,2.41576e-05,0.023329,2,2,0,0.01,0,False,nan,nan,nan,nan,nan,nan,nan,nan,nan,nan,12,13
ablation,matched,constant,2,40,14,30,8000,0.0104006,4.88093e-05,0.000304774,2.3278e-05,1,4.57438,1.29145,nan,0.0692353,nan,0.0614536,4.4188,4.50549,4.59552,True,0.0104488,0.0104498,0.0103117,0.0105844,4.86577e-05,4.86582e-05,4.83804e-05,4.89293e-05,0.000298116,0.000297263,0.000252813,0.000345569,2.3095e-05,2.3098e-05,2.29154e-05,2.32715e-05,-0.00503241,3,2,0,0.01,0,False,nan,nan,nan,nan,nan,nan,nan,nan,nan,nan,12,13
ablation,matched,constant,2,40,15,30,8000,0.0104006,4.88093e-05,0.000304774,2.22327e-05,1,4.37307,1.25439,nan,0.0115108,nan,0.0153224,4.28059,4.36204,4.43998,True,0.0104633,0.0104652,0.0103313,0.0105991,4.86671e-05,4.8667e-05,4.839e-05,4.89561e-05,0.000292297,0.000291828,0.00024397,0.000341074,2.22405e-05,2.22442e-05,2.2055e-05,2.24204e-05,-0.0284851,3,2,0,0.01,0,False,nan,nan,nan,nan,nan,nan,nan,nan,nan,nan,12,13
ablation,matched,constant,2,40,16,30,8000,0.0104006,4.88093e-05,0.000304774,2.17475e-05,1,4.2795,1.1618,nan,0.0668886,nan,0.0779147,4.13195,4.21265,4.29383,True,0.0104598,0.0104589,0.010334,0.0105899,4.86721e-05,4.86742e-05,4.84033e-05,4.89332e-05,0.000277396,0.000276083,0.000229789,0.000327522,2.17731e-05,2.1773e-05,2.1602e-05,2.1954e-05,-0.0127648,4,2,0,0.01,0,False,nan,nan,nan,nan,nan,nan,nan,nan,nan,nan,12,13
ablation,matched,constant,2,40,17,30,8000,0.0104006,4.88093e-05,0.000304774,2.08795e-05,1,4.11192,1.12651,nan,0.0315327,nan,0.00425735,4.06139,4.14202,4.22341,True,0.0104448,0.010442,0.0103227,0.01058,4.86736e-05,4.86753e-05,4.83947e-05,4.89435e-05,0.000302795,0.000302743,0.000248511,0.000357576,2.08118e-05,2.08142e-05,2.0634e-05,2.09857e-05,-0.000238707,4,2,0,0.01,0,False,nan,nan,nan,nan,nan,nan,nan,nan,nan,nan,12,13
ablation,matched,constant,2,40,18,30,8000,0.0104006,4.88093e-05,0.000304774,1.98675e-05,1,3.9162,1.11905,nan,0.0353409,nan,0.0452543,3.86936,3.95189,4.02727,True,0.0104334,0.0104311,0.0103132,0.0105591,4.86751e-05,4.86709e-05,4.83951e-05,4.8961e-05,0.000328368,0.000327548,0.000273263,0.000386359,1.97487e-05,1.97487e-05,1.95703e-05,1.99257e-05,-0.0559832,4,2,0,0.01,0,False,nan,nan,nan,nan,nan,nan,nan,nan,nan,nan,12,13
ablation,matched,constant,2,40,19,30,8000,0.0104006,4.88093e-05,0.000304774,1.88025e-05,1,3.70982,1.12969,nan,0.034888,nan,0.0700297,3.66337,3.74482,3.81884,True,0.0104188,0.0104175,0.010302,0.0105411,4.86787e-05,4.86796e-05,4.83902e-05,4.89644e-05,0.000351917,0.000349506,0.000295664,0.000416763,1.88996e-05,1.88994e-05,1.87298e-05,1.90705e-05,-0.016079,3,2,0,0.01,0,False,nan,nan,nan,nan,nan,nan,nan,nan,nan,nan,12,13
ablation,matched,constant,2,40,20,30,8000,0.0104006,4.88093e-05,0.000304774,1.82106e-05,1,3.59496,1.08776,nan,0.0192544,nan,0.00865861,3.5033,3.57642,3.64748,True,0.0104184,0.0104181,0.010304,0.0105362,4.86779e-05,4.8681e-05,4.8397e-05,4.89575e-05,0.000346608,0.000344366,0.00029195,0.000411097,1.82438e-05,1.82421e-05,1.80767e-05,1.84202e-05,-0.0348723,2,2,0,0.01,0,False,nan,nan,nan,nan,nan,nan,nan,nan,nan,nan,12,13
ablation,matched,constant,2,41,1,30,8000,0.000824368,5.60693e-05,0.000224817,5.60693e-05,1,10.9541,3.15198,nan,4.29527,nan,0,7.58349,11.5069,17.2778,True,0.000813765,0.000813151,0.000763271,0.00086338,5.57855e-05,5.57863e-05,5.53768e-05,5.62085e-05,0.000185379,0.000184873,0.000146906,0.000224125,5.57855e-05,5.57863e-05,5.53768e-05,5.62085e-05,0.0147467,16,2,0,0.01,0,False,nan,nan,nan,nan,nan,nan,nan,nan,nan,nan,12,13
ablation,matched,constant,2,41,2,30,8000,0.000824368,5.60693e-05,0.000224817,5.21035e-05,1,10.2057,2.8846,nan,0.128106,nan,0.0167176,10.1174,10.3283,10.5435,True,0.000835157,0.000835646,0.000800785,0.000869127,5.60762e-05,5.6072e-05,5.57403e-05,5.64204e-05,0.000222631,0.000222648,0.000192629,0.000251422,5.21137e-05,5.21121e-05,5.18274e-05,5.24095e-05,0.0718059,6,2,0,0.01,0,False,nan,nan,nan,nan,nan,nan,nan,nan,nan,nan,12,13
ablation,matched,constant,2,41,3,30,8000,0.000824368,5.60693e-05,0.000224817,4.85343e-05,1,9.52893,2.66437,nan,0.0196824,nan,0.00979328,9.37538,9.54651,9.72365,True,0.000820602,0.00082088,0.000790415,0.000850567,5.60627e-05,5.60582e-05,5.57583e-05,5.63877e-05,0.000219075,0.000218948,0.000194373,0.000245882,4.84064e-05,4.8403e-05,4.81491e-05,4.86591e-05,0.0755488,4,2,0,0.01,0,False,nan,nan,nan,nan,nan,nan,nan,nan,nan,nan,12,13
ablation,matched,constant,2,41,4,30,8000,0.000824368,5.60693e-05,0.000224817,4.53153e-05,1,8.91582,2.47771,nan,0.0276913,nan,0.029317,8.7842,8.94053,9.11119,True,0.000813301,0.000813654,0.000786975,0.00084005,5.60716e-05,5.60736e-05,5.57731e-05,5.63644e-05,0.000223934,0.000223599,0.000198015,0.000250731,4.54716e-05,4.54738e-05,4.52275e-05,4.57148e-05,-0.00488789,4,2,0,0.01,0,False,nan,nan,nan,nan,nan,nan,nan,nan,nan,nan,12,13
ablation,matched,constant,2,41,5,30,8000,0.000824368,5.60693e-05,0.000224817,4.28972e-05,1,8.45357,2.31738,nan,0.0228626,nan,0.0515557,8.27193,8.43097,8.59322,True,0.000816755,0.000816599,0.000793252,0.000841462,5.60699e-05,5.607e-05,5.57769e-05,5.63656e-05,0.000221542,0.000221077,0.000195086,0.000248434,4.27548e-05,4.27565e-05,4.25193e-05,4.29823e-05,0.0338212,3,2,0,0.01,0,False,nan,nan,nan,nan,nan,nan,nan,nan,nan,nan,12,13
ablation,matched,constant,2,41,6,30,8000,0.000824368,5.60693e-05,0.000224817,3.97446e-05,1,7.8487,2.17501,nan,0.130793,nan,0.143348,7.83108,7.97741,8.12543,True,0.000826677,0.000826962,0.000804041,0.000849715,5.60846e-05,5.60778e-05,5.58119e-05,5.63817e-05,0.000228564,0.000228512,0.000201088,0.000256911,3.98173e-05,3.98192e-05,3.95909e-05,4.00328e-05,0.062817,6,2,0,0.01,0,False,nan,nan,nan,nan,nan,nan,nan,nan,nan,nan,12,13
ablation,matched,constant,2,41,7,30,8000,0.000824368,5.60693e-05,0.000224817,3.79976e-05,1,7.51242,2.05199,nan,0.0631403,nan,0.0648594,7.31242,7.45043,7.58621,True,0.000829859,0.000830051,0.000808123,0.000851512,5.60921e-05,5.60885e-05,5.58079e-05,5.63928e-05,0.000237875,0.000237226,0.00020841,0.000269725,3.80085e-05,3.80056e-05,3.77924e-05,3.82304e-05,0.0463517,4,2,0,0.01,0,False,nan,nan,nan,nan,nan,nan,nan,nan,nan,nan,12,13
ablation,matched,constant,2,41,8,30,8000,0.000824368,5.60693e-05,0.000224817,3.58071e-05,1,7.08968,1.9398,nan,0.0286796,nan,0.0555026,6.98172,7.11821,7.24641,True,0.0008322,0.000832017,0.000812037,0.000852487,5.60799e-05,5.60771e-05,5.57909e-05,5.63759e-05,0.000236374,0.000235843,0.000205776,0.000267456,3.5786e-05,3.57865e-05,3.55777e-05,3.59914e-05,0.0237449,4,2,0,0.01,0,False,nan,nan,nan,nan,nan,nan,nan,nan,nan,nan,12,13
ablation,matched,constant,2,41,9,30,8000,0.000824368,5.60693e-05,0.000224817,3.36886e-05,1,6.67968,1.83862,nan,0.0554738,nan,0.0823299,6.61132,6.73421,6.85948,True,0.000830545,0.000830174,0.000810322,0.000851136,5.60853e-05,5.60836e-05,5.58038e-05,5.63797e-05,0.00024929,0.000249143,0.000215905,0.000285251,3.3574e-05,3.3572e-05,3.33672e-05,3.3783e-05,0.00377395,4,2,0,0.01,0,False,nan,nan,nan,nan,nan,nan,nan,nan,nan,nan,12,13
ablation,matched,constant,2,41,10,30,8000,0.000824368,5.60693e-05,0.000224817,3.1528e-05,1,6.26032,1.74971,nan,0.0617516,nan,0.128205,6.20805,6.3235,6.4337,True,0.00083271,0.000832882,0.00081295,0.000851999,5.60898e-05,5.60809e-05,5.58187e-05,5.63899e-05,0.00024976,0.000249023,0.000214651,0.000286735,3.17472e-05,3.17477e-05,3.15504e-05,3.19456e-05,0.0192636,3,2,0,0.01,0,False,nan,nan,nan,nan,nan,nan,nan,nan,nan,nan,12,13
ablation,matched,constant,2,41,11,30,8000,0.000824368,5.60693e-05,0.000224817,2.99746e-05,1,5.95809,1.66839,nan,0.0449667,nan,0.0451749,5.8873,6.00197,6.11358,True,0.000835419,0.000835463,0.000816893,0.000853589,5.60862e-05,5.6084e-05,5.58145e-05,5.63729e-05,0.000248593,0.000248264,0.000213181,0.000287639,3.01895e-05,3.019e-05,2.99906e-05,3.03815e-05,0.00322462,3,2,0,0.01,0,False,nan,nan,nan,nan,nan,nan,nan,nan,nan,nan,12,13
ablation,matched,constant,2,41,12,30,8000,0.000824368,5.60693e-05,0.000224817,2.83672e-05,1,5.64468,1.59685,nan,0.0817294,nan,0.0804689,5.61382,5.72352,5.83798,True,0.000836453,0.000836456,0.000817245,0.00085435,5.60895e-05,5.6091e-05,5.58022e-05,5.63782e-05,0.000247184,0.000245867,0.000210529,0.000286998,2.85257e-05,2.85248e-05,2.8335e-05,2.87187e-05,0.0113212,4,2,0,0.01,0,False,nan,nan,nan,nan,nan,nan,nan,nan,nan,nan,12,13
ablation,matched,constant,2,41,13,30,8000,0.000824368,5.60693e-05,0.000224817,2.75317e-05,1,5.48151,1.52466,nan,0.049256,nan,0.047409,5.33092,5.43114,5.539,True,0.000840068,0.000840372,0.000822408,0.000857323,5.60859e-05,5.60827e-05,5.58149e-05,5.63844e-05,0.000236797,0.00023647,0.000198453,0.000275409,2.75804e-05,2.75766e-05,2.73941e-05,2.77763e-05,0.0122848,4,2,0,0.01,0,False,nan,nan,nan,nan,nan,nan,nan,nan,nan,nan,12,13
ablation,matched,constant,2,41,14,30,8000,0.000824368,5.60693e-05,0.000224817,2.63068e-05,1,5.24197,1.46264,nan,0.0338007,nan,0.0415136,5.17263,5.27626,5.37695,True,0.00083993,0.000839644,0.000822297,0.000858191,5.60862e-05,5.60814e-05,5.58119e-05,5.63808e-05,0.000233837,0.000233796,0.000196071,0.000271118,2.65753e-05,2.65762e-05,2.63877e-05,2.6768e-05,0.0233581,3,2,0,0.01,0,False,nan,nan,nan,nan,nan,nan,nan,nan,nan,nan,12,13
ablation,matched,constant,2,41,15,30,8000,0.000824368,5.60693e-05,0.000224817,2.5366e-05,1,5.05771,1.40447,nan,0.0440399,nan,0.00255893,5.00549,5.09954,5.1954,True,0.000841127,0.000841013,0.000823364,0.000859072,5.60824e-05,5.60774e-05,5.58217e-05,5.63578e-05,0.000234654,0.000235058,0.000195916,0.00027537,2.55009e-05,2.54999e-05,2.53179e-05,2.56978e-05,0.036513,3,2,0,0.01,0,False,nan,nan,nan,nan,nan,nan,nan,nan,nan,nan,12,13
ablation,matched,constant,2,41,16,30,8000,0.000824368,5.60693e-05,0.000224817,2.45877e-05,1,4.9051,1.35108,nan,0.00654503,nan,0.0169164,4.80672,4.90291,4.99812,True,0.000840529,0.000840299,0.000823801,0.000857721,5.60856e-05,5.6082e-05,5.58091e-05,5.63814e-05,0.000246895,0.000246288,0.000204471,0.000290398,2.45783e-05,2.45767e-05,2.4383e-05,2.47745e-05,0.0192497,3,2,0,0.01,0,False,nan,nan,nan,nan,nan,nan,nan,nan,nan,nan,12,13
ablation,matched,constant,2,41,17,30,8000,0.000824368,5.60693e-05,0.000224817,2.39328e-05,1,4.77655,1.30326,nan,0.0568591,nan,0.0312053,4.6301,4.72101,4.80812,True,0.000841228,0.000840975,0.000824713,0.000858859,5.60834e-05,5.6081e-05,5.58093e-05,5.63714e-05,0.000246572,0.000245643,0.00020452,0.000292747,2.37985e-05,2.37965e-05,2.36218e-05,2.39827e-05,0.0647538,2,2,0,0.01,0,False,nan,nan,nan,nan,nan,nan,nan,nan,nan,nan,12,13
ablation,matched,constant,2,41,18,30,8000,0.000824368,5.60693e-05,0.000224817,2.3376e-05,1,4.66718,1.26163,nan,0.088567,nan,0.0423612,4.49018,4.57857,4.66972,True,0.000838177,0.000837814,0.0008218,0.000855473,5.60889e-05,5.60861e-05,5.58248e-05,5.63464e-05,0.000223036,0.000221103,0.000186438,0.000265628,2.33434e-05,2.33407e-05,2.31636e-05,2.35244e-05,0.0816714,5,2,0,0.01,0,False,nan,nan,nan,nan,nan,nan,nan,nan,nan,nan,12,13
ablation,matched,constant,2,41,19,30,8000,0.000824368,5.60693e-05,0.000224817,2.27933e-05,1,4.55265,1.22376,nan,0.035994,nan,0.0303427,4.42994,4.5186,4.60226,True,0.000841522,0.000841207,0.000824772,0.000859298,5.60839e-05,5.60813e-05,5.58229e-05,5.63524e-05,0.000222285,0.000220453,0.000184855,0.000264625,2.27868e-05,2.27891e-05,2.26189e-05,2.29646e-05,0.0182279,3,2,0,0.01,0,False,nan,nan,nan,nan,nan,nan,nan,nan,nan,nan,12,13
ablation,matched,constant,2,41,20,30,8000,0.000824368,5.60693e-05,0.000224817,2.2163e-05,1,4.42865,1.18719,nan,0.0154804,nan,0.0138195,4.33043,4.41566,4.49605,True,0.000840279,0.000840259,0.000823894,0.000857427,5.60873e-05,5.60816e-05,5.58231e-05,5.63574e-05,0.000214277,0.000213196,0.00017807,0.000255996,2.2199e-05,2.21994e-05,2.20277e-05,2.23736e-05,0.0414955,3,2,0,0.01,0,False,nan,nan,nan,nan,nan,nan,nan,nan,nan,nan,12,13
ablation,matched,constant,2,42,1,30,8000,0.211394,8.04403e-05,0.000212391,8.04403e-05,1,15.4979,6.60206,nan,4.31962,nan,0,7.88225,11.5826,17.2292,True,0.210997,0.211021,0.209792,0.212185,7.99797e-05,7.99822e-05,7.96331e-05,8.0315e-05,0.000191782,0.000191572,0.000175769,0.00020717,7.99797e-05,7.99822e-05,7.96331e-05,8.0315e-05,-0.0786595,19,2,0,0.01,0,False,nan,nan,nan,nan,nan,nan,nan,nan,nan,nan,12,11
ablation,matched,constant,2,42,2,30,8000,0.211394,8.04403e-05,0.000212391,7.30408e-05,1,14.1346,5.9717,nan,0.0930416,nan,0.0359989,13.9734,14.2118,14.4684,True,0.210971,0.210965,0.210101,0.21189,8.01169e-05,8.01178e-05,7.98178e-05,8.04072e-05,0.00020643,0.000206304,0.000192252,0.000220004,7.27986e-05,7.27966e-05,7.25094e-05,7.30748e-05,-0.0752075,6,2,0,0.01,0,False,nan,nan,nan,nan,nan,nan,nan,nan,nan,nan,12,11
ablation,matched,constant,2,42,3,30,8000,0.211394,8.04403e-05,0.000212391,6.69637e-05,1,13.006,5.46272,nan,0.0434676,nan,0.045408,12.7577,12.9679,13.1898,True,0.210557,0.210534,0.209828,0.211351,8.01192e-05,8.0118e-05,7.98245e-05,8.04061e-05,0.000201879,0.000201574,0.000186936,0.00021772,6.68124e-05,6.68017e-05,6.65516e-05,6.70889e-05,-0.0715239,5,2,0,0.01,0,False,nan,nan,nan,nan,nan,nan,nan,nan,nan,nan,12,11
ablation,matched,constant,2,42,4,30,8000,0.211394,8.04403e-05,0.000212391,6.15696e-05,1,11.9974,4.99454,nan,0.0590983,nan,0.0109865,11.8391,12.0539,12.2664,True,0.21078,0.210803,0.210054,0.211489,8.01035e-05,8.01032e-05,7.98137e-05,8.03938e-05,0.000198028,0.000197885,0.000181749,0.000214083,6.15788e-05,6.15773e-05,6.13301e-05,6.18361e-05,-0.109942,4,2,0,0.01,0,False,nan,nan,nan,nan,nan,nan,nan,nan,nan,nan,12,11
ablation,matched,constant,2,42,5,30,8000,0.211394,8.04403e-05,0.000212391,5.68763e-05,1,11.1146,4.58397,nan,0.114111,nan,0.030191,11.0299,11.2225,11.424,True,0.210638,0.21064,0.20998,0.211288,8.01058e-05,8.01028e-05,7.98072e-05,8.04175e-05,0.000202818,0.000202328,0.000185047,0.000220873,5.69093e-05,5.69078e-05,5.66706e-05,5.71611e-05,-0.0910917,5,2,0,0.01,0,False,nan,nan,nan,nan,nan,nan,nan,nan,nan,nan,12,11
ablation,matched,constant,2,42,6,30,8000,0.211394,8.04403e-05,0.000212391,5.30454e-05,1,10.3902,4.26581,nan,0.0437822,nan,0.0135985,10.2507,10.4326,10.6089,True,0.210794,0.210789,0.210182,0.211451,8.01228e-05,8.01155e-05,7.98145e-05,8.0425e-05,0.000204638,0.000203734,0.000186827,0.000226178,5.28493e-05,5.28492e-05,5.26164e-05,5.30853e-05,-0.0640657,4,2,0,0.01,0,False,nan,nan,nan,nan,nan,nan,nan,nan,nan,nan,12,11
ablation,matched,constant,2,42,7,30,8000,0.211394,8.04403e-05,0.000212391,5.03826e-05,1,9.88475,4.09506,nan,0.154765,nan,0.15025,9.5798,9.74101,9.91957,True,0.210716,0.210723,0.210151,0.211279,8.01294e-05,8.01288e-05,7.9837e-05,8.04109e-05,0.000197863,0.0001977,0.000178384,0.000217439,5.0201e-05,5.01965e-05,4.99713e-05,5.04322e-05,-0.0672336,5,2,0,0.01,0,False,nan,nan,nan,nan,nan,nan,nan,nan,nan,nan,12,11
ablation,matched,constant,2,42,8,30,8000,0.211394,8.04403e-05,0.000212391,4.74902e-05,1,9.33385,3.86079,nan,0.0209126,nan,0.0386556,9.16385,9.32862,9.49182,True,0.21063,0.210624,0.210067,0.211202,8.01285e-05,8.013e-05,7.98219e-05,8.0427e-05,0.000206189,0.000206229,0.000185103,0.00022769,4.76826e-05,4.76847e-05,4.74629e-05,4.79088e-05,-0.0843425,5,2,0,0.01,0,False,nan,nan,nan,nan,nan,nan,nan,nan,nan,nan,12,11
ablation,matched,constant,2,42,9,30,8000,0.211394,8.04403e-05,0.000212391,4.40075e-05,1,8.66792,3.51194,nan,0.202647,nan,0.149202,8.70141,8.86228,9.01438,False,0.210758,0.210752,0.210216,0.211341,8.01281e-05,8.01303e-05,7.98093e-05,8.04337e-05,0.000231706,0.000231778,0.000207387,0.000256704,4.41575e-05,4.41666e-05,4.39332e-05,4.43755e-05,-0.0661571,7,2,0,0.01,0,False,nan,nan,nan,nan,nan,nan,nan,nan,nan,nan,12,11
ablation,matched,constant,2,42,10,30,8000,0.211394,8.04403e-05,0.000212391,4.16402e-05,1,8.21366,3.31616,nan,0.0435746,nan,0.000677998,8.03734,8.17757,8.32477,True,0.210739,0.210742,0.210211,0.21132,8.01307e-05,8.0129e-05,7.98359e-05,8.04255e-05,0.000222207,0.000221581,0.000198005,0.000247528,4.18151e-05,4.18142e-05,4.15999e-05,4.20301e-05,-0.0425713,4,2,0,0.01,0,False,nan,nan,nan,nan,nan,nan,nan,nan,nan,nan,12,11
ablation,matched,constant,2,42,11,30,8000,0.211394,8.04403e-05,0.000212391,3.92527e-05,1,7.75418,3.10151,nan,0.0549078,nan,0.0529465,7.65881,7.80627,7.94837,True,0.210749,0.210745,0.210194,0.211313,8.01284e-05,8.01215e-05,7.98422e-05,8.04347e-05,0.000220371,0.000220363,0.000194081,0.000246904,3.93992e-05,3.9398e-05,3.91806e-05,3.96024e-05,0.00325281,3,2,0,0.01,0,False,nan,nan,nan,nan,nan,nan,nan,nan,nan,nan,12,11
ablation,matched,constant,2,42,12,30,8000,0.211394,8.04403e-05,0.000212391,3.7516e-05,1,7.4191,2.97148,nan,0.0335791,nan,0.0328843,7.26322,7.39081,7.52203,True,0.210838,0.210833,0.210288,0.211375,8.01185e-05,8.01131e-05,7.98203e-05,8.04258e-05,0.000213047,0.000212706,0.000186323,0.000241091,3.75083e-05,3.75054e-05,3.73047e-05,3.77088e-05,-0.0560381,4,2,0,0.01,0,False,nan,nan,nan,nan,nan,nan,nan,nan,nan,nan,12,11
ablation,matched,constant,2,42,13,30,8000,0.211394,8.04403e-05,0.000212391,3.58859e-05,1,7.10393,2.84577,nan,0.0301915,nan,0.0218808,6.9434,7.07867,7.20637,True,0.210996,0.210993,0.210464,0.211561,8.01101e-05,8.01017e-05,7.98096e-05,8.04026e-05,0.000207357,0.000206901,0.000181474,0.000233623,3.59834e-05,3.59872e-05,3.57854e-05,3.61712e-05,-0.0499548,4,2,0,0.01,0,False,nan,nan,nan,nan,nan,nan,nan,nan,nan,nan,12,11
ablation,matched,constant,2,42,14,30,8000,0.211394,8.04403e-05,0.000212391,3.45958e-05,1,6.85406,2.76137,nan,0.035567,nan,0.0621792,6.70424,6.82122,6.94383,True,0.211034,0.211038,0.210517,0.211562,8.01003e-05,8.00989e-05,7.98106e-05,8.03753e-05,0.000201734,0.000200858,0.000177188,0.000228979,3.44963e-05,3.44967e-05,3.43118e-05,3.46885e-05,-0.000309736,3,2,0,0.01,0,False,nan,nan,nan,nan,nan,nan,nan,nan,nan,nan,12,11
ablation,matched,constant,2,42,15,30,8000,0.211394,8.04403e-05,0.000212391,3.34028e-05,1,6.62262,2.68294,nan,0.0586308,nan,0.0595728,6.44916,6.56714,6.68497,True,0.211027,0.211033,0.210525,0.21152,8.00992e-05,8.00981e-05,7.98027e-05,8.03974e-05,0.000201995,0.000201397,0.000175041,0.000230659,3.3317e-05,3.33126e-05,3.31146e-05,3.35109e-05,-0.03294,4,2,0,0.01,0,False,nan,nan,nan,nan,nan,nan,nan,nan,nan,nan,12,11
ablation,matched,constant,2,42,16,30,8000,0.211394,8.04403e-05,0.000212391,3.19358e-05,1,6.33759,2.55408,nan,0.0198049,nan,0.0171728,6.24143,6.35918,6.46666,True,0.211065,0.211067,0.21056,0.211557,8.00955e-05,8.00948e-05,7.98086e-05,8.03819e-05,0.000204015,0.000203444,0.000175795,0.000233755,3.20516e-05,3.20552e-05,3.18669e-05,3.22421e-05,-0.0543568,3,2,0,0.01,0,False,nan,nan,nan,nan,nan,nan,nan,nan,nan,nan,12,11
ablation,matched,constant,2,42,17,30,8000,0.211394,8.04403e-05,0.000212391,3.03267e-05,1,6.02431,2.39675,nan,0.107066,nan,0.070713,6.01643,6.12638,6.23435,True,0.210985,0.210989,0.210466,0.211481,8.01017e-05,8.01003e-05,7.98015e-05,8.0408e-05,0.000203188,0.000203036,0.000172178,0.000235065,3.03778e-05,3.03765e-05,3.01892e-05,3.05639e-05,-0.053157,5,2,0,0.01,0,False,nan,nan,nan,nan,nan,nan,nan,nan,nan,nan,12,11
ablation,matched,constant,2,42,18,30,8000,0.211394,8.04403e-05,0.000212391,2.9115e-05,1,5.78802,2.29367,nan,0.0371737,nan,0.0138069,5.71734,5.82403,5.92794,True,0.21094,0.210939,0.21047,0.211406,8.01081e-05,8.00967e-05,7.98185e-05,8.04162e-05,0.000210296,0.00020943,0.000178727,0.000244545,2.89434e-05,2.89413e-05,2.8762e-05,2.91225e-05,-0.00846374,4,2,0,0.01,0,False,nan,nan,nan,nan,nan,nan,nan,nan,nan,nan,12,11
ablation,matched,constant,2,42,19,30,8000,0.211394,8.04403e-05,0.000212391,2.81657e-05,1,5.60264,2.22438,nan,0.0559416,nan,0.0223192,5.44908,5.55043,5.65556,True,0.211012,0.211022,0.21053,0.211451,8.01001e-05,8.00928e-05,7.98152e-05,8.03981e-05,0.000215652,0.000214577,0.000182415,0.000251608,2.82421e-05,2.82419e-05,2.80619e-05,2.84223e-05,0.00479618,4,2,0,0.01,0,False,nan,nan,nan,nan,nan,nan,nan,nan,nan,nan,12,11
ablation,matched,constant,2,42,20,30,8000,0.211394,8.04403e-05,0.000212391,2.73036e-05,1,5.43408,2.16326,nan,0.0178399,nan,0.0265992,5.32379,5.41909,5.51798,True,0.21102,0.211038,0.210551,0.21146,8.00985e-05,8.00895e-05,7.98182e-05,8.0405e-05,0.000213679,0.000212958,0.000180159,0.000249005,2.73791e-05,2.73771e-05,2.71981e-05,2.75569e-05,-0.00177182,3,2,0,0.01,0,False,nan,nan,nan,nan,nan,nan,nan,nan,nan,nan,12,11
ablation,matched,constant,2,43,1,30,8000,0.0611176,6.16414e-05,0.000185597,6.16414e-05,1,11.9778,0.487167,nan,4.50807,nan,0,7.67579,11.592,16.9689,True,0.0610224,0.0610013,0.0597079,0.062343,6.17541e-05,6.17502e-05,6.14013e-05,6.21118e-05,0.000207074,0.000207046,0.000180464,0.000233747,6.17541e-05,6.17502e-05,6.14013e-05,6.21118e-05,-0.0669726,17,2,0,0.01,0,False,nan,nan,nan,nan,nan,nan,nan,nan,nan,nan,12,16
ablation,matched,constant,2,43,2,30,8000,0.0611176,6.16414e-05,0.000185597,5.83177e-05,1,11.3522,0.783462,nan,0.245123,nan,0.134554,10.9091,11.1134,11.314,False,0.0612735,0.0612724,0.0603308,0.0622176,6.1629e-05,6.16281e-05,6.13249e-05,6.19311e-05,0.000190335,0.000189769,0.000170545,0.000211469,5.82629e-05,5.82623e-05,5.801e-05,5.85281e-05,-0.0195838,6,2,0,0.0117285,0,False,nan,nan,nan,nan,nan,nan,nan,nan,nan,nan,12,16
ablation,matched,constant,2,43,3,30,8000,0.0611176,6.16414e-05,0.000185597,5.48825e-05,1,10.7032,0.924077,nan,0.0647913,nan,0.0337857,10.4378,10.6365,10.8567,True,0.0613112,0.0613237,0.0605531,0.0620971,6.16087e-05,6.16056e-05,6.13317e-05,6.18934e-05,0.00018772,0.000187459,0.000169068,0.000206928,5.48891e-05,5.48927e-05,5.46365e-05,5.51416e-05,-0.0136622,5,2,0,0.0109089,0,False,nan,nan,nan,nan,nan,nan,nan,nan,nan,nan,12,16
ablation,matched,constant,2,43,4,30,8000,0.0611176,6.16414e-05,0.000185597,5.13878e-05,1,10.0405,0.94062,nan,0.0426496,nan,0.0559343,9.89458,10.0809,10.2709,True,0.0613649,0.061381,0.0606715,0.0620387,6.16003e-05,6.15954e-05,6.13272e-05,6.18846e-05,0.000182123,0.000182238,0.000161507,0.000202736,5.13403e-05,5.13374e-05,5.11054e-05,5.15787e-05,-0.00201729,4,2,0,0.0102614,0,False,nan,nan,nan,nan,nan,nan,nan,nan,nan,nan,12,16
ablation,matched,constant,2,43,5,30,8000,0.0611176,6.16414e-05,0.000185597,4.93616e-05,1,9.65521,1.15047,nan,0.14963,nan,0.155885,9.33157,9.50728,9.68377,True,0.0617035,0.0617076,0.061048,0.0623274,6.15836e-05,6.15802e-05,6.13086e-05,6.18706e-05,0.00017332,0.000173152,0.000153841,0.000193307,4.89051e-05,4.89018e-05,4.86726e-05,4.91312e-05,-0.0227132,5,2,0,0.01,0,False,nan,nan,nan,nan,nan,nan,nan,nan,nan,nan,12,16
ablation,matched,constant,2,43,6,30,8000,0.0611176,6.16414e-05,0.000185597,4.67303e-05,1,9.15353,1.16842,nan,0.0326895,nan,0.00410628,8.9668,9.12704,9.29025,True,0.0617534,0.0617538,0.0611757,0.0623251,6.15926e-05,6.15882e-05,6.13154e-05,6.18849e-05,0.000178154,0.000177927,0.000156985,0.000201024,4.67331e-05,4.67317e-05,4.65128e-05,4.69694e-05,-0.0439334,4,2,0,0.01,0,False,nan,nan,nan,nan,nan,nan,nan,nan,nan,nan,12,16
ablation,matched,constant,2,43,7,30,8000,0.0611176,6.16414e-05,0.000185597,4.47185e-05,1,8.76902,1.24533,nan,0.0398724,nan,0.065711,8.5793,8.73203,8.8932,True,0.0616609,0.0616756,0.0610565,0.0622233,6.15878e-05,6.15854e-05,6.13249e-05,6.18639e-05,0.000180634,0.00018029,0.000158534,0.00020407,4.46616e-05,4.46592e-05,4.44365e-05,4.4885e-05,-0.0112498,4,2,0,0.01,0,False,nan,nan,nan,nan,nan,nan,nan,nan,nan,nan,12,16
ablation,matched,constant,2,43,8,30,8000,0.0611176,6.16414e-05,0.000185597,4.22619e-05,1,8.29836,1.18307,nan,0.0702544,nan,0.0597765,8.21581,8.36552,8.51207,True,0.0615833,0.0615772,0.0610121,0.062116,6.1596e-05,6.15924e-05,6.13274e-05,6.18777e-05,0.000186694,0.000186026,0.000164019,0.000211568,4.22762e-05,4.22757e-05,4.20629e-05,4.24952e-05,-0.0749091,4,2,0,0.01,0,False,nan,nan,nan,nan,nan,nan,nan,nan,nan,nan,12,16
ablation,matched,constant,2,43,9,30,8000,0.0611176,6.16414e-05,0.000185597,4.10956e-05,1,8.07449,1.3303,nan,0.152771,nan,0.150355,7.78935,7.92673,8.06432,False,0.0615644,0.0615711,0.0610094,0.0620879,6.15855e-05,6.15836e-05,6.13079e-05,6.18778e-05,0.000174722,0.000174452,0.000153215,0.000197135,4.08948e-05,4.0891e-05,4.06802e-05,4.11107e-05,-0.0375014,5,2,0,0.01,0,False,nan,nan,nan,nan,nan,nan,nan,nan,nan,nan,12,16
ablation,matched,constant,2,43,10,30,8000,0.0611176,6.16414e-05,0.000185597,4.00343e-05,1,7.87052,1.46118,nan,0.15667,nan,0.150973,7.58393,7.71606,7.85339,False,0.0615661,0.0615611,0.0610405,0.0620835,6.15876e-05,6.15812e-05,6.13224e-05,6.18649e-05,0.000184207,0.000183852,0.00015986,0.000208822,3.98335e-05,3.98319e-05,3.96242e-05,4.00472e-05,-0.0266564,6,2,0,0.01,0,False,nan,nan,nan,nan,nan,nan,nan,nan,nan,nan,12,16
ablation,matched,constant,2,43,11,30,8000,0.0611176,6.16414e-05,0.000185597,3.87426e-05,1,7.62193,1.51466,nan,0.115447,nan,0.0875553,7.37888,7.50797,7.6515,True,0.06158,0.0615795,0.061067,0.0620613,6.1595e-05,6.15876e-05,6.13408e-05,6.18766e-05,0.000177595,0.000177553,0.000153805,0.000203191,3.862e-05,3.86217e-05,3.84213e-05,3.88221e-05,-0.0114324,4,2,0,0.010014,0,False,nan,nan,nan,nan,nan,nan,nan,nan,nan,nan,12,16
ablation,matched,constant,2,43,12,30,8000,0.0611176,6.16414e-05,0.000185597,3.64952e-05,1,7.18862,1.35127,nan,0.122481,nan,0.123003,7.17691,7.30616,7.4446,True,0.0616586,0.0616581,0.0611756,0.0621257,6.15842e-05,6.15819e-05,6.13267e-05,6.18442e-05,0.000195937,0.000195822,0.000168605,0.000222151,3.66087e-05,3.66122e-05,3.64034e-05,3.68064e-05,-0.0294781,5,2,0,0.0101806,0,False,nan,nan,nan,nan,nan,nan,nan,nan,nan,nan,12,16
ablation,matched,constant,2,43,13,30,8000,0.0611176,6.16414e-05,0.000185597,3.51596e-05,1,6.9306,1.34361,nan,0.0284431,nan,0.0220841,6.77336,6.90374,7.03006,True,0.0616485,0.0616477,0.0611758,0.0621235,6.15861e-05,6.15808e-05,6.13352e-05,6.18481e-05,0.000200648,0.000200499,0.000173938,0.000229477,3.51828e-05,3.51772e-05,3.49877e-05,3.53894e-05,-0.0201468,4,2,0,0.01,0,False,nan,nan,nan,nan,nan,nan,nan,nan,nan,nan,12,16
ablation,matched,constant,2,43,14,30,8000,0.0611176,6.16414e-05,0.000185597,3.37739e-05,1,6.66251,1.3046,nan,0.0199133,nan,0.00810681,6.52492,6.64372,6.76953,True,0.0616628,0.0616685,0.0611977,0.062124,6.15864e-05,6.15778e-05,6.13269e-05,6.18671e-05,0.000190413,0.000190494,0.000161466,0.00021893,3.37704e-05,3.37711e-05,3.35696e-05,3.39698e-05,0.000993421,3,2,0,0.01,0,False,nan,nan,nan,nan,nan,nan,nan,nan,nan,nan,12,16
ablation,matched,constant,2,43,15,30,8000,0.0611176,6.16414e-05,0.000185597,3.19255e-05,1,6.30426,1.15463,nan,0.111082,nan,0.120593,6.2947,6.40994,6.52851,True,0.0616362,0.0616408,0.0611875,0.0620666,6.15973e-05,6.15949e-05,6.1351e-05,6.1857e-05,0.00018685,0.000186926,0.000159195,0.000214913,3.20944e-05,3.2095e-05,3.18885e-05,3.22837e-05,-0.00893659,4,2,0,0.01,0,False,nan,nan,nan,nan,nan,nan,nan,nan,nan,nan,12,16
ablation,matched,constant,2,43,16,30,8000,0.0611176,6.16414e-05,0.000185597,3.05149e-05,1,6.03039,1.07471,nan,0.0883547,nan,0.0594034,6.00367,6.1144,6.23029,True,0.0614907,0.0614925,0.0610155,0.0619384,6.15964e-05,6.15987e-05,6.13343e-05,6.18708e-05,0.000194349,0.000194077,0.000166069,0.000225778,3.05757e-05,3.05747e-05,3.03866e-05,3.07729e-05,0.0233028,4,2,0,0.01,0,False,nan,nan,nan,nan,nan,nan,nan,nan,nan,nan,12,16
ablation,matched,constant,2,43,17,30,8000,0.0611176,6.16414e-05,0.000185597,2.93538e-05,1,5.80464,1.02947,nan,0.0271134,nan,0.0285493,5.72657,5.83001,5.93402,True,0.0614535,0.0614592,0.0610043,0.0618942,6.16062e-05,6.16068e-05,6.13507e-05,6.18664e-05,0.000187691,0.000186958,0.000158148,0.00021945,2.92982e-05,2.93036e-05,2.91071e-05,2.94813e-05,0.00647104,4,2,0,0.01,0,False,nan,nan,nan,nan,nan,nan,nan,nan,nan,nan,12,16
ablation,matched,constant,2,43,18,30,8000,0.0611176,6.16414e-05,0.000185597,2.82394e-05,1,5.5877,0.980166,nan,0.0192303,nan,0.0341995,5.50593,5.60591,5.70715,True,0.061412,0.0614141,0.0609757,0.061838,6.16006e-05,6.1603e-05,6.13478e-05,6.18545e-05,0.000187732,0.000187231,0.000156949,0.000220746,2.82872e-05,2.82838e-05,2.81007e-05,2.8468e-05,0.00235443,3,2,0,0.01,0,False,nan,nan,nan,nan,nan,nan,nan,nan,nan,nan,12,16
ablation,matched,constant,2,43,19,30,8000,0.0611176,6.16414e-05,0.000185597,2.75585e-05,1,5.45501,1.00544,nan,0.0341734,nan,0.038669,5.32591,5.42211,5.52025,True,0.0614104,0.0614103,0.0609845,0.0618444,6.1602e-05,6.16033e-05,6.13375e-05,6.18571e-05,0.000186179,0.000185481,0.000153997,0.000221287,2.75097e-05,2.75087e-05,2.73287e-05,2.76967e-05,0.0162376,3,2,0,0.01,0,False,nan,nan,nan,nan,nan,nan,nan,nan,nan,nan,12,16
ablation,matched,constant,2,43,20,30,8000,0.0611176,6.16414e-05,0.000185597,2.62572e-05,1,5.20115,0.895954,nan,0.0837713,nan,0.093806,5.18674,5.28389,5.38091,True,0.061396,0.061402,0.0609705,0.0618148,6.15953e-05,6.16007e-05,6.13343e-05,6.18529e-05,0.000193153,0.000192423,0.000157512,0.000230269,2.63179e-05,2.63209e-05,2.61342e-05,2.65011e-05,-0.001441,4,2,0,0.01,0,False,nan,nan,nan,nan,nan,nan,nan,nan,nan,nan,12,16
ablation,matched,constant,2,44,1,30,8000,0.00877544,8.00801e-05,0.000153841,8.00801e-05,1,15.5002,4.61778,nan,5.35078,nan,0,7.82333,11.7123,17.0991,True,0.00880778,0.00880804,0.00864638,0.00896368,7.97652e-05,7.97683e-05,7.94232e-05,8.01254e-05,0.000140724,0.000140385,0.000124689,0.000156955,7.97652e-05,7.97683e-05,7.94232e-05,8.01254e-05,-0.0195947,19,2,0,0.01,0,False,nan,nan,nan,nan,nan,nan,nan,nan,nan,nan,12,14
ablation,matched,constant,2,44,2,30,8000,0.00877544,8.00801e-05,0.000153841,7.37235e-05,1,14.3101,4.29723,nan,0.216057,nan,0.14266,14.2637,14.5244,14.7806,True,0.00873652,0.00873385,0.00861303,0.00886115,7.97372e-05,7.97417e-05,7.94214e-05,8.00387e-05,0.000138144,0.000138017,0.000124576,0.000152107,7.3526e-05,7.35226e-05,7.32465e-05,7.38053e-05,0.00454687,7,2,0,0.0110983,0,False,nan,nan,nan,nan,nan,nan,nan,nan,nan,nan,12,14
ablation,matched,constant,2,44,3,30,8000,0.00877544,8.00801e-05,0.000153841,6.9856e-05,1,13.5827,4.28269,nan,0.0794339,nan,0.173881,13.269,13.5048,13.774,True,0.00874929,0.00874893,0.00865023,0.00884812,7.97449e-05,7.97381e-05,7.94423e-05,8.00422e-05,0.000139452,0.000139473,0.000126289,0.000152921,6.94889e-05,6.94853e-05,6.92346e-05,6.97497e-05,0.00219106,4,2,0,0.0102038,0,False,nan,nan,nan,nan,nan,nan,nan,nan,nan,nan,12,14
ablation,matched,constant,2,44,4,30,8000,0.00877544,8.00801e-05,0.000153841,6.54964e-05,1,12.7599,4.0942,nan,0.062238,nan,0.010527,12.597,12.8218,13.0395,True,0.00877368,0.00877485,0.0086833,0.0088661,7.97544e-05,7.97547e-05,7.94493e-05,8.00656e-05,0.000144675,0.000144596,0.000130304,0.000158829,6.52289e-05,6.52275e-05,6.49749e-05,6.549e-05,0.0194428,5,2,0,0.01,0,False,nan,nan,nan,nan,nan,nan,nan,nan,nan,nan,12,14
ablation,matched,constant,2,44,5,30,8000,0.00877544,8.00801e-05,0.000153841,6.16608e-05,1,12.0333,3.92112,nan,0.0225365,nan,0.00709909,11.8389,12.0546,12.2636,True,0.0088064,0.00880692,0.0087223,0.00889183,7.97661e-05,7.97599e-05,7.94667e-05,8.00749e-05,0.000150371,0.000150425,0.00013516,0.000166483,6.14601e-05,6.14567e-05,6.12002e-05,6.17193e-05,0.00271901,5,2,0,0.01,0,False,nan,nan,nan,nan,nan,nan,nan,nan,nan,nan,12,14
ablation,matched,constant,2,44,6,30,8000,0.00877544,8.00801e-05,0.000153841,5.84178e-05,1,11.417,3.78981,nan,0.0389648,nan,0.0260967,11.1775,11.3787,11.5749,True,0.00878411,0.00878531,0.00870464,0.00886144,7.97499e-05,7.97512e-05,7.94498e-05,8.00444e-05,0.000139479,0.000139228,0.00012457,0.00015551,5.8282e-05,5.82793e-05,5.80506e-05,5.85209e-05,0.0199831,5,2,0,0.01,0,False,nan,nan,nan,nan,nan,nan,nan,nan,nan,nan,12,14
ablation,matched,constant,2,44,7,30,8000,0.00877544,8.00801e-05,0.000153841,5.55861e-05,1,10.8774,3.67967,nan,0.0189724,nan,0.0404563,10.7011,10.8843,11.0855,True,0.0087837,0.0087851,0.00870649,0.0088562,7.97462e-05,7.97468e-05,7.94302e-05,8.00508e-05,0.000147978,0.000148127,0.000131831,0.000164683,5.563e-05,5.56291e-05,5.54016e-05,5.58602e-05,0.034057,4,2,0,0.01,0,False,nan,nan,nan,nan,nan,nan,nan,nan,nan,nan,12,14
ablation,matched,constant,2,44,8,30,8000,0.00877544,8.00801e-05,0.000153841,5.23715e-05,1,10.2632,3.45766,nan,0.123473,nan,0.0880135,10.2009,10.386,10.5721,True,0.0087758,0.00877665,0.00869961,0.008851,7.97503e-05,7.97528e-05,7.94565e-05,8.00379e-05,0.000151505,0.000151348,0.000133758,0.000169206,5.21707e-05,5.21685e-05,5.19473e-05,5.24001e-05,-0.027753,6,2,0,0.01,0,False,nan,nan,nan,nan,nan,nan,nan,nan,nan,nan,12,14
ablation,matched,constant,2,44,9,30,8000,0.00877544,8.00801e-05,0.000153841,4.93824e-05,1,9.69056,3.23835,nan,0.0787473,nan,0.103276,9.5998,9.76906,9.9378,True,0.0087974,0.00879733,0.00872509,0.00887011,7.97536e-05,7.97571e-05,7.94588e-05,8.004e-05,0.000153313,0.000152759,0.000135204,0.000172259,4.95602e-05,4.95599e-05,4.93382e-05,4.97887e-05,0.0136109,4,2,0,0.01,1,False,nan,nan,nan,nan,nan,nan,nan,nan,nan,nan,12,14
ablation,matched,constant,2,44,10,30,8000,0.00877544,8.00801e-05,0.000153841,4.55854e-05,1,8.96086,2.84454,nan,0.348294,nan,0.31292,9.14126,9.30312,9.46862,False,0.00881702,0.00881716,0.00874546,0.00888294,7.97601e-05,7.97644e-05,7.94745e-05,8.006e-05,0.000168601,0.000167616,0.000146938,0.000193316,4.56775e-05,4.56742e-05,4.54629e-05,4.59128e-05,-0.0232684,10,2,0,0.0129478,0,False,nan,nan,nan,nan,nan,nan,nan,nan,nan,nan,12,14
ablation,matched,constant,2,44,11,30,8000,0.00877544,8.00801e-05,0.000153841,4.41304e-05,1,8.68057,2.83834,nan,0.115514,nan,0.0816364,8.38005,8.56057,8.75892,True,0.00881184,0.00881171,0.00874593,0.00888045,7.97658e-05,7.97705e-05,7.94876e-05,8.00518e-05,0.000157995,0.000157299,0.000138563,0.00017997,4.44062e-05,4.44096e-05,4.41938e-05,4.46183e-05,0.0158005,6,2,0,0.0133308,0,False,nan,nan,nan,nan,nan,nan,nan,nan,nan,nan,12,14
ablation,matched,constant,2,44,12,30,8000,0.00877544,8.00801e-05,0.000153841,4.23441e-05,1,8.33597,2.75096,nan,0.0423979,nan,0.00556672,8.19183,8.37694,8.56647,True,0.00881022,0.00880985,0.00874404,0.00887571,7.97814e-05,7.97811e-05,7.94978e-05,8.00591e-05,0.000156704,0.000155782,0.00013579,0.000179807,4.23854e-05,4.2377e-05,4.21688e-05,4.2608e-05,0.0109219,4,2,0,0.0129166,0,False,nan,nan,nan,nan,nan,nan,nan,nan,nan,nan,12,14
ablation,matched,constant,2,44,13,30,8000,0.00877544,8.00801e-05,0.000153841,4.0199e-05,1,7.92142,2.57928,nan,0.100509,nan,0.102623,7.83629,8.02119,8.19631,True,0.00881337,0.0088134,0.0087485,0.00887624,7.97819e-05,7.97841e-05,7.94894e-05,8.00723e-05,0.000160841,0.000160146,0.000138565,0.000184958,4.03444e-05,4.03369e-05,4.0127e-05,4.057e-05,-0.0508234,4,2,0,0.0126927,0,False,nan,nan,nan,nan,nan,nan,nan,nan,nan,nan,12,14
ablation,matched,constant,2,44,14,30,8000,0.00877544,8.00801e-05,0.000153841,3.89062e-05,1,7.67119,2.54205,nan,0.0287228,nan,0.0335298,7.47124,7.64122,7.81534,True,0.0088236,0.00882305,0.00876283,0.00888347,7.97863e-05,7.97896e-05,7.95049e-05,8.00557e-05,0.00015724,0.000156497,0.00013356,0.000181822,3.88811e-05,3.88738e-05,3.86777e-05,3.91015e-05,-0.012579,4,2,0,0.0122898,0,False,nan,nan,nan,nan,nan,nan,nan,nan,nan,nan,12,14
ablation,matched,constant,2,44,15,30,8000,0.00877544,8.00801e-05,0.000153841,3.79199e-05,1,7.48008,2.54488,nan,0.0869239,nan,0.0758634,7.2388,7.39211,7.54993,True,0.00882843,0.00882855,0.00876873,0.00888638,7.97817e-05,7.97818e-05,7.94957e-05,8.00637e-05,0.000159298,0.000158555,0.000134564,0.000184214,3.78333e-05,3.78278e-05,3.76212e-05,3.80451e-05,-0.00132432,4,2,0,0.0121082,0,False,nan,nan,nan,nan,nan,nan,nan,nan,nan,nan,12,14
ablation,matched,constant,2,44,16,30,8000,0.00877544,8.00801e-05,0.000153841,3.64586e-05,1,7.19662,2.44816,nan,0.00622117,nan,0.0306848,7.04742,7.19622,7.34273,True,0.0088265,0.00882713,0.00876908,0.00888356,7.97787e-05,7.97826e-05,7.94954e-05,8.00557e-05,0.000161562,0.000161083,0.000136647,0.000188051,3.66176e-05,3.66162e-05,3.63737e-05,3.68473e-05,0.00650685,3,2,0.15546,0.0117956,0,False,nan,nan,nan,nan,nan,nan,nan,nan,nan,nan,12,14
ablation,matched,constant,2,44,17,30,8000,0.00877544,8.00801e-05,0.000153841,3.48441e-05,1,6.88301,2.31114,nan,0.0906347,nan,0.0799727,6.82229,6.97019,7.11854,True,0.00882764,0.00882765,0.00876947,0.00888354,7.97772e-05,7.97848e-05,7.94694e-05,8.00532e-05,0.000162201,0.000161925,0.000136869,0.000190051,3.4873e-05,3.48707e-05,3.46767e-05,3.50837e-05,-0.0041185,4,2,0,0.0118166,0,False,nan,nan,nan,nan,nan,nan,nan,nan,nan,nan,12,14
ablation,matched,constant,2,44,18,30,8000,0.00877544,8.00801e-05,0.000153841,3.41959e-05,1,6.75698,2.33824,nan,0.102207,nan,0.0900233,6.51606,6.65314,6.79448,True,0.00882715,0.00882814,0.00876846,0.00888482,7.97761e-05,7.97732e-05,7.9484e-05,8.00608e-05,0.000158181,0.000157968,0.000131997,0.00018617,3.40967e-05,3.40958e-05,3.39022e-05,3.42889e-05,0.0132923,5,2,0,0.0117658,0,False,nan,nan,nan,nan,nan,nan,nan,nan,nan,nan,12,14
ablation,matched,constant,2,44,19,30,8000,0.00877544,8.00801e-05,0.000153841,3.29973e-05,1,6.52372,2.25533,nan,0.00525147,nan,0.0263411,6.39315,6.52525,6.66079,True,0.00882385,0.00882377,0.00876435,0.00888272,7.97753e-05,7.97753e-05,7.94893e-05,8.0054e-05,0.000161103,0.000161124,0.000135364,0.000187972,3.29726e-05,3.29738e-05,3.27736e-05,3.31703e-05,0.0638021,3,2,0,0.0114749,0,False,nan,nan,nan,nan,nan,nan,nan,nan,nan,nan,12,14
ablation,matched,constant,2,44,20,30,8000,0.00877544,8.00801e-05,0.000153841,3.24888e-05,1,6.42468,2.28976,nan,0.112047,nan,0.0955379,6.18465,6.315,6.44293,True,0.00882223,0.00882113,0.00876401,0.00887828,7.97866e-05,7.97937e-05,7.95091e-05,8.00727e-05,0.000147556,0.000147286,0.000123429,0.000173562,3.2562e-05,3.25631e-05,3.23642e-05,3.2757e-05,0.0450154,5,2,0,0.011885,0,False,nan,nan,nan,nan,nan,nan,nan,nan,nan,nan,12,14
ablation,matched,constant,2,45,1,30,8000,0.164134,7.18197e-05,0.000281725,7.18197e-05,1,13.6935,4.00768,nan,2.97602,nan,0,7.69633,11.5007,17.0389,True,0.163946,0.163947,0.162775,0.165144,7.16249e-05,7.16198e-05,7.12596e-05,7.19846e-05,0.000265144,0.000265151,0.000245529,0.000286172,7.16249e-05,7.16198e-05,7.12596e-05,7.19846e-05,-0.0579046,18,2,0,0.01,0,False,nan,nan,nan,nan,nan,nan,nan,nan,nan,nan,12,9
ablation,matched,constant,2,45,2,30,8000,0.164134,7.18197e-05,0.000281725,6.26052e-05,1,12.023,3.30125,nan,0.343051,nan,0.253585,12.1276,12.3523,12.5789,False,0.163852,0.163842,0.162962,0.164717,7.177e-05,7.17687e-05,7.14527e-05,7.20805e-05,0.000283594,0.000283489,0.000264023,0.000303299,6.26548e-05,6.26536e-05,6.23774e-05,6.29416e-05,-0.0977855,9,2,0,0.0141336,0,False,nan,nan,nan,nan,nan,nan,nan,nan,nan,nan,12,9
ablation,matched,constant,2,45,3,30,8000,0.164134,7.18197e-05,0.000281725,5.57263e-05,1,10.7604,2.84446,nan,0.150229,nan,0.154697,10.6546,10.9029,11.1566,True,0.163849,0.163829,0.163125,0.164576,7.18031e-05,7.18058e-05,7.15019e-05,7.20995e-05,0.00029496,0.000294479,0.000273446,0.000317923,5.58514e-05,5.58475e-05,5.55844e-05,5.61246e-05,-0.0583555,5,2,0,0.0137916,0,False,nan,nan,nan,nan,nan,nan,nan,nan,nan,nan,12,9
ablation,matched,constant,2,45,4,30,8000,0.164134,7.18197e-05,0.000281725,5.06009e-05,1,9.8107,2.54689,nan,0.0187098,nan,0.0505594,9.60546,9.82128,10.0517,True,0.164278,0.16429,0.163632,0.164891,7.17815e-05,7.1783e-05,7.1475e-05,7.20812e-05,0.000288749,0.000288676,0.000266495,0.000312214,5.07556e-05,5.07587e-05,5.05108e-05,5.10078e-05,-0.02875,5,2,0,0.0127504,0,False,nan,nan,nan,nan,nan,nan,nan,nan,nan,nan,12,9
ablation,matched,constant,2,45,5,30,8000,0.164134,7.18197e-05,0.000281725,4.62948e-05,1,9.00688,2.31021,nan,0.0550483,nan,0.0512553,8.85836,9.06085,9.25843,True,0.164243,0.164258,0.163643,0.164825,7.17727e-05,7.17687e-05,7.14606e-05,7.20763e-05,0.000285652,0.000284809,0.000262082,0.000312032,4.61976e-05,4.61952e-05,4.59647e-05,4.64394e-05,-0.0107915,5,2,0,0.0122598,0,False,nan,nan,nan,nan,nan,nan,nan,nan,nan,nan,12,9
ablation,matched,constant,2,45,6,30,8000,0.164134,7.18197e-05,0.000281725,4.33228e-05,1,8.44888,2.16564,nan,0.109433,nan,0.0853822,8.16442,8.34302,8.52294,True,0.164179,0.164194,0.163589,0.164766,7.177e-05,7.17685e-05,7.14427e-05,7.20935e-05,0.000270631,0.000270712,0.000244344,0.000297937,4.32251e-05,4.32257e-05,4.30101e-05,4.34483e-05,-0.0370795,5,2,0,0.012,0,False,nan,nan,nan,nan,nan,nan,nan,nan,nan,nan,12,9
ablation,matched,constant,2,45,7,30,8000,0.164134,7.18197e-05,0.000281725,4.07815e-05,1,7.96965,2.04342,nan,0.0753455,nan,0.0899548,7.73789,7.89593,8.05753,True,0.164091,0.164106,0.163548,0.164609,7.17735e-05,7.17767e-05,7.14655e-05,7.208e-05,0.000271234,0.000271488,0.000242279,0.000300311,4.08905e-05,4.08941e-05,4.06698e-05,4.11092e-05,0.0132972,5,2,0,0.012142,0,False,nan,nan,nan,nan,nan,nan,nan,nan,nan,nan,12,9
ablation,matched,constant,2,45,8,30,8000,0.164134,7.18197e-05,0.000281725,3.7925e-05,1,7.42863,1.89299,nan,0.0854391,nan,0.0373202,7.35518,7.50969,7.67334,True,0.164147,0.16415,0.163612,0.16466,7.17792e-05,7.1782e-05,7.14567e-05,7.20833e-05,0.000288002,0.000288279,0.000258429,0.000319504,3.80986e-05,3.80998e-05,3.78788e-05,3.83194e-05,-0.0474546,4,2,0,0.0116437,0,False,nan,nan,nan,nan,nan,nan,nan,nan,nan,nan,12,9
ablation,matched,constant,2,45,9,30,8000,0.164134,7.18197e-05,0.000281725,3.54305e-05,1,6.95414,1.76686,nan,0.049769,nan,0.0350856,6.86157,7.00142,7.14583,True,0.164176,0.164183,0.163646,0.164682,7.17746e-05,7.17755e-05,7.14603e-05,7.20909e-05,0.000296509,0.00029572,0.000261629,0.000332141,3.55116e-05,3.55163e-05,3.52941e-05,3.57216e-05,0.0479614,4,2,0,0.0112265,0,False,nan,nan,nan,nan,nan,nan,nan,nan,nan,nan,12,9
ablation,matched,constant,2,45,10,30,8000,0.164134,7.18197e-05,0.000281725,3.38965e-05,1,6.66141,1.69458,nan,0.117492,nan,0.0988833,6.41083,6.54884,6.68266,True,0.164117,0.164127,0.163607,0.164614,7.17823e-05,7.17887e-05,7.14661e-05,7.20797e-05,0.000301753,0.000301275,0.000266233,0.000337796,3.37037e-05,3.37038e-05,3.34942e-05,3.39164e-05,0.00305807,4,2,0,0.0110968,0,False,nan,nan,nan,nan,nan,nan,nan,nan,nan,nan,12,9
ablation,matched,constant,2,45,11,30,8000,0.164134,7.18197e-05,0.000281725,3.14623e-05,1,6.19537,1.57446,nan,0.0444265,nan,0.113894,6.1128,6.233,6.37189,True,0.164099,0.164104,0.163582,0.164606,7.17847e-05,7.1781e-05,7.14672e-05,7.21079e-05,0.000286041,0.000285261,0.000251287,0.000322243,3.14504e-05,3.14483e-05,3.12546e-05,3.16472e-05,0.0118078,4,2,0,0.0109048,0,False,nan,nan,nan,nan,nan,nan,nan,nan,nan,nan,12,9
ablation,matched,constant,2,45,12,30,8000,0.164134,7.18197e-05,0.000281725,3.00288e-05,1,5.92007,1.50443,nan,0.0446582,nan,0.0356981,5.76318,5.87844,5.9901,True,0.164197,0.16419,0.163718,0.164686,7.17733e-05,7.17666e-05,7.14507e-05,7.20947e-05,0.000282995,0.000282577,0.000245396,0.000321961,3.01021e-05,3.00983e-05,2.99063e-05,3.03087e-05,-0.0353243,4,2,0,0.0107865,0,False,nan,nan,nan,nan,nan,nan,nan,nan,nan,nan,12,9
ablation,matched,constant,2,45,13,30,8000,0.164134,7.18197e-05,0.000281725,2.8492e-05,1,5.62422,1.4316,nan,0.0232728,nan,0.013038,5.54026,5.64485,5.75745,True,0.164228,0.164217,0.163755,0.164718,7.17721e-05,7.17713e-05,7.14599e-05,7.20765e-05,0.000295699,0.000294905,0.000255596,0.000337304,2.85953e-05,2.85959e-05,2.83947e-05,2.87911e-05,-0.0197893,3,2,0,0.0104052,0,False,nan,nan,nan,nan,nan,nan,nan,nan,nan,nan,12,9
ablation,matched,constant,2,45,14,30,8000,0.164134,7.18197e-05,0.000281725,2.66093e-05,1,5.26074,1.35543,nan,0.112285,nan,0.111504,5.26399,5.36961,5.47104,False,0.164193,0.164184,0.163747,0.164675,7.17641e-05,7.17648e-05,7.14588e-05,7.2064e-05,0.000308186,0.000306389,0.000265718,0.000355085,2.67986e-05,2.6801e-05,2.66053e-05,2.69825e-05,0.0359735,4,2,0,0.0106652,0,False,nan,nan,nan,nan,nan,nan,nan,nan,nan,nan,12,9
ablation,matched,constant,2,45,15,30,8000,0.164134,7.18197e-05,0.000281725,2.576e-05,1,5.0964,1.30624,nan,0.0611407,nan,0.063037,4.93721,5.03796,5.14082,True,0.16411,0.16411,0.163659,0.164585,7.17685e-05,7.17719e-05,7.14613e-05,7.20759e-05,0.000308022,0.000306074,0.000264083,0.000355773,2.56933e-05,2.56947e-05,2.55049e-05,2.58769e-05,0.0143586,4,2,0,0.0104289,0,False,nan,nan,nan,nan,nan,nan,nan,nan,nan,nan,12,9
ablation,matched,constant,2,45,16,30,8000,0.164134,7.18197e-05,0.000281725,2.48933e-05,1,4.92848,1.25991,nan,0.0871709,nan,0.0452033,4.7526,4.84496,4.94085,True,0.164136,0.164123,0.163692,0.164609,7.17547e-05,7.17586e-05,7.14427e-05,7.20552e-05,0.000284316,0.000283709,0.000243798,0.000326619,2.49471e-05,2.49479e-05,2.47565e-05,2.5126e-05,-0.010447,5,2,0,0.0108866,0,False,nan,nan,nan,nan,nan,nan,nan,nan,nan,nan,12,9
ablation,matched,constant,2,45,17,30,8000,0.164134,7.18197e-05,0.000281725,2.37047e-05,1,4.69777,1.20821,nan,0.0426129,nan,0.034095,4.64566,4.73766,4.83151,True,0.164103,0.164103,0.163658,0.16454,7.17481e-05,7.1751e-05,7.14323e-05,7.20554e-05,0.000294574,0.000292722,0.000250852,0.000343882,2.38567e-05,2.38572e-05,2.36699e-05,2.40408e-05,-0.0221136,3,2,0,0.0105797,0,False,nan,nan,nan,nan,nan,nan,nan,nan,nan,nan,12,9
ablation,matched,constant,2,45,18,30,8000,0.164134,7.18197e-05,0.000281725,2.26707e-05,1,4.49672,1.16307,nan,0.0378754,nan,0.0217178,4.44161,4.53113,4.62589,True,0.164102,0.1641,0.163664,0.164558,7.17462e-05,7.17487e-05,7.1433e-05,7.20446e-05,0.000285212,0.000283968,0.000243068,0.000331783,2.28723e-05,2.28731e-05,2.26948e-05,2.3056e-05,-0.000319929,3,2,0,0.0102478,0,False,nan,nan,nan,nan,nan,nan,nan,nan,nan,nan,12,9
ablation,matched,constant,2,45,19,30,8000,0.164134,7.18197e-05,0.000281725,2.16146e-05,1,4.29102,1.12187,nan,0.0764455,nan,0.0419831,4.28078,4.3652,4.45082,True,0.164062,0.164066,0.163616,0.164502,7.17442e-05,7.17444e-05,7.14272e-05,7.20516e-05,0.000306787,0.000305757,0.000257168,0.000358173,2.17246e-05,2.17283e-05,2.15494e-05,2.18951e-05,-0.0303191,4,2,0,0.0102915,0,False,nan,nan,nan,nan,nan,nan,nan,nan,nan,nan,12,9
ablation,matched,constant,2,45,20,30,8000,0.164134,7.18197e-05,0.000281725,2.09363e-05,1,4.1587,1.08509,nan,0.0199226,nan,0.0192476,4.05882,4.13894,4.21898,True,0.164041,0.164043,0.163594,0.164465,7.17463e-05,7.17472e-05,7.14298e-05,7.20481e-05,0.000294065,0.000292556,0.000247174,0.000345706,2.088e-05,2.08775e-05,2.0711e-05,2.10533e-05,-0.00380333,2,2,0,0.0100055,0,False,nan,nan,nan,nan,nan,nan,nan,nan,nan,nan,12,9
ablation,matched,constant,2,46,1,30,8000,0.0065048,6.25317e-05,0.000379231,6.25317e-05,1,11.7255,2.30457,nan,4.15195,nan,0,7.73627,11.6561,17.2746,True,0.00648637,0.00648705,0.00628214,0.00668069,6.25699e-05,6.25654e-05,6.21677e-05,6.29908e-05,0.00039124,0.000390811,0.000358632,0.000423608,6.25699e-05,6.25654e-05,6.21677e-05,6.29908e-05,-0.0243279,17,2,0,0.01,0,False,nan,nan,nan,nan,nan,nan,nan,nan,nan,nan,12,8
ablation,matched,constant,2,46,2,30,8000,0.0065048,6.25317e-05,0.000379231,5.44863e-05,1,10.3029,2.11934,nan,0.0330664,nan,0.0227221,10.067,10.2714,10.4816,True,0.00648826,0.00648705,0.0063517,0.00663473,6.24547e-05,6.24514e-05,6.2113e-05,6.281e-05,0.000370471,0.000370558,0.000342997,0.000398365,5.43887e-05,5.43898e-05,5.41097e-05,5.46824e-05,0.0115955,5,2,0,0.01,0,False,nan,nan,nan,nan,nan,nan,nan,nan,nan,nan,12,8
ablation,matched,constant,2,46,3,30,8000,0.0065048,6.25317e-05,0.000379231,4.86642e-05,1,9.25871,2.01335,nan,0.0341934,nan,0.0531366,9.05598,9.22757,9.39219,True,0.00650344,0.00650173,0.00638406,0.00663167,6.24126e-05,6.24164e-05,6.20649e-05,6.27578e-05,0.000357775,0.000357529,0.000329504,0.000387454,4.86033e-05,4.86011e-05,4.83487e-05,4.88663e-05,0.0320183,4,2,0,0.01,0,False,nan,nan,nan,nan,nan,nan,nan,nan,nan,nan,12,8
ablation,matched,constant,2,46,4,30,8000,0.0065048,6.25317e-05,0.000379231,4.34799e-05,1,8.31816,1.97232,nan,0.107664,nan,0.0460439,8.26555,8.42176,8.57769,True,0.00648763,0.00648794,0.00638235,0.00660008,6.2437e-05,6.24347e-05,6.21071e-05,6.277e-05,0.000375003,0.00037466,0.000342093,0.000409045,4.34184e-05,4.34222e-05,4.31622e-05,4.36707e-05,-0.0105433,5,2,0,0.01,0,False,nan,nan,nan,nan,nan,nan,nan,nan,nan,nan,12,8
ablation,matched,constant,2,46,5,30,8000,0.0065048,6.25317e-05,0.000379231,3.90283e-05,1,7.5023,1.97196,nan,0.0876221,nan,0.0874312,7.44698,7.58964,7.72644,True,0.00651831,0.00651476,0.00640988,0.00663189,6.24403e-05,6.24412e-05,6.21009e-05,6.27785e-05,0.00037459,0.000374611,0.00034026,0.000410801,3.90225e-05,3.90134e-05,3.87975e-05,3.92658e-05,0.00877303,4,2,0,0.01,0,False,nan,nan,nan,nan,nan,nan,nan,nan,nan,nan,12,8
ablation,matched,constant,2,46,6,30,8000,0.0065048,6.25317e-05,0.000379231,3.56136e-05,1,6.87124,1.94813,nan,0.0420503,nan,0.0329397,6.79278,6.91176,7.04116,True,0.00650784,0.00650735,0.00640355,0.00660996,6.24485e-05,6.24501e-05,6.21078e-05,6.27893e-05,0.000368799,0.000368405,0.000331407,0.000406965,3.58747e-05,3.58701e-05,3.56462e-05,3.61023e-05,-0.0213093,4,2,0,0.01,0,False,nan,nan,nan,nan,nan,nan,nan,nan,nan,nan,12,8
ablation,matched,constant,2,46,7,30,8000,0.0065048,6.25317e-05,0.000379231,3.29233e-05,1,6.3708,1.90037,nan,0.056157,nan,0.00504918,6.30569,6.42597,6.54701,True,0.0065354,0.00653664,0.0064276,0.00663591,6.24416e-05,6.2444e-05,6.21209e-05,6.27711e-05,0.000367279,0.000366414,0.000325885,0.000410559,3.27765e-05,3.27771e-05,3.25619e-05,3.29985e-05,-0.0203647,4,2,0,0.01,0,False,nan,nan,nan,nan,nan,nan,nan,nan,nan,nan,12,8
ablation,matched,constant,2,46,8,30,8000,0.0065048,6.25317e-05,0.000379231,3.0271e-05,1,5.87457,1.89468,nan,0.0544317,nan,0.0601754,5.81758,5.92927,6.04328,True,0.00655445,0.00655447,0.00645714,0.0066504,6.2444e-05,6.24406e-05,6.2119e-05,6.27885e-05,0.000360608,0.000358461,0.000322357,0.000404435,3.02164e-05,3.02199e-05,3.0014e-05,3.04254e-05,-0.00345616,4,2,0,0.01,0,False,nan,nan,nan,nan,nan,nan,nan,nan,nan,nan,12,8
ablation,matched,constant,2,46,9,30,8000,0.0065048,6.25317e-05,0.000379231,2.78542e-05,1,5.41992,1.9029,nan,0.0998386,nan,0.0822751,5.4137,5.52003,5.62336,True,0.006541,0.00654222,0.00644902,0.00662659,6.24509e-05,6.24545e-05,6.21128e-05,6.27808e-05,0.000385727,0.000385687,0.000337506,0.000435967,2.78279e-05,2.78293e-05,2.76253e-05,2.80342e-05,0.0284645,5,2,0,0.01,0,False,nan,nan,nan,nan,nan,nan,nan,nan,nan,nan,12,8
ablation,matched,constant,2,46,10,30,8000,0.0065048,6.25317e-05,0.000379231,2.61671e-05,1,5.10111,1.84844,nan,0.0123304,nan,0.000573787,4.99471,5.0887,5.18822,True,0.0065206,0.00652077,0.00643754,0.00660583,6.24562e-05,6.24501e-05,6.2123e-05,6.27743e-05,0.00037346,0.000372761,0.000324609,0.000424182,2.62483e-05,2.62484e-05,2.60567e-05,2.64435e-05,-0.017946,3,2,0,0.01,0,False,nan,nan,nan,nan,nan,nan,nan,nan,nan,nan,12,8
ablation,matched,constant,2,46,11,30,8000,0.0065048,6.25317e-05,0.000379231,2.50491e-05,1,4.88921,1.74313,nan,0.0543355,nan,0.0728556,4.74438,4.83439,4.92805,True,0.00650341,0.00650313,0.00642006,0.00658889,6.24597e-05,6.2456e-05,6.2136e-05,6.27902e-05,0.000370856,0.000368998,0.000320481,0.000426622,2.48902e-05,2.48901e-05,2.47073e-05,2.50848e-05,0.0464635,3,2,0,0.01,0,False,nan,nan,nan,nan,nan,nan,nan,nan,nan,nan,12,8
ablation,matched,constant,2,46,12,30,8000,0.0065048,6.25317e-05,0.000379231,2.34775e-05,1,4.59043,1.72481,nan,0.017209,nan,0.0378458,4.51523,4.60631,4.69964,True,0.00651541,0.0065142,0.00643425,0.00659943,6.24642e-05,6.24653e-05,6.21274e-05,6.27849e-05,0.000366209,0.000365404,0.000316684,0.000419883,2.34269e-05,2.34297e-05,2.32512e-05,2.36122e-05,0.0299871,3,2,0,0.01,0,False,nan,nan,nan,nan,nan,nan,nan,nan,nan,nan,12,8
ablation,matched,constant,2,46,13,30,8000,0.0065048,6.25317e-05,0.000379231,2.23647e-05,1,4.37825,1.66334,nan,0.0162454,nan,0.0192162,4.28143,4.3618,4.44497,True,0.00651028,0.00650903,0.00642936,0.00659676,6.24653e-05,6.24724e-05,6.21178e-05,6.27986e-05,0.000370408,0.000368963,0.000317187,0.000427276,2.22569e-05,2.226e-05,2.20808e-05,2.24307e-05,-0.0134638,2,2,0,0.01,0,False,nan,nan,nan,nan,nan,nan,nan,nan,nan,nan,12,8
ablation,matched,constant,2,46,14,30,8000,0.0065048,6.25317e-05,0.000379231,2.11991e-05,1,4.15546,1.62824,nan,0.00239011,nan,0.0121605,4.07502,4.15691,4.24058,True,0.00651572,0.00651413,0.00643562,0.00660156,6.24568e-05,6.2464e-05,6.21111e-05,6.27921e-05,0.000363167,0.000361649,0.000310789,0.000420074,2.12086e-05,2.12077e-05,2.10211e-05,2.13909e-05,-0.0179147,3,2,0,0.01,0,False,nan,nan,nan,nan,nan,nan,nan,nan,nan,nan,12,8
ablation,matched,constant,2,46,15,30,8000,0.0065048,6.25317e-05,0.000379231,2.0344e-05,1,3.99164,1.56452,nan,0.0131891,nan,0.0268294,3.90035,3.97912,4.05883,True,0.00652826,0.00652724,0.00644476,0.00661489,6.24455e-05,6.24555e-05,6.21034e-05,6.27891e-05,0.000345416,0.000344501,0.000294216,0.000401721,2.04129e-05,2.04149e-05,2.02318e-05,2.058e-05,-0.0181877,3,2,0,0.01,0,False,nan,nan,nan,nan,nan,nan,nan,nan,nan,nan,12,8
ablation,matched,constant,2,46,16,30,8000,0.0065048,6.25317e-05,0.000379231,1.94955e-05,1,3.8288,1.51435,nan,0.0225924,nan,0.0132535,3.77523,3.85093,3.92682,True,0.00652963,0.00652827,0.00644398,0.0066161,6.24595e-05,6.24604e-05,6.21357e-05,6.27883e-05,0.000366728,0.000365955,0.000310814,0.000425017,1.94001e-05,1.93998e-05,1.92259e-05,1.95759e-05,-0.0302893,3,2,0,0.01,0,False,nan,nan,nan,nan,nan,nan,nan,nan,nan,nan,12,8
ablation,matched,constant,2,46,17,30,8000,0.0065048,6.25317e-05,0.000379231,1.87413e-05,1,3.68378,1.46331,nan,0.0270542,nan,0.017353,3.58354,3.65673,3.73332,True,0.00652327,0.00652314,0.00643717,0.00660666,6.24644e-05,6.24722e-05,6.21227e-05,6.27891e-05,0.000365327,0.000363959,0.000306216,0.00042877,1.86166e-05,1.8615e-05,1.84467e-05,1.87849e-05,-0.0415276,2,2,0,0.01,0,False,nan,nan,nan,nan,nan,nan,nan,nan,nan,nan,12,8
ablation,matched,constant,2,46,18,30,8000,0.0065048,6.25317e-05,0.000379231,1.7747e-05,1,3.49222,1.46004,nan,0.0263949,nan,0.0416961,3.44819,3.51794,3.58872,True,0.0065317,0.00653346,0.00645077,0.00661089,6.24645e-05,6.24746e-05,6.20982e-05,6.28003e-05,0.000362239,0.000361681,0.000301453,0.000427202,1.78213e-05,1.7824e-05,1.76458e-05,1.79926e-05,-0.0335016,2,2,0,0.01,0,False,nan,nan,nan,nan,nan,nan,nan,nan,nan,nan,12,8
ablation,matched,constant,2,46,19,30,8000,0.0065048,6.25317e-05,0.000379231,1.70257e-05,1,3.353,1.42666,nan,0.0271005,nan,0.00385786,3.31255,3.37928,3.45128,True,0.00653703,0.00653795,0.00645751,0.00661413,6.24646e-05,6.2466e-05,6.21162e-05,6.28025e-05,0.000371256,0.000369105,0.000306899,0.000440174,1.71667e-05,1.7165e-05,1.70009e-05,1.7336e-05,0.00869472,3,2,0,0.01,0,False,nan,nan,nan,nan,nan,nan,nan,nan,nan,nan,12,8
ablation,matched,constant,2,46,20,30,8000,0.0065048,6.25317e-05,0.000379231,1.65089e-05,1,3.25311,1.37163,nan,0.00482673,nan,0.025427,3.19031,3.25699,3.32786,True,0.0065355,0.00653491,0.00645742,0.0066141,6.24617e-05,6.24656e-05,6.2114e-05,6.27956e-05,0.000371038,0.000370353,0.000306363,0.000440035,1.6525e-05,1.65253e-05,1.63644e-05,1.66824e-05,-0.0140097,2,2,0,0.01,0,False,nan,nan,nan,nan,nan,nan,nan,nan,nan,nan,12,8
ablation,matched,constant,2,47,1,30,8000,0.11732,4.21433e-05,0.00027008,4.21433e-05,1,8.2164,3.68086,nan,5.13155,nan,0,7.85047,11.6695,16.9226,True,0.117537,0.11751,0.115881,0.119186,4.21786e-05,4.21926e-05,4.18221e-05,4.25112e-05,0.000299158,0.000300877,0.000243132,0.000350325,4.21786e-05,4.21926e-05,4.18221e-05,4.25112e-05,-0.0316362,17,2,0,0.01,0,False,nan,nan,nan,nan,nan,nan,nan,nan,nan,nan,12,16
ablation,matched,constant,2,47,2,30,8000,0.11732,4.21433e-05,0.00027008,3.94793e-05,1,7.71301,3.24087,nan,0.0888151,nan,0.013457,7.47077,7.62529,7.78984,True,0.117674,0.117689,0.11649,0.118841,4.20242e-05,4.20232e-05,4.17328e-05,4.2321e-05,0.000263572,0.000263365,0.000224829,0.000302076,3.93915e-05,3.93856e-05,3.91684e-05,3.96294e-05,-0.0494467,5,2,0,0.01,0,False,nan,nan,nan,nan,nan,nan,nan,nan,nan,nan,12,16
ablation,matched,constant,2,47,3,30,8000,0.11732,4.21433e-05,0.00027008,3.73396e-05,1,7.30719,2.84837,nan,0.0523271,nan,0.0525494,7.12098,7.25617,7.39402,True,0.117966,0.117961,0.116893,0.118986,4.20351e-05,4.2035e-05,4.17618e-05,4.23061e-05,0.000265449,0.000264911,0.000230717,0.000300303,3.72307e-05,3.72285e-05,3.70183e-05,3.74539e-05,-0.0467731,4,2,0,0.01,0,False,nan,nan,nan,nan,nan,nan,nan,nan,nan,nan,12,16
ablation,matched,constant,2,47,4,30,8000,0.11732,4.21433e-05,0.00027008,3.43713e-05,1,6.74197,2.70286,nan,0.152996,nan,0.158444,6.77014,6.88787,7.0118,False,0.118007,0.118004,0.117064,0.119003,4.20617e-05,4.20601e-05,4.17988e-05,4.23235e-05,0.000277026,0.000276157,0.000243169,0.000312658,3.43715e-05,3.43769e-05,3.4171e-05,3.45744e-05,0.00127084,6,2,0,0.0112817,0,False,nan,nan,nan,nan,nan,nan,nan,nan,nan,nan,12,16
ablation,matched,constant,2,47,5,30,8000,0.11732,4.21433e-05,0.00027008,3.25971e-05,1,6.40289,2.44065,nan,0.0288614,nan,0.0129588,6.24399,6.37732,6.50721,True,0.117993,0.117991,0.117127,0.118858,4.20713e-05,4.2065e-05,4.18167e-05,4.23202e-05,0.000284709,0.000283552,0.000250597,0.000321677,3.25909e-05,3.25889e-05,3.23891e-05,3.28001e-05,-0.0204932,3,2,0,0.0104991,0,False,nan,nan,nan,nan,nan,nan,nan,nan,nan,nan,12,16
ablation,matched,constant,2,47,6,30,8000,0.11732,4.21433e-05,0.00027008,3.08364e-05,1,6.06546,2.24603,nan,0.0123931,nan,0.0199945,5.94738,6.06152,6.1795,True,0.117934,0.11792,0.117143,0.118779,4.20726e-05,4.20711e-05,4.18169e-05,4.23324e-05,0.000286425,0.000285522,0.000248962,0.000325299,3.07544e-05,3.07514e-05,3.05519e-05,3.09599e-05,0.011174,3,2,0,0.01,0,False,nan,nan,nan,nan,nan,nan,nan,nan,nan,nan,12,16
ablation,matched,constant,2,47,7,30,8000,0.11732,4.21433e-05,0.00027008,2.94341e-05,1,5.79605,2.04878,nan,0.0560002,nan,0.0171956,5.63634,5.74281,5.85009,True,0.117564,0.117563,0.116777,0.118347,4.20792e-05,4.20754e-05,4.18269e-05,4.2345e-05,0.000289241,0.000288601,0.000251388,0.000329538,2.96576e-05,2.96568e-05,2.94655e-05,2.98504e-05,0.00882097,6,2,0,0.0105137,0,False,nan,nan,nan,nan,nan,nan,nan,nan,nan,nan,12,16
ablation,matched,constant,2,47,8,30,8000,0.11732,4.21433e-05,0.00027008,2.84094e-05,1,5.59881,1.83757,nan,0.0545824,nan,0.0664559,5.43996,5.54472,5.6518,True,0.117689,0.117684,0.116959,0.118435,4.20724e-05,4.20735e-05,4.18187e-05,4.23309e-05,0.000291887,0.000291286,0.000251535,0.000334041,2.856e-05,2.8565e-05,2.83666e-05,2.87578e-05,0.0105799,4,2,0,0.0107544,0,False,nan,nan,nan,nan,nan,nan,nan,nan,nan,nan,12,16
ablation,matched,constant,2,47,9,30,8000,0.11732,4.21433e-05,0.00027008,2.71074e-05,1,5.34772,1.71188,nan,0.0098201,nan,0.00661737,5.24368,5.354,5.45958,True,0.117723,0.117724,0.117024,0.118472,4.20734e-05,4.20719e-05,4.18183e-05,4.23332e-05,0.000288725,0.000286892,0.000250074,0.000331899,2.71618e-05,2.71626e-05,2.69746e-05,2.73498e-05,0.00711266,3,2,0,0.010205,0,False,nan,nan,nan,nan,nan,nan,nan,nan,nan,nan,12,16
ablation,matched,constant,2,47,10,30,8000,0.11732,4.21433e-05,0.00027008,2.58581e-05,1,5.10633,1.61109,nan,0.00852,nan,0.0182552,5.01403,5.10908,5.20944,True,0.117584,0.117591,0.116887,0.118283,4.20719e-05,4.20683e-05,4.18082e-05,4.23407e-05,0.000297534,0.000296327,0.0002515,0.000347466,2.579e-05,2.57919e-05,2.55954e-05,2.59747e-05,0.00153543,3,2,0,0.01,0,False,nan,nan,nan,nan,nan,nan,nan,nan,nan,nan,12,16
ablation,matched,constant,2,47,11,30,8000,0.11732,4.21433e-05,0.00027008,2.49686e-05,1,4.93416,1.4816,nan,0.0734947,nan,0.0330551,4.77103,4.86332,4.95832,True,0.117402,0.117419,0.116685,0.118071,4.20712e-05,4.20662e-05,4.18289e-05,4.23293e-05,0.000289196,0.000288834,0.000245423,0.000334261,2.48175e-05,2.48159e-05,2.46338e-05,2.50038e-05,-0.0121311,3,2,0,0.01,0,False,nan,nan,nan,nan,nan,nan,nan,nan,nan,nan,12,16
ablation,matched,constant,2,47,12,30,8000,0.11732,4.21433e-05,0.00027008,2.40884e-05,1,4.76356,1.37575,nan,0.0678201,nan,0.0210076,4.60586,4.6975,4.78692,True,0.117259,0.117276,0.116498,0.117902,4.2061e-05,4.20576e-05,4.18059e-05,4.23139e-05,0.000276166,0.000275956,0.000235403,0.000319835,2.40633e-05,2.40655e-05,2.38858e-05,2.42462e-05,-0.0354117,4,2,0,0.01,0,False,nan,nan,nan,nan,nan,nan,nan,nan,nan,nan,12,16
ablation,matched,constant,2,47,13,30,8000,0.11732,4.21433e-05,0.00027008,2.3032e-05,1,4.55848,1.31843,nan,0.0173074,nan,0.0276002,4.49163,4.57472,4.66057,True,0.117319,0.117327,0.116656,0.117967,4.20616e-05,4.20544e-05,4.1824e-05,4.23192e-05,0.000278893,0.000277467,0.000235979,0.000327541,2.30791e-05,2.30734e-05,2.28927e-05,2.32581e-05,-0.0526041,2,2,0,0.01,0,False,nan,nan,nan,nan,nan,nan,nan,nan,nan,nan,12,16
ablation,matched,constant,2,47,14,30,8000,0.11732,4.21433e-05,0.00027008,2.20476e-05,1,4.36708,1.26829,nan,0.0308401,nan,0.0287007,4.31332,4.39616,4.48297,True,0.117395,0.117408,0.116754,0.118026,4.20674e-05,4.20663e-05,4.18184e-05,4.23222e-05,0.00028791,0.000287444,0.000241246,0.000336261,2.22155e-05,2.22134e-05,2.20402e-05,2.23948e-05,0.0134073,3,2,0,0.01,0,False,nan,nan,nan,nan,nan,nan,nan,nan,nan,nan,12,16
ablation,matched,constant,2,47,15,30,8000,0.11732,4.21433e-05,0.00027008,2.1439e-05,1,4.24859,1.17632,nan,0.0158006,nan,0.0327302,4.15416,4.23227,4.31325,True,0.117356,0.117367,0.116745,0.117961,4.20651e-05,4.20627e-05,4.18225e-05,4.2315e-05,0.000297948,0.000297569,0.000247919,0.000352074,2.12171e-05,2.12151e-05,2.10455e-05,2.1389e-05,-0.0558253,3,2,0,0.01,0,False,nan,nan,nan,nan,nan,nan,nan,nan,nan,nan,12,16
ablation,matched,constant,2,47,16,30,8000,0.11732,4.21433e-05,0.00027008,2.08456e-05,1,4.13297,1.097,nan,0.0905525,nan,0.0275293,3.97076,4.04461,4.12292,False,0.11742,0.11743,0.116792,0.118012,4.20656e-05,4.20646e-05,4.18234e-05,4.23279e-05,0.000279522,0.000278788,0.000233982,0.000327782,2.0769e-05,2.07672e-05,2.05998e-05,2.09433e-05,-0.0218736,4,2,0,0.01,0,False,nan,nan,nan,nan,nan,nan,nan,nan,nan,nan,12,16
ablation,matched,constant,2,47,17,30,8000,0.11732,4.21433e-05,0.00027008,2.03885e-05,1,4.04381,1.01103,nan,0.0681458,nan,0.047023,3.90064,3.97673,4.05527,True,0.117432,0.117428,0.116833,0.118008,4.20643e-05,4.20577e-05,4.1818e-05,4.23168e-05,0.00027064,0.000269027,0.000223534,0.00032182,2.02422e-05,2.02383e-05,2.00697e-05,2.04166e-05,-0.00869682,3,2,0,0.01,0,False,nan,nan,nan,nan,nan,nan,nan,nan,nan,nan,12,16
ablation,matched,constant,2,47,18,30,8000,0.11732,4.21433e-05,0.00027008,1.96249e-05,1,3.89474,0.980486,nan,0.00725478,nan,0.020456,3.80734,3.88857,3.96598,True,0.117441,0.117451,0.116861,0.118015,4.20616e-05,4.20577e-05,4.18145e-05,4.23068e-05,0.000262971,0.000261459,0.000216336,0.000313609,1.97525e-05,1.97531e-05,1.95881e-05,1.99167e-05,0.0156281,3,2,0,0.01,0,False,nan,nan,nan,nan,nan,nan,nan,nan,nan,nan,12,16
ablation,matched,constant,2,47,19,30,8000,0.11732,4.21433e-05,0.00027008,1.91396e-05,1,3.79991,0.919972,nan,0.00416486,nan,0.02588,3.73118,3.80428,3.87787,True,0.11742,0.117407,0.116847,0.117993,4.20634e-05,4.20656e-05,4.18064e-05,4.23083e-05,0.000249796,0.000249308,0.000204941,0.000295955,1.91653e-05,1.91679e-05,1.90029e-05,1.93312e-05,-0.0128314,3,2,0,0.01,0,False,nan,nan,nan,nan,nan,nan,nan,nan,nan,nan,12,16
ablation,matched,constant,2,47,20,30,8000,0.11732,4.21433e-05,0.00027008,1.86084e-05,1,3.69601,0.874897,nan,0.00717274,nan,0.0106991,3.63335,3.70276,3.77487,True,0.11739,0.11739,0.11682,0.117953,4.20602e-05,4.20566e-05,4.18177e-05,4.23114e-05,0.000262353,0.000261417,0.000216135,0.000314707,1.84134e-05,1.84143e-05,1.82533e-05,1.85794e-05,-0.0566801,3,2,0,0.01,0,False,nan,nan,nan,nan,nan,nan,nan,nan,nan,nan,12,16
ablation,matched,constant,2,48,1,30,8000,0.192416,5.71096e-05,0.00044031,5.71096e-05,1,10.7554,3.55056,nan,2.2517,nan,0,7.92883,11.7141,17.2158,True,0.192915,0.192886,0.191602,0.194397,5.69e-05,5.68895e-05,5.65476e-05,5.72587e-05,0.000413258,0.000412633,0.000381525,0.000448224,5.69e-05,5.68895e-05,5.65476e-05,5.72587e-05,-0.17845,18,2,0,0.01,0,False,nan,nan,nan,nan,nan,nan,nan,nan,nan,nan,12,8
ablation,matched,constant,2,48,2,30,8000,0.192416,5.71096e-05,0.00044031,4.97325e-05,1,9.44916,3.29185,nan,0.0494594,nan,0.0394001,9.31405,9.48837,9.66501,True,0.192815,0.192825,0.191758,0.193909,5.69523e-05,5.69539e-05,5.66209e-05,5.72613e-05,0.000427689,0.000427692,0.000398434,0.000455948,4.98019e-05,4.98027e-05,4.95336e-05,5.006e-05,-0.154719,5,2,0,0.01,0,False,nan,nan,nan,nan,nan,nan,nan,nan,nan,nan,12,8
ablation,matched,constant,2,48,3,30,8000,0.192416,5.71096e-05,0.00044031,4.41872e-05,1,8.45224,3.10204,nan,0.0132049,nan,0.0588023,8.28991,8.44635,8.60039,True,0.192414,0.192413,0.191429,0.193398,5.70168e-05,5.70165e-05,5.67244e-05,5.73106e-05,0.000458984,0.000458531,0.000425444,0.000494352,4.42525e-05,4.42564e-05,4.39945e-05,4.45096e-05,-0.109783,5,2,0,0.01,0,False,nan,nan,nan,nan,nan,nan,nan,nan,nan,nan,12,8
ablation,matched,constant,2,48,4,30,8000,0.192416,5.71096e-05,0.00044031,3.97858e-05,1,7.6515,2.94701,nan,0.0941787,nan,0.0541576,7.42221,7.56196,7.70275,True,0.192511,0.192512,0.191654,0.193384,5.70077e-05,5.70042e-05,5.67098e-05,5.73026e-05,0.00046754,0.000466957,0.000430324,0.000505413,3.97087e-05,3.97073e-05,3.94684e-05,3.99435e-05,-0.0859385,4,2,0,0.01,0,False,nan,nan,nan,nan,nan,nan,nan,nan,nan,nan,12,8
ablation,matched,constant,2,48,5,30,8000,0.192416,5.71096e-05,0.00044031,3.57268e-05,1,6.90544,2.84658,nan,0.0305642,nan,0.043339,6.75113,6.87921,7.00843,True,0.192584,0.19259,0.191783,0.193391,5.70034e-05,5.70019e-05,5.67146e-05,5.72752e-05,0.000459642,0.000458556,0.000419361,0.000501952,3.57904e-05,3.57901e-05,3.5563e-05,3.6015e-05,-0.0648011,3,2,0,0.01,0,False,nan,nan,nan,nan,nan,nan,nan,nan,nan,nan,12,8
ablation,matched,constant,2,48,6,30,8000,0.192416,5.71096e-05,0.00044031,3.172e-05,1,6.1617,2.82212,nan,0.147041,nan,0.173216,6.18339,6.30194,6.41257,False,0.192431,0.192412,0.191679,0.193234,5.70252e-05,5.70273e-05,5.67199e-05,5.73217e-05,0.000458715,0.00045794,0.000413643,0.000503675,3.20065e-05,3.20102e-05,3.17789e-05,3.22151e-05,-0.0726881,5,2,0,0.01,0,False,nan,nan,nan,nan,nan,nan,nan,nan,nan,nan,12,8
ablation,matched,constant,2,48,7,30,8000,0.192416,5.71096e-05,0.00044031,2.90981e-05,1,5.67103,2.73326,nan,0.0451671,nan,0.0266292,5.60285,5.71209,5.82031,True,0.192429,0.192414,0.191725,0.193197,5.70205e-05,5.70245e-05,5.67118e-05,5.73125e-05,0.000461468,0.000460608,0.00041509,0.000512544,2.91829e-05,2.9176e-05,2.89764e-05,2.93885e-05,-0.0647892,4,2,0,0.01,0,False,nan,nan,nan,nan,nan,nan,nan,nan,nan,nan,12,8
ablation,matched,constant,2,48,8,30,8000,0.192416,5.71096e-05,0.00044031,2.68607e-05,1,5.24976,2.64975,nan,0.0166025,nan,0.0260026,5.16636,5.26361,5.36656,True,0.192337,0.192342,0.191652,0.193078,5.70216e-05,5.70323e-05,5.67099e-05,5.72984e-05,0.000453864,0.000453018,0.000401975,0.000506136,2.70597e-05,2.70579e-05,2.68628e-05,2.72566e-05,-0.0270375,3,2,0,0.01,0,False,nan,nan,nan,nan,nan,nan,nan,nan,nan,nan,12,8
ablation,matched,constant,2,48,9,30,8000,0.192416,5.71096e-05,0.00044031,2.53735e-05,1,4.96844,2.51989,nan,0.0455012,nan,0.0634511,4.82927,4.92577,5.01837,True,0.192279,0.192272,0.191593,0.193002,5.70227e-05,5.70236e-05,5.67177e-05,5.73153e-05,0.000457954,0.000457086,0.000403764,0.000513549,2.53984e-05,2.5391e-05,2.52128e-05,2.55939e-05,0.00549734,3,2,0,0.01,0,False,nan,nan,nan,nan,nan,nan,nan,nan,nan,nan,12,8
ablation,matched,constant,2,48,10,30,8000,0.192416,5.71096e-05,0.00044031,2.39136e-05,1,4.69129,2.41678,nan,0.0451184,nan,0.0314394,4.55649,4.64967,4.7422,True,0.192121,0.192115,0.191432,0.192794,5.70224e-05,5.70278e-05,5.6711e-05,5.73117e-05,0.000471187,0.000471194,0.000412653,0.000529919,2.38738e-05,2.38753e-05,2.36892e-05,2.40623e-05,-0.0963199,4,2,0,0.01,0,False,nan,nan,nan,nan,nan,nan,nan,nan,nan,nan,12,8
ablation,matched,constant,2,48,11,30,8000,0.192416,5.71096e-05,0.00044031,2.26555e-05,1,4.45159,2.31657,nan,0.0718929,nan,0.0368055,4.30024,4.38349,4.47121,True,0.192245,0.192239,0.191591,0.192899,5.70163e-05,5.70178e-05,5.67144e-05,5.73185e-05,0.000435902,0.000433874,0.000378237,0.000495571,2.26034e-05,2.26038e-05,2.24268e-05,2.27811e-05,-0.0292569,4,2,0,0.01,0,False,nan,nan,nan,nan,nan,nan,nan,nan,nan,nan,12,8
ablation,matched,constant,2,48,12,30,8000,0.192416,5.71096e-05,0.00044031,2.11307e-05,1,4.16009,2.2713,nan,0.0391957,nan,0.0457314,4.11269,4.19783,4.28629,True,0.192228,0.19222,0.191585,0.192883,5.70194e-05,5.70258e-05,5.67252e-05,5.73159e-05,0.000436801,0.000437272,0.000376236,0.000498327,2.12617e-05,2.12641e-05,2.10579e-05,2.14573e-05,-0.0392625,2,2,0.173735,0.01,0,True,nan,nan,nan,nan,nan,nan,nan,nan,nan,nan,12,8
ablation,matched,constant,2,48,13,30,8000,0.192416,5.71096e-05,0.00044031,2.0002e-05,1,3.94358,2.19946,nan,0.0237706,nan,0.000947134,3.88626,3.96334,4.04828,True,0.192238,0.192229,0.191598,0.192896,5.70194e-05,5.7019e-05,5.67217e-05,5.73056e-05,0.000457523,0.000455854,0.000395397,0.000523633,1.99792e-05,1.99815e-05,1.98035e-05,2.01463e-05,-0.0917653,3,2,0,0.01,0,True,nan,nan,nan,nan,nan,nan,nan,nan,nan,nan,12,8
ablation,matched,constant,2,48,14,30,8000,0.192416,5.71096e-05,0.00044031,1.87406e-05,1,3.70087,2.16336,nan,0.0338826,nan,0.0492437,3.65759,3.73408,3.80648,True,0.192187,0.192191,0.191524,0.19283,5.70242e-05,5.70281e-05,5.67128e-05,5.73158e-05,0.000451789,0.000450771,0.000388984,0.000517848,1.88357e-05,1.88387e-05,1.86652e-05,1.90003e-05,-0.0136179,3,2,0,0.01,0,False,nan,nan,nan,nan,nan,nan,nan,nan,nan,nan,12,8
ablation,matched,constant,2,48,15,30,8000,0.192416,5.71096e-05,0.00044031,1.82111e-05,1,3.59877,2.04923,nan,0.0651436,nan,0.0746516,3.46398,3.53727,3.61056,True,0.192177,0.192181,0.191516,0.192824,5.70182e-05,5.70181e-05,5.67265e-05,5.72984e-05,0.000423948,0.00042391,0.000360533,0.000488735,1.81314e-05,1.81284e-05,1.79711e-05,1.83033e-05,-0.0337589,3,2,0,0.01,0,False,nan,nan,nan,nan,nan,nan,nan,nan,nan,nan,12,8
ablation,matched,constant,2,48,16,30,8000,0.192416,5.71096e-05,0.00044031,1.74972e-05,1,3.46087,1.97285,nan,0.0334554,nan,0.0272919,3.36405,3.42985,3.49648,True,0.192289,0.192298,0.191656,0.192923,5.70074e-05,5.70057e-05,5.6699e-05,5.72981e-05,0.000422232,0.000420432,0.000361376,0.000487073,1.73754e-05,1.73766e-05,1.72128e-05,1.75349e-05,-0.0105917,3,2,0,0.01,0,False,nan,nan,nan,nan,nan,nan,nan,nan,nan,nan,12,8
ablation,matched,constant,2,48,17,30,8000,0.192416,5.71096e-05,0.00044031,1.66715e-05,1,3.30107,1.92341,nan,0.00538143,nan,0.00842488,3.23002,3.29654,3.36155,True,0.192336,0.192333,0.191696,0.192971,5.7004e-05,5.70046e-05,5.67162e-05,5.72877e-05,0.00042776,0.000426546,0.000361149,0.00049785,1.64928e-05,1.64943e-05,1.63331e-05,1.66498e-05,-0.0258755,3,2,0,0.01,0,False,nan,nan,nan,nan,nan,nan,nan,nan,nan,nan,12,8
ablation,matched,constant,2,48,18,30,8000,0.192416,5.71096e-05,0.00044031,1.58836e-05,1,3.14828,1.88073,nan,0.0119761,nan,0.0151641,3.07302,3.13738,3.20043,True,0.192317,0.192322,0.191672,0.192937,5.70057e-05,5.70059e-05,5.67115e-05,5.72985e-05,0.000451252,0.000448878,0.000380626,0.000530109,1.57117e-05,1.57092e-05,1.55522e-05,1.58694e-05,-0.0294816,2,2,0,0.01,0,False,nan,nan,nan,nan,nan,nan,nan,nan,nan,nan,12,8
ablation,matched,constant,2,48,19,30,8000,0.192416,5.71096e-05,0.00044031,1.51473e-05,1,3.0052,1.84185,nan,0.018056,nan,0.0178494,2.92737,2.98821,3.04884,True,0.19228,0.192298,0.191611,0.192899,5.70002e-05,5.70025e-05,5.6701e-05,5.73008e-05,0.000446825,0.000443517,0.000372945,0.000531267,1.51817e-05,1.51811e-05,1.50267e-05,1.53405e-05,-0.0340013,3,2,0,0.01,0,False,nan,nan,nan,nan,nan,nan,nan,nan,nan,nan,12,8
ablation,matched,constant,2,48,20,30,8000,0.192416,5.71096e-05,0.00044031,1.44955e-05,1,2.87831,1.80114,nan,0.0162127,nan,0.0123855,2.83423,2.89307,2.95649,True,0.192288,0.192294,0.191662,0.192892,5.70004e-05,5.70043e-05,5.6693e-05,5.72886e-05,0.000446365,0.000445739,0.000370405,0.000524815,1.46405e-05,1.46445e-05,1.44844e-05,1.47876e-05,-0.0271963,2,2,0,0.01,0,False,nan,nan,nan,nan,nan,nan,nan,nan,nan,nan,12,8
ablation,matched,constant,2,49,1,30,8000,4.7392,6.62195e-05,0.000174116,6.62195e-05,1,13.4462,20.1352,nan,16.0331,nan,0,7.67292,11.5458,17.0527,True,4.70992,4.70957,4.67979,4.74035,6.63646e-05,6.63658e-05,6.61652e-05,6.65569e-05,0.000181002,0.000181163,0.000169279,0.000192894,6.63646e-05,6.63658e-05,6.61652e-05,6.65569e-05,-0.341393,20,2,0,0.01,0,False,nan,nan,nan,nan,nan,nan,nan,nan,nan,nan,12,15
ablation,matched,constant,2,49,2,30,8000,4.7392,6.62195e-05,0.000174116,6.20176e-05,1,12.6195,18.9044,nan,0.114128,nan,0.0492288,12.354,12.5716,12.7885,True,4.71307,4.71323,4.69058,4.73531,6.63356e-05,6.63334e-05,6.61617e-05,6.65178e-05,0.000176409,0.000176348,0.000165519,0.000187473,6.21174e-05,6.21208e-05,6.19445e-05,6.22831e-05,-0.324113,6,2,0,0.01,0,False,nan,nan,nan,nan,nan,nan,nan,nan,nan,nan,12,15
ablation,matched,constant,2,49,3,30,8000,4.7392,6.62195e-05,0.000174116,5.82883e-05,1,11.8829,17.8084,nan,0.0656332,nan,0.0336364,11.6538,11.858,12.0587,True,4.72203,4.72215,4.7035,4.74093,6.63037e-05,6.63009e-05,6.6136e-05,6.64789e-05,0.00017137,0.000171336,0.000159386,0.000183583,5.83176e-05,5.83181e-05,5.81517e-05,5.84762e-05,-0.308068,6,2,0,0.01,0,False,nan,nan,nan,nan,nan,nan,nan,nan,nan,nan,12,15
ablation,matched,constant,2,49,4,30,8000,4.7392,6.62195e-05,0.000174116,5.46756e-05,1,11.1667,16.7394,nan,0.102684,nan,0.0770272,11.0335,11.2296,11.4266,True,4.73084,4.73118,4.71372,4.7469,6.62887e-05,6.62841e-05,6.61307e-05,6.64642e-05,0.000183829,0.000183863,0.00017037,0.00019747,5.48074e-05,5.48033e-05,5.46529e-05,5.49763e-05,-0.219688,6,2,0,0.01,0,False,nan,nan,nan,nan,nan,nan,nan,nan,nan,nan,12,15
ablation,matched,constant,2,49,5,30,8000,4.7392,6.62195e-05,0.000174116,5.03587e-05,1,10.3075,15.4451,nan,0.416522,nan,0.463326,10.3713,10.5459,10.723,False,4.72911,4.7293,4.71307,4.74502,6.62953e-05,6.62941e-05,6.61306e-05,6.64583e-05,0.000179724,0.000179575,0.000165881,0.000193966,5.04472e-05,5.0446e-05,5.02979e-05,5.0601e-05,-0.18007,9,2,0,0.0109173,0,False,nan,nan,nan,nan,nan,nan,nan,nan,nan,nan,12,15
ablation,matched,constant,2,49,6,30,8000,4.7392,6.62195e-05,0.000174116,4.7395e-05,1,9.71551,14.5592,nan,0.123999,nan,0.144787,9.61486,9.78956,9.96998,True,4.73124,4.73128,4.71711,4.74483,6.62923e-05,6.62944e-05,6.61276e-05,6.64542e-05,0.000178651,0.000178517,0.000163411,0.00019441,4.74626e-05,4.74634e-05,4.73143e-05,4.76084e-05,-0.133509,5,2,0,0.0105609,0,False,nan,nan,nan,nan,nan,nan,nan,nan,nan,nan,12,15
ablation,matched,constant,2,49,7,30,8000,4.7392,6.62195e-05,0.000174116,4.5554e-05,1,9.34687,14.0156,nan,0.162259,nan,0.150377,9.09455,9.25415,9.42055,True,4.73023,4.73037,4.71622,4.74399,6.63003e-05,6.63037e-05,6.61353e-05,6.64646e-05,0.000183028,0.000182542,0.000167544,0.000199556,4.57035e-05,4.5704e-05,4.55545e-05,4.58539e-05,-0.191235,6,2,0,0.0107738,0,False,nan,nan,nan,nan,nan,nan,nan,nan,nan,nan,12,15
ablation,matched,constant,2,49,8,30,8000,4.7392,6.62195e-05,0.000174116,4.39468e-05,1,9.02448,13.5424,nan,0.18814,nan,0.173545,8.75596,8.91904,9.08379,True,4.73452,4.73476,4.72125,4.74658,6.62829e-05,6.62804e-05,6.61167e-05,6.64488e-05,0.000182661,0.000182558,0.000165522,0.00019984,4.39068e-05,4.39064e-05,4.37623e-05,4.40453e-05,-0.142803,5,2,0,0.0106626,0,False,nan,nan,nan,nan,nan,nan,nan,nan,nan,nan,12,15
ablation,matched,constant,2,49,9,30,8000,4.7392,6.62195e-05,0.000174116,4.21256e-05,1,8.65855,12.9992,nan,0.116382,nan,0.0478075,8.44288,8.59285,8.75077,True,4.73352,4.73398,4.7187,4.74642,6.62912e-05,6.6295e-05,6.61199e-05,6.6446e-05,0.000172913,0.000172858,0.000156288,0.000189994,4.21143e-05,4.21165e-05,4.19698e-05,4.22484e-05,-0.150557,5,2,0,0.010342,0,False,nan,nan,nan,nan,nan,nan,nan,nan,nan,nan,12,15
ablation,matched,constant,2,49,10,30,8000,4.7392,6.62195e-05,0.000174116,3.98646e-05,1,8.20328,12.3136,nan,0.169474,nan,0.163111,8.15581,8.30295,8.4467,True,4.73387,4.73404,4.72193,4.74647,6.62893e-05,6.6293e-05,6.61239e-05,6.64434e-05,0.000171224,0.000170628,0.000153507,0.000190536,3.98627e-05,3.98596e-05,3.97262e-05,4.00032e-05,-0.108511,6,2,0,0.0104686,0,False,nan,nan,nan,nan,nan,nan,nan,nan,nan,nan,12,15
ablation,matched,constant,2,49,11,30,8000,4.7392,6.62195e-05,0.000174116,3.81532e-05,1,7.85799,11.7975,nan,0.0438956,nan,0.0337271,7.74755,7.88097,8.02442,True,4.73356,4.73354,4.72134,4.74542,6.63022e-05,6.63055e-05,6.61364e-05,6.64553e-05,0.000179381,0.000179065,0.000160588,0.000199614,3.80822e-05,3.80834e-05,3.79454e-05,3.82088e-05,-0.104801,5,2,0,0.0101528,0,False,nan,nan,nan,nan,nan,nan,nan,nan,nan,nan,12,15
ablation,matched,constant,2,49,12,30,8000,4.7392,6.62195e-05,0.000174116,3.63178e-05,1,7.48703,11.2392,nan,0.0719965,nan,0.125264,7.39644,7.52855,7.66105,True,4.73479,4.73509,4.72241,4.74624,6.63001e-05,6.63022e-05,6.61504e-05,6.6442e-05,0.000185528,0.00018535,0.000164951,0.000206808,3.64888e-05,3.64887e-05,3.63548e-05,3.66226e-05,-0.103398,4,2,0,0.01,0,False,nan,nan,nan,nan,nan,nan,nan,nan,nan,nan,12,15
ablation,matched,constant,2,49,13,30,8000,4.7392,6.62195e-05,0.000174116,3.52429e-05,1,7.26945,10.9192,nan,0.0911915,nan,0.0967423,7.09918,7.2194,7.34311,True,4.73582,4.73598,4.72361,4.74768,6.62932e-05,6.62936e-05,6.61366e-05,6.64431e-05,0.000174749,0.000174578,0.000155053,0.000195029,3.52682e-05,3.52662e-05,3.51438e-05,3.5395e-05,-0.138316,5,2,0,0.01,0,False,nan,nan,nan,nan,nan,nan,nan,nan,nan,nan,12,15
ablation,matched,constant,2,49,14,30,8000,4.7392,6.62195e-05,0.000174116,3.40488e-05,1,7.02746,10.5595,nan,0.021844,nan,0.0268233,6.90066,7.01778,7.12712,True,4.7364,4.73664,4.72477,4.74754,6.62946e-05,6.62945e-05,6.6134e-05,6.64462e-05,0.000175248,0.000174665,0.000154568,0.000197819,3.40233e-05,3.40215e-05,3.38976e-05,3.41539e-05,-0.132479,4,2,0,0.01,0,False,nan,nan,nan,nan,nan,nan,nan,nan,nan,nan,12,15
ablation,matched,constant,2,49,15,30,8000,4.7392,6.62195e-05,0.000174116,3.22757e-05,1,6.66758,10.013,nan,0.197752,nan,0.209588,6.66472,6.78034,6.89274,True,4.73777,4.73771,4.7268,4.74859,6.62867e-05,6.62926e-05,6.61241e-05,6.6428e-05,0.000190953,0.000190721,0.000166138,0.000215541,3.24365e-05,3.24353e-05,3.23088e-05,3.2566e-05,-0.0761357,6,2,0,0.01,0,False,nan,nan,nan,nan,nan,nan,nan,nan,nan,nan,12,15
ablation,matched,constant,2,49,16,30,8000,4.7392,6.62195e-05,0.000174116,3.08884e-05,1,6.38553,9.58746,nan,0.113905,nan,0.114295,6.34312,6.44819,6.56478,True,4.73785,4.73784,4.72691,4.74846,6.62927e-05,6.62943e-05,6.61294e-05,6.64399e-05,0.000184201,0.00018437,0.00015976,0.000208982,3.09654e-05,3.09668e-05,3.08459e-05,3.10862e-05,-0.0803414,4,2,0,0.01,0,False,nan,nan,nan,nan,nan,nan,nan,nan,nan,nan,12,15
ablation,matched,constant,2,49,17,30,8000,4.7392,6.62195e-05,0.000174116,2.97688e-05,1,6.15764,9.24557,nan,0.0482278,nan,0.0501979,6.08143,6.18454,6.2906,True,4.73688,4.73702,4.72618,4.74747,6.62931e-05,6.62973e-05,6.61256e-05,6.64444e-05,0.000184446,0.000184425,0.000158911,0.000210274,2.98763e-05,2.98731e-05,2.97542e-05,2.99943e-05,-0.087258,4,2,0,0.01,0,False,nan,nan,nan,nan,nan,nan,nan,nan,nan,nan,12,15
ablation,matched,constant,2,49,18,30,8000,4.7392,6.62195e-05,0.000174116,2.93578e-05,1,6.07393,9.1291,nan,0.174289,nan,0.179105,5.8746,5.97406,6.0832,True,4.73426,4.73425,4.72315,4.74461,6.63019e-05,6.63069e-05,6.61427e-05,6.64512e-05,0.000177351,0.000176846,0.000152893,0.000204403,2.93564e-05,2.93528e-05,2.92334e-05,2.94811e-05,-0.114585,6,2,0,0.01,0,False,nan,nan,nan,nan,nan,nan,nan,nan,nan,nan,12,15
ablation,matched,constant,2,49,19,30,8000,4.7392,6.62195e-05,0.000174116,2.86402e-05,1,5.92765,8.9137,nan,0.0680351,nan,0.0604105,5.79071,5.89124,5.99166,True,4.73349,4.73362,4.72262,4.74387,6.63117e-05,6.6314e-05,6.61599e-05,6.6461e-05,0.000164575,0.000164632,0.000141059,0.000190382,2.84756e-05,2.84782e-05,2.8358e-05,2.85897e-05,-0.178116,5,2,0,0.01,0,False,nan,nan,nan,nan,nan,nan,nan,nan,nan,nan,12,15
ablation,matched,constant,2,49,20,30,8000,4.7392,6.62195e-05,0.000174116,2.80261e-05,1,5.80238,8.73076,nan,0.119844,nan,0.0824673,5.63591,5.73358,5.83689,True,4.73286,4.73315,4.72204,4.74261,6.63157e-05,6.6316e-05,6.61649e-05,6.64646e-05,0.000158139,0.00015768,0.000134048,0.00018306,2.79388e-05,2.794e-05,2.78247e-05,2.80586e-05,-0.122535,4,2,0,0.01,0,False,nan,nan,nan,nan,nan,nan,nan,nan,nan,nan,12,15
