experiment,world,schedule,noise_um,draw,pass,force_N,rpm,true_k_pad,true_K0,true_lam,true_K,true_force_gain,true_mean_removal_um,scan_mean_um,rmse_A_um,rmse_B_um,rmse_C_um,rmse_D_um,rmse_oracle_um,C_pred_mean_lo_um,C_pred_mean_median_um,C_pred_mean_hi_um,C_pred_mean_inside,C_k_pad_mean,C_k_pad_median,C_k_pad_lo,C_k_pad_hi,C_K0_mean,C_K0_median,C_K0_lo,C_K0_hi,C_lam_mean,C_lam_median,C_lam_lo,C_lam_hi,C_K_mean,C_K_median,C_K_lo,C_K_hi,C_corr_logk_logK,C_stages,C_sigma_um,C_profile_sd_um,C_wear_noise,C_min_path_diversity,C_outliers,C_redone,B_k_pad,B_K,D_k_pad,D_K,D_lam,cross_C_median,cross_C_lo,cross_C_hi,cross_C_band_mass,cross_D,cross_A,cross_true
ablation_control,matched,alternating,2,0,1,20,8000,0.0514127,6.54201e-05,0.000167524,6.54201e-05,1,8.58193,8.60343,0.801395,nan,3.52135,nan,0,5.38627,7.93087,11.8464,True,0.0521153,0.052025,0.0511287,0.0531868,6.65257e-05,6.71555e-05,5.95463e-05,7.14499e-05,0.000204666,0.000204206,0.000159438,0.000252302,6.65257e-05,6.71555e-05,5.95463e-05,7.14499e-05,-0.0676591,16,2,0,0.0155005,773,0,False,nan,nan,nan,nan,nan,nan,nan,nan,nan,nan,13,15
ablation_control,matched,alternating,2,0,2,40,8000,0.0514127,6.54201e-05,0.000167524,6.29004e-05,1,16.1465,16.16,1.85528,nan,0.106591,nan,0.0678328,13.5512,16.3702,18.3222,True,0.0518409,0.0518543,0.0511217,0.0525033,6.62129e-05,6.63166e-05,6.47148e-05,6.75648e-05,0.000170897,0.000171069,0.000156264,0.000185935,6.26791e-05,6.26784e-05,6.17319e-05,6.36776e-05,-0.157187,10,2,0,0.0202601,1368,0,False,nan,nan,nan,nan,nan,nan,nan,nan,nan,nan,13,15
ablation_control,matched,alternating,2,0,3,20,8000,0.0514127,6.54201e-05,0.000167524,5.77999e-05,1,7.60132,7.63599,0.998445,nan,0.0779013,nan,0.0182153,7.11835,7.52371,7.95751,True,0.0514947,0.0514909,0.0509414,0.0521031,6.56775e-05,6.55202e-05,6.4585e-05,6.71249e-05,0.000168158,0.000167675,0.000141979,0.000197107,5.80926e-05,5.79913e-05,5.71783e-05,5.93507e-05,0.175759,6,2,0,0.0161447,837,0,False,nan,nan,nan,nan,nan,nan,nan,nan,nan,nan,13,15
ablation_control,matched,alternating,2,0,4,40,8000,0.0514127,6.54201e-05,0.000167524,5.61576e-05,1,14.4778,14.475,2.20308,nan,0.0830082,nan,0.138772,13.7476,14.3731,15.1596,True,0.051407,0.0514034,0.0509104,0.0519228,6.56943e-05,6.56122e-05,6.49162e-05,6.6833e-05,0.000168867,0.000168695,0.000152234,0.000185626,5.61257e-05,5.61495e-05,5.55112e-05,5.66246e-05,-0.0774618,6,2,0,0.0108292,745,0,False,nan,nan,nan,nan,nan,nan,nan,nan,nan,nan,13,15
ablation_control,matched,alternating,2,0,5,20,8000,0.0514127,6.54201e-05,0.000167524,5.20673e-05,1,6.86038,6.85175,1.12785,nan,0.00285488,nan,0.0133821,6.59304,6.86458,7.07965,True,0.0512744,0.0512712,0.0508326,0.0517187,6.56156e-05,6.56016e-05,6.49983e-05,6.62997e-05,0.000178886,0.000178001,0.000149518,0.000211937,5.20771e-05,5.20643e-05,5.15879e-05,5.25784e-05,0.0856756,5,2,0,0.00836692,750,0,False,nan,nan,nan,nan,nan,nan,nan,nan,nan,nan,13,15
ablation_control,matched,alternating,2,0,6,40,8000,0.0514127,6.54201e-05,0.000167524,5.01745e-05,1,12.9851,12.987,2.22684,nan,0.0420482,nan,0.0283957,12.5998,12.9531,13.2776,True,0.0512624,0.0512583,0.0508719,0.051654,6.56145e-05,6.56141e-05,6.5136e-05,6.6113e-05,0.000161871,0.000161837,0.000142726,0.000181163,5.01498e-05,5.01442e-05,4.98848e-05,5.04205e-05,-0.0928767,5,2,0,0.00686189,819,0,False,nan,nan,nan,nan,nan,nan,nan,nan,nan,nan,13,15
ablation_control,matched,alternating,2,0,7,20,8000,0.0514127,6.54201e-05,0.000167524,4.62083e-05,1,6.10022,6.07875,1.0325,nan,0.119191,nan,0.101026,6.1123,6.21413,6.32424,False,0.0512876,0.0512955,0.0509021,0.0516746,6.57545e-05,6.57522e-05,6.52094e-05,6.62726e-05,0.000170654,0.000169546,0.000140908,0.000205713,4.62555e-05,4.62706e-05,4.58289e-05,4.66065e-05,0.0661333,6,2,0,0.00882641,726,0,False,nan,nan,nan,nan,nan,nan,nan,nan,nan,nan,13,15
ablation_control,matched,alternating,2,0,8,40,8000,0.0514127,6.54201e-05,0.000167524,4.43406e-05,1,11.5186,11.5231,1.93832,nan,0.131332,nan,0.118389,11.3656,11.6462,11.91,True,0.0513265,0.0513374,0.0509598,0.0516629,6.5726e-05,6.57231e-05,6.5258e-05,6.619e-05,0.000187478,0.000187547,0.00016323,0.000211569,4.45312e-05,4.453e-05,4.42896e-05,4.4781e-05,-0.0589572,5,2,0,0.00813893,802,0,False,nan,nan,nan,nan,nan,nan,nan,nan,nan,nan,13,15
ablation_control,matched,alternating,2,0,9,20,8000,0.0514127,6.54201e-05,0.000167524,4.17915e-05,1,5.52523,5.54853,0.98491,nan,0.0253282,nan,0.00321549,5.40368,5.49851,5.60604,True,0.0512744,0.0512901,0.0509089,0.0516172,6.56769e-05,6.56841e-05,6.52689e-05,6.61022e-05,0.000178792,0.000177961,0.00014987,0.000211492,4.1921e-05,4.19199e-05,4.16452e-05,4.22216e-05,0.0538721,3,2,0,0.00803772,930,0,False,nan,nan,nan,nan,nan,nan,nan,nan,nan,nan,13,15
ablation_control,matched,alternating,2,0,10,40,8000,0.0514127,6.54201e-05,0.000167524,4.03893e-05,1,10.5191,10.4923,1.88767,nan,0.0574807,nan,0.0638899,10.3655,10.5712,10.7844,True,0.0513331,0.0513409,0.0509616,0.0516753,6.56908e-05,6.56933e-05,6.52831e-05,6.60977e-05,0.00019316,0.000192296,0.000167008,0.000221666,4.0471e-05,4.0461e-05,4.02611e-05,4.06944e-05,-0.0737216,5,2,0,0.00753425,884,0,False,nan,nan,nan,nan,nan,nan,nan,nan,nan,nan,13,15
ablation_control,matched,alternating,2,0,11,20,8000,0.0514127,6.54201e-05,0.000167524,3.78253e-05,1,5.00746,4.99916,0.894178,nan,0.0237408,nan,0.0615018,4.94593,5.02823,5.1136,True,0.0513505,0.0513557,0.0509837,0.0516915,6.57083e-05,6.57092e-05,6.52935e-05,6.61093e-05,0.000196295,0.000194811,0.000161176,0.000235544,3.79295e-05,3.79345e-05,3.76568e-05,3.81916e-05,-0.0375712,2,2,0,0.00719036,1040,0,False,nan,nan,nan,nan,nan,nan,nan,nan,nan,nan,13,15
ablation_control,matched,alternating,2,0,12,40,8000,0.0514127,6.54201e-05,0.000167524,3.66312e-05,1,9.56376,9.55343,1.70776,nan,0.0270355,nan,0.0637792,9.39797,9.5745,9.73905,True,0.0514373,0.0514331,0.0511004,0.0517935,6.56965e-05,6.57003e-05,6.52908e-05,6.60976e-05,0.000178855,0.000178236,0.000151063,0.00020908,3.66562e-05,3.66554e-05,3.64532e-05,3.68544e-05,-0.0113341,5,2,0,0.00719616,905,0,False,nan,nan,nan,nan,nan,nan,nan,nan,nan,nan,13,15
ablation_control,matched,alternating,2,0,13,20,8000,0.0514127,6.54201e-05,0.000167524,3.48265e-05,1,4.61508,4.63635,0.856252,nan,0.0078571,nan,0.00862652,4.53867,4.60744,4.68015,True,0.051464,0.0514547,0.0511435,0.0518147,6.56835e-05,6.56746e-05,6.52891e-05,6.60762e-05,0.000176125,0.000175158,0.000143817,0.000215462,3.48976e-05,3.48958e-05,3.46562e-05,3.51384e-05,-0.00269606,2,2,0,0.00699249,1068,0,False,nan,nan,nan,nan,nan,nan,nan,nan,nan,nan,13,15
ablation_control,matched,alternating,2,0,14,40,8000,0.0514127,6.54201e-05,0.000167524,3.42227e-05,1,8.94905,8.92117,1.74438,nan,0.0549247,nan,0.0529719,8.74276,8.89468,9.04857,True,0.051458,0.0514494,0.0511475,0.0517995,6.56933e-05,6.56826e-05,6.53086e-05,6.61003e-05,0.000175247,0.000175082,0.000144415,0.000207699,3.41213e-05,3.41202e-05,3.39335e-05,3.43187e-05,0.0127444,4,2.21305,0,0.00675508,996,0,False,nan,nan,nan,nan,nan,nan,nan,nan,nan,nan,13,15
ablation_control,matched,alternating,2,0,15,20,8000,0.0514127,6.54201e-05,0.000167524,3.21715e-05,1,4.26703,4.24871,0.806139,nan,0.0473668,nan,0.0710112,4.24783,4.31302,4.37859,True,0.0515184,0.0515166,0.0512003,0.0518708,6.5741e-05,6.57396e-05,6.53409e-05,6.61299e-05,0.000191712,0.000190347,0.000152675,0.000236802,3.21762e-05,3.21847e-05,3.19189e-05,3.24129e-05,-0.00372018,4,2,0,0.00694059,931,0,False,nan,nan,nan,nan,nan,nan,nan,nan,nan,nan,13,15
ablation_control,matched,alternating,2,0,16,40,8000,0.0514127,6.54201e-05,0.000167524,3.16613e-05,1,8.29319,8.26384,1.63782,nan,0.0952966,nan,0.0469796,8.05493,8.201,8.34224,True,0.0514316,0.0514243,0.0511112,0.0517602,6.57559e-05,6.57482e-05,6.53707e-05,6.61531e-05,0.000170331,0.000169367,0.000140715,0.000202655,3.15317e-05,3.15281e-05,3.13631e-05,3.17097e-05,-0.0170492,4,2,0,0.00678367,946,0,False,nan,nan,nan,nan,nan,nan,nan,nan,nan,nan,13,15
ablation_control,matched,alternating,2,0,17,20,8000,0.0514127,6.54201e-05,0.000167524,3.04204e-05,1,4.03715,4.03924,0.832069,nan,0.0310523,nan,0.00915485,3.94782,4.0074,4.06759,True,0.0513722,0.0513636,0.0510695,0.0516969,6.5741e-05,6.57321e-05,6.53604e-05,6.61368e-05,0.000163986,0.000161806,0.000130415,0.000202204,3.03589e-05,3.03584e-05,3.01364e-05,3.0586e-05,0.00656148,2,2,0,0.00682876,1150,0,False,nan,nan,nan,nan,nan,nan,nan,nan,nan,nan,13,15
ablation_control,matched,alternating,2,0,18,40,8000,0.0514127,6.54201e-05,0.000167524,2.96738e-05,1,7.78277,7.77447,1.60004,nan,0.0259779,nan,0.0340658,7.67964,7.80966,7.93777,True,0.0514004,0.0513942,0.0510889,0.0517106,6.57438e-05,6.57373e-05,6.53667e-05,6.61387e-05,0.00016257,0.000161952,0.000131219,0.000196718,2.96533e-05,2.96511e-05,2.94853e-05,2.98225e-05,-0.0549241,4,2,0,0.00655039,1051,0,False,nan,nan,nan,nan,nan,nan,nan,nan,nan,nan,13,15
ablation_control,matched,alternating,2,0,19,20,8000,0.0514127,6.54201e-05,0.000167524,2.91537e-05,1,3.87067,3.85398,0.887276,nan,0.0832168,nan,0.0853806,3.73354,3.79027,3.84492,False,0.0513742,0.0513665,0.0510634,0.0516845,6.57038e-05,6.57056e-05,6.53463e-05,6.60727e-05,0.000150629,0.000149567,0.000116304,0.000188475,2.88334e-05,2.88332e-05,2.86109e-05,2.90653e-05,-0.00090329,3,2,0,0.00684456,1058,0,False,nan,nan,nan,nan,nan,nan,nan,nan,nan,nan,13,15
ablation_control,matched,alternating,2,0,20,40,8000,0.0514127,6.54201e-05,0.000167524,2.81283e-05,1,7.38494,7.41786,1.61333,nan,0.0695903,nan,0.120662,7.33421,7.45114,7.58155,True,0.0514096,0.0514066,0.0511106,0.0517247,6.57066e-05,6.56979e-05,6.5357e-05,6.60674e-05,0.000164212,0.000162477,0.000129256,0.000203276,2.82649e-05,2.82608e-05,2.81003e-05,2.84331e-05,-0.0480602,4,2,0,0.00657721,1010,0,False,nan,nan,nan,nan,nan,nan,nan,nan,nan,nan,13,15
ablation_control,matched,alternating,2,1,1,20,8000,0.00263825,6.65061e-05,0.00017117,6.65061e-05,1,8.7124,8.66233,2.07429,nan,3.43459,nan,0,5.35247,7.92825,11.7563,True,0.00262984,0.00262142,0.00254456,0.00275832,6.56601e-05,6.58775e-05,6.05685e-05,7.20498e-05,0.000227312,0.00022777,0.000173974,0.000280574,6.56601e-05,6.58775e-05,6.05685e-05,7.20498e-05,0.0643128,15,2,0,0.0202484,793,0,False,nan,nan,nan,nan,nan,nan,nan,nan,nan,nan,13,16
ablation_control,matched,alternating,2,1,2,40,8000,0.00263825,6.65061e-05,0.00017117,6.22571e-05,1,16.0518,16.0579,3.87304,nan,0.446976,nan,0.323371,13.4614,15.555,18.273,True,0.00261068,0.00261229,0.00255489,0.00266055,6.58987e-05,6.59377e-05,6.44045e-05,6.74296e-05,0.000178515,0.000178352,0.000162134,0.000195471,6.26758e-05,6.26613e-05,6.16468e-05,6.3601e-05,-0.038476,11,2,0,0.0155831,1474,0,False,nan,nan,nan,nan,nan,nan,nan,nan,nan,nan,13,16
ablation_control,matched,alternating,2,1,3,20,8000,0.00263825,6.65061e-05,0.00017117,5.70641e-05,1,7.49933,7.48144,1.81189,nan,0.0840624,nan,0.0251559,7.21736,7.57472,7.98118,True,0.00263011,0.00263059,0.00258163,0.00267638,6.61858e-05,6.61811e-05,6.54029e-05,6.70527e-05,0.00017142,0.000170975,0.000143929,0.000201016,5.68431e-05,5.6845e-05,5.61646e-05,5.75088e-05,0.0875743,6,2,0,0.0125464,899,0,False,nan,nan,nan,nan,nan,nan,nan,nan,nan,nan,13,16
ablation_control,matched,alternating,2,1,4,40,8000,0.00263825,6.65061e-05,0.00017117,5.45104e-05,1,14.1261,14.1167,3.50373,nan,0.0334675,nan,0.0921017,13.6665,14.1492,14.694,True,0.00261252,0.00261304,0.00257416,0.00265082,6.61889e-05,6.61975e-05,6.56423e-05,6.67798e-05,0.000181618,0.000181741,0.000162636,0.000200738,5.46271e-05,5.46312e-05,5.42842e-05,5.49478e-05,0.0102554,6,2,0,0.00852124,862,0,False,nan,nan,nan,nan,nan,nan,nan,nan,nan,nan,13,16
ablation_control,matched,alternating,2,1,5,20,8000,0.00263825,6.65061e-05,0.00017117,5.02905e-05,1,6.62433,6.61255,1.63351,nan,0.0339133,nan,0.0455693,6.50908,6.65677,6.81216,True,0.00260988,0.00260937,0.00257366,0.00264786,6.6245e-05,6.62543e-05,6.57004e-05,6.67865e-05,0.000176452,0.000175713,0.000147216,0.000207176,5.02224e-05,5.02393e-05,4.98207e-05,5.05832e-05,-0.033334,4,2,0,0.00812184,895,0,False,nan,nan,nan,nan,nan,nan,nan,nan,nan,nan,13,16
ablation_control,matched,alternating,2,1,6,40,8000,0.00263825,6.65061e-05,0.00017117,4.86393e-05,1,12.6537,12.6376,3.23164,nan,0.0603425,nan,0.014416,12.333,12.5958,12.8772,True,0.00260263,0.00260296,0.00256969,0.0026372,6.62719e-05,6.62643e-05,6.57672e-05,6.67782e-05,0.000167111,0.000166805,0.00014551,0.000189289,4.85412e-05,4.85454e-05,4.82493e-05,4.88039e-05,0.00315027,4,2,0,0.00741215,901,0,False,nan,nan,nan,nan,nan,nan,nan,nan,nan,nan,13,16
ablation_control,matched,alternating,2,1,7,20,8000,0.00263825,6.65061e-05,0.00017117,4.50429e-05,1,5.94371,5.9158,1.49573,nan,0.0687127,nan,0.0643438,5.90019,6.01186,6.12867,True,0.00260251,0.00260278,0.00256858,0.00263583,6.63702e-05,6.63573e-05,6.58708e-05,6.69092e-05,0.000177116,0.00017662,0.000143175,0.000213022,4.50309e-05,4.50316e-05,4.4702e-05,4.53329e-05,0.0185679,5,2,0,0.00783501,800,0,False,nan,nan,nan,nan,nan,nan,nan,nan,nan,nan,13,16
ablation_control,matched,alternating,2,1,8,40,8000,0.00263825,6.65061e-05,0.00017117,4.37174e-05,1,11.4106,11.3752,2.9693,nan,0.0322411,nan,0.0126308,11.1487,11.3839,11.6295,True,0.00261574,0.00261524,0.00258415,0.00264976,6.63626e-05,6.63573e-05,6.58973e-05,6.68322e-05,0.000175851,0.000175503,0.000150566,0.000202012,4.35908e-05,4.35915e-05,4.33538e-05,4.3839e-05,-0.0108553,5,2,0,0.00712991,837,0,False,nan,nan,nan,nan,nan,nan,nan,nan,nan,nan,13,16
ablation_control,matched,alternating,2,1,9,20,8000,0.00263825,6.65061e-05,0.00017117,4.13317e-05,1,5.46089,5.46452,1.42684,nan,0.0501708,nan,0.0184434,5.32136,5.41077,5.50636,True,0.00262181,0.00262206,0.00258948,0.00265556,6.6317e-05,6.63101e-05,6.58617e-05,6.67946e-05,0.000158906,0.000158035,0.000131446,0.000191011,4.12659e-05,4.12625e-05,4.09907e-05,4.15329e-05,-0.016858,3,2,0,0.00706752,959,0,False,nan,nan,nan,nan,nan,nan,nan,nan,nan,nan,13,16
ablation_control,matched,alternating,2,1,10,40,8000,0.00263825,6.65061e-05,0.00017117,3.9915e-05,1,10.4446,10.4556,2.78445,nan,0.0972405,nan,0.065872,10.3552,10.5375,10.7202,True,0.0026232,0.00262293,0.00259302,0.00265398,6.63016e-05,6.63024e-05,6.58605e-05,6.67449e-05,0.000174321,0.000173938,0.000147182,0.00020157,3.99929e-05,3.99849e-05,3.97732e-05,4.02161e-05,0.0132558,5,2,0,0.00671604,906,0,False,nan,nan,nan,nan,nan,nan,nan,nan,nan,nan,13,16
ablation_control,matched,alternating,2,1,11,20,8000,0.00263825,6.65061e-05,0.00017117,3.77948e-05,1,4.99962,5.02165,1.32839,nan,0.00441888,nan,0.000526668,4.92692,5.0014,5.08202,True,0.00262578,0.00262562,0.00259583,0.0026569,6.62862e-05,6.62851e-05,6.58506e-05,6.67249e-05,0.000174902,0.000173364,0.000140949,0.000212757,3.79357e-05,3.79344e-05,3.76823e-05,3.81969e-05,-0.00849391,2,2,0,0.00653004,1112,0,False,nan,nan,nan,nan,nan,nan,nan,nan,nan,nan,13,16
ablation_control,matched,alternating,2,1,12,40,8000,0.00263825,6.65061e-05,0.00017117,3.71838e-05,1,9.74781,9.74297,2.70731,nan,0.0742159,nan,0.093425,9.50643,9.67503,9.84248,True,0.00263327,0.00263309,0.00260445,0.0026632,6.62911e-05,6.62826e-05,6.58879e-05,6.67353e-05,0.000161633,0.00016097,0.000133975,0.000190729,3.71034e-05,3.71035e-05,3.68974e-05,3.73099e-05,0.0135088,4,2,0,0.00645102,998,0,False,nan,nan,nan,nan,nan,nan,nan,nan,nan,nan,13,16
ablation_control,matched,alternating,2,1,13,20,8000,0.00263825,6.65061e-05,0.00017117,3.55456e-05,1,4.70571,4.69332,1.31237,nan,0.0210784,nan,0.0270922,4.61474,4.68555,4.75129,True,0.0026328,0.00263257,0.00260454,0.00266134,6.62933e-05,6.62867e-05,6.58819e-05,6.67492e-05,0.00016562,0.00016398,0.000132458,0.000202934,3.53851e-05,3.53838e-05,3.5151e-05,3.56221e-05,0.00986497,3,2,0,0.00632956,1002,0,False,nan,nan,nan,nan,nan,nan,nan,nan,nan,nan,13,16
ablation_control,matched,alternating,2,1,14,40,8000,0.00263825,6.65061e-05,0.00017117,3.52638e-05,1,9.25643,9.29519,2.72341,nan,0.176285,nan,0.15017,8.92853,9.08456,9.22841,False,0.00263259,0.00263307,0.00260489,0.00265984,6.6353e-05,6.63584e-05,6.59176e-05,6.67745e-05,0.000135426,0.000134061,0.000108521,0.000165506,3.51525e-05,3.51497e-05,3.49573e-05,3.53639e-05,0.0419992,7,2,0,0.00684573,753,0,False,nan,nan,nan,nan,nan,nan,nan,nan,nan,nan,13,16
ablation_control,matched,alternating,2,1,15,20,8000,0.00263825,6.65061e-05,0.00017117,3.33299e-05,1,4.41574,4.41186,1.27148,nan,0.0760087,nan,0.0359919,4.42617,4.49037,4.55723,False,0.0026314,0.00263202,0.00260348,0.00265873,6.63815e-05,6.63933e-05,6.59399e-05,6.68253e-05,0.000149699,0.000148662,0.000115634,0.000188062,3.34394e-05,3.34475e-05,3.31805e-05,3.36851e-05,-0.000476978,4,2,0,0.00742057,825,0,False,nan,nan,nan,nan,nan,nan,nan,nan,nan,nan,13,16
ablation_control,matched,alternating,2,1,16,40,8000,0.00263825,6.65061e-05,0.00017117,3.23415e-05,1,8.50611,8.49218,2.48018,nan,0.144322,nan,0.0596278,8.49395,8.65013,8.80133,True,0.00263442,0.0026343,0.00260817,0.00266146,6.63555e-05,6.63524e-05,6.5939e-05,6.67873e-05,0.000168003,0.000167354,0.000133088,0.000206253,3.23174e-05,3.23196e-05,3.21017e-05,3.25171e-05,0.00393442,5,2,0,0.00844058,732,0,False,nan,nan,nan,nan,nan,nan,nan,nan,nan,nan,13,16
ablation_control,matched,alternating,2,1,17,20,8000,0.00263825,6.65061e-05,0.00017117,3.09804e-05,1,4.10778,4.11442,1.19064,nan,0.00835163,nan,0.0056153,4.02939,4.09845,4.17177,True,0.00263586,0.00263544,0.00260926,0.00266246,6.63535e-05,6.63513e-05,6.59123e-05,6.68013e-05,0.000161392,0.000159109,0.000125069,0.000204948,3.10177e-05,3.10173e-05,3.07755e-05,3.12688e-05,-0.0118827,3,2,0,0.0081036,870,0,False,nan,nan,nan,nan,nan,nan,nan,nan,nan,nan,13,16
ablation_control,matched,alternating,2,1,18,40,8000,0.00263825,6.65061e-05,0.00017117,3.07106e-05,1,8.08609,8.05848,2.45006,nan,0.0702424,nan,0.100756,7.86745,8.01796,8.16788,True,0.00263391,0.0026335,0.0026064,0.00266225,6.63548e-05,6.63484e-05,6.59265e-05,6.68027e-05,0.00014093,0.000140603,0.00011244,0.00017168,3.04837e-05,3.04813e-05,3.03145e-05,3.06591e-05,-0.0393204,4,2,0,0.00792452,860,0,False,nan,nan,nan,nan,nan,nan,nan,nan,nan,nan,13,16
ablation_control,matched,alternating,2,1,19,20,8000,0.00263825,6.65061e-05,0.00017117,2.91345e-05,1,3.86547,3.87497,1.13961,nan,0.0457335,nan,0.0408712,3.84942,3.90987,3.97385,True,0.00263268,0.00263268,0.00260421,0.00266079,6.63778e-05,6.63688e-05,6.59268e-05,6.68363e-05,0.000146825,0.000145152,0.000113594,0.000186003,2.9262e-05,2.92593e-05,2.90379e-05,2.94976e-05,-0.0344723,2,2,0,0.0078422,1046,0,False,nan,nan,nan,nan,nan,nan,nan,nan,nan,nan,13,16
ablation_control,matched,alternating,2,1,20,40,8000,0.00263825,6.65061e-05,0.00017117,2.83177e-05,1,7.46813,7.47263,2.22068,nan,0.143624,nan,0.061465,7.47537,7.60936,7.74865,False,0.00263648,0.00263722,0.00261073,0.00266342,6.6344e-05,6.63391e-05,6.59025e-05,6.68242e-05,0.000162593,0.000160857,0.000125126,0.000203641,2.83573e-05,2.83601e-05,2.8168e-05,2.85446e-05,-0.0250199,5,2,0,0.00817473,813,0,False,nan,nan,nan,nan,nan,nan,nan,nan,nan,nan,13,16
ablation_control,matched,alternating,2,2,1,20,8000,0.000920037,5.18764e-05,0.000379041,5.18764e-05,1,6.72286,6.71116,2.30552,nan,3.63101,nan,0,5.31199,7.88614,11.9699,True,0.000862088,0.000867468,0.000795167,0.000915462,5.21646e-05,5.13068e-05,4.82858e-05,5.85997e-05,0.000387978,0.00038483,0.000296335,0.000481884,5.21646e-05,5.13068e-05,4.82858e-05,5.85997e-05,-0.115933,15,2,0,0.0149929,800,0,False,nan,nan,nan,nan,nan,nan,nan,nan,nan,nan,13,10
ablation_control,matched,alternating,2,2,2,40,8000,0.000920037,5.18764e-05,0.000379041,4.68746e-05,1,11.847,11.8587,4.33207,nan,0.366822,nan,0.268524,10.6332,12.0152,14.559,True,0.000875736,0.00087883,0.000833253,0.00090937,5.11878e-05,5.1216e-05,5.01631e-05,5.19905e-05,0.000377919,0.000378403,0.000343754,0.000410358,4.72986e-05,4.72827e-05,4.68119e-05,4.78712e-05,-0.0118139,9,2,0,0.0116366,1527,0,False,nan,nan,nan,nan,nan,nan,nan,nan,nan,nan,13,10
ablation_control,matched,alternating,2,2,3,20,8000,0.000920037,5.18764e-05,0.000379041,4.08453e-05,1,5.33634,5.34288,2.14177,nan,0.117249,nan,0.00451988,5.24808,5.44181,5.69334,True,0.000887489,0.000888706,0.000856844,0.000914313,5.14206e-05,5.14243e-05,5.08629e-05,5.20248e-05,0.000407817,0.000407019,0.000341539,0.000477986,4.07487e-05,4.07653e-05,4.02958e-05,4.11533e-05,-0.0978227,5,2,0,0.0112345,1026,0,False,nan,nan,nan,nan,nan,nan,nan,nan,nan,nan,13,10
ablation_control,matched,alternating,2,2,4,40,8000,0.000920037,5.18764e-05,0.000379041,3.8393e-05,1,9.81999,9.83881,3.92421,nan,0.153258,nan,0.00262725,9.3386,9.67198,10.0165,True,0.000896419,0.000896492,0.000871533,0.000922766,5.15092e-05,5.15142e-05,5.0976e-05,5.20595e-05,0.00038519,0.000385277,0.000345342,0.000423532,3.86457e-05,3.86409e-05,3.83428e-05,3.89698e-05,0.0707367,6,2,0,0.0111928,887,0,False,nan,nan,nan,nan,nan,nan,nan,nan,nan,nan,13,10
ablation_control,matched,alternating,2,2,5,20,8000,0.000920037,5.18764e-05,0.000379041,3.45299e-05,1,4.53244,4.49947,1.92178,nan,0.0140162,nan,0.0327,4.41569,4.54125,4.67235,True,0.000901472,0.000901348,0.000876643,0.000925742,5.15594e-05,5.15575e-05,5.10801e-05,5.20592e-05,0.000394224,0.000392565,0.000329022,0.000463456,3.42221e-05,3.4227e-05,3.38893e-05,3.45378e-05,-0.0205887,3,2,0,0.0103388,975,0,False,nan,nan,nan,nan,nan,nan,nan,nan,nan,nan,13,10
ablation_control,matched,alternating,2,2,6,40,8000,0.000920037,5.18764e-05,0.000379041,3.29094e-05,1,8.48377,8.49463,3.51674,nan,0.164679,nan,0.0349154,8.07868,8.3229,8.55862,True,0.000908732,0.000908499,0.000882951,0.000934199,5.16594e-05,5.16542e-05,5.1151e-05,5.21916e-05,0.000378513,0.000376326,0.000328775,0.000430841,3.30044e-05,3.29968e-05,3.27322e-05,3.33272e-05,0.0377356,6,2,0,0.0116147,856,0,False,nan,nan,nan,nan,nan,nan,nan,nan,nan,nan,13,10
ablation_control,matched,alternating,2,2,7,20,8000,0.000920037,5.18764e-05,0.000379041,2.97663e-05,1,3.9211,3.93486,1.75219,nan,0.0326723,nan,0.00931283,3.84519,3.95282,4.06047,True,0.000908938,0.000908536,0.000883172,0.000935074,5.16993e-05,5.17006e-05,5.12204e-05,5.21869e-05,0.000386115,0.000384223,0.000318295,0.000462032,2.9831e-05,2.9833e-05,2.95186e-05,3.01225e-05,-0.01364,3,2,0,0.01002,970,0,False,nan,nan,nan,nan,nan,nan,nan,nan,nan,nan,13,10
ablation_control,matched,alternating,2,2,8,40,8000,0.000920037,5.18764e-05,0.000379041,2.8149e-05,1,7.3068,7.31583,3.28826,nan,0.0680527,nan,0.0751996,7.14976,7.37852,7.56936,True,0.000912132,0.000911527,0.000887002,0.000938089,5.16593e-05,5.166e-05,5.11807e-05,5.21458e-05,0.000349678,0.000349566,0.000293982,0.000407821,2.81745e-05,2.81768e-05,2.79286e-05,2.84057e-05,0.0130559,5,2,0,0.0109429,836,0,False,nan,nan,nan,nan,nan,nan,nan,nan,nan,nan,13,10
ablation_control,matched,alternating,2,2,9,20,8000,0.000920037,5.18764e-05,0.000379041,2.64351e-05,1,3.491,3.52286,1.58487,nan,0.0327782,nan,0.0737333,3.371,3.45725,3.55018,True,0.000917328,0.000916636,0.000891768,0.000943227,5.15953e-05,5.1582e-05,5.11222e-05,5.20737e-05,0.000328208,0.000326511,0.000262088,0.000398591,2.64221e-05,2.64198e-05,2.61444e-05,2.67284e-05,0.00231478,4,2,0,0.0120356,783,0,False,nan,nan,nan,nan,nan,nan,nan,nan,nan,nan,13,10
ablation_control,matched,alternating,2,2,10,40,8000,0.000920037,5.18764e-05,0.000379041,2.54555e-05,1,6.63371,6.6331,2.93135,nan,0.0294602,nan,0.0164876,6.46801,6.66236,6.84861,True,0.000917142,0.000916891,0.00089267,0.000942232,5.15888e-05,5.158e-05,5.11014e-05,5.20739e-05,0.000309516,0.000310344,0.000245602,0.000370649,2.53497e-05,2.5352e-05,2.51366e-05,2.55588e-05,0.0329742,4,2,0,0.0112246,834,0,False,nan,nan,nan,nan,nan,nan,nan,nan,nan,nan,13,10
ablation_control,matched,alternating,2,2,11,20,8000,0.000920037,5.18764e-05,0.000379041,2.34294e-05,1,3.10109,3.12524,1.476,nan,0.0759993,nan,0.0195191,3.10148,3.1739,3.25381,False,0.000916903,0.000917169,0.000892376,0.000941346,5.16297e-05,5.16383e-05,5.11592e-05,5.21076e-05,0.000336797,0.000334663,0.000262391,0.000422132,2.35842e-05,2.3583e-05,2.33219e-05,2.38386e-05,0.00892413,3,2,0,0.0106961,920,0,False,nan,nan,nan,nan,nan,nan,nan,nan,nan,nan,13,10
ablation_control,matched,alternating,2,2,12,40,8000,0.000920037,5.18764e-05,0.000379041,2.27155e-05,1,5.94358,5.93542,2.7297,nan,0.0401881,nan,0.0281914,5.82365,5.98194,6.1343,True,0.000914992,0.000914597,0.000889626,0.000941483,5.1641e-05,5.16473e-05,5.11514e-05,5.21294e-05,0.000385777,0.000384385,0.000314041,0.000462057,2.27703e-05,2.27682e-05,2.25773e-05,2.29657e-05,-0.0181063,4,2,0,0.00995215,918,0,False,nan,nan,nan,nan,nan,nan,nan,nan,nan,nan,13,10
ablation_control,matched,alternating,2,2,13,20,8000,0.000920037,5.18764e-05,0.000379041,2.11529e-05,1,2.80459,2.78712,1.36919,nan,0.022392,nan,0.0073317,2.76276,2.82684,2.88982,True,0.000912104,0.000912089,0.000886567,0.000938997,5.16781e-05,5.16748e-05,5.11878e-05,5.21722e-05,0.000402552,0.000400657,0.000316981,0.000498754,2.10596e-05,2.10651e-05,2.08227e-05,2.12864e-05,0.0259193,3,2,0,0.00950668,974,0,False,nan,nan,nan,nan,nan,nan,nan,nan,nan,nan,13,10
ablation_control,matched,alternating,2,2,14,40,8000,0.000920037,5.18764e-05,0.000379041,2.07129e-05,1,5.4357,5.44282,2.5164,nan,0.115774,nan,0.0601772,5.19303,5.32048,5.44621,True,0.000908461,0.000907056,0.000887061,0.000933162,5.16901e-05,5.16813e-05,5.12444e-05,5.21711e-05,0.000315603,0.000314734,0.000249372,0.000384288,2.06567e-05,2.06543e-05,2.04906e-05,2.08386e-05,-0.0204774,5,2,0,0.0099157,796,0,False,nan,nan,nan,nan,nan,nan,nan,nan,nan,nan,13,10
ablation_control,matched,alternating,2,2,15,20,8000,0.000920037,5.18764e-05,0.000379041,1.93609e-05,1,2.5705,2.60632,1.26902,nan,0.046704,nan,0.0121004,2.56085,2.61537,2.67409,True,0.000911444,0.000910646,0.00088867,0.000935273,5.17029e-05,5.16936e-05,5.12586e-05,5.21658e-05,0.000311401,0.000309027,0.000239889,0.000394927,1.95567e-05,1.95527e-05,1.93374e-05,1.97797e-05,0.00531666,2,2,0,0.00948248,1025,0,False,nan,nan,nan,nan,nan,nan,nan,nan,nan,nan,13,10
ablation_control,matched,alternating,2,2,16,40,8000,0.000920037,5.18764e-05,0.000379041,1.87909e-05,1,4.94543,4.92422,2.37669,nan,0.0937886,nan,0.000938721,4.91956,5.03448,5.16156,True,0.000909271,0.000908128,0.000887446,0.000933615,5.16775e-05,5.1677e-05,5.12329e-05,5.21527e-05,0.000350788,0.000348573,0.000267564,0.000439599,1.87569e-05,1.87564e-05,1.8563e-05,1.89291e-05,-0.00518484,5,2,0,0.0101153,833,0,False,nan,nan,nan,nan,nan,nan,nan,nan,nan,nan,13,10
ablation_control,matched,alternating,2,2,17,20,8000,0.000920037,5.18764e-05,0.000379041,1.76926e-05,1,2.35198,2.31502,1.19662,nan,0.0227783,nan,0.00730293,2.32094,2.37262,2.43198,True,0.000908185,0.000907418,0.00088422,0.000931692,5.1725e-05,5.17261e-05,5.12746e-05,5.2162e-05,0.000397545,0.000393107,0.000287827,0.000523827,1.75079e-05,1.75146e-05,1.72631e-05,1.77337e-05,0.0128506,3,2,0,0.0103066,957,1,False,nan,nan,nan,nan,nan,nan,nan,nan,nan,nan,13,10
ablation_control,matched,alternating,2,2,18,40,8000,0.000920037,5.18764e-05,0.000379041,1.70974e-05,1,4.51112,4.51587,2.26758,nan,0.0321455,nan,0.0314058,4.35829,4.48049,4.59831,True,0.000907776,0.000907104,0.000885867,0.000930925,5.17426e-05,5.17305e-05,5.12758e-05,5.22027e-05,0.000374948,0.000373273,0.000285335,0.000472109,1.71342e-05,1.71352e-05,1.69768e-05,1.7293e-05,-0.0409952,3,2,0,0.010074,998,0,False,nan,nan,nan,nan,nan,nan,nan,nan,nan,nan,13,10
ablation_control,matched,alternating,2,2,19,20,8000,0.000920037,5.18764e-05,0.000379041,1.63012e-05,1,2.16931,2.15571,1.13024,nan,0.00262132,nan,0.0095264,2.11987,2.1692,2.21968,True,0.000908264,0.000907996,0.000886097,0.000930756,5.17606e-05,5.17523e-05,5.1293e-05,5.22136e-05,0.000383591,0.000381051,0.00028177,0.00049855,1.61975e-05,1.62e-05,1.5997e-05,1.64025e-05,0.0281315,2,2,0,0.00974793,1141,0,False,nan,nan,nan,nan,nan,nan,nan,nan,nan,nan,13,10
ablation_control,matched,alternating,2,2,20,40,8000,0.000920037,5.18764e-05,0.000379041,1.56121e-05,1,4.12843,4.15037,2.17866,nan,0.040704,nan,0.0744303,4.06388,4.16746,4.26984,True,0.000910722,0.000910955,0.000888254,0.0009335,5.17469e-05,5.17486e-05,5.12772e-05,5.22108e-05,0.000368869,0.000367428,0.00027403,0.000468666,1.57186e-05,1.57229e-05,1.55658e-05,1.58665e-05,-0.00433182,4,2,0,0.00967382,1026,0,False,nan,nan,nan,nan,nan,nan,nan,nan,nan,nan,13,10
ablation_control,matched,alternating,2,3,1,20,8000,1.25621,5.0914e-05,0.000416065,5.0914e-05,1,6.79347,6.79663,7.68186,nan,4.47909,nan,0,5.16832,7.97372,12.182,True,1.24542,1.2445,1.23155,1.26319,5.13981e-05,5.10565e-05,4.73567e-05,5.67707e-05,0.000380373,0.000378384,0.000323702,0.00044302,5.13981e-05,5.10565e-05,4.73567e-05,5.67707e-05,0.07587,18,2,0,0.0212374,784,0,False,nan,nan,nan,nan,nan,nan,nan,nan,nan,nan,13,9
ablation_control,matched,alternating,2,3,2,40,8000,1.25621,5.0914e-05,0.000416065,4.65913e-05,1,11.8439,11.8409,11.6532,nan,0.558256,nan,0.0926062,10.5466,12.1583,14.2883,True,1.26046,1.26069,1.25199,1.2683,5.09864e-05,5.10733e-05,4.99961e-05,5.18617e-05,0.000434787,0.000435117,0.000413732,0.000454879,4.67788e-05,4.67404e-05,4.6186e-05,4.74593e-05,-0.209526,11,2,0,0.0151274,1404,0,False,nan,nan,nan,nan,nan,nan,nan,nan,nan,nan,13,9
ablation_control,matched,alternating,2,3,3,20,8000,1.25621,5.0914e-05,0.000416065,4.06876e-05,1,5.47312,5.46395,6.25586,nan,0.117904,nan,0.0840461,5.16655,5.38578,5.64056,True,1.25961,1.25976,1.25126,1.2669,5.08004e-05,5.08314e-05,5.00472e-05,5.1423e-05,0.000414528,0.000412518,0.000362639,0.000469076,4.05106e-05,4.05114e-05,3.9984e-05,4.10258e-05,0.0971846,6,2,0,0.0117889,941,0,False,nan,nan,nan,nan,nan,nan,nan,nan,nan,nan,13,9
ablation_control,matched,alternating,2,3,4,40,8000,1.25621,5.0914e-05,0.000416065,3.77847e-05,1,9.73358,9.73346,9.74853,nan,0.0447405,nan,0.0933953,9.41622,9.76042,10.1253,True,1.25977,1.25987,1.25342,1.26603,5.07551e-05,5.07559e-05,5.02271e-05,5.12154e-05,0.000397582,0.000397373,0.00036952,0.000426552,3.78012e-05,3.77998e-05,3.75425e-05,3.80624e-05,-0.151687,6,2,0,0.00877136,846,0,False,nan,nan,nan,nan,nan,nan,nan,nan,nan,nan,13,9
ablation_control,matched,alternating,2,3,5,20,8000,1.25621,5.0914e-05,0.000416065,3.33145e-05,1,4.50789,4.50252,5.22919,nan,0.10613,nan,0.0379861,4.46881,4.57673,4.6819,True,1.25935,1.25944,1.25336,1.26557,5.0884e-05,5.08838e-05,5.0456e-05,5.13132e-05,0.00041873,0.000419713,0.00035708,0.000482582,3.33192e-05,3.33256e-05,3.3031e-05,3.35978e-05,-0.125037,4,2,0,0.00958465,890,0,False,nan,nan,nan,nan,nan,nan,nan,nan,nan,nan,13,9
ablation_control,matched,alternating,2,3,6,40,8000,1.25621,5.0914e-05,0.000416065,3.13476e-05,1,8.15567,8.18124,8.34753,nan,0.0590817,nan,0.063801,7.98486,8.19177,8.42342,True,1.25734,1.25744,1.25125,1.26288,5.08631e-05,5.08659e-05,5.04626e-05,5.12655e-05,0.000403924,0.000404001,0.000364898,0.000442164,3.1383e-05,3.13831e-05,3.11786e-05,3.15789e-05,-0.0775556,6,2,0,0.00826508,893,0,False,nan,nan,nan,nan,nan,nan,nan,nan,nan,nan,13,9
ablation_control,matched,alternating,2,3,7,20,8000,1.25621,5.0914e-05,0.000416065,2.8713e-05,1,3.89973,3.91457,4.55612,nan,0.0384956,nan,0.0727269,3.79422,3.87289,3.95271,True,1.25727,1.25741,1.25122,1.2625,5.07929e-05,5.07882e-05,5.03826e-05,5.11768e-05,0.000414543,0.000412649,0.000348849,0.000485327,2.87827e-05,2.87735e-05,2.85652e-05,2.9049e-05,-0.154547,4,2,0,0.00898374,960,0,False,nan,nan,nan,nan,nan,nan,nan,nan,nan,nan,13,9
ablation_control,matched,alternating,2,3,8,40,8000,1.25621,5.0914e-05,0.000416065,2.69846e-05,1,7.06848,7.09438,7.34113,nan,0.144495,nan,0.134555,6.99853,7.17666,7.34345,True,1.2563,1.25642,1.25087,1.26142,5.07375e-05,5.07378e-05,5.03414e-05,5.11236e-05,0.000429933,0.000429474,0.00038225,0.00048033,2.71335e-05,2.71417e-05,2.69409e-05,2.73102e-05,-0.110525,6,2,0,0.00890805,889,0,False,nan,nan,nan,nan,nan,nan,nan,nan,nan,nan,13,9
ablation_control,matched,alternating,2,3,9,20,8000,1.25621,5.0914e-05,0.000416065,2.48862e-05,1,3.39051,3.40591,4.00533,nan,0.00917686,nan,0.0310689,3.31161,3.38431,3.45581,True,1.25559,1.25573,1.25011,1.26075,5.07031e-05,5.0699e-05,5.03325e-05,5.10502e-05,0.000418324,0.000417725,0.000351504,0.000491003,2.48549e-05,2.48521e-05,2.46706e-05,2.50525e-05,-0.08055,3,2,0,0.00810031,985,0,False,nan,nan,nan,nan,nan,nan,nan,nan,nan,nan,13,9
ablation_control,matched,alternating,2,3,10,40,8000,1.25621,5.0914e-05,0.000416065,2.41911e-05,1,6.36467,6.35672,6.61318,nan,0.140971,nan,0.104763,6.12716,6.25852,6.3931,True,1.25701,1.25727,1.25189,1.26154,5.0743e-05,5.07477e-05,5.03811e-05,5.10997e-05,0.000378891,0.000379597,0.000323948,0.000432789,2.41651e-05,2.41631e-05,2.39992e-05,2.43361e-05,-0.128508,5,2,0,0.00898823,922,0,False,nan,nan,nan,nan,nan,nan,nan,nan,nan,nan,13,9
ablation_control,matched,alternating,2,3,11,20,8000,1.25621,5.0914e-05,0.000416065,2.2428e-05,1,3.06175,3.04601,3.62147,nan,0.0341925,nan,0.0128988,3.02406,3.08459,3.14474,True,1.25698,1.25713,1.25219,1.26138,5.07849e-05,5.07906e-05,5.04134e-05,5.11313e-05,0.000408564,0.000407057,0.000335181,0.000490676,2.22729e-05,2.22742e-05,2.20823e-05,2.24575e-05,-0.132387,4,2,0,0.00938524,944,0,False,nan,nan,nan,nan,nan,nan,nan,nan,nan,nan,13,9
ablation_control,matched,alternating,2,3,12,40,8000,1.25621,5.0914e-05,0.000416065,2.15554e-05,1,5.69496,5.70163,5.97612,nan,0.0316152,nan,0.0184748,5.53735,5.67156,5.79971,True,1.25704,1.25706,1.25241,1.26156,5.07841e-05,5.07876e-05,5.04471e-05,5.11291e-05,0.000426596,0.000425717,0.000364674,0.000494503,2.16004e-05,2.15999e-05,2.14467e-05,2.17575e-05,-0.0680712,4,2,0,0.00892363,940,0,False,nan,nan,nan,nan,nan,nan,nan,nan,nan,nan,13,9
ablation_control,matched,alternating,2,3,13,20,8000,1.25621,5.0914e-05,0.000416065,2.02488e-05,1,2.76919,2.77171,3.28927,nan,0.0239426,nan,0.0314097,2.69698,2.75346,2.80747,True,1.25684,1.2569,1.25223,1.2613,5.07836e-05,5.0787e-05,5.04471e-05,5.11215e-05,0.000416074,0.00041359,0.000338291,0.00049972,2.00722e-05,2.00703e-05,1.99067e-05,2.02407e-05,-0.0739501,3,2,0,0.00831294,1040,0,False,nan,nan,nan,nan,nan,nan,nan,nan,nan,nan,13,9
ablation_control,matched,alternating,2,3,14,40,8000,1.25621,5.0914e-05,0.000416065,1.9621e-05,1,5.19991,5.22019,5.47255,nan,0.0813503,nan,0.0143666,5.02676,5.13887,5.24799,True,1.25674,1.25678,1.25205,1.26113,5.08051e-05,5.08084e-05,5.04756e-05,5.11319e-05,0.000416978,0.000414513,0.000348457,0.000494008,1.96508e-05,1.96505e-05,1.95095e-05,1.97952e-05,-0.0966532,5,2,0,0.00875281,949,0,False,nan,nan,nan,nan,nan,nan,nan,nan,nan,nan,13,9
ablation_control,matched,alternating,2,3,15,20,8000,1.25621,5.0914e-05,0.000416065,1.85986e-05,1,2.54697,2.52295,3.02675,nan,0.027764,nan,0.0397169,2.48121,2.52845,2.57698,True,1.2567,1.25679,1.25196,1.26113,5.08093e-05,5.08135e-05,5.0493e-05,5.11351e-05,0.000407226,0.000404372,0.000328214,0.000497124,1.84115e-05,1.84108e-05,1.82499e-05,1.85704e-05,-0.0703355,2,2,0,0.00822665,1154,0,False,nan,nan,nan,nan,nan,nan,nan,nan,nan,nan,13,9
ablation_control,matched,alternating,2,3,16,40,8000,1.25621,5.0914e-05,0.000416065,1.8029e-05,1,4.7902,4.84603,5.04997,nan,0.0588988,nan,0.00110797,4.6476,4.74751,4.83981,True,1.25503,1.25506,1.24993,1.25996,5.08219e-05,5.08268e-05,5.05071e-05,5.11443e-05,0.000379228,0.000377325,0.000309337,0.000450191,1.80685e-05,1.80658e-05,1.79379e-05,1.82074e-05,-0.0519843,4,2,0,0.00811366,1012,0,False,nan,nan,nan,nan,nan,nan,nan,nan,nan,nan,13,9
ablation_control,matched,alternating,2,3,17,20,8000,1.25621,5.0914e-05,0.000416065,1.72148e-05,1,2.36014,2.34407,2.80472,nan,0.0122939,nan,0.0445408,2.31029,2.35287,2.39275,True,1.2546,1.25459,1.24931,1.2595,5.08341e-05,5.08368e-05,5.05249e-05,5.11508e-05,0.000386374,0.000384739,0.000307558,0.000474728,1.70779e-05,1.70736e-05,1.6925e-05,1.72346e-05,-0.0848262,3,2,0,0.0077933,1078,0,False,nan,nan,nan,nan,nan,nan,nan,nan,nan,nan,13,9
ablation_control,matched,alternating,2,3,18,40,8000,1.25621,5.0914e-05,0.000416065,1.64752e-05,1,4.38833,4.38443,4.66744,nan,0.0602834,nan,0.0878759,4.3428,4.43348,4.52058,True,1.25395,1.25399,1.24836,1.25917,5.08326e-05,5.08325e-05,5.05285e-05,5.11571e-05,0.000406591,0.000404351,0.000331248,0.00048839,1.65042e-05,1.65048e-05,1.63812e-05,1.66242e-05,-0.0579839,3,2,0,0.00767881,1084,0,False,nan,nan,nan,nan,nan,nan,nan,nan,nan,nan,13,9
ablation_control,matched,alternating,2,3,19,20,8000,1.25621,5.0914e-05,0.000416065,1.57297e-05,1,2.15918,2.14716,2.58576,nan,0.0107796,nan,0.0248892,2.11542,2.152,2.18972,True,1.25357,1.25358,1.24801,1.25883,5.08381e-05,5.08344e-05,5.05396e-05,5.11556e-05,0.00041896,0.000414676,0.000328229,0.000522812,1.56471e-05,1.56444e-05,1.5507e-05,1.57966e-05,-0.061445,2,2,0,0.00759227,1180,0,False,nan,nan,nan,nan,nan,nan,nan,nan,nan,nan,13,9
ablation_control,matched,alternating,2,3,20,40,8000,1.25621,5.0914e-05,0.000416065,1.5364e-05,1,4.09972,4.11836,4.35942,nan,0.0517196,nan,0.0144326,3.97891,4.06091,4.1466,True,1.25325,1.25338,1.24764,1.25823,5.08481e-05,5.08452e-05,5.05506e-05,5.11534e-05,0.000342962,0.000341298,0.000271686,0.000419049,1.53646e-05,1.53608e-05,1.52568e-05,1.54784e-05,-0.0957454,5,2,0,0.00749154,923,0,False,nan,nan,nan,nan,nan,nan,nan,nan,nan,nan,13,9
ablation_control,matched,alternating,2,4,1,20,8000,0.163498,0.000104092,0.000257282,0.000104092,1,13.3598,13.3627,7.41203,nan,5.90055,nan,0,5.23871,7.96911,11.9203,False,0.163747,0.163517,0.162937,0.164916,9.88798e-05,9.58198e-05,9.29552e-05,0.000110037,0.000269477,0.00026953,0.000249016,0.000290348,9.88798e-05,9.58198e-05,9.29552e-05,0.000110037,0.078068,20,2,0,0.02299,690,0,False,nan,nan,nan,nan,nan,nan,nan,nan,nan,nan,13,7
ablation_control,matched,alternating,2,4,2,40,8000,0.163498,0.000104092,0.000257282,9.44833e-05,1,23.1897,23.2243,9.76852,nan,2.1719,nan,0.140122,18.0667,20.4793,25.3422,True,0.163272,0.163276,0.162813,0.163723,0.000105714,0.000105933,0.000103832,0.000106769,0.000259564,0.000259626,0.000252632,0.000266605,9.39182e-05,9.38545e-05,9.31779e-05,9.50298e-05,-0.148575,13,2,0,0.0164105,1451,0,False,nan,nan,nan,nan,nan,nan,nan,nan,nan,nan,13,7
ablation_control,matched,alternating,2,4,3,20,8000,0.163498,0.000104092,0.000257282,7.87532e-05,1,10.2323,10.2171,5.19742,nan,0.217224,nan,0.0201028,9.57676,10.0392,10.443,True,0.163287,0.163286,0.162863,0.163725,0.000105159,0.000105066,0.000103686,0.000106485,0.000270589,0.00027008,0.000244113,0.000298257,7.94024e-05,7.93448e-05,7.83816e-05,8.04217e-05,-0.0542341,6,2,0,0.014057,886,0,False,nan,nan,nan,nan,nan,nan,nan,nan,nan,nan,13,7
ablation_control,matched,alternating,2,4,4,40,8000,0.163498,0.000104092,0.000257282,7.26522e-05,1,18.1903,18.1829,6.65257,nan,0.150611,nan,0.0274674,17.6439,18.3075,19.0627,True,0.163352,0.163348,0.162984,0.16375,0.000104776,0.000104744,0.000103702,0.000106001,0.000264631,0.000264625,0.000253609,0.000275831,7.25839e-05,7.26025e-05,7.20414e-05,7.30881e-05,0.00966136,7,2,0,0.00866095,784,0,False,nan,nan,nan,nan,nan,nan,nan,nan,nan,nan,13,7
ablation_control,matched,alternating,2,4,5,20,8000,0.163498,0.000104092,0.000257282,6.34023e-05,1,8.30017,8.30134,3.95731,nan,0.13833,nan,0.0448153,7.94082,8.17951,8.3611,True,0.163335,0.163336,0.162966,0.16373,0.00010446,0.000104456,0.000103516,0.000105512,0.000257996,0.000257391,0.000227736,0.000292857,6.34929e-05,6.34651e-05,6.29676e-05,6.41519e-05,-0.015088,5,2,0,0.00891591,722,0,False,nan,nan,nan,nan,nan,nan,nan,nan,nan,nan,13,7
ablation_control,matched,alternating,2,4,6,40,8000,0.163498,0.000104092,0.000257282,5.80646e-05,1,14.7383,14.769,4.65525,nan,0.379778,nan,0.345995,14.688,15.1004,15.5267,True,0.163303,0.163307,0.162946,0.163633,0.000104008,0.000103975,0.000103125,0.000105001,0.000255076,0.000255215,0.000237997,0.000272016,5.82653e-05,5.82797e-05,5.78345e-05,5.86566e-05,-0.0506732,9,2,0,0.0140491,571,0,False,nan,nan,nan,nan,nan,nan,nan,nan,nan,nan,13,7
ablation_control,matched,alternating,2,4,7,20,8000,0.163498,0.000104092,0.000257282,5.19038e-05,1,6.83383,6.83524,3.04541,nan,0.0337317,nan,0.0170304,6.65518,6.85957,7.09763,True,0.163308,0.163313,0.162951,0.16368,0.000104074,0.000104068,0.000103235,0.000104881,0.000246341,0.000245509,0.000211178,0.000284282,5.17261e-05,5.17252e-05,5.12812e-05,5.21756e-05,0.0423816,4,2,0,0.0122238,661,0,False,nan,nan,nan,nan,nan,nan,nan,nan,nan,nan,13,7
ablation_control,matched,alternating,2,4,8,40,8000,0.163498,0.000104092,0.000257282,4.9509e-05,1,12.6698,12.7086,3.71695,nan,0.0860847,nan,0.0691797,12.2231,12.5935,12.9605,True,0.163289,0.163287,0.162928,0.16363,0.000104153,0.000104158,0.000103368,0.000104893,0.000239021,0.000238908,0.000218578,0.00026073,4.94989e-05,4.94886e-05,4.92074e-05,4.98217e-05,-0.0628435,6,2,0,0.0113437,699,0,False,nan,nan,nan,nan,nan,nan,nan,nan,nan,nan,13,7
ablation_control,matched,alternating,2,4,9,20,8000,0.163498,0.000104092,0.000257282,4.50829e-05,1,5.95609,5.93605,2.58528,nan,0.0255927,nan,0.0301384,5.83804,5.97781,6.12577,True,0.163298,0.163293,0.162963,0.163659,0.000104248,0.000104269,0.00010352,0.000104906,0.000265339,0.000263851,0.000222902,0.000310454,4.49084e-05,4.49086e-05,4.45798e-05,4.52285e-05,0.0318647,4,2,0,0.0104502,780,0,False,nan,nan,nan,nan,nan,nan,nan,nan,nan,nan,13,7
ablation_control,matched,alternating,2,4,10,40,8000,0.163498,0.000104092,0.000257282,4.28389e-05,1,11.0338,11.0173,2.99664,nan,0.0253844,nan,0.0549794,10.7406,11.0108,11.2799,True,0.163295,0.163278,0.162974,0.163645,0.000104265,0.000104277,0.000103572,0.000104922,0.000278085,0.000278013,0.000252015,0.000304225,4.2899e-05,4.28978e-05,4.26484e-05,4.31593e-05,-0.0673779,5,2,0,0.00952351,753,0,False,nan,nan,nan,nan,nan,nan,nan,nan,nan,nan,13,7
ablation_control,matched,alternating,2,4,11,20,8000,0.163498,0.000104092,0.000257282,3.98489e-05,1,5.2785,5.28285,2.24477,nan,0.11172,nan,0.0742284,5.0696,5.17645,5.28229,True,0.163269,0.163263,0.162929,0.163629,0.000104137,0.000104131,0.000103455,0.000104839,0.00026605,0.000264633,0.000220413,0.000314352,3.97057e-05,3.97055e-05,3.94013e-05,4.00229e-05,0.0255615,5,2,0,0.0106563,745,0,False,nan,nan,nan,nan,nan,nan,nan,nan,nan,nan,13,7
ablation_control,matched,alternating,2,4,12,40,8000,0.163498,0.000104092,0.000257282,3.9272e-05,1,10.1503,10.1141,2.82449,nan,0.336412,nan,0.26052,9.57966,9.82715,10.0647,False,0.163208,0.163192,0.162905,0.163555,0.000104309,0.000104312,0.000103556,0.000104979,0.00027352,0.000273345,0.000242378,0.000304296,3.92222e-05,3.92149e-05,3.89751e-05,3.94965e-05,-0.0879307,8,2,0,0.0139922,594,0,False,nan,nan,nan,nan,nan,nan,nan,nan,nan,nan,13,7
ablation_control,matched,alternating,2,4,13,20,8000,0.163498,0.000104092,0.000257282,3.64555e-05,1,4.83729,4.85232,2.06199,nan,0.0600736,nan,0.0228103,4.6577,4.78285,4.91197,True,0.16319,0.163175,0.16286,0.16355,0.000104211,0.000104196,0.000103455,0.00010491,0.000274082,0.0002735,0.00022439,0.000325864,3.65784e-05,3.6578e-05,3.62578e-05,3.68967e-05,0.0188986,4,2,0,0.0141286,692,0,False,nan,nan,nan,nan,nan,nan,nan,nan,nan,nan,13,7
ablation_control,matched,alternating,2,4,14,40,8000,0.163498,0.000104092,0.000257282,3.52038e-05,1,9.13523,9.11155,2.43066,nan,0.0420931,nan,0.0221631,8.84711,9.09463,9.35161,True,0.163271,0.163268,0.162923,0.163628,0.000104246,0.000104244,0.000103494,0.00010491,0.000244645,0.000244807,0.000210982,0.000280472,3.50689e-05,3.5066e-05,3.48341e-05,3.53014e-05,-0.114845,5,2,0,0.0130695,743,0,False,nan,nan,nan,nan,nan,nan,nan,nan,nan,nan,13,7
ablation_control,matched,alternating,2,4,15,20,8000,0.163498,0.000104092,0.000257282,3.36425e-05,1,4.4704,4.51463,1.91187,nan,0.114358,nan,0.119909,4.25286,4.36295,4.48292,True,0.163232,0.163231,0.162897,0.1636,0.000104055,0.000104058,0.000103308,0.000104799,0.000242049,0.000240735,0.000194004,0.000293432,3.36521e-05,3.36447e-05,3.33485e-05,3.39665e-05,0.0480119,6,2,0,0.0147657,603,0,False,nan,nan,nan,nan,nan,nan,nan,nan,nan,nan,13,7
ablation_control,matched,alternating,2,4,16,40,8000,0.163498,0.000104092,0.000257282,3.3221e-05,1,8.63756,8.65925,2.42397,nan,0.164686,nan,0.186922,8.22876,8.4804,8.72959,True,0.163318,0.163314,0.162962,0.163668,0.000104226,0.000104223,0.000103507,0.000104989,0.000257115,0.000257534,0.000216973,0.000299397,3.33253e-05,3.33268e-05,3.30676e-05,3.3572e-05,-0.11581,6,2,0,0.0161082,646,0,False,nan,nan,nan,nan,nan,nan,nan,nan,nan,nan,13,7
ablation_control,matched,alternating,2,4,17,20,8000,0.163498,0.000104092,0.000257282,3.12095e-05,1,4.15223,4.16888,1.77963,nan,0.00328505,nan,0.020523,4.02321,4.15052,4.27868,True,0.163362,0.163368,0.162994,0.163707,0.000104193,0.00010419,0.000103477,0.000104908,0.000236222,0.000234374,0.000189038,0.000290378,3.13586e-05,3.13595e-05,3.10674e-05,3.16524e-05,0.043954,4,2,0,0.0151787,762,0,False,nan,nan,nan,nan,nan,nan,nan,nan,nan,nan,13,7
ablation_control,matched,alternating,2,4,18,40,8000,0.163498,0.000104092,0.000257282,3.04559e-05,1,7.94035,7.93835,2.17419,nan,0.0168704,nan,0.0604343,7.71985,7.95101,8.19552,True,0.163365,0.163377,0.162994,0.16369,0.000104173,0.000104166,0.000103447,0.000104875,0.00023551,0.000235581,0.000195402,0.000277541,3.04119e-05,3.04106e-05,3.01872e-05,3.06445e-05,-0.112939,4,2,0,0.0145059,788,0,False,nan,nan,nan,nan,nan,nan,nan,nan,nan,nan,13,7
ablation_control,matched,alternating,2,4,19,20,8000,0.163498,0.000104092,0.000257282,2.85274e-05,1,3.80058,3.81066,1.60263,nan,0.039222,nan,0.014978,3.73183,3.83741,3.94242,True,0.163385,0.163398,0.163017,0.163689,0.0001042,0.000104192,0.000103493,0.000104877,0.000241953,0.000241497,0.000191478,0.00030007,2.85818e-05,2.85785e-05,2.83047e-05,2.88583e-05,0.0225914,3,2,0,0.0141506,904,0,False,nan,nan,nan,nan,nan,nan,nan,nan,nan,nan,13,7
ablation_control,matched,alternating,2,4,20,40,8000,0.163498,0.000104092,0.000257282,2.79345e-05,1,7.30126,7.29951,1.92798,nan,0.0301969,nan,0.0609407,7.07615,7.27094,7.48639,True,0.163399,0.163403,0.163046,0.163724,0.000104228,0.000104236,0.000103539,0.000104896,0.000246701,0.000245756,0.000201204,0.000294237,2.79013e-05,2.79024e-05,2.77078e-05,2.81074e-05,-0.0311396,4,2,0,0.0137424,905,0,False,nan,nan,nan,nan,nan,nan,nan,nan,nan,nan,13,7
ablation_control,matched,alternating,2,5,1,20,8000,0.134883,6.06557e-05,0.000305899,6.06557e-05,1,7.893,7.89085,2.30578,nan,1.67794,nan,0,5.36574,7.95128,11.845,True,0.134543,0.134597,0.13312,0.135794,5.91338e-05,5.84983e-05,5.33916e-05,6.64057e-05,0.000285186,0.000286573,0.000228116,0.000339724,5.91338e-05,5.84983e-05,5.33916e-05,6.64057e-05,0.098795,16,2,0,0.0129948,811,0,False,nan,nan,nan,nan,nan,nan,nan,nan,nan,nan,13,11
ablation_control,matched,alternating,2,5,2,40,8000,0.134883,6.06557e-05,0.000305899,5.64987e-05,1,14.2092,14.2084,1.77833,nan,0.431036,nan,0.0226675,11.7152,13.6035,16.5101,True,0.134384,0.134389,0.133529,0.135326,6.03655e-05,6.04323e-05,5.88203e-05,6.13499e-05,0.000286638,0.00028665,0.000267788,0.000304691,5.64154e-05,5.63578e-05,5.57682e-05,5.73085e-05,0.15024,10,2,0,0.0146905,1416,0,False,nan,nan,nan,nan,nan,nan,nan,nan,nan,nan,13,11
ablation_control,matched,alternating,2,5,3,20,8000,0.134883,6.06557e-05,0.000305899,4.92724e-05,1,6.45474,6.45756,1.90308,nan,0.112495,nan,0.0363196,6.26522,6.54767,6.94659,True,0.134362,0.134358,0.133586,0.135164,6.07082e-05,6.07018e-05,6.00249e-05,6.14338e-05,0.000286889,0.000285897,0.000244457,0.000330178,4.93056e-05,4.93125e-05,4.87339e-05,4.98985e-05,-0.113547,5,2,0,0.0137638,961,0,False,nan,nan,nan,nan,nan,nan,nan,nan,nan,nan,13,11
ablation_control,matched,alternating,2,5,4,40,8000,0.134883,6.06557e-05,0.000305899,4.70136e-05,1,11.9503,11.9659,1.54313,nan,0.042912,nan,0.144678,11.4786,11.9139,12.3816,True,0.134602,0.134593,0.133922,0.135325,6.0733e-05,6.0747e-05,6.01446e-05,6.13045e-05,0.000302147,0.000301929,0.000278807,0.000325949,4.68879e-05,4.68756e-05,4.65684e-05,4.72167e-05,-0.0868464,6,2,0,0.0100511,809,0,False,nan,nan,nan,nan,nan,nan,nan,nan,nan,nan,13,11
ablation_control,matched,alternating,2,5,5,20,8000,0.134883,6.06557e-05,0.000305899,4.18918e-05,1,5.51195,5.53194,1.64214,nan,0.00538151,nan,0.0275996,5.38082,5.50964,5.65336,True,0.134671,0.134665,0.133998,0.135365,6.07038e-05,6.07105e-05,6.01632e-05,6.1227e-05,0.000306516,0.000305758,0.000259678,0.000359551,4.216e-05,4.21592e-05,4.18274e-05,4.2512e-05,0.0212025,3,2,0,0.00860801,977,0,False,nan,nan,nan,nan,nan,nan,nan,nan,nan,nan,13,11
ablation_control,matched,alternating,2,5,6,40,8000,0.134883,6.06557e-05,0.000305899,4.0383e-05,1,10.3427,10.35,1.38044,nan,0.0611696,nan,0.141741,10.0153,10.2857,10.5453,True,0.13495,0.134923,0.134306,0.135701,6.07712e-05,6.07876e-05,6.0292e-05,6.12138e-05,0.00029667,0.000296821,0.000266702,0.000326257,4.02379e-05,4.02371e-05,3.99944e-05,4.04776e-05,-0.151473,5,2,0,0.00743299,912,0,False,nan,nan,nan,nan,nan,nan,nan,nan,nan,nan,13,11
ablation_control,matched,alternating,2,5,7,20,8000,0.134883,6.06557e-05,0.000305899,3.64143e-05,1,4.80692,4.80527,1.44786,nan,0.0187227,nan,0.0389686,4.73409,4.82448,4.91205,True,0.134973,0.134946,0.134354,0.135699,6.07928e-05,6.0809e-05,6.03682e-05,6.1205e-05,0.000296164,0.000295444,0.000247443,0.000347717,3.65892e-05,3.65873e-05,3.63189e-05,3.68514e-05,0.0285204,3,2,0,0.00688473,1034,0,False,nan,nan,nan,nan,nan,nan,nan,nan,nan,nan,13,11
ablation_control,matched,alternating,2,5,8,40,8000,0.134883,6.06557e-05,0.000305899,3.473e-05,1,8.95303,8.94065,1.31929,nan,0.122771,nan,0.0275708,8.89241,9.07784,9.2654,True,0.134948,0.134936,0.134404,0.135524,6.07362e-05,6.07437e-05,6.03124e-05,6.11683e-05,0.000317224,0.000317317,0.00028153,0.000352769,3.46616e-05,3.46623e-05,3.44488e-05,3.48775e-05,-0.0254425,6,2,0,0.00716222,858,0,False,nan,nan,nan,nan,nan,nan,nan,nan,nan,nan,13,11
ablation_control,matched,alternating,2,5,9,20,8000,0.134883,6.06557e-05,0.000305899,3.23545e-05,1,4.28141,4.28713,1.29692,nan,0.0939874,nan,0.05265,4.1195,4.19058,4.26657,False,0.134911,0.134892,0.134354,0.135465,6.06471e-05,6.06582e-05,6.02272e-05,6.10636e-05,0.000293227,0.000291645,0.000244991,0.000349839,3.22512e-05,3.22435e-05,3.19905e-05,3.25411e-05,-0.0326753,4,2,0,0.00820654,854,0,False,nan,nan,nan,nan,nan,nan,nan,nan,nan,nan,13,11
ablation_control,matched,alternating,2,5,10,40,8000,0.134883,6.06557e-05,0.000305899,3.12172e-05,1,8.0804,8.11691,1.18385,nan,0.0156204,nan,0.0289635,7.89757,8.06561,8.23476,True,0.134977,0.134985,0.1344,0.135553,6.06817e-05,6.06908e-05,6.02689e-05,6.11043e-05,0.000295615,0.000295473,0.000255316,0.00033787,3.12204e-05,3.12125e-05,3.10199e-05,3.14247e-05,-0.128012,4,2,0,0.00819607,905,0,False,nan,nan,nan,nan,nan,nan,nan,nan,nan,nan,13,11
ablation_control,matched,alternating,2,5,11,20,8000,0.134883,6.06557e-05,0.000305899,2.88492e-05,1,3.82562,3.82242,1.17564,nan,0.0204394,nan,0.016599,3.76779,3.84565,3.91372,True,0.135047,0.135051,0.134494,0.135606,6.07009e-05,6.07046e-05,6.02752e-05,6.11159e-05,0.000300498,0.000298839,0.000245002,0.000362948,2.89541e-05,2.89547e-05,2.8717e-05,2.91802e-05,-0.00111013,3,2,0,0.0079606,1012,0,False,nan,nan,nan,nan,nan,nan,nan,nan,nan,nan,13,11
ablation_control,matched,alternating,2,5,12,40,8000,0.134883,6.06557e-05,0.000305899,2.85412e-05,1,7.41092,7.38556,1.054,nan,0.129008,nan,0.178267,7.13361,7.28602,7.43457,True,0.134954,0.134964,0.134399,0.135489,6.07528e-05,6.07446e-05,6.03098e-05,6.11584e-05,0.000316965,0.000316701,0.00026856,0.000367261,2.8349e-05,2.83442e-05,2.81488e-05,2.85578e-05,-0.0855516,5,2,0,0.00850584,908,0,False,nan,nan,nan,nan,nan,nan,nan,nan,nan,nan,13,11
ablation_control,matched,alternating,2,5,13,20,8000,0.134883,6.06557e-05,0.000305899,2.64761e-05,1,3.51597,3.52033,1.07403,nan,0.023954,nan,0.0241345,3.42379,3.49332,3.55984,True,0.134912,0.13492,0.134398,0.135454,6.07279e-05,6.07198e-05,6.03098e-05,6.11424e-05,0.000308268,0.000306291,0.000248645,0.000374639,2.65689e-05,2.65651e-05,2.63304e-05,2.68214e-05,-0.00366339,2,2,0,0.00829715,1144,0,False,nan,nan,nan,nan,nan,nan,nan,nan,nan,nan,13,11
ablation_control,matched,alternating,2,5,14,40,8000,0.134883,6.06557e-05,0.000305899,2.59387e-05,1,6.75581,6.74227,0.985049,nan,0.0420658,nan,0.0793899,6.56932,6.71727,6.85743,True,0.134926,0.134934,0.134397,0.13546,6.07355e-05,6.07303e-05,6.03062e-05,6.11724e-05,0.00028038,0.000280717,0.000230494,0.000333215,2.57665e-05,2.57637e-05,2.55851e-05,2.59519e-05,-0.0775353,4,2,0,0.00760644,1073,0,False,nan,nan,nan,nan,nan,nan,nan,nan,nan,nan,13,11
ablation_control,matched,alternating,2,5,15,20,8000,0.134883,6.06557e-05,0.000305899,2.37993e-05,1,3.16562,3.15189,0.993275,nan,0.0681892,nan,0.0787409,3.17285,3.23044,3.28589,False,0.134904,0.134898,0.134429,0.135426,6.07737e-05,6.07798e-05,6.03497e-05,6.12141e-05,0.00031718,0.00031477,0.000250207,0.000392272,2.3924e-05,2.39272e-05,2.36763e-05,2.41611e-05,-0.0136873,5,2,0,0.00879816,935,0,False,nan,nan,nan,nan,nan,nan,nan,nan,nan,nan,13,11
ablation_control,matched,alternating,2,5,16,40,8000,0.134883,6.06557e-05,0.000305899,2.26948e-05,1,5.93363,5.92348,1.08088,nan,0.146753,nan,0.11007,5.94009,6.07786,6.21272,False,0.134853,0.134845,0.134385,0.135336,6.07256e-05,6.07186e-05,6.02748e-05,6.11691e-05,0.000369252,0.000368107,0.000295936,0.00044017,2.27544e-05,2.27566e-05,2.25527e-05,2.2941e-05,-0.00397629,6,2,0,0.0102938,754,0,False,nan,nan,nan,nan,nan,nan,nan,nan,nan,nan,13,11
ablation_control,matched,alternating,2,5,17,20,8000,0.134883,6.06557e-05,0.000305899,2.20114e-05,1,2.93099,2.93069,0.920663,nan,0.117524,nan,0.0733587,2.758,2.81946,2.88267,False,0.134811,0.134812,0.134313,0.135263,6.06635e-05,6.06557e-05,6.01992e-05,6.11259e-05,0.000316902,0.000312503,0.00024575,0.000403576,2.19195e-05,2.19239e-05,2.16608e-05,2.21722e-05,-0.0793126,5,2,0,0.0129203,726,0,False,nan,nan,nan,nan,nan,nan,nan,nan,nan,nan,13,11
ablation_control,matched,alternating,2,5,18,40,8000,0.134883,6.06557e-05,0.000305899,2.13726e-05,1,5.59672,5.59453,0.951625,nan,0.0102311,nan,0.0138934,5.42942,5.58498,5.74899,True,0.134833,0.134833,0.134325,0.135262,6.06717e-05,6.06557e-05,6.02246e-05,6.11369e-05,0.000310276,0.000309009,0.000244856,0.000380055,2.13338e-05,2.13347e-05,2.11561e-05,2.15153e-05,0.00136368,4,2,0,0.0126895,823,0,False,nan,nan,nan,nan,nan,nan,nan,nan,nan,nan,13,11
ablation_control,matched,alternating,2,5,19,20,8000,0.134883,6.06557e-05,0.000305899,2.01289e-05,1,2.68338,2.71064,0.864035,nan,0.00849282,nan,0.0230626,2.62218,2.6916,2.75854,True,0.134842,0.134853,0.134367,0.135264,6.06602e-05,6.06552e-05,6.01947e-05,6.11216e-05,0.000301442,0.00029808,0.000230124,0.000385862,2.03579e-05,2.03561e-05,2.01185e-05,2.05982e-05,0.00124333,2,2,0,0.0122795,1018,0,False,nan,nan,nan,nan,nan,nan,nan,nan,nan,nan,13,11
ablation_control,matched,alternating,2,5,20,40,8000,0.134883,6.06557e-05,0.000305899,1.94991e-05,1,5.11754,5.11934,0.959292,nan,0.106689,nan,0.0365391,5.0765,5.21987,5.36605,True,0.134809,0.134825,0.13435,0.135226,6.06285e-05,6.06384e-05,6.01417e-05,6.10952e-05,0.000307341,0.000305842,0.000237618,0.000381443,1.95035e-05,1.95007e-05,1.93385e-05,1.96715e-05,-0.0109438,5,2,0,0.0125433,872,0,False,nan,nan,nan,nan,nan,nan,nan,nan,nan,nan,13,11
ablation_control,matched,alternating,2,6,1,20,8000,0.352031,3.04858e-05,0.000304466,3.04858e-05,1,4.07966,4.06026,4.8566,nan,4.32632,nan,0,5.28591,7.92172,11.77,False,0.347614,0.346928,0.340193,0.356623,3.19138e-05,3.20759e-05,2.84555e-05,3.50069e-05,0.000216195,0.000209901,0.000130273,0.000324987,3.19138e-05,3.20759e-05,2.84555e-05,3.50069e-05,-0.168457,18,2,0,0.0204808,922,0,False,nan,nan,nan,nan,nan,nan,nan,nan,nan,nan,13,21
ablation_control,matched,alternating,2,6,2,40,8000,0.352031,3.04858e-05,0.000304466,2.95774e-05,1,7.72522,7.73041,7.78435,nan,0.829973,nan,0.0545855,7.03211,8.56536,9.89659,True,0.348725,0.348765,0.345122,0.352044,3.04126e-05,3.03387e-05,2.9765e-05,3.1425e-05,0.000259752,0.000258428,0.000204578,0.000319773,2.94104e-05,2.94359e-05,2.87908e-05,2.98639e-05,-0.0443931,10,2,0,0.0147335,1506,0,False,nan,nan,nan,nan,nan,nan,nan,nan,nan,nan,13,21
ablation_control,matched,alternating,2,6,3,20,8000,0.352031,3.04858e-05,0.000304466,2.75378e-05,1,3.69168,3.72264,4.03847,nan,0.0265217,nan,0.00381104,3.49308,3.72469,3.91805,True,0.348727,0.348705,0.345567,0.35179,3.03817e-05,3.03687e-05,3.00054e-05,3.08155e-05,0.000252957,0.000252129,0.000199768,0.000313695,2.76557e-05,2.76539e-05,2.73208e-05,2.80171e-05,-0.0975183,4,2,0,0.0101814,1188,0,False,nan,nan,nan,nan,nan,nan,nan,nan,nan,nan,13,21
ablation_control,matched,alternating,2,6,4,40,8000,0.352031,3.04858e-05,0.000304466,2.67097e-05,1,6.99963,6.96292,6.44626,nan,0.0964951,nan,0.0216913,6.84829,7.08448,7.37153,True,0.350709,0.350716,0.348192,0.353288,3.03366e-05,3.03399e-05,2.99983e-05,3.06624e-05,0.000279813,0.000279373,0.000226193,0.000332244,2.6575e-05,2.65802e-05,2.63639e-05,2.67843e-05,-0.166351,5,2,0,0.00948791,977,0,False,nan,nan,nan,nan,nan,nan,nan,nan,nan,nan,13,21
ablation_control,matched,alternating,2,6,5,20,8000,0.352031,3.04858e-05,0.000304466,2.55216e-05,1,3.42554,3.41396,3.44474,nan,0.0671506,nan,0.0747737,3.28683,3.37221,3.4605,True,0.350771,0.350784,0.348242,0.353199,3.02903e-05,3.02932e-05,2.99664e-05,3.05962e-05,0.000274985,0.000272872,0.000217287,0.000338337,2.52793e-05,2.52755e-05,2.50418e-05,2.55244e-05,-0.104839,4,2,0,0.00917357,998,0,False,nan,nan,nan,nan,nan,nan,nan,nan,nan,nan,13,21
ablation_control,matched,alternating,2,6,6,40,8000,0.352031,3.04858e-05,0.000304466,2.49644e-05,1,6.55564,6.55584,5.38911,nan,0.108398,nan,0.0619809,6.31202,6.45867,6.60405,True,0.350903,0.35088,0.348735,0.353117,3.03165e-05,3.03183e-05,3.00257e-05,3.06141e-05,0.000248222,0.000246351,0.000200614,0.000300107,2.48614e-05,2.48591e-05,2.46802e-05,2.50649e-05,-0.0991125,5,2,0,0.00947538,928,0,False,nan,nan,nan,nan,nan,nan,nan,nan,nan,nan,13,21
ablation_control,matched,alternating,2,6,7,20,8000,0.352031,3.04858e-05,0.000304466,2.36679e-05,1,3.18028,3.18656,3.01269,nan,0.0182078,nan,0.0248828,3.11621,3.19614,3.27211,True,0.351273,0.351223,0.34921,0.353545,3.0315e-05,3.03211e-05,3.00203e-05,3.05916e-05,0.00025517,0.000252613,0.000197243,0.000319705,2.36762e-05,2.36789e-05,2.34579e-05,2.3892e-05,-0.165537,2,2,0,0.00853351,1183,0,False,nan,nan,nan,nan,nan,nan,nan,nan,nan,nan,13,21
ablation_control,matched,alternating,2,6,8,40,8000,0.352031,3.04858e-05,0.000304466,2.31641e-05,1,6.09582,6.08411,4.64921,nan,0.0197124,nan,0.0471054,5.95782,6.10121,6.23096,True,0.351565,0.351574,0.349572,0.353651,3.03177e-05,3.03232e-05,3.0027e-05,3.05911e-05,0.000258225,0.000257411,0.000208635,0.000310354,2.30626e-05,2.30617e-05,2.28946e-05,2.32327e-05,-0.142082,4,2,0,0.0080125,1038,0,False,nan,nan,nan,nan,nan,nan,nan,nan,nan,nan,13,21
ablation_control,matched,alternating,2,6,9,20,8000,0.352031,3.04858e-05,0.000304466,2.22288e-05,1,2.9895,2.99569,2.67981,nan,0.0242937,nan,0.0514001,2.91397,2.97115,3.02808,True,0.351458,0.351453,0.349473,0.353421,3.03158e-05,3.03218e-05,3.00323e-05,3.05893e-05,0.000246739,0.000245364,0.000193645,0.000308019,2.20239e-05,2.20231e-05,2.18325e-05,2.22263e-05,-0.105641,2,2,0,0.00751698,1240,0,False,nan,nan,nan,nan,nan,nan,nan,nan,nan,nan,13,21
ablation_control,matched,alternating,2,6,10,40,8000,0.352031,3.04858e-05,0.000304466,2.1528e-05,1,5.67621,5.65515,4.09272,nan,0.0333432,nan,0.0297202,5.58766,5.70303,5.81858,True,0.351518,0.351546,0.349626,0.35334,3.03072e-05,3.03097e-05,3.00278e-05,3.05834e-05,0.000266857,0.00026502,0.000212719,0.000325045,2.14351e-05,2.14374e-05,2.12922e-05,2.15885e-05,-0.120414,4,2,0,0.0073255,1083,0,False,nan,nan,nan,nan,nan,nan,nan,nan,nan,nan,13,21
ablation_control,matched,alternating,2,6,11,20,8000,0.352031,3.04858e-05,0.000304466,2.05891e-05,1,2.77173,2.75637,2.42223,nan,0.00658425,nan,0.0240394,2.7188,2.76782,2.81515,True,0.351799,0.351818,0.34992,0.3536,3.031e-05,3.03076e-05,3.00439e-05,3.05857e-05,0.000279888,0.000277997,0.000216263,0.000347474,2.04279e-05,2.04263e-05,2.02381e-05,2.06132e-05,-0.092022,2,2,0,0.00702955,1259,0,False,nan,nan,nan,nan,nan,nan,nan,nan,nan,nan,13,21
ablation_control,matched,alternating,2,6,12,40,8000,0.352031,3.04858e-05,0.000304466,2.01135e-05,1,5.31215,5.33518,3.65259,nan,0.0401211,nan,0.00993302,5.17837,5.27653,5.37751,True,0.351367,0.351402,0.349492,0.353107,3.03218e-05,3.03183e-05,3.00667e-05,3.05843e-05,0.000242983,0.000241256,0.000190001,0.000300477,2.00586e-05,2.00579e-05,1.99212e-05,2.0201e-05,-0.116165,4,2,0,0.00688973,1103,0,False,nan,nan,nan,nan,nan,nan,nan,nan,nan,nan,13,21
ablation_control,matched,alternating,2,6,13,20,8000,0.352031,3.04858e-05,0.000304466,1.89285e-05,1,2.55075,2.54415,2.21291,nan,0.0709138,nan,0.0374492,2.56671,2.60979,2.65389,False,0.351597,0.351641,0.349799,0.353295,3.03415e-05,3.03401e-05,3.00882e-05,3.05898e-05,0.000278664,0.000276311,0.000211713,0.000354228,1.90184e-05,1.90209e-05,1.88377e-05,1.91929e-05,-0.0920891,4,2,0,0.00738852,1014,0,False,nan,nan,nan,nan,nan,nan,nan,nan,nan,nan,13,21
ablation_control,matched,alternating,2,6,14,40,8000,0.352031,3.04858e-05,0.000304466,1.85124e-05,1,4.89861,4.9022,3.33978,nan,0.0366744,nan,0.00469413,4.83298,4.93186,5.03108,True,0.351575,0.351601,0.349954,0.353165,3.03342e-05,3.03351e-05,3.00838e-05,3.05786e-05,0.000283905,0.000281885,0.000219255,0.000353009,1.85385e-05,1.85393e-05,1.8395e-05,1.86817e-05,-0.0797287,3,2,0,0.00728005,1070,0,False,nan,nan,nan,nan,nan,nan,nan,nan,nan,nan,13,21
ablation_control,matched,alternating,2,6,15,20,8000,0.352031,3.04858e-05,0.000304466,1.75482e-05,1,2.36672,2.34839,2.03684,nan,0.0404997,nan,0.0248907,2.35928,2.40015,2.44234,True,0.351714,0.351727,0.350152,0.353348,3.03415e-05,3.03366e-05,3.00965e-05,3.05936e-05,0.000312088,0.000310493,0.000235077,0.000401841,1.75718e-05,1.75766e-05,1.73822e-05,1.77489e-05,-0.0269962,3,2,0,0.00740547,1129,0,False,nan,nan,nan,nan,nan,nan,nan,nan,nan,nan,13,21
ablation_control,matched,alternating,2,6,16,40,8000,0.352031,3.04858e-05,0.000304466,1.71648e-05,1,4.54933,4.51778,3.07425,nan,0.00481214,nan,0.00303671,4.45535,4.55481,4.64139,True,0.35157,0.351594,0.349931,0.353165,3.03389e-05,3.03399e-05,3.00927e-05,3.05927e-05,0.000330141,0.000328345,0.000256637,0.000408208,1.70934e-05,1.70932e-05,1.6957e-05,1.72331e-05,-0.0906721,3,2,0,0.00726493,1136,0,False,nan,nan,nan,nan,nan,nan,nan,nan,nan,nan,13,21
ablation_control,matched,alternating,2,6,17,20,8000,0.352031,3.04858e-05,0.000304466,1.65459e-05,1,2.2329,2.23836,1.8863,nan,0.0353306,nan,0.0129454,2.16399,2.20431,2.24351,True,0.351527,0.351566,0.349835,0.353119,3.03272e-05,3.03289e-05,3.00774e-05,3.05638e-05,0.000306648,0.000304627,0.000228808,0.000392274,1.64826e-05,1.64796e-05,1.63111e-05,1.66635e-05,-0.0788224,3,2,0,0.00752026,1140,0,False,nan,nan,nan,nan,nan,nan,nan,nan,nan,nan,13,21
ablation_control,matched,alternating,2,6,18,40,8000,0.352031,3.04858e-05,0.000304466,1.62628e-05,1,4.3149,4.33233,2.8176,nan,0.0367396,nan,0.013738,4.19665,4.27979,4.37351,True,0.351249,0.35127,0.349606,0.352774,3.03451e-05,3.03457e-05,3.00998e-05,3.0594e-05,0.000307022,0.000305057,0.000237494,0.000379548,1.62914e-05,1.62906e-05,1.61635e-05,1.64289e-05,-0.0829377,3,2,0,0.00759303,1181,0,False,nan,nan,nan,nan,nan,nan,nan,nan,nan,nan,13,21
ablation_control,matched,alternating,2,6,19,20,8000,0.352031,3.04858e-05,0.000304466,1.57763e-05,1,2.13003,2.10316,1.75778,nan,0.0194408,nan,0.0230454,2.07628,2.11534,2.15123,True,0.351165,0.351146,0.34962,0.352701,3.03467e-05,3.03482e-05,3.00978e-05,3.05885e-05,0.000309801,0.000307548,0.000232346,0.000395253,1.56369e-05,1.56441e-05,1.54622e-05,1.58018e-05,-0.0631676,2,2,0,0.00754601,1291,0,False,nan,nan,nan,nan,nan,nan,nan,nan,nan,nan,13,21
ablation_control,matched,alternating,2,6,20,40,8000,0.352031,3.04858e-05,0.000304466,1.55784e-05,1,4.13669,4.12685,2.5875,nan,0.0728221,nan,0.0294508,3.984,4.07108,4.15428,True,0.351298,0.351292,0.349755,0.352845,3.03469e-05,3.03409e-05,3.00971e-05,3.06116e-05,0.000298755,0.000295848,0.000222457,0.000385027,1.55211e-05,1.55214e-05,1.53934e-05,1.56562e-05,-0.130914,4,2,0,0.00775541,1078,0,False,nan,nan,nan,nan,nan,nan,nan,nan,nan,nan,13,21
ablation_control,matched,alternating,2,7,1,20,8000,0.372478,5.62212e-05,0.000164505,5.62212e-05,1,7.53081,7.5217,5.36527,nan,2.74629,nan,0,5.2749,7.94118,11.9288,True,0.366473,0.366397,0.36215,0.37133,5.63812e-05,5.7101e-05,4.9346e-05,6.04722e-05,0.000150501,0.000150042,0.000107616,0.000197417,5.63812e-05,5.7101e-05,4.9346e-05,6.04722e-05,-0.165684,17,2,0,0.0184098,816,0,False,nan,nan,nan,nan,nan,nan,nan,nan,nan,nan,13,19
ablation_control,matched,alternating,2,7,2,40,8000,0.372478,5.62212e-05,0.000164505,5.46864e-05,1,14.2909,14.3023,6.70019,nan,0.121546,nan,0.138498,11.5608,14.6269,16.313,True,0.370548,0.370604,0.368576,0.372425,5.64336e-05,5.63009e-05,5.53713e-05,5.77069e-05,0.000159114,0.000159134,0.000142661,0.000175794,5.44235e-05,5.44727e-05,5.35547e-05,5.51608e-05,-0.0326639,11,2,0,0.016108,1428,0,False,nan,nan,nan,nan,nan,nan,nan,nan,nan,nan,13,19
ablation_control,matched,alternating,2,7,3,20,8000,0.372478,5.62212e-05,0.000164505,4.99305e-05,1,6.70182,6.66556,4.75378,nan,0.0829097,nan,0.166671,6.42386,6.79034,7.10834,True,0.37097,0.370961,0.369275,0.372707,5.67029e-05,5.66786e-05,5.59692e-05,5.7512e-05,0.000165459,0.0001644,0.000136814,0.000195124,5.03315e-05,5.03273e-05,4.96328e-05,5.1006e-05,-0.051821,6,2,0,0.0137973,923,0,False,nan,nan,nan,nan,nan,nan,nan,nan,nan,nan,13,19
ablation_control,matched,alternating,2,7,4,40,8000,0.372478,5.62212e-05,0.000164505,4.87668e-05,1,12.7917,12.8203,5.9808,nan,0.0838703,nan,0.124919,12.4072,12.8608,13.3778,True,0.371169,0.371111,0.369852,0.372601,5.66584e-05,5.66476e-05,5.61459e-05,5.71883e-05,0.00017763,0.000177318,0.000159423,0.000196007,4.85919e-05,4.8601e-05,4.82417e-05,4.89008e-05,-0.081819,6,2,0,0.00959246,786,0,False,nan,nan,nan,nan,nan,nan,nan,nan,nan,nan,13,19
ablation_control,matched,alternating,2,7,5,20,8000,0.372478,5.62212e-05,0.000164505,4.55387e-05,1,6.12108,6.14061,4.34347,nan,0.120498,nan,0.0396972,5.86124,6.0259,6.18872,True,0.37153,0.371501,0.370135,0.373009,5.64918e-05,5.64788e-05,5.60405e-05,5.70054e-05,0.000164437,0.000163178,0.000136544,0.000194043,4.60982e-05,4.60721e-05,4.57207e-05,4.65721e-05,-0.0954651,6,2,0,0.0112318,746,0,False,nan,nan,nan,nan,nan,nan,nan,nan,nan,nan,13,19
ablation_control,matched,alternating,2,7,6,40,8000,0.372478,5.62212e-05,0.000164505,4.41109e-05,1,11.6047,11.6208,5.44395,nan,0.246265,nan,0.0234515,11.5237,11.8328,12.1738,True,0.371568,0.371548,0.370255,0.372925,5.63699e-05,5.63501e-05,5.58862e-05,5.6925e-05,0.000138953,0.000139128,0.000119702,0.000159225,4.38235e-05,4.38384e-05,4.34866e-05,4.41033e-05,-0.0458168,8,2,0,0.0139334,624,0,False,nan,nan,nan,nan,nan,nan,nan,nan,nan,nan,13,19
ablation_control,matched,alternating,2,7,7,20,8000,0.372478,5.62212e-05,0.000164505,4.2199e-05,1,5.67835,5.695,4.04788,nan,0.104489,nan,0.0881292,5.42283,5.5975,5.76009,True,0.371532,0.371547,0.370268,0.372716,5.62823e-05,5.62704e-05,5.58538e-05,5.67093e-05,0.000140498,0.000139978,0.00011317,0.000169127,4.2216e-05,4.22049e-05,4.1906e-05,4.257e-05,-0.0115783,4,2,0,0.0132623,737,0,False,nan,nan,nan,nan,nan,nan,nan,nan,nan,nan,13,19
ablation_control,matched,alternating,2,7,8,40,8000,0.372478,5.62212e-05,0.000164505,4.1445e-05,1,10.9219,10.935,5.20044,nan,0.0333197,nan,0.113383,10.6257,10.9338,11.2479,True,0.372322,0.372319,0.37123,0.37351,5.62705e-05,5.6263e-05,5.58964e-05,5.66198e-05,0.000150582,0.000150377,0.000127862,0.000173986,4.13191e-05,4.13159e-05,4.10807e-05,4.15604e-05,-0.16957,6,2,0,0.0116346,724,0,False,nan,nan,nan,nan,nan,nan,nan,nan,nan,nan,13,19
ablation_control,matched,alternating,2,7,9,20,8000,0.372478,5.62212e-05,0.000164505,3.91849e-05,1,5.27797,5.27915,3.78452,nan,0.00476095,nan,0.0139183,5.14478,5.27731,5.40299,True,0.372388,0.372398,0.371335,0.373446,5.62513e-05,5.6237e-05,5.59011e-05,5.66166e-05,0.000160122,0.000158473,0.000128935,0.000195161,3.94912e-05,3.94907e-05,3.9228e-05,3.97586e-05,-0.0330608,4,2,0,0.0111259,821,0,False,nan,nan,nan,nan,nan,nan,nan,nan,nan,nan,13,19
ablation_control,matched,alternating,2,7,10,40,8000,0.372478,5.62212e-05,0.000164505,3.69096e-05,1,9.75493,9.7594,4.63018,nan,0.49221,nan,0.360842,9.96435,10.2023,10.4398,False,0.372292,0.372285,0.37142,0.373203,5.61303e-05,5.61378e-05,5.57428e-05,5.65076e-05,0.000183611,0.000183642,0.000153889,0.000213657,3.6982e-05,3.69821e-05,3.67504e-05,3.72162e-05,-0.108083,10,2,0,0.0177819,617,0,False,nan,nan,nan,nan,nan,nan,nan,nan,nan,nan,13,19
ablation_control,matched,alternating,2,7,11,20,8000,0.372478,5.62212e-05,0.000164505,3.56041e-05,1,4.80127,4.78205,3.44535,nan,0.112535,nan,0.0699375,4.55395,4.7082,4.86586,True,0.372365,0.372364,0.371427,0.373248,5.61076e-05,5.61102e-05,5.57335e-05,5.64892e-05,0.000184754,0.000184063,0.000146907,0.000227605,3.57263e-05,3.57234e-05,3.54478e-05,3.60124e-05,0.00215716,5,2,0,0.0177615,720,0,False,nan,nan,nan,nan,nan,nan,nan,nan,nan,nan,13,19
ablation_control,matched,alternating,2,7,12,40,8000,0.372478,5.62212e-05,0.000164505,3.47918e-05,1,9.20773,9.17473,4.43222,nan,0.0236925,nan,0.00415213,8.90257,9.19021,9.49384,True,0.372357,0.372363,0.37141,0.373242,5.61064e-05,5.60989e-05,5.57591e-05,5.64813e-05,0.000169483,0.000168961,0.000140162,0.000201052,3.46412e-05,3.46404e-05,3.4423e-05,3.48587e-05,-0.148083,5,2,0,0.0169349,804,0,False,nan,nan,nan,nan,nan,nan,nan,nan,nan,nan,13,19
ablation_control,matched,alternating,2,7,13,20,8000,0.372478,5.62212e-05,0.000164505,3.3388e-05,1,4.50569,4.52655,3.25085,nan,0.0664047,nan,0.0231065,4.31276,4.45168,4.58756,True,0.372362,0.372356,0.371426,0.373294,5.60785e-05,5.60663e-05,5.57274e-05,5.64406e-05,0.000173374,0.000171929,0.000135315,0.000217072,3.34314e-05,3.34252e-05,3.31665e-05,3.36917e-05,-0.0400111,4,2,0,0.0163258,819,0,False,nan,nan,nan,nan,nan,nan,nan,nan,nan,nan,13,19
ablation_control,matched,alternating,2,7,14,40,8000,0.372478,5.62212e-05,0.000164505,3.25503e-05,1,8.62695,8.61199,4.19273,nan,0.0343277,nan,0.0311208,8.4019,8.65398,8.92628,True,0.372604,0.372615,0.371696,0.373485,5.6051e-05,5.60427e-05,5.57108e-05,5.64171e-05,0.000159222,0.000158645,0.000129644,0.000191503,3.24962e-05,3.24947e-05,3.22951e-05,3.26884e-05,-0.0840788,5,2,0,0.0154516,844,0,False,nan,nan,nan,nan,nan,nan,nan,nan,nan,nan,13,19
ablation_control,matched,alternating,2,7,15,20,8000,0.372478,5.62212e-05,0.000164505,3.1168e-05,1,4.20917,4.21602,3.04693,nan,0.0010985,nan,0.00421476,4.0892,4.20861,4.33048,True,0.372568,0.372571,0.371689,0.373448,5.60376e-05,5.6032e-05,5.5704e-05,5.63918e-05,0.000162164,0.000161227,0.000124494,0.00020252,3.1226e-05,3.12248e-05,3.09823e-05,3.14664e-05,-0.0426696,3,2,0,0.0149017,942,0,False,nan,nan,nan,nan,nan,nan,nan,nan,nan,nan,13,19
ablation_control,matched,alternating,2,7,16,40,8000,0.372478,5.62212e-05,0.000164505,3.10802e-05,1,8.24515,8.2617,4.07822,nan,0.131154,nan,0.156241,7.89656,8.1269,8.34085,True,0.372503,0.372508,0.371677,0.373332,5.6052e-05,5.60506e-05,5.57033e-05,5.63981e-05,0.000165405,0.000164683,0.000130919,0.000201882,3.1096e-05,3.10944e-05,3.08949e-05,3.12954e-05,-0.104473,5,2,0,0.0152465,886,0,False,nan,nan,nan,nan,nan,nan,nan,nan,nan,nan,13,19
ablation_control,matched,alternating,2,7,17,20,8000,0.372478,5.62212e-05,0.000164505,3.01191e-05,1,4.06892,4.07267,2.97762,nan,0.0484938,nan,0.0454699,3.91607,4.02839,4.1456,True,0.372465,0.372477,0.37158,0.373314,5.60394e-05,5.60378e-05,5.5699e-05,5.63855e-05,0.000160816,0.000158603,0.000121973,0.000206624,3.00704e-05,3.00698e-05,2.98206e-05,3.03186e-05,-0.0775145,4,2,0,0.0146548,924,0,False,nan,nan,nan,nan,nan,nan,nan,nan,nan,nan,13,19
ablation_control,matched,alternating,2,7,18,40,8000,0.372478,5.62212e-05,0.000164505,2.95044e-05,1,7.83508,7.87538,3.92481,nan,0.00729327,nan,0.0059283,7.6307,7.83687,8.0572,True,0.372598,0.372612,0.371744,0.373391,5.60493e-05,5.60503e-05,5.57214e-05,5.63908e-05,0.000142255,0.000141924,0.000111749,0.000176107,2.9564e-05,2.95613e-05,2.93886e-05,2.97519e-05,-0.0960328,4,2,0,0.0141912,975,0,False,nan,nan,nan,nan,nan,nan,nan,nan,nan,nan,13,19
ablation_control,matched,alternating,2,7,19,20,8000,0.372478,5.62212e-05,0.000164505,2.79872e-05,1,3.78357,3.77028,2.76732,nan,0.0969074,nan,0.0652184,3.76442,3.8636,3.96033,True,0.372552,0.372561,0.371713,0.373333,5.60926e-05,5.60901e-05,5.57371e-05,5.64641e-05,0.000146102,0.000143819,0.000106566,0.000193302,2.80172e-05,2.80184e-05,2.77743e-05,2.82511e-05,-0.0628171,5,2,0,0.0147952,900,0,False,nan,nan,nan,nan,nan,nan,nan,nan,nan,nan,13,19
ablation_control,matched,alternating,2,7,20,40,8000,0.372478,5.62212e-05,0.000164505,2.7794e-05,1,7.38906,7.41845,3.72272,nan,0.0412448,nan,0.0917312,7.14464,7.35185,7.55655,True,0.372378,0.372395,0.3715,0.373208,5.61133e-05,5.61114e-05,5.57811e-05,5.64648e-05,0.000161442,0.000160481,0.000122826,0.000202686,2.77901e-05,2.77873e-05,2.76079e-05,2.79802e-05,-0.0991774,5,2,0,0.0142979,893,0,False,nan,nan,nan,nan,nan,nan,nan,nan,nan,nan,13,19
ablation_control,matched,alternating,2,8,1,20,8000,0.848178,5.16568e-05,0.000224518,5.16568e-05,1,6.94956,6.89674,6.98092,nan,4.07355,nan,0,5.30451,7.88563,11.8102,True,0.851227,0.851682,0.838373,0.862081,5.16686e-05,5.19372e-05,4.71417e-05,5.68027e-05,0.000238645,0.000238368,0.000182848,0.000293984,5.16686e-05,5.19372e-05,4.71417e-05,5.68027e-05,-0.144475,17,2,0,0.0193942,727,0,False,nan,nan,nan,nan,nan,nan,nan,nan,nan,nan,13,15
ablation_control,matched,alternating,2,8,2,40,8000,0.848178,5.16568e-05,0.000224518,4.90526e-05,1,12.8369,12.8476,10.3995,nan,0.115246,nan,0.0882195,10.9393,12.9276,15.1381,True,0.851233,0.851243,0.846666,0.855829,5.12824e-05,5.13494e-05,4.98179e-05,5.25172e-05,0.000208555,0.000208194,0.000190527,0.000226775,4.88751e-05,4.88963e-05,4.80929e-05,4.98638e-05,0.0206547,10,2,0,0.0186614,1266,0,False,nan,nan,nan,nan,nan,nan,nan,nan,nan,nan,13,15
ablation_control,matched,alternating,2,8,3,20,8000,0.848178,5.16568e-05,0.000224518,4.47581e-05,1,6.03973,6.04774,6.04261,nan,0.096306,nan,0.0496594,5.75515,6.10738,6.48255,True,0.849473,0.849337,0.84539,0.853825,5.15379e-05,5.15744e-05,5.06987e-05,5.22693e-05,0.000232688,0.000231361,0.000195711,0.000273291,4.50777e-05,4.50718e-05,4.44068e-05,4.57528e-05,-0.0820846,6,2,0,0.0144954,874,0,False,nan,nan,nan,nan,nan,nan,nan,nan,nan,nan,13,15
ablation_control,matched,alternating,2,8,4,40,8000,0.848178,5.16568e-05,0.000224518,4.30155e-05,1,11.315,11.3475,9.10126,nan,0.10012,nan,0.00371078,10.9406,11.3746,11.9131,True,0.848613,0.848619,0.84489,0.852346,5.14897e-05,5.14793e-05,5.0927e-05,5.2014e-05,0.000232347,0.000233045,0.000210374,0.000254044,4.31162e-05,4.31237e-05,4.28006e-05,4.34189e-05,-0.0945903,7,2,0,0.00893741,779,0,False,nan,nan,nan,nan,nan,nan,nan,nan,nan,nan,13,15
ablation_control,matched,alternating,2,8,5,20,8000,0.848178,5.16568e-05,0.000224518,3.9806e-05,1,5.38324,5.4197,5.36671,nan,0.0141965,nan,0.0151578,5.22249,5.37777,5.51022,True,0.84847,0.84848,0.844863,0.851949,5.13959e-05,5.14036e-05,5.09879e-05,5.17959e-05,0.000233639,0.000233131,0.000196989,0.000274047,4.00844e-05,4.00813e-05,3.98071e-05,4.03946e-05,-0.115803,4,2,0,0.00745142,876,0,False,nan,nan,nan,nan,nan,nan,nan,nan,nan,nan,13,15
ablation_control,matched,alternating,2,8,6,40,8000,0.848178,5.16568e-05,0.000224518,3.87152e-05,1,10.2215,10.2249,8.1663,nan,0.0370556,nan,0.0965535,9.97609,10.1906,10.4213,True,0.848544,0.848562,0.84535,0.851816,5.13783e-05,5.13806e-05,5.10116e-05,5.17392e-05,0.000221014,0.000221218,0.000195795,0.000245113,3.8669e-05,3.86694e-05,3.84635e-05,3.88656e-05,-0.072574,5,2,0,0.00669086,902,0,False,nan,nan,nan,nan,nan,nan,nan,nan,nan,nan,13,15
ablation_control,matched,alternating,2,8,7,20,8000,0.848178,5.16568e-05,0.000224518,3.6534e-05,1,4.9479,4.96278,4.91401,nan,0.0728208,nan,0.0692752,4.81492,4.89566,4.97228,True,0.848254,0.848222,0.845144,0.851356,5.13427e-05,5.13449e-05,5.09972e-05,5.1679e-05,0.000212932,0.000211505,0.000176958,0.000253062,3.64094e-05,3.64097e-05,3.61978e-05,3.66324e-05,-0.107436,3,2,0,0.0064345,1032,0,False,nan,nan,nan,nan,nan,nan,nan,nan,nan,nan,13,15
ablation_control,matched,alternating,2,8,8,40,8000,0.848178,5.16568e-05,0.000224518,3.52261e-05,1,9.32829,9.29426,7.42085,nan,0.0423406,nan,0.0418705,9.20275,9.36111,9.52022,True,0.849089,0.849095,0.846125,0.851911,5.12983e-05,5.12926e-05,5.09658e-05,5.16327e-05,0.000209889,0.000209871,0.00018222,0.000237657,3.51008e-05,3.51006e-05,3.49187e-05,3.52774e-05,-0.104786,5,2,0,0.00645171,955,0,False,nan,nan,nan,nan,nan,nan,nan,nan,nan,nan,13,15
ablation_control,matched,alternating,2,8,9,20,8000,0.848178,5.16568e-05,0.000224518,3.28903e-05,1,4.46163,4.46783,4.42912,nan,0.0531732,nan,0.0393278,4.43202,4.49788,4.56678,True,0.849438,0.849524,0.846654,0.852038,5.13197e-05,5.13194e-05,5.09896e-05,5.16413e-05,0.000220044,0.000219639,0.00017965,0.000261957,3.29597e-05,3.29614e-05,3.27629e-05,3.31579e-05,-0.106688,3,2,0,0.00628579,1026,0,False,nan,nan,nan,nan,nan,nan,nan,nan,nan,nan,13,15
ablation_control,matched,alternating,2,8,10,40,8000,0.848178,5.16568e-05,0.000224518,3.18437e-05,1,8.45737,8.47387,6.72203,nan,0.0614903,nan,0.0287843,8.36096,8.50546,8.64751,True,0.84925,0.849337,0.846569,0.851827,5.13142e-05,5.13048e-05,5.09971e-05,5.16436e-05,0.000241445,0.000241554,0.000209591,0.000275495,3.19359e-05,3.19401e-05,3.17716e-05,3.2091e-05,-0.0575553,4,2,0,0.00600958,1004,0,False,nan,nan,nan,nan,nan,nan,nan,nan,nan,nan,13,15
ablation_control,matched,alternating,2,8,11,20,8000,0.848178,5.16568e-05,0.000224518,2.9912e-05,1,4.063,4.09517,4.03203,nan,0.0254835,nan,0.0346388,4.02029,4.08039,4.13663,True,0.849192,0.849192,0.846607,0.851764,5.13085e-05,5.13021e-05,5.10026e-05,5.163e-05,0.000242288,0.000241225,0.000198802,0.000289718,3.00878e-05,3.0084e-05,2.99077e-05,3.02768e-05,-0.0393914,3,2,0,0.0059348,1091,0,False,nan,nan,nan,nan,nan,nan,nan,nan,nan,nan,13,15
ablation_control,matched,alternating,2,8,12,40,8000,0.848178,5.16568e-05,0.000224518,2.93063e-05,1,7.80067,7.81604,6.18953,nan,0.0476048,nan,0.0609602,7.63853,7.76269,7.88781,True,0.848553,0.84856,0.846102,0.851026,5.13455e-05,5.1345e-05,5.10512e-05,5.16433e-05,0.000252633,0.000252187,0.000218027,0.000291553,2.94344e-05,2.94363e-05,2.92765e-05,2.95904e-05,-0.0506882,5,2,0,0.00589217,924,0,False,nan,nan,nan,nan,nan,nan,nan,nan,nan,nan,13,15
ablation_control,matched,alternating,2,8,13,20,8000,0.848178,5.16568e-05,0.000224518,2.77988e-05,1,3.77952,3.79659,3.74739,nan,0.016039,nan,0.00398004,3.71382,3.76927,3.82183,True,0.848272,0.848272,0.845868,0.850766,5.13336e-05,5.13286e-05,5.10376e-05,5.16446e-05,0.000239845,0.000239081,0.000195127,0.000287274,2.78632e-05,2.78601e-05,2.76931e-05,2.80461e-05,-0.123345,2,2,0,0.00580182,1101,0,False,nan,nan,nan,nan,nan,nan,nan,nan,nan,nan,13,15
ablation_control,matched,alternating,2,8,14,40,8000,0.848178,5.16568e-05,0.000224518,2.70411e-05,1,7.21199,7.18549,5.71768,nan,0.0141113,nan,0.0229921,7.10892,7.22068,7.32959,True,0.848305,0.848311,0.845767,0.850715,5.13198e-05,5.13206e-05,5.10292e-05,5.1607e-05,0.000234101,0.000234128,0.000198516,0.000271525,2.70171e-05,2.70162e-05,2.68798e-05,2.71584e-05,-0.0705584,4,2,0,0.0057628,1028,0,False,nan,nan,nan,nan,nan,nan,nan,nan,nan,nan,13,15
ablation_control,matched,alternating,2,8,15,20,8000,0.848178,5.16568e-05,0.000224518,2.57236e-05,1,3.50062,3.50606,3.47009,nan,0.00463859,nan,0.00887816,3.45189,3.49626,3.54353,True,0.848168,0.848141,0.845739,0.850659,5.13244e-05,5.13279e-05,5.10258e-05,5.16148e-05,0.000240561,0.000239704,0.000193887,0.000294427,2.56733e-05,2.56696e-05,2.5515e-05,2.5835e-05,-0.0836226,2,2,0,0.00573849,1188,0,False,nan,nan,nan,nan,nan,nan,nan,nan,nan,nan,13,15
ablation_control,matched,alternating,2,8,16,40,8000,0.848178,5.16568e-05,0.000224518,2.49327e-05,1,6.66196,6.6557,5.28158,nan,0.0244486,nan,0.0657566,6.5781,6.67985,6.78129,True,0.848097,0.848045,0.845697,0.850555,5.13114e-05,5.13184e-05,5.10026e-05,5.1616e-05,0.000214185,0.000214215,0.000175442,0.000252559,2.49319e-05,2.49317e-05,2.47971e-05,2.50636e-05,-0.0928753,4,2,0,0.0057399,1050,0,False,nan,nan,nan,nan,nan,nan,nan,nan,nan,nan,13,15
ablation_control,matched,alternating,2,8,17,20,8000,0.848178,5.16568e-05,0.000224518,2.39382e-05,1,3.26025,3.23773,3.23131,nan,0.00256288,nan,0.0168874,3.21628,3.25942,3.29992,True,0.848155,0.848146,0.845812,0.850566,5.13272e-05,5.13274e-05,5.10456e-05,5.16333e-05,0.000226384,0.000224446,0.00017882,0.000280506,2.38283e-05,2.38293e-05,2.36698e-05,2.39842e-05,-0.0705186,2,2,0,0.00565769,1226,0,False,nan,nan,nan,nan,nan,nan,nan,nan,nan,nan,13,15
ablation_control,matched,alternating,2,8,18,40,8000,0.848178,5.16568e-05,0.000224518,2.30685e-05,1,6.17395,6.17622,4.89596,nan,0.077101,nan,0.117319,6.14063,6.23632,6.32786,True,0.848217,0.848186,0.845745,0.850681,5.13135e-05,5.13155e-05,5.10238e-05,5.16023e-05,0.000203843,0.000202818,0.000165728,0.000245291,2.30875e-05,2.30902e-05,2.2959e-05,2.3215e-05,-0.0725005,5,2,0,0.00584031,950,0,False,nan,nan,nan,nan,nan,nan,nan,nan,nan,nan,13,15
ablation_control,matched,alternating,2,8,19,20,8000,0.848178,5.16568e-05,0.000224518,2.24437e-05,1,3.05876,3.0505,3.03107,nan,0.0305263,nan,0.0578607,2.99713,3.03663,3.07873,True,0.848162,0.84811,0.845678,0.85076,5.12989e-05,5.12938e-05,5.10103e-05,5.15891e-05,0.000192325,0.000190778,0.000149804,0.000237926,2.23598e-05,2.23618e-05,2.22016e-05,2.25183e-05,-0.0597765,3,2,0,0.0059098,1020,0,False,nan,nan,nan,nan,nan,nan,nan,nan,nan,nan,13,15
ablation_control,matched,alternating,2,8,20,40,8000,0.848178,5.16568e-05,0.000224518,2.1645e-05,1,5.80026,5.82386,4.59684,nan,0.123418,nan,0.114396,5.81048,5.89753,5.98858,False,0.848238,0.848282,0.84581,0.850514,5.12954e-05,5.12943e-05,5.10063e-05,5.16024e-05,0.000214947,0.000214528,0.00017122,0.000261759,2.17457e-05,2.17441e-05,2.16184e-05,2.18729e-05,0.00234181,4,2,0,0.00588469,995,0,False,nan,nan,nan,nan,nan,nan,nan,nan,nan,nan,13,15
ablation_control,matched,alternating,2,9,1,20,8000,0.319433,6.36999e-05,0.000224183,6.36999e-05,1,8.42918,8.39563,5.52774,nan,2.94089,nan,0,5.23327,7.81897,11.8948,True,0.323955,0.323974,0.320626,0.32686,6.37483e-05,6.37644e-05,5.87447e-05,6.78416e-05,0.000156208,0.000156124,0.000118506,0.000196729,6.37483e-05,6.37644e-05,5.87447e-05,6.78416e-05,0.131573,17,2,0,0.0263768,810,0,False,nan,nan,nan,nan,nan,nan,nan,nan,nan,nan,13,13
ablation_control,matched,alternating,2,9,2,40,8000,0.319433,6.36999e-05,0.000224183,6.12152e-05,1,15.69,15.6862,6.39028,nan,0.502774,nan,0.26394,13.9102,16.1047,18.407,True,0.321374,0.32141,0.319605,0.322832,6.39273e-05,6.38257e-05,6.29674e-05,6.54793e-05,0.000230873,0.000230871,0.000215955,0.000245604,6.09923e-05,6.10565e-05,6.00076e-05,6.17427e-05,-0.0276201,13,2,0,0.0182631,1479,0,False,nan,nan,nan,nan,nan,nan,nan,nan,nan,nan,13,13
ablation_control,matched,alternating,2,9,3,20,8000,0.319433,6.36999e-05,0.000224183,5.46119e-05,1,7.25524,7.20851,4.76508,nan,0.0498438,nan,0.0719042,6.82793,7.21213,7.57199,True,0.321428,0.321467,0.319846,0.322862,6.38746e-05,6.38725e-05,6.30613e-05,6.47668e-05,0.000235179,0.000234342,0.000202428,0.000270323,5.47293e-05,5.47129e-05,5.40494e-05,5.55657e-05,-0.0992702,5,2,0,0.0115664,946,0,False,nan,nan,nan,nan,nan,nan,nan,nan,nan,nan,13,13
ablation_control,matched,alternating,2,9,4,40,8000,0.319433,6.36999e-05,0.000224183,5.20724e-05,1,13.4493,13.4754,5.47139,nan,0.0527744,nan,0.0123923,12.9777,13.4708,13.9287,True,0.319972,0.319949,0.318825,0.321208,6.39224e-05,6.39082e-05,6.33562e-05,6.44666e-05,0.00022579,0.000225737,0.00020787,0.000245173,5.19043e-05,5.19099e-05,5.15674e-05,5.22163e-05,-0.0227305,8,2,0,0.00822695,745,0,False,nan,nan,nan,nan,nan,nan,nan,nan,nan,nan,13,13
ablation_control,matched,alternating,2,9,5,20,8000,0.319433,6.36999e-05,0.000224183,4.73964e-05,1,6.31657,6.35387,4.14948,nan,0.0516454,nan,0.0259388,6.13062,6.27161,6.41702,True,0.31979,0.319781,0.318686,0.321,6.38315e-05,6.38186e-05,6.33667e-05,6.43547e-05,0.000221554,0.000220498,0.000188118,0.000257464,4.77675e-05,4.77519e-05,4.74228e-05,4.8141e-05,-0.133356,4,2,0,0.00807607,836,0,False,nan,nan,nan,nan,nan,nan,nan,nan,nan,nan,13,13
ablation_control,matched,alternating,2,9,6,40,8000,0.319433,6.36999e-05,0.000224183,4.53898e-05,1,11.7898,11.7878,4.79523,nan,0.169616,nan,0.0124784,11.6806,11.9462,12.2197,True,0.319591,0.319571,0.318675,0.32064,6.37301e-05,6.37191e-05,6.32882e-05,6.42008e-05,0.000215374,0.000215016,0.000193496,0.000238575,4.52123e-05,4.52084e-05,4.49577e-05,4.5472e-05,-0.0325466,6,2,0,0.00925997,820,0,False,nan,nan,nan,nan,nan,nan,nan,nan,nan,nan,13,13
ablation_control,matched,alternating,2,9,7,20,8000,0.319433,6.36999e-05,0.000224183,4.25334e-05,1,5.68063,5.70552,3.74099,nan,0.119179,nan,0.0952096,5.46239,5.57987,5.70851,True,0.319752,0.319729,0.318869,0.320725,6.35933e-05,6.3587e-05,6.31365e-05,6.40694e-05,0.000203092,0.000201361,0.000169447,0.000241513,4.26413e-05,4.26321e-05,4.23168e-05,4.29977e-05,-0.0917617,6,2,0,0.0114369,735,0,False,nan,nan,nan,nan,nan,nan,nan,nan,nan,nan,13,13
ablation_control,matched,alternating,2,9,8,40,8000,0.319433,6.36999e-05,0.000224183,4.12427e-05,1,10.7507,10.7389,4.41308,nan,0.048697,nan,0.0797215,10.5142,10.7838,11.0706,True,0.319868,0.31985,0.318973,0.320803,6.35944e-05,6.35922e-05,6.31495e-05,6.40474e-05,0.000242903,0.000243349,0.00021561,0.000269576,4.1297e-05,4.12987e-05,4.10418e-05,4.15531e-05,-0.00943533,6,2,0,0.0111741,738,0,False,nan,nan,nan,nan,nan,nan,nan,nan,nan,nan,13,13
ablation_control,matched,alternating,2,9,9,20,8000,0.319433,6.36999e-05,0.000224183,3.80181e-05,1,5.08771,5.08036,3.35013,nan,0.0120318,nan,0.0539871,4.98069,5.09582,5.21362,True,0.319842,0.31983,0.318966,0.32078,6.36127e-05,6.36055e-05,6.32087e-05,6.4032e-05,0.000241429,0.000240466,0.000201023,0.000284997,3.81231e-05,3.81217e-05,3.78501e-05,3.83969e-05,-0.0624841,3,2,0,0.0102603,888,0,False,nan,nan,nan,nan,nan,nan,nan,nan,nan,nan,13,13
ablation_control,matched,alternating,2,9,10,40,8000,0.319433,6.36999e-05,0.000224183,3.69073e-05,1,9.65646,9.63787,3.95787,nan,0.0510889,nan,0.0438215,9.38785,9.60943,9.81929,True,0.319744,0.319722,0.318942,0.320624,6.36401e-05,6.36339e-05,6.32366e-05,6.40528e-05,0.000230934,0.000231098,0.000200624,0.000261857,3.68398e-05,3.68415e-05,3.66278e-05,3.70639e-05,-0.00536811,5,2,0,0.00962463,861,0,False,nan,nan,nan,nan,nan,nan,nan,nan,nan,nan,13,13
ablation_control,matched,alternating,2,9,11,20,8000,0.319433,6.36999e-05,0.000224183,3.44226e-05,1,4.61387,4.57912,3.03859,nan,0.00602761,nan,0.0253255,4.51563,4.60867,4.70178,True,0.319851,0.319833,0.319015,0.320709,6.36569e-05,6.36547e-05,6.32831e-05,6.40488e-05,0.000241047,0.000240718,0.000195489,0.000289479,3.4363e-05,3.43639e-05,3.41173e-05,3.46125e-05,-0.0767215,3,2,0,0.00920431,991,0,False,nan,nan,nan,nan,nan,nan,nan,nan,nan,nan,13,13
ablation_control,matched,alternating,2,9,12,40,8000,0.319433,6.36999e-05,0.000224183,3.35131e-05,1,8.79415,8.76585,3.60524,nan,0.0787977,nan,0.037365,8.53013,8.72058,8.90434,True,0.319714,0.319715,0.318931,0.320556,6.366e-05,6.36602e-05,6.32933e-05,6.40469e-05,0.000237739,0.000237181,0.00020447,0.000273239,3.33589e-05,3.33566e-05,3.31638e-05,3.35561e-05,-0.0767687,4,2,0,0.00870908,993,0,False,nan,nan,nan,nan,nan,nan,nan,nan,nan,nan,13,13
ablation_control,matched,alternating,2,9,13,20,8000,0.319433,6.36999e-05,0.000224183,3.15465e-05,1,4.23378,4.23958,2.79006,nan,0.0480276,nan,0.00620002,4.11736,4.19259,4.27058,True,0.319789,0.319787,0.318979,0.320605,6.3622e-05,6.36227e-05,6.32772e-05,6.3986e-05,0.000223347,0.000221443,0.000181953,0.000270987,3.16618e-05,3.16528e-05,3.1439e-05,3.18986e-05,-0.0638839,4,2,0,0.00872884,981,0,False,nan,nan,nan,nan,nan,nan,nan,nan,nan,nan,13,13
ablation_control,matched,alternating,2,9,14,40,8000,0.319433,6.36999e-05,0.000224183,3.02124e-05,1,7.95075,7.94092,3.24025,nan,0.168021,nan,0.124934,7.94752,8.10563,8.26343,True,0.319738,0.319722,0.318954,0.320565,6.36001e-05,6.36031e-05,6.32366e-05,6.39465e-05,0.000223294,0.000221625,0.000188325,0.000263208,3.0178e-05,3.01762e-05,2.99958e-05,3.03702e-05,-0.014947,6,2,0,0.00993524,842,0,False,nan,nan,nan,nan,nan,nan,nan,nan,nan,nan,13,13
ablation_control,matched,alternating,2,9,15,20,8000,0.319433,6.36999e-05,0.000224183,2.85661e-05,1,3.83888,3.87179,2.5237,nan,0.00371087,nan,0.0112331,3.76815,3.84129,3.91302,True,0.319746,0.319725,0.318972,0.320559,6.35898e-05,6.35875e-05,6.32054e-05,6.39456e-05,0.000212863,0.000211702,0.00017166,0.000260405,2.88066e-05,2.88049e-05,2.85831e-05,2.90232e-05,-0.0546384,3,2,0,0.00995626,938,0,False,nan,nan,nan,nan,nan,nan,nan,nan,nan,nan,13,13
ablation_control,matched,alternating,2,9,16,40,8000,0.319433,6.36999e-05,0.000224183,2.80335e-05,1,7.39137,7.40394,3.01938,nan,0.0349888,nan,0.0529145,7.27302,7.42324,7.57512,True,0.319741,0.319726,0.318967,0.320533,6.35722e-05,6.35741e-05,6.32219e-05,6.3926e-05,0.000197277,0.000196841,0.000156786,0.000236792,2.79622e-05,2.79605e-05,2.77799e-05,2.81323e-05,0.0453907,4,2,0,0.00965007,901,0,False,nan,nan,nan,nan,nan,nan,nan,nan,nan,nan,13,13
ablation_control,matched,alternating,2,9,17,20,8000,0.319433,6.36999e-05,0.000224183,2.64962e-05,1,3.564,3.53002,2.34362,nan,0.0466358,nan,0.0278875,3.53559,3.60242,3.67102,True,0.319792,0.319772,0.319047,0.320561,6.35917e-05,6.35871e-05,6.32281e-05,6.39655e-05,0.000207065,0.000205406,0.000157675,0.000260892,2.64219e-05,2.6427e-05,2.61804e-05,2.66456e-05,-0.0466187,4,2,0,0.00980074,907,0,False,nan,nan,nan,nan,nan,nan,nan,nan,nan,nan,13,13
ablation_control,matched,alternating,2,9,18,40,8000,0.319433,6.36999e-05,0.000224183,2.61055e-05,1,6.89464,6.92409,2.82075,nan,0.0531562,nan,0.0647158,6.69975,6.84682,6.99229,True,0.319636,0.319617,0.318923,0.320406,6.36168e-05,6.36184e-05,6.32439e-05,6.39836e-05,0.000199688,0.000199337,0.000156853,0.000243,2.60563e-05,2.60567e-05,2.58913e-05,2.62223e-05,-0.0268498,4,2,0,0.00959351,914,0,False,nan,nan,nan,nan,nan,nan,nan,nan,nan,nan,13,13
ablation_control,matched,alternating,2,9,19,20,8000,0.319433,6.36999e-05,0.000224183,2.46031e-05,1,3.31215,3.28076,2.17721,nan,0.0624183,nan,0.0504953,3.30431,3.36193,3.43041,True,0.319697,0.319683,0.318942,0.320517,6.36375e-05,6.36345e-05,6.32671e-05,6.40054e-05,0.000216326,0.000214624,0.000164834,0.000272087,2.46233e-05,2.46316e-05,2.43966e-05,2.48423e-05,-0.0663374,4,2,0,0.0100022,921,0,False,nan,nan,nan,nan,nan,nan,nan,nan,nan,nan,13,13
ablation_control,matched,alternating,2,9,20,40,8000,0.319433,6.36999e-05,0.000224183,2.43427e-05,1,6.43901,6.43412,2.63432,nan,0.0556917,nan,0.0775254,6.25419,6.38557,6.51618,True,0.319634,0.319621,0.318903,0.320382,6.36405e-05,6.36364e-05,6.32813e-05,6.40218e-05,0.000216301,0.000214818,0.000168491,0.000267381,2.42343e-05,2.42341e-05,2.40687e-05,2.43981e-05,0.0128071,4,2,0,0.00965859,951,0,False,nan,nan,nan,nan,nan,nan,nan,nan,nan,nan,13,13
ablation_control,matched,alternating,2,10,1,20,8000,0.0135469,4.15807e-05,0.000223674,4.15807e-05,1,5.45926,5.49339,2.65174,nan,4.22332,nan,0,5.3143,7.92575,11.8969,True,0.0137944,0.0137891,0.0132063,0.0144184,4.28636e-05,4.25652e-05,3.95872e-05,4.73755e-05,0.000273932,0.000268823,0.000175305,0.000380742,4.28636e-05,4.25652e-05,3.95872e-05,4.73755e-05,0.0775017,15,2,0,0.0152252,921,0,False,nan,nan,nan,nan,nan,nan,nan,nan,nan,nan,13,18
ablation_control,matched,alternating,2,10,2,40,8000,0.0135469,4.15807e-05,0.000223674,3.929e-05,1,10.1561,10.1665,4.81877,nan,0.51381,nan,0.196106,9.25009,10.5342,12.4984,True,0.0134955,0.0135008,0.0131332,0.013836,4.1578e-05,4.16469e-05,4.03893e-05,4.26889e-05,0.000260331,0.000259692,0.00022106,0.00030036,3.98038e-05,3.97517e-05,3.91854e-05,4.05722e-05,-0.010864,10,2,0,0.0182929,1433,0,False,nan,nan,nan,nan,nan,nan,nan,nan,nan,nan,13,18
ablation_control,matched,alternating,2,10,3,20,8000,0.0135469,4.15807e-05,0.000223674,3.61575e-05,1,4.75862,4.74504,2.13936,nan,0.105119,nan,0.0668211,4.57681,4.85077,5.17851,True,0.0135873,0.0135862,0.0132847,0.0138867,4.19308e-05,4.19516e-05,4.10514e-05,4.25987e-05,0.000259235,0.000258024,0.000206368,0.000314286,3.61951e-05,3.62302e-05,3.54962e-05,3.67475e-05,0.084459,5,2,0,0.0166386,980,0,False,nan,nan,nan,nan,nan,nan,nan,nan,nan,nan,13,18
ablation_control,matched,alternating,2,10,4,40,8000,0.0135469,4.15807e-05,0.000223674,3.52753e-05,1,9.14998,9.18111,3.77626,nan,0.1596,nan,0.068677,8.61579,8.98909,9.38729,True,0.013552,0.0135543,0.0132921,0.0138139,4.20132e-05,4.20086e-05,4.1445e-05,4.26148e-05,0.000242666,0.00024239,0.000204995,0.000280504,3.54071e-05,3.5406e-05,3.50936e-05,3.57622e-05,-0.105067,6,2,0,0.0161026,845,0,False,nan,nan,nan,nan,nan,nan,nan,nan,nan,nan,13,18
ablation_control,matched,alternating,2,10,5,20,8000,0.0135469,4.15807e-05,0.000223674,3.31352e-05,1,4.36671,4.3557,1.6516,nan,0.0255984,nan,0.00132984,4.17363,4.34039,4.51451,True,0.0135638,0.0135668,0.0133113,0.0138134,4.20017e-05,4.19966e-05,4.15281e-05,4.24892e-05,0.000261568,0.000260108,0.000207805,0.000319931,3.31908e-05,3.31892e-05,3.28282e-05,3.3572e-05,0.0442774,4,2,0,0.0137862,901,0,False,nan,nan,nan,nan,nan,nan,nan,nan,nan,nan,13,18
ablation_control,matched,alternating,2,10,6,40,8000,0.0135469,4.15807e-05,0.000223674,3.19688e-05,1,8.3161,8.28653,3.06555,nan,0.0235482,nan,0.0504227,8.02685,8.32108,8.58581,True,0.013566,0.0135641,0.0133451,0.0137975,4.1973e-05,4.1975e-05,4.15544e-05,4.24242e-05,0.000255637,0.000255394,0.000212509,0.000297164,3.19531e-05,3.19528e-05,3.16969e-05,3.22018e-05,-0.0963367,4,2,0,0.0113996,930,0,False,nan,nan,nan,nan,nan,nan,nan,nan,nan,nan,13,18
ablation_control,matched,alternating,2,10,7,20,8000,0.0135469,4.15807e-05,0.000223674,3.02674e-05,1,3.99386,3.98428,1.345,nan,0.0533348,nan,0.00767411,3.8274,3.94233,4.04932,True,0.0135817,0.013577,0.0133643,0.0138252,4.19159e-05,4.19101e-05,4.15135e-05,4.232e-05,0.000245872,0.000244703,0.000196496,0.00030001,3.02254e-05,3.02174e-05,2.99495e-05,3.05077e-05,-0.0289719,4,2,0,0.01061,912,0,False,nan,nan,nan,nan,nan,nan,nan,nan,nan,nan,13,18
ablation_control,matched,alternating,2,10,8,40,8000,0.0135469,4.15807e-05,0.000223674,2.88784e-05,1,7.53245,7.48164,2.62516,nan,0.101352,nan,0.148818,7.43953,7.62585,7.83285,True,0.0135498,0.0135469,0.0133377,0.0137693,4.18806e-05,4.1862e-05,4.15143e-05,4.23065e-05,0.000247812,0.000247353,0.000201403,0.000293455,2.88183e-05,2.88227e-05,2.85903e-05,2.90348e-05,-0.018012,5,2,0,0.0117639,868,0,False,nan,nan,nan,nan,nan,nan,nan,nan,nan,nan,13,18
ablation_control,matched,alternating,2,10,9,20,8000,0.0135469,4.15807e-05,0.000223674,2.72792e-05,1,3.60435,3.60944,1.184,nan,0.00724797,nan,0.0206628,3.50934,3.59775,3.69055,True,0.0135918,0.0135875,0.01339,0.0137981,4.18587e-05,4.1847e-05,4.14898e-05,4.22565e-05,0.000247045,0.000245242,0.00019488,0.000305897,2.73158e-05,2.73063e-05,2.70647e-05,2.75881e-05,0.0073991,3,2,0,0.010748,1011,0,False,nan,nan,nan,nan,nan,nan,nan,nan,nan,nan,13,18
ablation_control,matched,alternating,2,10,10,40,8000,0.0135469,4.15807e-05,0.000223674,2.63114e-05,1,6.87831,6.91447,2.29404,nan,0.0500247,nan,0.079461,6.75241,6.92269,7.11415,True,0.0135355,0.0135338,0.0133566,0.0137277,4.18484e-05,4.1853e-05,4.14863e-05,4.22054e-05,0.000211475,0.00021169,0.00016587,0.000257,2.64668e-05,2.64704e-05,2.62693e-05,2.66494e-05,-0.0091995,5,2,0,0.0103031,919,0,False,nan,nan,nan,nan,nan,nan,nan,nan,nan,nan,13,18
ablation_control,matched,alternating,2,10,11,20,8000,0.0135469,4.15807e-05,0.000223674,2.50647e-05,1,3.31502,3.29506,1.03101,nan,0.0416048,nan,0.0057454,3.27787,3.35551,3.43414,True,0.0135482,0.0135423,0.013374,0.0137317,4.18764e-05,4.18844e-05,4.14909e-05,4.22689e-05,0.000221315,0.000220881,0.000164281,0.000279747,2.50356e-05,2.50429e-05,2.47701e-05,2.52846e-05,0.00246089,3,2,0,0.0105947,1012,0,False,nan,nan,nan,nan,nan,nan,nan,nan,nan,nan,13,18
ablation_control,matched,alternating,2,10,12,40,8000,0.0135469,4.15807e-05,0.000223674,2.42978e-05,1,6.36313,6.39929,2.00743,nan,0.0491173,nan,0.0540157,6.25494,6.4121,6.56136,True,0.0135733,0.0135698,0.0133951,0.0137599,4.18548e-05,4.18635e-05,4.14959e-05,4.22216e-05,0.000209224,0.000208515,0.000159144,0.000262812,2.44051e-05,2.44054e-05,2.42215e-05,2.45883e-05,0.0279135,4,2,0,0.0100821,959,0,False,nan,nan,nan,nan,nan,nan,nan,nan,nan,nan,13,18
ablation_control,matched,alternating,2,10,13,20,8000,0.0135469,4.15807e-05,0.000223674,2.34539e-05,1,3.10421,3.07708,0.881885,nan,0.00260589,nan,0.0247463,3.03994,3.10575,3.17404,True,0.0135698,0.0135656,0.0133983,0.0137464,4.1873e-05,4.18784e-05,4.15184e-05,4.22305e-05,0.00021816,0.00021765,0.000160379,0.000280256,2.32791e-05,2.32764e-05,2.304e-05,2.35173e-05,0.0598864,2,2,0,0.00962706,1153,0,False,nan,nan,nan,nan,nan,nan,nan,nan,nan,nan,13,18
ablation_control,matched,alternating,2,10,14,40,8000,0.0135469,4.15807e-05,0.000223674,2.31997e-05,1,6.08143,6.07442,1.66303,nan,0.101753,nan,0.0613675,5.84241,5.97991,6.12282,True,0.0135602,0.0135602,0.0133931,0.0137371,4.18783e-05,4.18783e-05,4.15206e-05,4.22517e-05,0.000198461,0.000198056,0.000152007,0.000246496,2.30961e-05,2.3099e-05,2.29277e-05,2.32603e-05,-0.0197763,4,2,0,0.0101168,1037,0,False,nan,nan,nan,nan,nan,nan,nan,nan,nan,nan,13,18
ablation_control,matched,alternating,2,10,15,20,8000,0.0135469,4.15807e-05,0.000223674,2.23866e-05,1,2.96437,2.97195,0.730376,nan,0.0134298,nan,0.0169991,2.893,2.94934,3.01808,True,0.0135703,0.0135687,0.0133983,0.0137489,4.187e-05,4.18667e-05,4.15184e-05,4.22259e-05,0.000184448,0.000182614,0.000133718,0.000238047,2.23633e-05,2.23616e-05,2.21363e-05,2.2601e-05,-0.0430696,3,2,0,0.00980182,1099,0,False,nan,nan,nan,nan,nan,nan,nan,nan,nan,nan,13,18
ablation_control,matched,alternating,2,10,16,40,8000,0.0135469,4.15807e-05,0.000223674,2.18587e-05,1,5.73669,5.74064,1.45588,nan,0.0561184,nan,0.0211222,5.66771,5.78961,5.92708,True,0.01353,0.0135301,0.0133731,0.013689,4.18555e-05,4.18566e-05,4.15109e-05,4.22085e-05,0.000186117,0.00018493,0.000138975,0.000238065,2.18298e-05,2.18247e-05,2.16674e-05,2.19917e-05,-0.0125295,4,2,0,0.00931378,1025,0,False,nan,nan,nan,nan,nan,nan,nan,nan,nan,nan,13,18
ablation_control,matched,alternating,2,10,17,20,8000,0.0135469,4.15807e-05,0.000223674,2.10093e-05,1,2.78371,2.7977,0.650085,nan,0.0221263,nan,0.00164125,2.75266,2.80586,2.86056,True,0.013531,0.0135275,0.0133734,0.0136995,4.1869e-05,4.18704e-05,4.15246e-05,4.22178e-05,0.00019078,0.000189119,0.000137847,0.000252243,2.10789e-05,2.10793e-05,2.08548e-05,2.12949e-05,-0.0107107,2,2,0,0.00892926,1185,0,False,nan,nan,nan,nan,nan,nan,nan,nan,nan,nan,13,18
ablation_control,matched,alternating,2,10,18,40,8000,0.0135469,4.15807e-05,0.000223674,2.06464e-05,1,5.42432,5.41249,1.29342,nan,0.038235,nan,0.00813824,5.34408,5.46254,5.57398,True,0.0135001,0.013498,0.0133461,0.013674,4.18671e-05,4.18707e-05,4.15415e-05,4.22061e-05,0.000212658,0.000211607,0.000156833,0.000275501,2.06077e-05,2.06092e-05,2.04515e-05,2.07653e-05,0.0036266,3,2,0,0.00843077,1150,0,False,nan,nan,nan,nan,nan,nan,nan,nan,nan,nan,13,18
ablation_control,matched,alternating,2,10,19,20,8000,0.0135469,4.15807e-05,0.000223674,1.96544e-05,1,2.60577,2.6178,0.596969,nan,0.0329379,nan,0.0325029,2.58748,2.6383,2.69037,True,0.0135017,0.0135007,0.0133471,0.0136744,4.18772e-05,4.18785e-05,4.15384e-05,4.22115e-05,0.000221521,0.000219352,0.000156239,0.000293036,1.97854e-05,1.9784e-05,1.95785e-05,1.99965e-05,-0.00368825,2,2,0,0.00827311,1257,0,False,nan,nan,nan,nan,nan,nan,nan,nan,nan,nan,13,18
ablation_control,matched,alternating,2,10,20,40,8000,0.0135469,4.15807e-05,0.000223674,1.91725e-05,1,5.04365,4.99227,1.22151,nan,0.0705682,nan,0.0357983,5.00748,5.11103,5.22273,True,0.0135299,0.0135288,0.0133851,0.0136835,4.18718e-05,4.18779e-05,4.15019e-05,4.22375e-05,0.000249956,0.000249226,0.00017757,0.000324,1.90883e-05,1.90849e-05,1.89203e-05,1.92608e-05,0.0156248,6,2,0,0.00917759,857,0,False,nan,nan,nan,nan,nan,nan,nan,nan,nan,nan,13,18
ablation_control,matched,alternating,2,11,1,20,8000,1.65584,5.43367e-05,0.00021849,5.43367e-05,1,7.39702,7.42025,8.8908,nan,5.6242,nan,0,5.21487,7.85175,11.8516,True,1.64185,1.64164,1.62735,1.65489,5.48673e-05,5.45518e-05,5.02112e-05,6.04278e-05,0.00019587,0.000194344,0.00015417,0.000244045,5.48673e-05,5.45518e-05,5.02112e-05,6.04278e-05,-0.0880188,18,2,0,0.0260647,724,0,False,nan,nan,nan,nan,nan,nan,nan,nan,nan,nan,13,15
ablation_control,matched,alternating,2,11,2,40,8000,1.65584,5.43367e-05,0.00021849,5.17399e-05,1,13.622,13.6608,14.0858,nan,0.497191,nan,0.0347362,11.9839,13.9256,16.3896,True,1.64746,1.64762,1.63904,1.65611,5.41098e-05,5.41316e-05,5.30473e-05,5.52894e-05,0.000216933,0.000217049,0.000203047,0.000231853,5.2104e-05,5.20629e-05,5.13564e-05,5.2823e-05,0.0694993,11,2,0,0.0161973,1401,0,False,nan,nan,nan,nan,nan,nan,nan,nan,nan,nan,13,15
ablation_control,matched,alternating,2,11,3,20,8000,1.65584,5.43367e-05,0.00021849,4.74129e-05,1,6.47358,6.49965,7.76747,nan,0.143206,nan,0.00471863,6.27505,6.55224,6.92809,True,1.64599,1.64604,1.63844,1.65322,5.4379e-05,5.43638e-05,5.36708e-05,5.52078e-05,0.000223153,0.000221924,0.000191507,0.000255578,4.73057e-05,4.73174e-05,4.66488e-05,4.79428e-05,-0.207836,5,2,0,0.0109805,994,0,False,nan,nan,nan,nan,nan,nan,nan,nan,nan,nan,13,15
ablation_control,matched,alternating,2,11,4,40,8000,1.65584,5.43367e-05,0.00021849,4.53117e-05,1,11.9931,12.0337,12.3654,nan,0.0646584,nan,0.0668652,11.5608,11.9642,12.3524,True,1.64714,1.64705,1.64075,1.65364,5.44174e-05,5.44063e-05,5.39652e-05,5.49235e-05,0.000219722,0.000219541,0.000202038,0.000237182,4.55576e-05,4.55514e-05,4.53013e-05,4.58247e-05,-0.0950433,6,2,0,0.00808765,857,0,False,nan,nan,nan,nan,nan,nan,nan,nan,nan,nan,13,15
ablation_control,matched,alternating,2,11,5,20,8000,1.65584,5.43367e-05,0.00021849,4.15294e-05,1,5.68459,5.69849,6.81781,nan,0.146114,nan,0.0860233,5.6605,5.77836,5.9133,True,1.64617,1.64612,1.64036,1.65257,5.45564e-05,5.45519e-05,5.41678e-05,5.49593e-05,0.000240713,0.000240504,0.000202378,0.000280223,4.17477e-05,4.17495e-05,4.14529e-05,4.20522e-05,-0.158788,6,2,0,0.00777013,852,0,False,nan,nan,nan,nan,nan,nan,nan,nan,nan,nan,13,15
ablation_control,matched,alternating,2,11,6,40,8000,1.65584,5.43367e-05,0.00021849,3.912e-05,1,10.4079,10.4289,10.7424,nan,0.295995,nan,0.335426,10.4035,10.6279,10.8528,True,1.6489,1.64879,1.6431,1.65491,5.4422e-05,5.44309e-05,5.40497e-05,5.4761e-05,0.000255569,0.000255156,0.000233137,0.00027847,3.94944e-05,3.94943e-05,3.92827e-05,3.96892e-05,-0.0970755,7,2,0,0.00916239,861,0,False,nan,nan,nan,nan,nan,nan,nan,nan,nan,nan,13,15
ablation_control,matched,alternating,2,11,7,20,8000,1.65584,5.43367e-05,0.00021849,3.69284e-05,1,5.06482,5.05605,6.07289,nan,0.100798,nan,0.0729148,4.91088,4.99958,5.11269,True,1.64986,1.64971,1.64422,1.65553,5.43581e-05,5.43586e-05,5.39888e-05,5.47083e-05,0.000252517,0.000251637,0.000212448,0.000295192,3.69629e-05,3.69589e-05,3.67205e-05,3.72124e-05,-0.127112,5,2,0,0.0103934,831,0,False,nan,nan,nan,nan,nan,nan,nan,nan,nan,nan,13,15
ablation_control,matched,alternating,2,11,8,40,8000,1.65584,5.43367e-05,0.00021849,3.50666e-05,1,9.36132,9.3502,9.65101,nan,0.111913,nan,0.249695,9.2227,9.43885,9.65012,True,1.64998,1.65004,1.64399,1.6555,5.4307e-05,5.43112e-05,5.39786e-05,5.46289e-05,0.000235122,0.000234866,0.000208064,0.000261998,3.52459e-05,3.52468e-05,3.50668e-05,3.54282e-05,-0.141494,6,2,0,0.0100994,819,0,False,nan,nan,nan,nan,nan,nan,nan,nan,nan,nan,13,15
ablation_control,matched,alternating,2,11,9,20,8000,1.65584,5.43367e-05,0.00021849,3.26757e-05,1,4.4898,4.50078,5.38533,nan,0.09319,nan,0.0710879,4.45932,4.55157,4.65103,True,1.65013,1.65023,1.64442,1.65539,5.43564e-05,5.43592e-05,5.40382e-05,5.46858e-05,0.000250473,0.000250261,0.000207008,0.000295694,3.26481e-05,3.26475e-05,3.24271e-05,3.28641e-05,-0.0601662,4,2,0,0.0103244,861,0,False,nan,nan,nan,nan,nan,nan,nan,nan,nan,nan,13,15
ablation_control,matched,alternating,2,11,10,40,8000,1.65584,5.43367e-05,0.00021849,3.16112e-05,1,8.46354,8.46276,8.72231,nan,0.0934809,nan,0.052467,8.21258,8.40464,8.60038,True,1.65051,1.65054,1.64508,1.65549,5.43701e-05,5.43778e-05,5.40777e-05,5.46898e-05,0.000252892,0.000252944,0.000221527,0.000286217,3.18766e-05,3.18797e-05,3.17064e-05,3.20459e-05,-0.0488871,6,2,0,0.00981553,851,0,False,nan,nan,nan,nan,nan,nan,nan,nan,nan,nan,13,15
ablation_control,matched,alternating,2,11,11,20,8000,1.65584,5.43367e-05,0.00021849,3.00856e-05,1,4.13855,4.13533,4.96131,nan,0.0327439,nan,0.0323248,4.03946,4.12066,4.20866,True,1.6512,1.65123,1.64597,1.65628,5.43443e-05,5.43477e-05,5.40416e-05,5.4664e-05,0.000249432,0.000248012,0.000205635,0.000295734,3.01265e-05,3.0123e-05,2.99252e-05,3.0335e-05,-0.111436,3,2,0,0.00977847,962,0,False,nan,nan,nan,nan,nan,nan,nan,nan,nan,nan,13,15
ablation_control,matched,alternating,2,11,12,40,8000,1.65584,5.43367e-05,0.00021849,2.97641e-05,1,7.9815,7.97558,8.20161,nan,0.266681,nan,0.168036,7.63143,7.79601,7.96444,False,1.65163,1.65152,1.64693,1.65645,5.43985e-05,5.44007e-05,5.40834e-05,5.47211e-05,0.000215952,0.00021601,0.000182455,0.00024855,2.97471e-05,2.97429e-05,2.95841e-05,2.99144e-05,-0.105986,7,2,0,0.0103551,765,0,False,nan,nan,nan,nan,nan,nan,nan,nan,nan,nan,13,15
ablation_control,matched,alternating,2,11,13,20,8000,1.65584,5.43367e-05,0.00021849,2.85176e-05,1,3.92553,3.93177,4.70401,nan,0.040053,nan,0.0521026,3.81829,3.90395,3.98272,True,1.65247,1.65247,1.64748,1.65758,5.43715e-05,5.43694e-05,5.40733e-05,5.46926e-05,0.000229129,0.000228854,0.000181605,0.000278459,2.84726e-05,2.84678e-05,2.82828e-05,2.86772e-05,-0.0263998,4,2,0,0.0104105,854,0,False,nan,nan,nan,nan,nan,nan,nan,nan,nan,nan,13,15
ablation_control,matched,alternating,2,11,14,40,8000,1.65584,5.43367e-05,0.00021849,2.76233e-05,1,7.42091,7.39734,7.61976,nan,0.0114833,nan,0.069864,7.26739,7.42704,7.58896,True,1.65247,1.65248,1.64789,1.65733,5.43695e-05,5.43683e-05,5.40847e-05,5.46647e-05,0.000221822,0.000221746,0.00018679,0.000259742,2.76387e-05,2.76416e-05,2.74897e-05,2.7785e-05,-0.126545,4,2,0,0.00965221,884,0,False,nan,nan,nan,nan,nan,nan,nan,nan,nan,nan,13,15
ablation_control,matched,alternating,2,11,15,20,8000,1.65584,5.43367e-05,0.00021849,2.59664e-05,1,3.57831,3.59009,4.28796,nan,0.0899821,nan,0.0777069,3.56519,3.63786,3.7067,True,1.65308,1.65304,1.64851,1.658,5.44174e-05,5.44128e-05,5.41162e-05,5.47385e-05,0.000229147,0.000227531,0.000182718,0.00027816,2.60142e-05,2.60106e-05,2.58334e-05,2.61926e-05,-0.00401092,4,2,0,0.0101328,824,0,False,nan,nan,nan,nan,nan,nan,nan,nan,nan,nan,13,15
ablation_control,matched,alternating,2,11,16,40,8000,1.65584,5.43367e-05,0.00021849,2.5285e-05,1,6.80631,6.79836,6.99122,nan,0.015152,nan,0.0355842,6.67674,6.81714,6.95491,True,1.65342,1.65325,1.64902,1.65842,5.4408e-05,5.4401e-05,5.41015e-05,5.47296e-05,0.000217879,0.000216786,0.000180251,0.000258579,2.53072e-05,2.53056e-05,2.51648e-05,2.54518e-05,-0.120972,4,2,0,0.00990742,917,0,False,nan,nan,nan,nan,nan,nan,nan,nan,nan,nan,13,15
ablation_control,matched,alternating,2,11,17,20,8000,1.65584,5.43367e-05,0.00021849,2.39937e-05,1,3.30931,3.30521,3.96564,nan,0.0586807,nan,0.0437165,3.28479,3.34665,3.40974,True,1.65338,1.65325,1.64901,1.6585,5.44262e-05,5.44188e-05,5.41381e-05,5.47675e-05,0.000225048,0.000223209,0.000175222,0.000281065,2.40904e-05,2.40913e-05,2.39214e-05,2.42654e-05,-0.0473512,3,2,0,0.0095318,1021,0,False,nan,nan,nan,nan,nan,nan,nan,nan,nan,nan,13,15
ablation_control,matched,alternating,2,11,18,40,8000,1.65584,5.43367e-05,0.00021849,2.35494e-05,1,6.34852,6.3041,6.51955,nan,0.0125152,nan,0.0204881,6.21261,6.3397,6.46897,True,1.65545,1.65521,1.65083,1.6606,5.44305e-05,5.44296e-05,5.41453e-05,5.4737e-05,0.000249744,0.000248487,0.00020508,0.000301004,2.35979e-05,2.35997e-05,2.34576e-05,2.37438e-05,-0.0653723,4,2,0,0.00897754,1019,0,False,nan,nan,nan,nan,nan,nan,nan,nan,nan,nan,13,15
ablation_control,matched,alternating,2,11,19,20,8000,1.65584,5.43367e-05,0.00021849,2.28199e-05,1,3.14902,3.15945,3.77364,nan,0.0588724,nan,0.0456928,3.05491,3.11049,3.16806,True,1.65568,1.65557,1.65085,1.66063,5.44074e-05,5.44063e-05,5.41286e-05,5.47034e-05,0.000241685,0.000240201,0.000188342,0.000300329,2.2677e-05,2.2678e-05,2.2508e-05,2.28453e-05,-0.0536676,4,2,0,0.00887058,942,0,False,nan,nan,nan,nan,nan,nan,nan,nan,nan,nan,13,15
ablation_control,matched,alternating,2,11,20,40,8000,1.65584,5.43367e-05,0.00021849,2.2532e-05,1,6.07955,6.11454,6.23694,nan,0.157552,nan,0.0608516,5.8527,5.96599,6.08563,True,1.65623,1.65609,1.6517,1.66117,5.44389e-05,5.4441e-05,5.41563e-05,5.47323e-05,0.000206937,0.000205107,0.00016374,0.000256789,2.26413e-05,2.2641e-05,2.25049e-05,2.27798e-05,-0.120614,6,2,0,0.0100006,757,0,False,nan,nan,nan,nan,nan,nan,nan,nan,nan,nan,13,15
ablation_control,matched,alternating,2,12,1,20,8000,3.12005,7.02256e-05,0.000223104,7.02256e-05,1,9.53233,9.53667,13.855,nan,10.7747,nan,0,5.28452,7.90225,11.7778,True,3.12936,3.13205,3.10178,3.15303,7.11031e-05,7.24522e-05,6.32684e-05,7.55828e-05,0.000199902,0.00020018,0.000176327,0.000222575,7.11031e-05,7.24522e-05,6.32684e-05,7.55828e-05,-0.0116584,18,2,0,0.00787598,667,0,False,nan,nan,nan,nan,nan,nan,nan,nan,nan,nan,13,13
ablation_control,matched,alternating,2,12,2,40,8000,3.12005,7.02256e-05,0.000223104,6.54939e-05,1,17.2518,17.2318,21.2226,nan,1.20342,nan,0.205115,14.8533,18.531,19.797,True,3.1197,3.11883,3.10817,3.13531,6.91583e-05,6.91794e-05,6.48972e-05,7.06021e-05,0.00021245,0.000212437,0.000203773,0.000221138,6.59021e-05,6.58094e-05,6.49225e-05,6.88247e-05,0.0828865,14,2,0,0.0192335,1252,0,False,nan,nan,nan,nan,nan,nan,nan,nan,nan,nan,13,13
ablation_control,matched,alternating,2,12,3,20,8000,3.12005,7.02256e-05,0.000223104,5.90227e-05,1,8.05045,8.02663,11.6964,nan,0.246331,nan,0.110715,7.70124,8.13768,8.92622,True,3.12265,3.12127,3.1094,3.14007,6.96874e-05,6.98172e-05,6.85749e-05,7.05088e-05,0.000221569,0.000221263,0.00019654,0.000247121,5.87056e-05,5.87999e-05,5.77935e-05,5.93929e-05,-0.109102,6,2,0,0.0140489,806,0,False,nan,nan,nan,nan,nan,nan,nan,nan,nan,nan,13,13
ablation_control,matched,alternating,2,12,4,40,8000,3.12005,7.02256e-05,0.000223104,5.53797e-05,1,14.7104,14.7161,18.0858,nan,0.0967723,nan,0.253485,14.16,14.7874,15.3143,True,3.11813,3.11791,3.10778,3.12844,6.96568e-05,6.96957e-05,6.86174e-05,7.04283e-05,0.000209597,0.000209279,0.000198575,0.000221166,5.5423e-05,5.5388e-05,5.49742e-05,5.59909e-05,0.0387561,8,2,0,0.01259,653,0,False,nan,nan,nan,nan,nan,nan,nan,nan,nan,nan,13,13
ablation_control,matched,alternating,2,12,5,20,8000,3.12005,7.02256e-05,0.000223104,5.12932e-05,1,7.01971,7.0279,10.2005,nan,0.0714337,nan,0.226111,6.72744,6.97566,7.24137,True,3.12119,3.1205,3.11229,3.13293,6.95835e-05,6.95983e-05,6.8841e-05,7.0267e-05,0.000204087,0.000204362,0.000177543,0.000230653,5.08031e-05,5.08039e-05,5.02946e-05,5.13155e-05,-0.112004,5,2,0,0.00817105,677,0,False,nan,nan,nan,nan,nan,nan,nan,nan,nan,nan,13,13
ablation_control,matched,alternating,2,12,6,40,8000,3.12005,7.02256e-05,0.000223104,4.93867e-05,1,13.1845,13.2295,16.225,nan,0.278227,nan,0.146317,12.6588,13.0149,13.3458,True,3.12155,3.12109,3.11314,3.13116,6.98153e-05,6.98076e-05,6.92124e-05,7.03638e-05,0.00020943,0.000209624,0.000195284,0.000224157,4.94795e-05,4.94685e-05,4.92123e-05,4.98058e-05,0.0458408,9,2,0,0.0112564,598,0,False,nan,nan,nan,nan,nan,nan,nan,nan,nan,nan,13,13
ablation_control,matched,alternating,2,12,7,20,8000,3.12005,7.02256e-05,0.000223104,4.41558e-05,1,6.06178,6.06565,8.79624,nan,0.395678,nan,0.277728,6.10666,6.28808,6.45056,False,3.11921,3.11921,3.11046,3.12761,7.00806e-05,7.01031e-05,6.95135e-05,7.051e-05,0.000235733,0.000234359,0.000200051,0.000274269,4.43798e-05,4.43953e-05,4.40174e-05,4.4671e-05,-0.0389328,8,2,0,0.0181296,526,0,False,nan,nan,nan,nan,nan,nan,nan,nan,nan,nan,13,13
ablation_control,matched,alternating,2,12,8,40,8000,3.12005,7.02256e-05,0.000223104,4.20789e-05,1,11.3032,11.328,13.8848,nan,0.183801,nan,0.151441,11.0019,11.4186,11.8779,True,3.1213,3.12128,3.11348,3.12879,7.00356e-05,7.007e-05,6.95344e-05,7.0449e-05,0.000228722,0.000228711,0.000210182,0.000247958,4.21213e-05,4.21111e-05,4.18961e-05,4.23768e-05,0.00653141,7,2,0,0.0167714,661,0,False,nan,nan,nan,nan,nan,nan,nan,nan,nan,nan,13,13
ablation_control,matched,alternating,2,12,9,20,8000,3.12005,7.02256e-05,0.000223104,3.89864e-05,1,5.36426,5.38629,7.77876,nan,0.0038551,nan,0.0267042,5.19849,5.36621,5.53415,True,3.12158,3.12143,3.11437,3.12914,7.00315e-05,7.0056e-05,6.95662e-05,7.04684e-05,0.000250827,0.000250927,0.000212153,0.000291338,3.91174e-05,3.91269e-05,3.88251e-05,3.94167e-05,-0.187528,5,2,0,0.0155399,729,0,False,nan,nan,nan,nan,nan,nan,nan,nan,nan,nan,13,13
ablation_control,matched,alternating,2,12,10,40,8000,3.12005,7.02256e-05,0.000223104,3.8116e-05,1,10.2734,10.2917,12.6231,nan,0.249364,nan,0.184723,9.815,10.1039,10.438,True,3.12144,3.12141,3.11467,3.1286,7.00972e-05,7.01106e-05,6.96716e-05,7.04503e-05,0.000210852,0.000211237,0.00018851,0.000233011,3.80628e-05,3.80629e-05,3.78681e-05,3.82547e-05,0.0643055,7,2,0,0.015528,754,0,False,nan,nan,nan,nan,nan,nan,nan,nan,nan,nan,13,13
ablation_control,matched,alternating,2,12,11,20,8000,3.12005,7.02256e-05,0.000223104,3.60529e-05,1,4.96704,4.97553,7.21108,nan,0.0879065,nan,0.0948248,4.77769,4.91871,5.04907,True,3.1223,3.12236,3.1149,3.12969,7.0062e-05,7.00726e-05,6.96826e-05,7.04121e-05,0.000210923,0.000209909,0.000175632,0.000250541,3.60386e-05,3.60402e-05,3.58104e-05,3.62702e-05,-0.130676,5,2,0,0.0144485,781,0,False,nan,nan,nan,nan,nan,nan,nan,nan,nan,nan,13,13
ablation_control,matched,alternating,2,12,12,40,8000,3.12005,7.02256e-05,0.000223104,3.56531e-05,1,9.62984,9.61563,11.8481,nan,0.236031,nan,0.29903,9.22094,9.4792,9.7336,True,3.123,3.123,3.11573,3.13006,7.01073e-05,7.01173e-05,6.97015e-05,7.04605e-05,0.000232662,0.00023218,0.000208057,0.000257404,3.56656e-05,3.56627e-05,3.54898e-05,3.58539e-05,0.0263115,7,2,0,0.0156221,725,0,False,nan,nan,nan,nan,nan,nan,nan,nan,nan,nan,13,13
ablation_control,matched,alternating,2,12,13,20,8000,3.12005,7.02256e-05,0.000223104,3.35981e-05,1,4.63385,4.6225,6.73551,nan,0.0629159,nan,0.0256973,4.46232,4.5981,4.72557,True,3.12337,3.12332,3.11644,3.12992,7.00814e-05,7.00897e-05,6.96784e-05,7.04406e-05,0.000234139,0.000232263,0.00019643,0.00027783,3.36442e-05,3.36424e-05,3.3422e-05,3.38739e-05,-0.116573,4,2,0,0.0152242,757,0,False,nan,nan,nan,nan,nan,nan,nan,nan,nan,nan,13,13
ablation_control,matched,alternating,2,12,14,40,8000,3.12005,7.02256e-05,0.000223104,3.22148e-05,1,8.72695,8.71669,10.7301,nan,0.162749,nan,0.158821,8.57852,8.82415,9.09947,True,3.12438,3.12442,3.11817,3.13059,7.00417e-05,7.0046e-05,6.96571e-05,7.04156e-05,0.000207697,0.000207915,0.000182475,0.000234068,3.2143e-05,3.21435e-05,3.19674e-05,3.231e-05,0.106738,7,2,0,0.0147859,739,0,False,nan,nan,nan,nan,nan,nan,nan,nan,nan,nan,13,13
ablation_control,matched,alternating,2,12,15,20,8000,3.12005,7.02256e-05,0.000223104,3.06628e-05,1,4.2345,4.22578,6.15208,nan,0.0410107,nan,0.0535831,4.10067,4.20888,4.32505,True,3.12413,3.12416,3.11821,3.12997,7.0034e-05,7.00383e-05,6.96819e-05,7.03882e-05,0.000206935,0.000205585,0.000170871,0.000249936,3.05509e-05,3.05516e-05,3.03553e-05,3.07443e-05,-0.147183,4,2,0,0.0139537,755,0,False,nan,nan,nan,nan,nan,nan,nan,nan,nan,nan,13,13
ablation_control,matched,alternating,2,12,16,40,8000,3.12005,7.02256e-05,0.000223104,2.9504e-05,1,8.01134,8.02185,9.84706,nan,0.15578,nan,0.134725,7.90493,8.10601,8.32516,True,3.12357,3.12361,3.11767,3.1295,7.00198e-05,7.00142e-05,6.96834e-05,7.0376e-05,0.000207465,0.00020739,0.000176064,0.000241067,2.95031e-05,2.95014e-05,2.93479e-05,2.96639e-05,0.0407335,5,2,0,0.0138203,787,0,False,nan,nan,nan,nan,nan,nan,nan,nan,nan,nan,13,13
ablation_control,matched,alternating,2,12,17,20,8000,3.12005,7.02256e-05,0.000223104,2.77444e-05,1,3.83643,3.83482,5.56652,nan,0.0887607,nan,0.0629832,3.78755,3.8861,3.98635,True,3.12332,3.12333,3.11734,3.12914,7.00569e-05,7.00578e-05,6.97236e-05,7.04064e-05,0.00021885,0.00021704,0.000173592,0.000268479,2.77482e-05,2.77502e-05,2.75693e-05,2.7928e-05,-0.0905747,4,2,0,0.0138625,823,0,False,nan,nan,nan,nan,nan,nan,nan,nan,nan,nan,13,13
ablation_control,matched,alternating,2,12,18,40,8000,3.12005,7.02256e-05,0.000223104,2.74073e-05,1,7.45558,7.43784,9.16436,nan,0.11922,nan,0.140409,7.18328,7.37502,7.56387,True,3.12264,3.12257,3.1165,3.12877,7.00798e-05,7.0084e-05,6.97226e-05,7.04161e-05,0.000192661,0.000191929,0.000161812,0.000227627,2.72738e-05,2.72747e-05,2.71323e-05,2.74153e-05,0.0347368,6,2,0,0.0137587,793,0,False,nan,nan,nan,nan,nan,nan,nan,nan,nan,nan,13,13
ablation_control,matched,alternating,2,12,19,20,8000,3.12005,7.02256e-05,0.000223104,2.59393e-05,1,3.58969,3.62239,5.20971,nan,0.0564196,nan,0.0412475,3.52937,3.62182,3.70748,True,3.12265,3.12248,3.11676,3.12882,7.00935e-05,7.00916e-05,6.97515e-05,7.04159e-05,0.000194454,0.000192344,0.000152684,0.000242354,2.60478e-05,2.60467e-05,2.58763e-05,2.62226e-05,-0.112222,3,2,0,0.0135145,923,0,False,nan,nan,nan,nan,nan,nan,nan,nan,nan,nan,13,13
ablation_control,matched,alternating,2,12,20,40,8000,3.12005,7.02256e-05,0.000223104,2.55985e-05,1,6.97449,6.99262,8.57351,nan,0.0258787,nan,0.104556,6.80993,6.98492,7.15904,True,3.12253,3.12219,3.11721,3.12881,7.01159e-05,7.0122e-05,6.97899e-05,7.04598e-05,0.000237673,0.000236767,0.000196477,0.00028222,2.56157e-05,2.56151e-05,2.54706e-05,2.57635e-05,0.00818993,6,2,0,0.013026,837,0,False,nan,nan,nan,nan,nan,nan,nan,nan,nan,nan,13,13
ablation_control,matched,alternating,2,13,1,20,8000,0.842023,8.66968e-05,0.000173562,8.66968e-05,1,11.5835,11.5623,11.9577,nan,8.98422,nan,0,5.10502,7.87905,11.8161,True,0.849171,0.848812,0.844849,0.853776,8.38126e-05,8.52575e-05,7.74457e-05,9.40722e-05,0.000180405,0.000180267,0.000161928,0.000200543,8.38126e-05,8.52575e-05,7.74457e-05,9.40722e-05,-0.010889,19,2,0,0.0293807,585,0,False,nan,nan,nan,nan,nan,nan,nan,nan,nan,nan,13,13
ablation_control,matched,alternating,2,13,2,40,8000,0.842023,8.66968e-05,0.000173562,8.04195e-05,1,20.814,20.8024,17.2881,nan,1.01637,nan,0.394246,17.0548,20.0425,24.0373,True,0.844734,0.844924,0.841136,0.84778,8.60444e-05,8.6007e-05,8.55699e-05,8.66561e-05,0.000177304,0.000177171,0.000170344,0.000184469,8.09326e-05,8.09356e-05,8.0538e-05,8.1311e-05,0.17233,13,2,0,0.0109524,1547,0,False,nan,nan,nan,nan,nan,nan,nan,nan,nan,nan,13,13
ablation_control,matched,alternating,2,13,3,20,8000,0.842023,8.66968e-05,0.000173562,7.26417e-05,1,9.75159,9.81647,10.0491,nan,0.0950806,nan,0.0749158,9.52846,9.8079,10.1169,True,0.84416,0.84427,0.84088,0.846969,8.61226e-05,8.61021e-05,8.56165e-05,8.66742e-05,0.000181872,0.000181747,0.000161722,0.000204187,7.23391e-05,7.23268e-05,7.18902e-05,7.28136e-05,-0.36022,5,2,0,0.00865908,1036,0,False,nan,nan,nan,nan,nan,nan,nan,nan,nan,nan,13,13
ablation_control,matched,alternating,2,13,4,40,8000,0.842023,8.66968e-05,0.000173562,6.88517e-05,1,17.954,17.9853,14.9237,nan,0.224371,nan,0.078704,17.3325,17.7651,18.1908,True,0.844114,0.844146,0.841667,0.846561,8.62052e-05,8.62051e-05,8.56941e-05,8.66828e-05,0.000172971,0.00017306,0.000163118,0.000181987,6.92678e-05,6.9264e-05,6.89631e-05,6.95724e-05,0.0716813,7,2,0,0.00823431,862,0,False,nan,nan,nan,nan,nan,nan,nan,nan,nan,nan,13,13
ablation_control,matched,alternating,2,13,5,20,8000,0.842023,8.66968e-05,0.000173562,6.25922e-05,1,8.43116,8.46492,8.67964,nan,0.186468,nan,0.0312725,8.3943,8.56139,8.72881,True,0.84348,0.843545,0.840837,0.845969,8.63776e-05,8.63952e-05,8.57986e-05,8.6883e-05,0.000171611,0.000170826,0.000149215,0.000195729,6.23838e-05,6.23929e-05,6.19621e-05,6.27568e-05,-0.199553,6,2,0,0.00909734,802,0,False,nan,nan,nan,nan,nan,nan,nan,nan,nan,nan,13,13
ablation_control,matched,alternating,2,13,6,40,8000,0.842023,8.66968e-05,0.000173562,5.99221e-05,1,15.7171,15.7164,13.0567,nan,0.0942412,nan,0.00825726,15.2807,15.6402,16.0146,True,0.842749,0.842807,0.840468,0.844876,8.64781e-05,8.64987e-05,8.60073e-05,8.68951e-05,0.00017525,0.000174894,0.000163473,0.000187511,6.00895e-05,6.00828e-05,5.98478e-05,6.03396e-05,-0.0250169,6,2,0,0.00809975,754,0,False,nan,nan,nan,nan,nan,nan,nan,nan,nan,nan,13,13
ablation_control,matched,alternating,2,13,7,20,8000,0.842023,8.66968e-05,0.000173562,5.594e-05,1,7.55219,7.5489,7.794,nan,0.0681972,nan,0.126797,7.3686,7.50139,7.63725,True,0.842978,0.843034,0.840634,0.845153,8.64291e-05,8.64362e-05,8.59496e-05,8.68543e-05,0.000174969,0.000174682,0.000150263,0.000201501,5.57377e-05,5.574e-05,5.54301e-05,5.60378e-05,-0.167472,4,2,0,0.00789761,845,0,False,nan,nan,nan,nan,nan,nan,nan,nan,nan,nan,13,13
ablation_control,matched,alternating,2,13,8,40,8000,0.842023,8.66968e-05,0.000173562,5.40129e-05,1,14.2225,14.2358,11.8659,nan,0.177944,nan,0.0615191,13.8065,14.077,14.343,True,0.84321,0.84325,0.841178,0.84521,8.64991e-05,8.64943e-05,8.60775e-05,8.6932e-05,0.000167901,0.000167907,0.000154276,0.000182509,5.41484e-05,5.4142e-05,5.39284e-05,5.4397e-05,-0.0826291,7,2,0,0.00795148,796,0,False,nan,nan,nan,nan,nan,nan,nan,nan,nan,nan,13,13
ablation_control,matched,alternating,2,13,9,20,8000,0.842023,8.66968e-05,0.000173562,4.96515e-05,1,6.71761,6.69022,6.92258,nan,0.185177,nan,0.100593,6.73039,6.84988,6.95952,False,0.843122,0.84312,0.841282,0.845109,8.65857e-05,8.6588e-05,8.61594e-05,8.69861e-05,0.000185853,0.000185322,0.000157036,0.000218226,4.95607e-05,4.95665e-05,4.92625e-05,4.98423e-05,-0.0648696,6,2,0,0.00980724,710,0,False,nan,nan,nan,nan,nan,nan,nan,nan,nan,nan,13,13
ablation_control,matched,alternating,2,13,10,40,8000,0.842023,8.66968e-05,0.000173562,4.79761e-05,1,12.6837,12.6903,10.5511,nan,0.119206,nan,0.000926231,12.3135,12.5852,12.8619,True,0.843525,0.843565,0.84173,0.84524,8.66294e-05,8.6641e-05,8.62036e-05,8.70285e-05,0.000172089,0.000171789,0.000154638,0.000189844,4.80867e-05,4.80846e-05,4.78598e-05,4.8304e-05,0.006204,6,2,0,0.00942161,728,0,False,nan,nan,nan,nan,nan,nan,nan,nan,nan,nan,13,13
ablation_control,matched,alternating,2,13,11,20,8000,0.842023,8.66968e-05,0.000173562,4.5393e-05,1,6.15042,6.15298,6.35089,nan,0.0453566,nan,0.0849568,6.00391,6.11655,6.23136,True,0.8438,0.843843,0.842043,0.845472,8.65969e-05,8.66015e-05,8.61926e-05,8.69935e-05,0.000168604,0.000167446,0.000141894,0.000199167,4.52736e-05,4.52744e-05,4.50125e-05,4.55229e-05,-0.158864,4,2,0,0.00898514,829,0,False,nan,nan,nan,nan,nan,nan,nan,nan,nan,nan,13,13
ablation_control,matched,alternating,2,13,12,40,8000,0.842023,8.66968e-05,0.000173562,4.41313e-05,1,11.6972,11.7147,9.76508,nan,0.0806427,nan,0.0465725,11.3992,11.6297,11.8543,True,0.843464,0.843509,0.841625,0.845152,8.6633e-05,8.66373e-05,8.62115e-05,8.70172e-05,0.000171474,0.000171668,0.000152772,0.000190517,4.41457e-05,4.41432e-05,4.39507e-05,4.43474e-05,-0.0438306,5,2,0,0.00862794,871,0,False,nan,nan,nan,nan,nan,nan,nan,nan,nan,nan,13,13
ablation_control,matched,alternating,2,13,13,20,8000,0.842023,8.66968e-05,0.000173562,4.18794e-05,1,5.6812,5.66672,5.87833,nan,0.0357234,nan,0.0621202,5.55776,5.65352,5.75034,True,0.843438,0.843449,0.841645,0.845082,8.66359e-05,8.66457e-05,8.62186e-05,8.70015e-05,0.00018022,0.000178965,0.000149562,0.000214548,4.16266e-05,4.16277e-05,4.14067e-05,4.18441e-05,-0.170129,3,2,0,0.00843678,959,0,False,nan,nan,nan,nan,nan,nan,nan,nan,nan,nan,13,13
ablation_control,matched,alternating,2,13,14,40,8000,0.842023,8.66968e-05,0.000173562,4.14091e-05,1,10.9957,11.0225,9.24081,nan,0.354354,nan,0.235183,10.5186,10.709,10.8989,False,0.842815,0.842816,0.841513,0.844234,8.6747e-05,8.6747e-05,8.64018e-05,8.71046e-05,0.00018644,0.000186848,0.000164601,0.000208322,4.1526e-05,4.15249e-05,4.1332e-05,4.17292e-05,-0.077237,10,2,0,0.0114544,548,0,False,nan,nan,nan,nan,nan,nan,nan,nan,nan,nan,13,13
ablation_control,matched,alternating,2,13,15,20,8000,0.842023,8.66968e-05,0.000173562,3.90199e-05,1,5.29851,5.26847,5.49603,nan,0.00923243,nan,0.0198312,5.18845,5.30485,5.40968,True,0.842951,0.842969,0.841555,0.844426,8.67491e-05,8.67475e-05,8.64086e-05,8.7115e-05,0.000185057,0.000183548,0.000152174,0.000220289,3.89743e-05,3.89773e-05,3.87416e-05,3.92111e-05,0.0199661,3,2,0,0.0111617,653,0,False,nan,nan,nan,nan,nan,nan,nan,nan,nan,nan,13,13
ablation_control,matched,alternating,2,13,16,40,8000,0.842023,8.66968e-05,0.000173562,3.80348e-05,1,10.1227,10.0729,8.49855,nan,0.0807892,nan,0.0190709,9.82797,10.0596,10.2668,True,0.842881,0.842841,0.841488,0.844366,8.67627e-05,8.67604e-05,8.64075e-05,8.71073e-05,0.000156612,0.000156188,0.000135473,0.000179201,3.77728e-05,3.7772e-05,3.75945e-05,3.79497e-05,-0.0693883,6,2,0,0.0105562,655,0,False,nan,nan,nan,nan,nan,nan,nan,nan,nan,nan,13,13
ablation_control,matched,alternating,2,13,17,20,8000,0.842023,8.66968e-05,0.000173562,3.6151e-05,1,4.91379,4.89875,5.09774,nan,0.00870589,nan,0.00961564,4.81443,4.90708,5.00998,True,0.842934,0.84289,0.841494,0.844465,8.67569e-05,8.67551e-05,8.63974e-05,8.71066e-05,0.000165286,0.000164394,0.00013315,0.000199952,3.60996e-05,3.61002e-05,3.58879e-05,3.63118e-05,0.0200659,3,2,0,0.0101128,816,0,False,nan,nan,nan,nan,nan,nan,nan,nan,nan,nan,13,13
ablation_control,matched,alternating,2,13,18,40,8000,0.842023,8.66968e-05,0.000173562,3.50562e-05,1,9.34873,9.33403,7.83522,nan,0.0689236,nan,0.0639102,9.21243,9.40126,9.58954,True,0.842939,0.842901,0.841469,0.844471,8.67419e-05,8.67384e-05,8.63708e-05,8.71157e-05,0.000164727,0.000164198,0.000138645,0.00019134,3.49838e-05,3.49858e-05,3.48087e-05,3.51555e-05,-0.0928762,5,2,0,0.0100515,784,0,False,nan,nan,nan,nan,nan,nan,nan,nan,nan,nan,13,13
ablation_control,matched,alternating,2,13,19,20,8000,0.842023,8.66968e-05,0.000173562,3.31826e-05,1,4.51494,4.52995,4.67119,nan,0.0550812,nan,0.041982,4.46362,4.55353,4.64014,True,0.842943,0.842895,0.841531,0.84441,8.67548e-05,8.67544e-05,8.63971e-05,8.71125e-05,0.000180283,0.000179352,0.000142848,0.000221079,3.31995e-05,3.32003e-05,3.29865e-05,3.34084e-05,-0.0714067,4,2,0,0.00969308,836,0,False,nan,nan,nan,nan,nan,nan,nan,nan,nan,nan,13,13
ablation_control,matched,alternating,2,13,20,40,8000,0.842023,8.66968e-05,0.000173562,3.22044e-05,1,8.60481,8.60799,7.1828,nan,0.0585786,nan,0.0717391,8.4782,8.64701,8.81983,True,0.842966,0.842902,0.841549,0.844452,8.67324e-05,8.67336e-05,8.63716e-05,8.71102e-05,0.000170316,0.000169888,0.000140832,0.000200861,3.22527e-05,3.22535e-05,3.209e-05,3.24178e-05,-0.069834,4,2,0,0.00950166,863,0,False,nan,nan,nan,nan,nan,nan,nan,nan,nan,nan,13,13
ablation_control,matched,alternating,2,14,1,20,8000,0.00105566,6.50552e-05,0.000251873,6.50552e-05,1,8.47696,8.51701,2.21961,nan,3.56175,nan,0,5.18919,7.83723,11.677,True,0.00107865,0.00108254,0.00102396,0.0011214,6.54106e-05,6.50742e-05,6.00242e-05,7.03772e-05,0.000263131,0.000261044,0.000205557,0.00032671,6.54106e-05,6.50742e-05,6.00242e-05,7.03772e-05,0.056181,15,2,0,0.016055,743,0,False,nan,nan,nan,nan,nan,nan,nan,nan,nan,nan,13,11
ablation_control,matched,alternating,2,14,2,40,8000,0.00105566,6.50552e-05,0.000251873,6.08532e-05,1,15.506,15.5101,3.96482,nan,0.0556064,nan,0.0252848,13.4712,15.5556,17.523,True,0.00109328,0.00109433,0.00106192,0.00112436,6.49403e-05,6.48143e-05,6.4216e-05,6.6073e-05,0.000242334,0.000242397,0.000223536,0.000262066,6.10309e-05,6.10667e-05,6.03793e-05,6.15378e-05,0.182723,9,2,0,0.0146611,1543,0,False,nan,nan,nan,nan,nan,nan,nan,nan,nan,nan,13,11
ablation_control,matched,alternating,2,14,3,20,8000,0.00105566,6.50552e-05,0.000251873,5.4503e-05,1,7.13889,7.1543,1.86346,nan,0.0515475,nan,0.0614134,6.90063,7.19123,7.46632,True,0.001083,0.00108382,0.00104924,0.00111244,6.4963e-05,6.49401e-05,6.43581e-05,6.57538e-05,0.000268821,0.000268341,0.000228188,0.00031277,5.43749e-05,5.43563e-05,5.38424e-05,5.50246e-05,-0.114125,5,2,0,0.0102238,999,0,False,nan,nan,nan,nan,nan,nan,nan,nan,nan,nan,13,11
ablation_control,matched,alternating,2,14,4,40,8000,0.00105566,6.50552e-05,0.000251873,5.08211e-05,1,13.0734,13.0968,3.32008,nan,0.0356989,nan,0.191686,12.681,13.0855,13.509,True,0.00106656,0.00106714,0.00103786,0.00109421,6.49568e-05,6.49608e-05,6.43795e-05,6.55743e-05,0.000254232,0.000254539,0.000230036,0.000278335,5.11831e-05,5.11903e-05,5.08372e-05,5.15e-05,0.125816,6,2,0,0.00789464,844,0,False,nan,nan,nan,nan,nan,nan,nan,nan,nan,nan,13,11
ablation_control,matched,alternating,2,14,5,20,8000,0.00105566,6.50552e-05,0.000251873,4.66535e-05,1,6.13455,6.15664,1.59715,nan,0.0178365,nan,0.0887181,5.98091,6.11907,6.25734,True,0.00106866,0.00106964,0.0010416,0.00109442,6.48768e-05,6.48814e-05,6.43492e-05,6.54058e-05,0.000260298,0.000260218,0.000218269,0.000303744,4.64752e-05,4.6467e-05,4.61517e-05,4.68227e-05,-0.0136012,3,2,0,0.00772765,910,0,False,nan,nan,nan,nan,nan,nan,nan,nan,nan,nan,13,11
ablation_control,matched,alternating,2,14,6,40,8000,0.00105566,6.50552e-05,0.000251873,4.3462e-05,1,11.2596,11.2337,2.85529,nan,0.125084,nan,0.261851,11.1297,11.3834,11.636,True,0.001068,0.00106833,0.00104238,0.00109276,6.48282e-05,6.48339e-05,6.43067e-05,6.53226e-05,0.000281733,0.000281926,0.000249821,0.000312883,4.38802e-05,4.38774e-05,4.36052e-05,4.41529e-05,0.0574245,6,2,0,0.00750505,841,0,False,nan,nan,nan,nan,nan,nan,nan,nan,nan,nan,13,11
ablation_control,matched,alternating,2,14,7,20,8000,0.00105566,6.50552e-05,0.000251873,3.96087e-05,1,5.22653,5.2383,1.36652,nan,0.0622781,nan,0.0333451,5.18837,5.28735,5.39195,True,0.00106428,0.00106422,0.00104073,0.00108873,6.48861e-05,6.48779e-05,6.43996e-05,6.53689e-05,0.000285616,0.000284701,0.000239755,0.00033529,3.95614e-05,3.95664e-05,3.92698e-05,3.98544e-05,-0.043096,3,2,0,0.00724299,942,0,False,nan,nan,nan,nan,nan,nan,nan,nan,nan,nan,13,11
ablation_control,matched,alternating,2,14,8,40,8000,0.00105566,6.50552e-05,0.000251873,3.78463e-05,1,9.85832,9.87289,2.50779,nan,0.113921,nan,0.0519226,9.53859,9.75066,9.96244,True,0.001067,0.00106718,0.0010455,0.00108964,6.49203e-05,6.49231e-05,6.44583e-05,6.53741e-05,0.00023419,0.000234094,0.000201561,0.000266597,3.7986e-05,3.79812e-05,3.77537e-05,3.82178e-05,0.00611497,6,2,0,0.00743973,816,0,False,nan,nan,nan,nan,nan,nan,nan,nan,nan,nan,13,11
ablation_control,matched,alternating,2,14,9,20,8000,0.00105566,6.50552e-05,0.000251873,3.51092e-05,1,4.64325,4.6236,1.2187,nan,0.075532,nan,0.00270979,4.63929,4.71769,4.79911,True,0.00106761,0.00106717,0.00104733,0.00108812,6.50206e-05,6.50231e-05,6.45606e-05,6.54612e-05,0.000249931,0.000248484,0.000201958,0.00030426,3.48659e-05,3.4869e-05,3.45736e-05,3.51516e-05,-0.0560015,5,2,0,0.00869149,736,0,False,nan,nan,nan,nan,nan,nan,nan,nan,nan,nan,13,11
ablation_control,matched,alternating,2,14,10,40,8000,0.00105566,6.50552e-05,0.000251873,3.38239e-05,1,8.84529,8.87298,2.25323,nan,0.0757177,nan,0.0143213,8.56798,8.76932,8.9738,True,0.00107134,0.00107122,0.00105163,0.0010917,6.5049e-05,6.50469e-05,6.4601e-05,6.54766e-05,0.000236133,0.000235493,0.000200665,0.000274188,3.39641e-05,3.39654e-05,3.37442e-05,3.41863e-05,-0.0141677,4,2,0,0.00854156,815,0,False,nan,nan,nan,nan,nan,nan,nan,nan,nan,nan,13,11
ablation_control,matched,alternating,2,14,11,20,8000,0.00105566,6.50552e-05,0.000251873,3.12931e-05,1,4.1465,4.14054,1.09803,nan,0.0992276,nan,0.040937,4.15893,4.24412,4.32648,False,0.00107076,0.0010703,0.00105106,0.00109261,6.51244e-05,6.51263e-05,6.4665e-05,6.55499e-05,0.000263339,0.000261648,0.000207486,0.00032179,3.12866e-05,3.12913e-05,3.09893e-05,3.15814e-05,0.0384066,6,2,0,0.0102366,637,0,False,nan,nan,nan,nan,nan,nan,nan,nan,nan,nan,13,11
ablation_control,matched,alternating,2,14,12,40,8000,0.00105566,6.50552e-05,0.000251873,3.01088e-05,1,7.90258,7.88685,2.03327,nan,0.0107924,nan,0.0524606,7.71376,7.90907,8.09931,True,0.00107268,0.00107292,0.00105323,0.00109313,6.51181e-05,6.51241e-05,6.46527e-05,6.55699e-05,0.000251958,0.000250934,0.000205292,0.000300253,3.01487e-05,3.01488e-05,2.99271e-05,3.0361e-05,-0.0143734,4,2,0,0.00985709,800,0,False,nan,nan,nan,nan,nan,nan,nan,nan,nan,nan,13,11
ablation_control,matched,alternating,2,14,13,20,8000,0.00105566,6.50552e-05,0.000251873,2.87164e-05,1,3.81002,3.81209,1.00524,nan,0.0315459,nan,0.0500903,3.69958,3.77994,3.85983,True,0.00107084,0.00107136,0.00105164,0.00109063,6.51015e-05,6.51063e-05,6.4658e-05,6.55425e-05,0.000246237,0.000245583,0.000192053,0.000302127,2.85496e-05,2.8542e-05,2.83e-05,2.88175e-05,0.0590322,3,2,0,0.00978104,865,0,False,nan,nan,nan,nan,nan,nan,nan,nan,nan,nan,13,11
ablation_control,matched,alternating,2,14,14,40,8000,0.00105566,6.50552e-05,0.000251873,2.85031e-05,1,7.49302,7.49521,1.90014,nan,0.210969,nan,0.158485,7.12102,7.27826,7.46493,False,0.00107235,0.00107241,0.00105296,0.00109107,6.51614e-05,6.51627e-05,6.46909e-05,6.56445e-05,0.000221921,0.000219994,0.000178426,0.000269233,2.84321e-05,2.84266e-05,2.82347e-05,2.8642e-05,-0.00766183,6,2,0,0.0123064,723,0,False,nan,nan,nan,nan,nan,nan,nan,nan,nan,nan,13,11
ablation_control,matched,alternating,2,14,15,20,8000,0.00105566,6.50552e-05,0.000251873,2.74343e-05,1,3.64226,3.64273,0.94761,nan,0.039767,nan,0.0692757,3.50807,3.60507,3.69329,True,0.00107683,0.00107668,0.00105827,0.00109523,6.51509e-05,6.51484e-05,6.46705e-05,6.56399e-05,0.000212005,0.000210019,0.000164569,0.000265346,2.72413e-05,2.72398e-05,2.69761e-05,2.75029e-05,0.0637437,3,2,0,0.0118617,851,0,False,nan,nan,nan,nan,nan,nan,nan,nan,nan,nan,13,11
ablation_control,matched,alternating,2,14,16,40,8000,0.00105566,6.50552e-05,0.000251873,2.66204e-05,1,7.01117,7.06778,1.77583,nan,0.0208784,nan,0.0148848,6.85109,7.0215,7.2017,True,0.0010755,0.00107604,0.00105633,0.0010929,6.51761e-05,6.51868e-05,6.46904e-05,6.56606e-05,0.000199763,0.000198335,0.000155427,0.000248663,2.67506e-05,2.67489e-05,2.65497e-05,2.6941e-05,-0.0319554,4,2,0,0.0113577,873,0,False,nan,nan,nan,nan,nan,nan,nan,nan,nan,nan,13,11
ablation_control,matched,alternating,2,14,17,20,8000,0.00105566,6.50552e-05,0.000251873,2.51234e-05,1,3.33937,3.33782,0.870419,nan,0.0843729,nan,0.0135765,3.34298,3.42361,3.50433,False,0.00107561,0.00107612,0.00105674,0.00109371,6.5236e-05,6.52256e-05,6.47739e-05,6.57144e-05,0.000231985,0.000230534,0.00017561,0.000297116,2.51445e-05,2.51531e-05,2.48803e-05,2.54072e-05,0.00916331,5,2,0,0.0124535,814,0,False,nan,nan,nan,nan,nan,nan,nan,nan,nan,nan,13,11
ablation_control,matched,alternating,2,14,18,40,8000,0.00105566,6.50552e-05,0.000251873,2.49047e-05,1,6.57048,6.57823,1.6651,nan,0.0901779,nan,0.108317,6.3163,6.48754,6.63925,True,0.00107401,0.00107475,0.00105491,0.0010915,6.52646e-05,6.52653e-05,6.48021e-05,6.57512e-05,0.000205792,0.000202881,0.000158467,0.00025962,2.48401e-05,2.48379e-05,2.46606e-05,2.50349e-05,-0.003207,4,2,0,0.0120256,875,0,False,nan,nan,nan,nan,nan,nan,nan,nan,nan,nan,13,11
ablation_control,matched,alternating,2,14,19,20,8000,0.00105566,6.50552e-05,0.000251873,2.37972e-05,1,3.16521,3.15903,0.823174,nan,0.0184839,nan,0.0155476,3.10876,3.18238,3.25603,True,0.00107269,0.00107327,0.00105408,0.00109045,6.52804e-05,6.52807e-05,6.48234e-05,6.57362e-05,0.000208595,0.000206355,0.000157778,0.000268387,2.37127e-05,2.37133e-05,2.34636e-05,2.39519e-05,0.0278049,2,2,0,0.011795,1076,0,False,nan,nan,nan,nan,nan,nan,nan,nan,nan,nan,13,11
ablation_control,matched,alternating,2,14,20,40,8000,0.00105566,6.50552e-05,0.000251873,2.30928e-05,1,6.10347,6.11427,1.54585,nan,0.0525697,nan,0.0347289,6.00737,6.15693,6.30061,True,0.0010717,0.00107191,0.00105353,0.00108967,6.52824e-05,6.52776e-05,6.48056e-05,6.57529e-05,0.000223736,0.000221737,0.000168241,0.000288513,2.31076e-05,2.31054e-05,2.29271e-05,2.32946e-05,-0.0311664,4,2,0,0.0114763,968,0,False,nan,nan,nan,nan,nan,nan,nan,nan,nan,nan,13,11
ablation_control,matched,alternating,2,15,1,20,8000,0.203389,4.93178e-05,0.000391678,4.93178e-05,1,6.4308,6.45861,3.40336,nan,2.21379,nan,0,5.21076,7.85712,11.9553,True,0.204572,0.204522,0.202423,0.206878,5.04795e-05,5.0635e-05,4.50791e-05,5.52288e-05,0.000319876,0.000321782,0.000237787,0.00040224,5.04795e-05,5.0635e-05,4.50791e-05,5.52288e-05,-0.141723,16,2,0,0.0210777,775,0,False,nan,nan,nan,nan,nan,nan,nan,nan,nan,nan,13,11
ablation_control,matched,alternating,2,15,2,40,8000,0.203389,4.93178e-05,0.000391678,4.61548e-05,1,11.6034,11.5805,3.99955,nan,0.716863,nan,0.103787,10.2013,12.3522,14.2679,True,0.203782,0.203778,0.202489,0.205144,4.9857e-05,4.9863e-05,4.85813e-05,5.10014e-05,0.000390962,0.000391169,0.000363592,0.000419528,4.57696e-05,4.58162e-05,4.49206e-05,4.64716e-05,-0.17182,11,2,0,0.0194806,1428,0,False,nan,nan,nan,nan,nan,nan,nan,nan,nan,nan,13,11
ablation_control,matched,alternating,2,15,3,20,8000,0.203389,4.93178e-05,0.000391678,4.02284e-05,1,5.28149,5.27783,2.90401,nan,0.0820307,nan,0.00235914,4.90296,5.21831,5.49272,True,0.203981,0.203977,0.202725,0.205175,4.96831e-05,4.9634e-05,4.90409e-05,5.06147e-05,0.000392892,0.000391637,0.000336108,0.000454813,4.03653e-05,4.03073e-05,3.98956e-05,4.11157e-05,0.0630242,5,2,0,0.0120872,1013,0,False,nan,nan,nan,nan,nan,nan,nan,nan,nan,nan,13,11
ablation_control,matched,alternating,2,15,4,40,8000,0.203389,4.93178e-05,0.000391678,3.80521e-05,1,9.67794,9.66898,3.61977,nan,0.0110098,nan,0.0606919,9.34166,9.65,10.1088,True,0.203554,0.203548,0.202499,0.204632,4.96419e-05,4.96196e-05,4.91025e-05,5.024e-05,0.000418089,0.0004173,0.000383126,0.000453899,3.80373e-05,3.80415e-05,3.77163e-05,3.83427e-05,-0.138764,6,2,0,0.0101743,875,0,False,nan,nan,nan,nan,nan,nan,nan,nan,nan,nan,13,11
ablation_control,matched,alternating,2,15,5,20,8000,0.203389,4.93178e-05,0.000391678,3.40911e-05,1,4.49659,4.52784,2.53631,nan,0.0860595,nan,0.0211786,4.27327,4.42714,4.53975,True,0.203532,0.203513,0.202559,0.204616,4.94837e-05,4.94678e-05,4.89663e-05,5.00857e-05,0.000389896,0.000387068,0.000329224,0.00045819,3.43288e-05,3.42998e-05,3.39873e-05,3.47784e-05,0.0106969,5,2,0,0.0105251,850,0,False,nan,nan,nan,nan,nan,nan,nan,nan,nan,nan,13,11
ablation_control,matched,alternating,2,15,6,40,8000,0.203389,4.93178e-05,0.000391678,3.22012e-05,1,8.25986,8.25204,3.32519,nan,0.0937864,nan,0.0346699,8.10265,8.34259,8.61321,True,0.203599,0.20359,0.202587,0.204649,4.94116e-05,4.94029e-05,4.89219e-05,4.9921e-05,0.000431877,0.000432599,0.000385968,0.00047787,3.2351e-05,3.23548e-05,3.20995e-05,3.2586e-05,-0.108963,5,2,0,0.00959025,937,0,False,nan,nan,nan,nan,nan,nan,nan,nan,nan,nan,13,11
ablation_control,matched,alternating,2,15,7,20,8000,0.203389,4.93178e-05,0.000391678,2.91228e-05,1,3.85586,3.86681,2.26557,nan,0.0198396,nan,0.0123732,3.74259,3.84161,3.92488,True,0.203689,0.20366,0.202714,0.204708,4.93598e-05,4.93509e-05,4.89099e-05,4.98048e-05,0.000412841,0.000411882,0.000343782,0.000486411,2.91975e-05,2.91958e-05,2.89407e-05,2.94565e-05,-0.00320582,3,2,0,0.0084964,1040,0,False,nan,nan,nan,nan,nan,nan,nan,nan,nan,nan,13,11
ablation_control,matched,alternating,2,15,8,40,8000,0.203389,4.93178e-05,0.000391678,2.80613e-05,1,7.24197,7.26291,3.03957,nan,0.0829676,nan,0.0585114,6.98527,7.16125,7.34037,True,0.20366,0.203669,0.202729,0.204556,4.94374e-05,4.94364e-05,4.90096e-05,4.98502e-05,0.000426717,0.00042484,0.000372223,0.000484981,2.82389e-05,2.82382e-05,2.80234e-05,2.84706e-05,-0.0697381,5,2,0,0.0101315,990,0,False,nan,nan,nan,nan,nan,nan,nan,nan,nan,nan,13,11
ablation_control,matched,alternating,2,15,9,20,8000,0.203389,4.93178e-05,0.000391678,2.57912e-05,1,3.4235,3.42864,2.03786,nan,0.0162675,nan,0.00431417,3.33125,3.41197,3.48135,True,0.203671,0.203679,0.202696,0.204559,4.94022e-05,4.94014e-05,4.8973e-05,4.98139e-05,0.000410205,0.000406791,0.000336513,0.00049375,2.5869e-05,2.58695e-05,2.56338e-05,2.61134e-05,-0.0138551,3,2,0,0.00891116,1129,0,False,nan,nan,nan,nan,nan,nan,nan,nan,nan,nan,13,11
ablation_control,matched,alternating,2,15,10,40,8000,0.203389,4.93178e-05,0.000391678,2.48363e-05,1,6.44047,6.42508,2.80144,nan,0.0216808,nan,0.0159071,6.25941,6.42588,6.56773,True,0.203537,0.203539,0.202614,0.204401,4.93796e-05,4.93761e-05,4.89776e-05,4.97912e-05,0.000373896,0.000372652,0.00031613,0.000432546,2.47405e-05,2.47398e-05,2.45588e-05,2.49277e-05,-0.0527599,4,2,0,0.00793378,1051,0,False,nan,nan,nan,nan,nan,nan,nan,nan,nan,nan,13,11
ablation_control,matched,alternating,2,15,11,20,8000,0.203389,4.93178e-05,0.000391678,2.311e-05,1,3.07393,3.04973,1.85315,nan,0.0086535,nan,0.0134205,3.00546,3.06688,3.12244,True,0.203587,0.203601,0.202643,0.204515,4.93886e-05,4.93831e-05,4.89863e-05,4.97907e-05,0.000394288,0.00039305,0.000313555,0.00047933,2.29607e-05,2.29566e-05,2.27584e-05,2.31704e-05,-0.0409932,2,2,0,0.00750708,1236,0,False,nan,nan,nan,nan,nan,nan,nan,nan,nan,nan,13,11
ablation_control,matched,alternating,2,15,12,40,8000,0.203389,4.93178e-05,0.000391678,2.2365e-05,1,5.82109,5.82272,2.57935,nan,0.0624492,nan,0.0193915,5.63522,5.7612,5.88582,True,0.20339,0.203383,0.20249,0.204292,4.94012e-05,4.93959e-05,4.90429e-05,4.98006e-05,0.000346495,0.00034564,0.000288532,0.000408334,2.2282e-05,2.22847e-05,2.21205e-05,2.24469e-05,-0.0768051,4,2,0,0.00738378,1054,0,False,nan,nan,nan,nan,nan,nan,nan,nan,nan,nan,13,11
ablation_control,matched,alternating,2,15,13,20,8000,0.203389,4.93178e-05,0.000391678,2.05615e-05,1,2.74034,2.71231,1.71355,nan,0.0679088,nan,0.0463017,2.75054,2.80148,2.85256,False,0.203341,0.203318,0.202436,0.204297,4.94921e-05,4.94879e-05,4.90957e-05,4.99104e-05,0.000396221,0.000393759,0.000308941,0.000493908,2.05224e-05,2.05363e-05,2.02724e-05,2.07457e-05,-0.0648632,5,2,0,0.00929519,895,0,False,nan,nan,nan,nan,nan,nan,nan,nan,nan,nan,13,11
ablation_control,matched,alternating,2,15,14,40,8000,0.203389,4.93178e-05,0.000391678,1.99838e-05,1,5.22002,5.24256,2.45737,nan,0.0302243,nan,0.0192959,5.06275,5.1917,5.318,True,0.203438,0.203424,0.20257,0.204375,4.9484e-05,4.94808e-05,4.91068e-05,4.98756e-05,0.000351097,0.000349809,0.000280073,0.00042726,1.99895e-05,1.99887e-05,1.98241e-05,2.01536e-05,-0.0680776,4,2,0,0.00900535,902,0,False,nan,nan,nan,nan,nan,nan,nan,nan,nan,nan,13,11
ablation_control,matched,alternating,2,15,15,20,8000,0.203389,4.93178e-05,0.000391678,1.88988e-05,1,2.52199,2.54437,1.57835,nan,0.00384244,nan,0.0160115,2.47204,2.52415,2.57631,True,0.203492,0.203474,0.202617,0.204427,4.94715e-05,4.94696e-05,4.90933e-05,4.98516e-05,0.000333882,0.00033401,0.000256514,0.00041791,1.89841e-05,1.89754e-05,1.87865e-05,1.91979e-05,-0.0571427,2,2,0,0.00876305,1132,0,False,nan,nan,nan,nan,nan,nan,nan,nan,nan,nan,13,11
ablation_control,matched,alternating,2,15,16,40,8000,0.203389,4.93178e-05,0.000391678,1.86147e-05,1,4.87248,4.86044,2.23232,nan,0.0147347,nan,0.0705848,4.75816,4.86462,4.98313,True,0.203612,0.2036,0.202722,0.204492,4.94599e-05,4.94616e-05,4.90839e-05,4.98349e-05,0.000370667,0.000368836,0.000294824,0.000454564,1.85273e-05,1.8527e-05,1.83722e-05,1.86875e-05,-0.135788,3,2,0,0.00821879,1126,0,False,nan,nan,nan,nan,nan,nan,nan,nan,nan,nan,13,11
ablation_control,matched,alternating,2,15,17,20,8000,0.203389,4.93178e-05,0.000391678,1.75333e-05,1,2.34225,2.38394,1.46097,nan,0.00352255,nan,0.0059468,2.30001,2.34443,2.38958,True,0.203521,0.203513,0.202634,0.204386,4.94518e-05,4.94393e-05,4.91013e-05,4.98169e-05,0.000361024,0.000358603,0.000278828,0.000455542,1.76691e-05,1.76685e-05,1.74752e-05,1.78682e-05,0.00011974,3,2,0,0.00820936,1161,0,False,nan,nan,nan,nan,nan,nan,nan,nan,nan,nan,13,11
ablation_control,matched,alternating,2,15,18,40,8000,0.203389,4.93178e-05,0.000391678,1.68448e-05,1,4.42106,4.4146,2.15565,nan,0.109642,nan,0.0564371,4.42247,4.52527,4.63034,False,0.203508,0.203531,0.202651,0.204343,4.94352e-05,4.94319e-05,4.90385e-05,4.98089e-05,0.000439541,0.00043704,0.000347252,0.000538134,1.69072e-05,1.69071e-05,1.67551e-05,1.70611e-05,-0.0562597,5,2,0,0.0086163,867,0,False,nan,nan,nan,nan,nan,nan,nan,nan,nan,nan,13,11
ablation_control,matched,alternating,2,15,19,20,8000,0.203389,4.93178e-05,0.000391678,1.64302e-05,1,2.19677,2.21953,1.35678,nan,0.0740887,nan,0.0648788,2.08563,2.12973,2.17558,False,0.203436,0.203447,0.202617,0.204191,4.93937e-05,4.94001e-05,4.89976e-05,4.97857e-05,0.000387524,0.000383742,0.000297071,0.000493973,1.63002e-05,1.62979e-05,1.61003e-05,1.65143e-05,-0.0465617,4,2,0,0.010104,954,0,False,nan,nan,nan,nan,nan,nan,nan,nan,nan,nan,13,11
ablation_control,matched,alternating,2,15,20,40,8000,0.203389,4.93178e-05,0.000391678,1.62563e-05,1,4.27043,4.28174,1.90587,nan,0.100062,nan,0.0649943,4.07376,4.1722,4.28076,True,0.203378,0.203415,0.202536,0.204121,4.93822e-05,4.93857e-05,4.90061e-05,4.9779e-05,0.000359164,0.000353141,0.000275729,0.000467021,1.62341e-05,1.62315e-05,1.60665e-05,1.64064e-05,-0.0294466,6,2,0,0.011894,763,0,False,nan,nan,nan,nan,nan,nan,nan,nan,nan,nan,13,11
ablation_control,matched,alternating,2,16,1,20,8000,0.00817383,6.34585e-05,0.000129333,6.34585e-05,1,8.35169,8.36941,1.5539,nan,3.03955,nan,0,5.18086,7.88139,11.8398,True,0.00817049,0.00818089,0.00787252,0.0084404,6.483e-05,6.59017e-05,5.835e-05,7.00883e-05,0.000165516,0.000164424,0.000120129,0.000213926,6.483e-05,6.59017e-05,5.835e-05,7.00883e-05,0.00744804,16,2,0,0.0184187,880,0,False,nan,nan,nan,nan,nan,nan,nan,nan,nan,nan,13,22
ablation_control,matched,alternating,2,16,2,40,8000,0.00817383,6.34585e-05,0.000129333,6.17532e-05,1,16.018,16.0354,3.1468,nan,0.176239,nan,0.088128,13.4187,16.4756,18.4004,True,0.00800063,0.00800325,0.00782979,0.00815806,6.38958e-05,6.42734e-05,6.12439e-05,6.60329e-05,0.000137966,0.000137567,0.000120911,0.000155557,6.18688e-05,6.16768e-05,6.04632e-05,6.37644e-05,0.0377486,11,2.19456,0,0.0261317,1298,0,False,nan,nan,nan,nan,nan,nan,nan,nan,nan,nan,13,22
ablation_control,matched,alternating,2,16,3,20,8000,0.00817383,6.34585e-05,0.000129333,5.81095e-05,1,7.65821,7.65221,1.6204,nan,0.0494125,nan,0.0174418,7.03586,7.55503,8.35659,True,0.00804078,0.00803833,0.00789321,0.00819284,6.3814e-05,6.38911e-05,6.15518e-05,6.53919e-05,0.000127355,0.000126605,0.000105316,0.000152455,5.81777e-05,5.82325e-05,5.62143e-05,5.96119e-05,0.120312,7,2,0,0.0183083,761,0,False,nan,nan,nan,nan,nan,nan,nan,nan,nan,nan,13,22
ablation_control,matched,alternating,2,16,4,40,8000,0.00817383,6.34585e-05,0.000129333,5.60786e-05,1,14.5875,14.5823,3.24093,nan,0.124004,nan,0.0782567,13.7497,14.7219,15.568,True,0.00804518,0.0080435,0.00793648,0.00816586,6.37471e-05,6.3759e-05,6.27246e-05,6.47976e-05,0.000123056,0.000123039,0.000106344,0.000139345,5.5993e-05,5.60076e-05,5.52932e-05,5.65481e-05,-0.0233118,6,2,0,0.0122304,727,0,False,nan,nan,nan,nan,nan,nan,nan,nan,nan,nan,13,22
ablation_control,matched,alternating,2,16,5,20,8000,0.00817383,6.34585e-05,0.000129333,5.24111e-05,1,6.91734,6.94121,1.59463,nan,0.0885586,nan,0.0707152,6.71355,7.00057,7.31133,True,0.00805831,0.00805553,0.00794849,0.00817355,6.38748e-05,6.38432e-05,6.31902e-05,6.46051e-05,0.000120545,0.000119943,9.8447e-05,0.000145439,5.26984e-05,5.26876e-05,5.21461e-05,5.32747e-05,0.0494345,5,2,0,0.0103176,711,0,False,nan,nan,nan,nan,nan,nan,nan,nan,nan,nan,13,22
ablation_control,matched,alternating,2,16,6,40,8000,0.00817383,6.34585e-05,0.000129333,5.09997e-05,1,13.3004,13.3174,3.23316,nan,0.132065,nan,0.00102307,13.0417,13.4138,13.8702,True,0.00807017,0.00807015,0.00797603,0.00816586,6.37817e-05,6.37838e-05,6.32857e-05,6.42656e-05,0.000137064,0.000137211,0.000118446,0.000155116,5.11405e-05,5.11422e-05,5.08533e-05,5.14283e-05,-0.013497,5,2,0,0.00773489,784,0,False,nan,nan,nan,nan,nan,nan,nan,nan,nan,nan,13,22
ablation_control,matched,alternating,2,16,7,20,8000,0.00817383,6.34585e-05,0.000129333,4.88033e-05,1,6.44716,6.40269,1.67468,nan,0.0683025,nan,0.0538107,6.26243,6.3804,6.50514,True,0.00807166,0.00807045,0.0079773,0.00816764,6.37416e-05,6.37445e-05,6.32975e-05,6.41928e-05,0.000144826,0.000143908,0.000118112,0.000173564,4.85426e-05,4.8534e-05,4.82313e-05,4.88771e-05,0.0545187,4,2,0,0.00709667,887,0,False,nan,nan,nan,nan,nan,nan,nan,nan,nan,nan,13,22
ablation_control,matched,alternating,2,16,8,40,8000,0.00817383,6.34585e-05,0.000129333,4.73466e-05,1,12.3705,12.3789,3.31909,nan,0.0793183,nan,0.0604158,12.0607,12.2966,12.5368,True,0.00810177,0.00810183,0.00801865,0.00818564,6.37714e-05,6.37703e-05,6.33666e-05,6.41889e-05,0.000132434,0.000132415,0.000112985,0.000152848,4.73769e-05,4.73749e-05,4.71374e-05,4.76221e-05,-0.0234919,5,2,0,0.00672508,925,0,False,nan,nan,nan,nan,nan,nan,nan,nan,nan,nan,13,22
ablation_control,matched,alternating,2,16,9,20,8000,0.00817383,6.34585e-05,0.000129333,4.59043e-05,1,6.06872,6.07392,1.75245,nan,0.115112,nan,0.107235,5.86047,5.95458,6.05421,False,0.00811172,0.00811253,0.00803075,0.00819306,6.36467e-05,6.36476e-05,6.32193e-05,6.40558e-05,0.000119432,0.000118158,9.60471e-05,0.000146326,4.5767e-05,4.57551e-05,4.54669e-05,4.61244e-05,-0.0107777,5,2,0,0.0079464,777,0,False,nan,nan,nan,nan,nan,nan,nan,nan,nan,nan,13,22
ablation_control,matched,alternating,2,16,10,40,8000,0.00817383,6.34585e-05,0.000129333,4.50298e-05,1,11.779,11.788,3.54963,nan,0.0631351,nan,0.0540022,11.5144,11.7199,11.9226,True,0.00811643,0.00811547,0.00803951,0.00819768,6.36929e-05,6.36868e-05,6.32744e-05,6.41163e-05,0.000129594,0.000129514,0.000106987,0.000152474,4.50797e-05,4.50788e-05,4.48364e-05,4.53307e-05,-0.0219636,5,2,0,0.00837999,763,0,False,nan,nan,nan,nan,nan,nan,nan,nan,nan,nan,13,22
ablation_control,matched,alternating,2,16,11,20,8000,0.00817383,6.34585e-05,0.000129333,4.23553e-05,1,5.60466,5.63008,1.68321,nan,0.0931202,nan,0.083945,5.58549,5.70034,5.79684,True,0.00810275,0.00810034,0.00802516,0.00818417,6.37413e-05,6.37405e-05,6.33456e-05,6.41663e-05,0.000130937,0.000129921,0.000106073,0.000160057,4.26501e-05,4.26569e-05,4.23538e-05,4.29524e-05,0.0226839,4,2,0,0.0087828,823,0,False,nan,nan,nan,nan,nan,nan,nan,nan,nan,nan,13,22
ablation_control,matched,alternating,2,16,12,40,8000,0.00817383,6.34585e-05,0.000129333,4.14182e-05,1,10.8541,10.8367,3.3524,nan,0.0778657,nan,0.0034244,10.7223,10.9298,11.1431,True,0.00812428,0.00812487,0.00805024,0.0081991,6.36987e-05,6.3711e-05,6.32849e-05,6.40872e-05,0.000122017,0.000121719,0.000100807,0.000144474,4.13269e-05,4.13304e-05,4.11001e-05,4.1545e-05,-0.110779,5,2,0,0.00884349,830,0,False,nan,nan,nan,nan,nan,nan,nan,nan,nan,nan,13,22
ablation_control,matched,alternating,2,16,13,20,8000,0.00817383,6.34585e-05,0.000129333,3.92695e-05,1,5.20049,5.21647,1.60899,nan,0.0616218,nan,0.055141,5.16955,5.26083,5.35562,True,0.00813512,0.00813604,0.00806076,0.0082086,6.37427e-05,6.37512e-05,6.33448e-05,6.41213e-05,0.00012422,0.000122972,9.72886e-05,0.000155358,3.94015e-05,3.94101e-05,3.91199e-05,3.96858e-05,-0.0230799,4,2,0,0.00865696,858,0,False,nan,nan,nan,nan,nan,nan,nan,nan,nan,nan,13,22
ablation_control,matched,alternating,2,16,14,40,8000,0.00817383,6.34585e-05,0.000129333,3.81664e-05,1,10.0186,10.0292,3.13036,nan,0.129961,nan,0.0801048,9.96028,10.1462,10.3389,True,0.00813425,0.00813616,0.00806123,0.00820389,6.36875e-05,6.36836e-05,6.32602e-05,6.41005e-05,0.000113673,0.000113244,8.92264e-05,0.000139812,3.81515e-05,3.81537e-05,3.79375e-05,3.83531e-05,-0.119256,5,2,0,0.00969756,826,0,False,nan,nan,nan,nan,nan,nan,nan,nan,nan,nan,13,22
ablation_control,matched,alternating,2,16,15,20,8000,0.00817383,6.34585e-05,0.000129333,3.6387e-05,1,4.82235,4.8246,1.51229,nan,0.0700177,nan,0.0402529,4.80306,4.88966,4.98783,True,0.00814148,0.00814375,0.00807333,0.00820684,6.37315e-05,6.37361e-05,6.3354e-05,6.41355e-05,0.000123013,0.000121353,9.29213e-05,0.00015881,3.64667e-05,3.64695e-05,3.61781e-05,3.67395e-05,0.0333118,4,2,0,0.0095172,875,0,False,nan,nan,nan,nan,nan,nan,nan,nan,nan,nan,13,22
ablation_control,matched,alternating,2,16,16,40,8000,0.00817383,6.34585e-05,0.000129333,3.55321e-05,1,9.33963,9.36169,2.96943,nan,0.083421,nan,0.0446136,9.24305,9.42081,9.61494,True,0.00814095,0.00814112,0.00807016,0.00820927,6.37224e-05,6.37244e-05,6.33294e-05,6.40979e-05,0.000128074,0.000127185,9.95061e-05,0.000159785,3.56225e-05,3.56178e-05,3.54171e-05,3.58348e-05,-0.0687178,4,2,0,0.00905896,922,0,False,nan,nan,nan,nan,nan,nan,nan,nan,nan,nan,13,22
ablation_control,matched,alternating,2,16,17,20,8000,0.00817383,6.34585e-05,0.000129333,3.44681e-05,1,4.57032,4.55943,1.49528,nan,0.0158107,nan,0.0292399,4.4739,4.55533,4.63763,True,0.00813819,0.00813918,0.0080668,0.00820607,6.37018e-05,6.37006e-05,6.33188e-05,6.40837e-05,0.000131908,0.000130689,9.76227e-05,0.000169379,3.43787e-05,3.43775e-05,3.41143e-05,3.46463e-05,-0.00820538,2,2,0,0.00866441,1110,0,False,nan,nan,nan,nan,nan,nan,nan,nan,nan,nan,13,22
ablation_control,matched,alternating,2,16,18,40,8000,0.00817383,6.34585e-05,0.000129333,3.43635e-05,1,9.03786,9.06001,3.09473,nan,0.162015,nan,0.133287,8.71174,8.87469,9.04886,True,0.00814733,0.00814509,0.0080848,0.00821029,6.37558e-05,6.37654e-05,6.33612e-05,6.41516e-05,0.000115693,0.000114696,9.00108e-05,0.000144227,3.43555e-05,3.43537e-05,3.41593e-05,3.45548e-05,-0.0254178,6,2,0,0.00962946,777,0,False,nan,nan,nan,nan,nan,nan,nan,nan,nan,nan,13,22
ablation_control,matched,alternating,2,16,19,20,8000,0.00817383,6.34585e-05,0.000129333,3.37089e-05,1,4.47053,4.44026,1.59298,nan,0.0563105,nan,0.0729459,4.33024,4.41592,4.49498,True,0.00814558,0.0081442,0.0080844,0.00821041,6.37365e-05,6.37411e-05,6.33618e-05,6.41183e-05,0.000120971,0.000119616,9.04418e-05,0.00015588,3.34386e-05,3.34408e-05,3.3166e-05,3.37083e-05,0.0466764,3,2,0,0.00955003,909,0,False,nan,nan,nan,nan,nan,nan,nan,nan,nan,nan,13,22
ablation_control,matched,alternating,2,16,20,40,8000,0.00817383,6.34585e-05,0.000129333,3.30945e-05,1,8.70977,8.72074,3.14555,nan,0.0387515,nan,0.00695664,8.49858,8.67378,8.84674,True,0.00814796,0.008147,0.00808775,0.00821285,6.37467e-05,6.37427e-05,6.33804e-05,6.41344e-05,0.000118729,0.000117895,8.98723e-05,0.000151484,3.30641e-05,3.3064e-05,3.28777e-05,3.32576e-05,0.00645981,4,2,0,0.00933983,897,0,False,nan,nan,nan,nan,nan,nan,nan,nan,nan,nan,13,22
ablation_control,matched,alternating,2,17,1,20,8000,0.844872,3.43188e-05,0.000198144,3.43188e-05,1,4.66032,4.68765,5.73796,nan,3.89658,nan,0,5.19752,7.96477,11.9544,False,0.860792,0.860464,0.844719,0.877246,3.57823e-05,3.55179e-05,3.18444e-05,3.93158e-05,0.000195064,0.000191402,0.000118901,0.000281554,3.57823e-05,3.55179e-05,3.18444e-05,3.93158e-05,-0.0593346,18,2,0,0.0172734,820,0,False,nan,nan,nan,nan,nan,nan,nan,nan,nan,nan,13,25
ablation_control,matched,alternating,2,17,2,40,8000,0.844872,3.43188e-05,0.000198144,3.32895e-05,1,8.86012,8.85992,9.2871,nan,0.886259,nan,0.0347558,7.88209,9.47926,11.1935,True,0.84855,0.848745,0.841697,0.855752,3.4559e-05,3.45546e-05,3.39614e-05,3.51718e-05,0.000210906,0.000209918,0.000174874,0.00024797,3.33699e-05,3.33782e-05,3.29467e-05,3.37844e-05,-0.236599,10,2,0,0.0161475,1530,0,False,nan,nan,nan,nan,nan,nan,nan,nan,nan,nan,13,25
ablation_control,matched,alternating,2,17,3,20,8000,0.844872,3.43188e-05,0.000198144,3.15971e-05,1,4.29532,4.26158,4.96433,nan,0.0094006,nan,4.72609e-06,4.06352,4.29343,4.49473,True,0.84826,0.848241,0.842048,0.854663,3.46071e-05,3.46067e-05,3.42126e-05,3.50251e-05,0.000212915,0.000211279,0.000169558,0.000261422,3.14628e-05,3.14649e-05,3.10866e-05,3.18052e-05,-0.00529787,4,2,0,0.0127376,1121,0,False,nan,nan,nan,nan,nan,nan,nan,nan,nan,nan,13,25
ablation_control,matched,alternating,2,17,4,40,8000,0.844872,3.43188e-05,0.000198144,3.00919e-05,1,8.02885,8.06223,7.98124,nan,0.178836,nan,0.23464,7.88793,8.1608,8.45057,True,0.848707,0.848689,0.843128,0.854389,3.45366e-05,3.452e-05,3.41986e-05,3.49081e-05,0.000212243,0.00021211,0.00017568,0.000249064,3.02656e-05,3.02796e-05,3.00028e-05,3.04931e-05,-0.222868,6,2,0,0.0110303,883,0,False,nan,nan,nan,nan,nan,nan,nan,nan,nan,nan,13,25
ablation_control,matched,alternating,2,17,5,20,8000,0.844872,3.43188e-05,0.000198144,2.87766e-05,1,3.91624,3.92123,4.38262,nan,0.00840726,nan,0.0139815,3.79255,3.9156,4.03276,True,0.848548,0.848598,0.843142,0.85409,3.44988e-05,3.44995e-05,3.42091e-05,3.47877e-05,0.000213072,0.000211808,0.000168898,0.000261148,2.88654e-05,2.88586e-05,2.86263e-05,2.91171e-05,-0.112019,3,2,0,0.00910847,984,1,False,nan,nan,nan,nan,nan,nan,nan,nan,nan,nan,13,25
ablation_control,matched,alternating,2,17,6,40,8000,0.844872,3.43188e-05,0.000198144,2.79771e-05,1,7.47682,7.47825,7.03615,nan,0.0481158,nan,0.0484111,7.32386,7.50413,7.69315,True,0.846767,0.846722,0.84214,0.851703,3.44866e-05,3.44813e-05,3.42234e-05,3.47558e-05,0.000204558,0.000203312,0.00016896,0.000243253,2.80032e-05,2.80109e-05,2.78224e-05,2.81704e-05,-0.166262,5,2,0,0.00788254,911,0,False,nan,nan,nan,nan,nan,nan,nan,nan,nan,nan,13,25
ablation_control,matched,alternating,2,17,7,20,8000,0.844872,3.43188e-05,0.000198144,2.67034e-05,1,3.63708,3.62927,3.95382,nan,0.0243774,nan,0.0129385,3.57951,3.6533,3.72586,True,0.847115,0.847066,0.842371,0.851953,3.45119e-05,3.45063e-05,3.42674e-05,3.47756e-05,0.000206059,0.000204409,0.000160596,0.000256413,2.65555e-05,2.65598e-05,2.63456e-05,2.67662e-05,-0.12631,3,2,0,0.00791497,1028,0,False,nan,nan,nan,nan,nan,nan,nan,nan,nan,nan,13,25
ablation_control,matched,alternating,2,17,8,40,8000,0.844872,3.43188e-05,0.000198144,2.63683e-05,1,7.05567,7.06063,6.33783,nan,0.143451,nan,0.0740378,6.79169,6.93787,7.07825,True,0.84651,0.846472,0.842504,0.850547,3.45569e-05,3.4562e-05,3.42904e-05,3.48139e-05,0.00019621,0.000195403,0.000158792,0.000234158,2.63536e-05,2.63518e-05,2.61896e-05,2.65262e-05,-0.168149,6,2,0,0.00902531,863,0,False,nan,nan,nan,nan,nan,nan,nan,nan,nan,nan,13,25
ablation_control,matched,alternating,2,17,9,20,8000,0.844872,3.43188e-05,0.000198144,2.54733e-05,1,3.47123,3.48314,3.65785,nan,0.0287678,nan,0.0336369,3.37891,3.44992,3.52137,True,0.846804,0.846882,0.842765,0.850705,3.45382e-05,3.45435e-05,3.4285e-05,3.47841e-05,0.000202739,0.000200963,0.000155987,0.000256634,2.53943e-05,2.53852e-05,2.51997e-05,2.56109e-05,-0.14641,3,2,0,0.00852495,990,0,False,nan,nan,nan,nan,nan,nan,nan,nan,nan,nan,13,25
ablation_control,matched,alternating,2,17,10,40,8000,0.844872,3.43188e-05,0.000198144,2.50737e-05,1,6.71601,6.7264,5.81091,nan,0.0727315,nan,0.0366433,6.51653,6.65513,6.79182,True,0.84561,0.845543,0.84198,0.849437,3.4557e-05,3.45576e-05,3.43029e-05,3.48236e-05,0.000198668,0.000198178,0.000158463,0.000241288,2.50504e-05,2.50459e-05,2.48974e-05,2.52141e-05,-0.0921548,4,2,0,0.00827927,1001,0,False,nan,nan,nan,nan,nan,nan,nan,nan,nan,nan,13,25
ablation_control,matched,alternating,2,17,11,20,8000,0.844872,3.43188e-05,0.000198144,2.42495e-05,1,3.30605,3.27527,3.41498,nan,0.0265577,nan,0.0279816,3.22378,3.28741,3.34835,True,0.845908,0.845838,0.842288,0.849702,3.45643e-05,3.45618e-05,3.43293e-05,3.48191e-05,0.000206268,0.000204075,0.0001592,0.00026167,2.40391e-05,2.40399e-05,2.38626e-05,2.42233e-05,-0.0581566,3,2,0,0.00796842,1081,1,False,nan,nan,nan,nan,nan,nan,nan,nan,nan,nan,13,25
ablation_control,matched,alternating,2,17,12,40,8000,0.844872,3.43188e-05,0.000198144,2.36497e-05,1,6.34161,6.34065,5.36972,nan,0.0377033,nan,0.0446033,6.18999,6.31135,6.42776,True,0.845987,0.845872,0.842456,0.849828,3.45655e-05,3.45643e-05,3.43308e-05,3.48078e-05,0.000204356,0.000203703,0.000160626,0.000248841,2.36288e-05,2.36279e-05,2.34811e-05,2.37785e-05,-0.105198,3,2,0.152728,0.00750296,1170,0,False,nan,nan,nan,nan,nan,nan,nan,nan,nan,nan,13,25
ablation_control,matched,alternating,2,17,13,20,8000,0.844872,3.43188e-05,0.000198144,2.26225e-05,1,3.08623,3.07601,3.16515,nan,0.0246913,nan,0.0303236,3.05154,3.10473,3.15387,True,0.846434,0.846364,0.842921,0.850221,3.45683e-05,3.45642e-05,3.43247e-05,3.48121e-05,0.00020493,0.000204274,0.000158324,0.000256443,2.27099e-05,2.27093e-05,2.25416e-05,2.28857e-05,-0.106035,2,2,0,0.00720349,1265,0,False,nan,nan,nan,nan,nan,nan,nan,nan,nan,nan,13,25
ablation_control,matched,alternating,2,17,14,40,8000,0.844872,3.43188e-05,0.000198144,2.23563e-05,1,6.00084,6.0133,5.00161,nan,0.0280934,nan,0.0454236,5.87184,5.97657,6.08233,True,0.84567,0.845709,0.842166,0.849051,3.45772e-05,3.4576e-05,3.43524e-05,3.47962e-05,0.000185036,0.000184155,0.000145871,0.000226908,2.2349e-05,2.23472e-05,2.22185e-05,2.24778e-05,-0.134264,4,2,0,0.00704539,1085,0,False,nan,nan,nan,nan,nan,nan,nan,nan,nan,nan,13,25
ablation_control,matched,alternating,2,17,15,20,8000,0.844872,3.43188e-05,0.000198144,2.13451e-05,1,2.91343,2.93632,2.96555,nan,0.0575143,nan,0.0444929,2.90557,2.95426,3.00137,True,0.845134,0.845044,0.841784,0.848467,3.45939e-05,3.45952e-05,3.43587e-05,3.48195e-05,0.000191362,0.000189371,0.000146888,0.00024206,2.14539e-05,2.14528e-05,2.1291e-05,2.16179e-05,-0.0492419,3,2,0,0.00694077,1124,0,False,nan,nan,nan,nan,nan,nan,nan,nan,nan,nan,13,25
ablation_control,matched,alternating,2,17,16,40,8000,0.844872,3.43188e-05,0.000198144,2.07569e-05,1,5.5785,5.56424,4.63589,nan,0.115627,nan,0.0751478,5.57616,5.66984,5.76661,True,0.845871,0.845903,0.842588,0.849074,3.45716e-05,3.45665e-05,3.43482e-05,3.48081e-05,0.000200308,0.000198957,0.000155963,0.000251346,2.07816e-05,2.07836e-05,2.06402e-05,2.092e-05,-0.134747,5,2,0,0.00776198,902,0,False,nan,nan,nan,nan,nan,nan,nan,nan,nan,nan,13,25
ablation_control,matched,alternating,2,17,17,20,8000,0.844872,3.43188e-05,0.000198144,2.02798e-05,1,2.7692,2.76196,2.79997,nan,0.0317523,nan,0.0367176,2.70127,2.74656,2.78979,True,0.846268,0.846363,0.842948,0.849313,3.45588e-05,3.4553e-05,3.43344e-05,3.47954e-05,0.000195777,0.000193557,0.000146218,0.000252316,2.02552e-05,2.02514e-05,2.00969e-05,2.04266e-05,-0.0516327,3,2,0,0.0078148,995,0,False,nan,nan,nan,nan,nan,nan,nan,nan,nan,nan,13,25
ablation_control,matched,alternating,2,17,18,40,8000,0.844872,3.43188e-05,0.000198144,2.03133e-05,1,5.46118,5.45678,4.44324,nan,0.124668,nan,0.118501,5.27113,5.35689,5.46165,True,0.846604,0.846649,0.843333,0.849518,3.45886e-05,3.4594e-05,3.43621e-05,3.4819e-05,0.000156358,0.00015501,0.000116861,0.00019845,2.02385e-05,2.02377e-05,2.01105e-05,2.03675e-05,-0.0559884,6,2,0,0.0090697,696,0,False,nan,nan,nan,nan,nan,nan,nan,nan,nan,nan,13,25
ablation_control,matched,alternating,2,17,19,20,8000,0.844872,3.43188e-05,0.000198144,1.97652e-05,1,2.69948,2.70024,2.7037,nan,0.00483913,nan,0.0179715,2.65069,2.69889,2.74838,True,0.847154,0.847164,0.84426,0.850038,3.45858e-05,3.4587e-05,3.43631e-05,3.48178e-05,0.000158091,0.000155697,0.000115458,0.000207213,1.96799e-05,1.96766e-05,1.95139e-05,1.98459e-05,-0.0647675,2,2,0,0.00884427,909,0,False,nan,nan,nan,nan,nan,nan,nan,nan,nan,nan,13,25
ablation_control,matched,alternating,2,17,20,40,8000,0.844872,3.43188e-05,0.000198144,1.94169e-05,1,5.22387,5.24521,4.21731,nan,0.0368235,nan,0.0128605,5.15023,5.24887,5.3544,True,0.846687,0.84667,0.843707,0.84952,3.45767e-05,3.45706e-05,3.43487e-05,3.48178e-05,0.000165203,0.000162985,0.000121195,0.000220675,1.94478e-05,1.94478e-05,1.93239e-05,1.95719e-05,-0.103887,3,2,0,0.0084846,926,0,False,nan,nan,nan,nan,nan,nan,nan,nan,nan,nan,13,25
ablation_control,matched,alternating,2,18,1,20,8000,0.0111182,5.93734e-05,0.00026007,5.93734e-05,1,7.70413,7.69871,1.27374,nan,2.95329,nan,0,5.17589,7.8499,11.8563,True,0.0110842,0.0111325,0.0105765,0.0115329,5.91062e-05,5.84684e-05,5.44885e-05,6.43664e-05,0.000263433,0.000262986,0.000200679,0.000327327,5.91062e-05,5.84684e-05,5.44885e-05,6.43664e-05,-0.118688,15,2,0,0.0103748,880,0,False,nan,nan,nan,nan,nan,nan,nan,nan,nan,nan,13,11
ablation_control,matched,alternating,2,18,2,40,8000,0.0111182,5.93734e-05,0.00026007,5.56738e-05,1,14.088,14.0776,2.45703,nan,0.058522,nan,0.0461201,12.29,13.7823,16.1831,True,0.0110492,0.0110543,0.010819,0.0112741,5.94278e-05,5.94237e-05,5.74781e-05,6.07667e-05,0.000274362,0.000274614,0.000254123,0.000294765,5.57729e-05,5.57922e-05,5.49253e-05,5.70412e-05,-0.0214741,10,2,0,0.016779,1459,0,False,nan,nan,nan,nan,nan,nan,nan,nan,nan,nan,13,11
ablation_control,matched,alternating,2,18,3,20,8000,0.0111182,5.93734e-05,0.00026007,4.95774e-05,1,6.46492,6.48861,1.09081,nan,0.0144413,nan,0.0285313,6.0783,6.45181,6.85151,True,0.0109975,0.010998,0.0108014,0.0111855,5.92532e-05,5.92115e-05,5.84743e-05,6.02114e-05,0.000280724,0.000279561,0.000240448,0.000324351,4.9751e-05,4.97372e-05,4.9161e-05,5.04629e-05,0.0486087,5,2,0,0.0112529,1006,0,False,nan,nan,nan,nan,nan,nan,nan,nan,nan,nan,13,11
ablation_control,matched,alternating,2,18,4,40,8000,0.0111182,5.93734e-05,0.00026007,4.7769e-05,1,12.1808,12.1968,2.10654,nan,0.237955,nan,0.163464,11.5189,11.9391,12.3923,True,0.0110567,0.0110575,0.010888,0.0112202,5.95501e-05,5.95417e-05,5.8762e-05,6.03404e-05,0.000267024,0.00026694,0.000241153,0.000292982,4.77942e-05,4.77934e-05,4.73796e-05,4.82082e-05,-0.0218674,7,2,0,0.0124397,751,0,False,nan,nan,nan,nan,nan,nan,nan,nan,nan,nan,13,11
ablation_control,matched,alternating,2,18,5,20,8000,0.0111182,5.93734e-05,0.00026007,4.31423e-05,1,5.6442,5.6194,0.944033,nan,0.00479368,nan,0.0305999,5.44092,5.64953,5.83135,True,0.0110993,0.0111015,0.0109359,0.0112467,5.9575e-05,5.95801e-05,5.89376e-05,6.01793e-05,0.000258391,0.000258262,0.000217516,0.00030059,4.31454e-05,4.31416e-05,4.27544e-05,4.35342e-05,0.0306751,4,2,0,0.00978656,848,0,False,nan,nan,nan,nan,nan,nan,nan,nan,nan,nan,13,11
ablation_control,matched,alternating,2,18,6,40,8000,0.0111182,5.93734e-05,0.00026007,4.0533e-05,1,10.4095,10.4241,1.87959,nan,0.211797,nan,0.181208,10.3322,10.6157,10.8856,True,0.0110889,0.0110907,0.0109438,0.011236,5.9474e-05,5.94739e-05,5.88985e-05,6.00728e-05,0.000292382,0.000292345,0.000261229,0.000324011,4.07982e-05,4.08032e-05,4.05047e-05,4.10758e-05,-0.00398011,6,2,0,0.0101206,797,0,False,nan,nan,nan,nan,nan,nan,nan,nan,nan,nan,13,11
ablation_control,matched,alternating,2,18,7,20,8000,0.0111182,5.93734e-05,0.00026007,3.68915e-05,1,4.84188,4.84944,0.866656,nan,0.0192136,nan,0.0568715,4.74503,4.85858,4.98019,True,0.011128,0.0111305,0.0109859,0.0112637,5.94848e-05,5.94809e-05,5.89882e-05,6.00163e-05,0.000291495,0.000290174,0.000242985,0.000343816,3.70926e-05,3.70871e-05,3.67961e-05,3.73942e-05,0.00573656,3,2,0,0.00876861,915,0,False,nan,nan,nan,nan,nan,nan,nan,nan,nan,nan,13,11
ablation_control,matched,alternating,2,18,8,40,8000,0.0111182,5.93734e-05,0.00026007,3.50875e-05,1,9.05987,9.11302,1.72638,nan,0.0843109,nan,0.105495,8.92629,9.13869,9.34862,True,0.0111576,0.0111592,0.0110274,0.0112826,5.94528e-05,5.94428e-05,5.89853e-05,5.99587e-05,0.000291523,0.000291385,0.000255575,0.000327794,3.54346e-05,3.54288e-05,3.5208e-05,3.56633e-05,-0.0196105,4,2,0,0.00811463,917,0,False,nan,nan,nan,nan,nan,nan,nan,nan,nan,nan,13,11
ablation_control,matched,alternating,2,18,9,20,8000,0.0111182,5.93734e-05,0.00026007,3.22218e-05,1,4.23914,4.23918,0.812494,nan,0.0481725,nan,0.0574093,4.20572,4.28401,4.36989,True,0.0111521,0.0111522,0.0110202,0.0112753,5.94729e-05,5.94689e-05,5.90186e-05,5.99577e-05,0.000315345,0.00031326,0.000258308,0.000376178,3.24978e-05,3.25002e-05,3.2236e-05,3.27546e-05,-0.0170479,3,2,0,0.00754689,1016,0,False,nan,nan,nan,nan,nan,nan,nan,nan,nan,nan,13,11
ablation_control,matched,alternating,2,18,10,40,8000,0.0111182,5.93734e-05,0.00026007,3.07566e-05,1,7.97613,7.98841,1.62496,nan,0.0753085,nan,0.102488,7.86821,8.04359,8.21076,True,0.0111161,0.0111153,0.0109824,0.0112427,5.9457e-05,5.94544e-05,5.90151e-05,5.9927e-05,0.000313523,0.000312917,0.000270821,0.000357336,3.09876e-05,3.09861e-05,3.07735e-05,3.11941e-05,0.00751176,5,2,0,0.00755787,885,0,False,nan,nan,nan,nan,nan,nan,nan,nan,nan,nan,13,11
ablation_control,matched,alternating,2,18,11,20,8000,0.0111182,5.93734e-05,0.00026007,2.87997e-05,1,3.79561,3.79646,0.755752,nan,0.02927,nan,0.00987738,3.70239,3.76648,3.83271,True,0.0111148,0.0111151,0.0109819,0.011242,5.94255e-05,5.94247e-05,5.89872e-05,5.98468e-05,0.000317253,0.000316401,0.000258366,0.000381354,2.88215e-05,2.88176e-05,2.8582e-05,2.90704e-05,-0.000292148,2,2,0,0.00731659,1063,0,False,nan,nan,nan,nan,nan,nan,nan,nan,nan,nan,13,11
ablation_control,matched,alternating,2,18,12,40,8000,0.0111182,5.93734e-05,0.00026007,2.75851e-05,1,7.17655,7.18369,1.51531,nan,0.0295108,nan,0.0929303,7.03737,7.18756,7.33244,True,0.0111439,0.0111441,0.0110285,0.0112572,5.94213e-05,5.94181e-05,5.90107e-05,5.98347e-05,0.000292755,0.000293266,0.000245756,0.000342335,2.76957e-05,2.7695e-05,2.75116e-05,2.78828e-05,-0.0393332,4,2,0,0.00708861,993,0,False,nan,nan,nan,nan,nan,nan,nan,nan,nan,nan,13,11
ablation_control,matched,alternating,2,18,13,20,8000,0.0111182,5.93734e-05,0.00026007,2.58857e-05,1,3.4167,3.38955,0.716765,nan,0.00516893,nan,0.0232448,3.3624,3.4191,3.47974,True,0.0111519,0.0111523,0.0110374,0.0112661,5.94354e-05,5.94258e-05,5.90291e-05,5.98732e-05,0.00030149,0.000299129,0.000240755,0.000368032,2.58239e-05,2.58289e-05,2.55891e-05,2.60501e-05,-0.00404965,2,2,0,0.00694102,1157,0,False,nan,nan,nan,nan,nan,nan,nan,nan,nan,nan,13,11
ablation_control,matched,alternating,2,18,14,40,8000,0.0111182,5.93734e-05,0.00026007,2.54366e-05,1,6.632,6.61088,1.369,nan,0.123041,nan,0.0620108,6.38205,6.51182,6.63549,True,0.0111324,0.0111308,0.0110281,0.0112359,5.94495e-05,5.94518e-05,5.90214e-05,5.98922e-05,0.000238803,0.00023901,0.000196266,0.000284305,2.52521e-05,2.52491e-05,2.50913e-05,2.54146e-05,-0.025348,5,2,0,0.00729807,910,0,False,nan,nan,nan,nan,nan,nan,nan,nan,nan,nan,13,11
ablation_control,matched,alternating,2,18,15,20,8000,0.0111182,5.93734e-05,0.00026007,2.462e-05,1,3.25178,3.28392,0.611773,nan,0.0745515,nan,0.0641233,3.12681,3.17812,3.22881,False,0.0111357,0.0111385,0.0110362,0.0112304,5.93779e-05,5.93693e-05,5.89294e-05,5.98347e-05,0.000207029,0.000205567,0.000160864,0.000261478,2.45626e-05,2.45552e-05,2.43146e-05,2.48409e-05,-0.0323368,6,2,0,0.00936464,720,0,False,nan,nan,nan,nan,nan,nan,nan,nan,nan,nan,13,11
ablation_control,matched,alternating,2,18,16,40,8000,0.0111182,5.93734e-05,0.00026007,2.3607e-05,1,6.16643,6.18471,1.24789,nan,0.151472,nan,0.100107,6.18276,6.31316,6.46483,False,0.0111515,0.0111543,0.0110528,0.0112548,5.93388e-05,5.93383e-05,5.88848e-05,5.97811e-05,0.000217848,0.000216955,0.000167589,0.000269142,2.36404e-05,2.36396e-05,2.3461e-05,2.38112e-05,-0.0113081,5,2,0,0.00927194,796,0,False,nan,nan,nan,nan,nan,nan,nan,nan,nan,nan,13,11
ablation_control,matched,alternating,2,18,17,20,8000,0.0111182,5.93734e-05,0.00026007,2.24366e-05,1,2.96675,2.98161,0.586489,nan,0.0409681,nan,0.0060599,2.95016,3.00624,3.06947,True,0.0111585,0.0111582,0.0110582,0.0112656,5.93559e-05,5.93466e-05,5.8934e-05,5.98025e-05,0.000226101,0.000224487,0.000169935,0.000286988,2.25726e-05,2.25703e-05,2.23523e-05,2.2801e-05,0.0124498,2,2,0,0.00886151,1022,0,False,nan,nan,nan,nan,nan,nan,nan,nan,nan,nan,13,11
ablation_control,matched,alternating,2,18,18,40,8000,0.0111182,5.93734e-05,0.00026007,2.19033e-05,1,5.73134,5.73901,1.15895,nan,0.0682951,nan,0.00336036,5.67488,5.79967,5.92214,True,0.0111666,0.0111646,0.0110644,0.0112704,5.93553e-05,5.93531e-05,5.89195e-05,5.98164e-05,0.00023598,0.000234845,0.000178618,0.000295457,2.1915e-05,2.19181e-05,2.17528e-05,2.20731e-05,-0.00756329,4,2,0,0.0088815,950,0,False,nan,nan,nan,nan,nan,nan,nan,nan,nan,nan,13,11
ablation_control,matched,alternating,2,18,19,20,8000,0.0111182,5.93734e-05,0.00026007,2.08596e-05,1,2.76049,2.77336,0.548016,nan,0.0265335,nan,0.00957556,2.73426,2.78564,2.84213,True,0.0111658,0.0111628,0.011066,0.0112691,5.93563e-05,5.93404e-05,5.89358e-05,5.9793e-05,0.000240362,0.000237668,0.000180884,0.000304617,2.09981e-05,2.10017e-05,2.07719e-05,2.12154e-05,0.0106739,2,2,0,0.00865691,1147,0,False,nan,nan,nan,nan,nan,nan,nan,nan,nan,nan,13,11
ablation_control,matched,alternating,2,18,20,40,8000,0.0111182,5.93734e-05,0.00026007,2.06012e-05,1,5.3978,5.38959,1.06464,nan,0.00560668,nan,0.0498844,5.28683,5.39931,5.50685,True,0.0111589,0.011157,0.0110579,0.0112628,5.93607e-05,5.93516e-05,5.89286e-05,5.978e-05,0.000263611,0.000262282,0.000203163,0.000325626,2.05707e-05,2.05697e-05,2.04161e-05,2.07361e-05,-0.0499379,3,2,0,0.00821923,1151,0,False,nan,nan,nan,nan,nan,nan,nan,nan,nan,nan,13,11
ablation_control,matched,alternating,2,19,1,20,8000,0.0320614,5.7304e-05,0.000232591,5.7304e-05,1,7.46731,7.49082,0.734706,nan,3.70347,nan,0,5.22538,7.87562,11.8295,True,0.0313295,0.0312304,0.0302208,0.0325434,5.72681e-05,5.77926e-05,4.95714e-05,6.28352e-05,0.000202625,0.000202238,0.000145763,0.00026276,5.72681e-05,5.77926e-05,4.95714e-05,6.28352e-05,-0.120688,15,2,0,0.0118749,731,0,False,nan,nan,nan,nan,nan,nan,nan,nan,nan,nan,13,14
ablation_control,matched,alternating,2,19,2,40,8000,0.0320614,5.7304e-05,0.000232591,5.37487e-05,1,13.6913,13.6811,1.4559,nan,0.34742,nan,0.150994,11.1891,14.1545,16.3201,True,0.0315353,0.031525,0.0311027,0.0319829,5.68293e-05,5.67914e-05,5.56615e-05,5.79072e-05,0.000226029,0.000226119,0.000204307,0.000247078,5.40313e-05,5.40576e-05,5.33421e-05,5.47558e-05,-0.098337,10,2,0,0.0141279,1475,0,False,nan,nan,nan,nan,nan,nan,nan,nan,nan,nan,13,14
ablation_control,matched,alternating,2,19,3,20,8000,0.0320614,5.7304e-05,0.000232591,4.94356e-05,1,6.46501,6.49012,0.575247,nan,0.0413381,nan,0.0849156,6.17831,6.5096,6.8249,True,0.0317335,0.0317283,0.0313044,0.0321813,5.67997e-05,5.67945e-05,5.61273e-05,5.74679e-05,0.000228104,0.000226893,0.000192646,0.000268621,4.91514e-05,4.91581e-05,4.85636e-05,4.97069e-05,-0.0249499,5,2,0,0.00992281,1001,0,False,nan,nan,nan,nan,nan,nan,nan,nan,nan,nan,13,14
ablation_control,matched,alternating,2,19,4,40,8000,0.0320614,5.7304e-05,0.000232591,4.77012e-05,1,12.2153,12.232,1.10996,nan,0.254631,nan,0.118039,11.5906,11.9678,12.3386,True,0.0318828,0.0318749,0.0315313,0.0322483,5.70134e-05,5.70035e-05,5.63818e-05,5.77157e-05,0.000235297,0.000235119,0.000210828,0.000261043,4.79992e-05,4.7989e-05,4.75627e-05,4.84417e-05,-0.049344,8,2,0,0.015501,721,0,False,nan,nan,nan,nan,nan,nan,nan,nan,nan,nan,13,14
ablation_control,matched,alternating,2,19,5,20,8000,0.0320614,5.7304e-05,0.000232591,4.428e-05,1,5.80439,5.80171,0.480858,nan,0.00563804,nan,0.069412,5.58935,5.80158,6.02301,True,0.0319442,0.0319323,0.0316091,0.0323065,5.70173e-05,5.69953e-05,5.64967e-05,5.7604e-05,0.000222953,0.000222079,0.00018485,0.000265061,4.39583e-05,4.39616e-05,4.35723e-05,4.43488e-05,0.0408516,4,2,0,0.0119383,849,0,False,nan,nan,nan,nan,nan,nan,nan,nan,nan,nan,13,14
ablation_control,matched,alternating,2,19,6,40,8000,0.0320614,5.7304e-05,0.000232591,4.19427e-05,1,10.7955,10.806,0.966105,nan,0.0510908,nan,0.140769,10.5112,10.8506,11.1499,True,0.0319788,0.0319767,0.031684,0.0322852,5.69799e-05,5.69706e-05,5.65068e-05,5.74868e-05,0.0002244,0.000224832,0.000196247,0.000251908,4.21152e-05,4.21087e-05,4.18518e-05,4.23776e-05,-0.0597013,5,2,0,0.0102339,889,0,False,nan,nan,nan,nan,nan,nan,nan,nan,nan,nan,13,14
ablation_control,matched,alternating,2,19,7,20,8000,0.0320614,5.7304e-05,0.000232591,3.88322e-05,1,5.10298,5.09661,0.423256,nan,0.0742908,nan,0.00360167,5.05515,5.17579,5.29647,True,0.0320271,0.0320176,0.0317432,0.0323406,5.70485e-05,5.70453e-05,5.65723e-05,5.75506e-05,0.000227169,0.000226354,0.000185289,0.000271058,3.86474e-05,3.8661e-05,3.82847e-05,3.89629e-05,0.00733149,4,2,0,0.0110479,916,0,False,nan,nan,nan,nan,nan,nan,nan,nan,nan,nan,13,14
ablation_control,matched,alternating,2,19,8,40,8000,0.0320614,5.7304e-05,0.000232591,3.75535e-05,1,9.70361,9.73657,0.861594,nan,0.0928533,nan,0.0244368,9.36957,9.61492,9.86207,True,0.0320668,0.0320603,0.0318053,0.0323528,5.70991e-05,5.70872e-05,5.66621e-05,5.75761e-05,0.000209972,0.00020938,0.000179171,0.000242894,3.76834e-05,3.76798e-05,3.74452e-05,3.793e-05,0.0130577,5,2,0,0.0107285,895,0,False,nan,nan,nan,nan,nan,nan,nan,nan,nan,nan,13,14
ablation_control,matched,alternating,2,19,9,20,8000,0.0320614,5.7304e-05,0.000232591,3.47838e-05,1,4.57948,4.58239,0.379531,nan,0.113845,nan,0.0370168,4.58643,4.68949,4.79879,False,0.0320684,0.0320652,0.031802,0.0323379,5.7198e-05,5.71997e-05,5.67613e-05,5.76414e-05,0.000228233,0.000226613,0.000184243,0.000279594,3.4821e-05,3.48236e-05,3.45057e-05,3.5121e-05,0.00718108,5,2,0,0.0113896,872,0,False,nan,nan,nan,nan,nan,nan,nan,nan,nan,nan,13,14
ablation_control,matched,alternating,2,19,10,40,8000,0.0320614,5.7304e-05,0.000232591,3.3876e-05,1,8.78225,8.77259,0.779947,nan,0.0490257,nan,0.0510219,8.51939,8.73517,8.95386,True,0.0320996,0.0320974,0.0318478,0.0323502,5.72133e-05,5.7215e-05,5.67572e-05,5.76253e-05,0.000218932,0.000218977,0.000182886,0.000254554,3.38349e-05,3.38357e-05,3.36134e-05,3.40547e-05,-0.0077349,4,2,0,0.0108468,945,0,False,nan,nan,nan,nan,nan,nan,nan,nan,nan,nan,13,14
ablation_control,matched,alternating,2,19,11,20,8000,0.0320614,5.7304e-05,0.000232591,3.16503e-05,1,4.17296,4.15728,0.345821,nan,0.0520945,nan,0.0247043,4.1322,4.22326,4.31809,True,0.03215,0.0321526,0.0318934,0.0323928,5.72709e-05,5.72701e-05,5.68512e-05,5.76858e-05,0.000231174,0.000229492,0.000182105,0.000284007,3.16005e-05,3.16017e-05,3.13203e-05,3.188e-05,0.0115265,3,2,0,0.0101889,1015,0,False,nan,nan,nan,nan,nan,nan,nan,nan,nan,nan,13,14
ablation_control,matched,alternating,2,19,12,40,8000,0.0320614,5.7304e-05,0.000232591,3.10774e-05,1,8.07704,8.09575,0.724881,nan,0.115031,nan,0.089062,7.77562,7.96812,8.15956,True,0.0321596,0.0321678,0.0319145,0.032379,5.73085e-05,5.73176e-05,5.68857e-05,5.77271e-05,0.000207447,0.000206241,0.000170072,0.000247011,3.10653e-05,3.1065e-05,3.08614e-05,3.12677e-05,-0.0189802,5,2,0,0.0103548,923,0,False,nan,nan,nan,nan,nan,nan,nan,nan,nan,nan,13,14
ablation_control,matched,alternating,2,19,13,20,8000,0.0320614,5.7304e-05,0.000232591,2.91506e-05,1,3.84782,3.85755,0.321902,nan,0.0592325,nan,0.02686,3.8193,3.90464,3.98617,True,0.0321541,0.0321649,0.0319095,0.0323779,5.73276e-05,5.73288e-05,5.6926e-05,5.77516e-05,0.000227872,0.000227048,0.000175494,0.000283711,2.9256e-05,2.92569e-05,2.89971e-05,2.95156e-05,0.029972,4,2,0,0.0102617,971,0,False,nan,nan,nan,nan,nan,nan,nan,nan,nan,nan,13,14
ablation_control,matched,alternating,2,19,14,40,8000,0.0320614,5.7304e-05,0.000232591,2.86138e-05,1,7.4533,7.42232,0.676402,nan,0.0337336,nan,0.0632065,7.24914,7.41805,7.59112,True,0.0321014,0.0321154,0.0318435,0.0323342,5.73328e-05,5.73389e-05,5.69339e-05,5.77479e-05,0.000213087,0.000213279,0.000171531,0.000255973,2.84682e-05,2.84692e-05,2.82765e-05,2.86564e-05,0.0216126,4,2,0,0.00996265,964,0,False,nan,nan,nan,nan,nan,nan,nan,nan,nan,nan,13,14
ablation_control,matched,alternating,2,19,15,20,8000,0.0320614,5.7304e-05,0.000232591,2.7245e-05,1,3.59945,3.58897,0.314211,nan,0.00732417,nan,0.01344,3.52403,3.5916,3.6672,True,0.0320794,0.0320894,0.0318257,0.0323018,5.73321e-05,5.73393e-05,5.69415e-05,5.77285e-05,0.000211294,0.000209347,0.000164818,0.00026533,2.71265e-05,2.71197e-05,2.6885e-05,2.73781e-05,-0.003064,2,2,0,0.00950367,1175,0,False,nan,nan,nan,nan,nan,nan,nan,nan,nan,nan,13,14
ablation_control,matched,alternating,2,19,16,40,8000,0.0320614,5.7304e-05,0.000232591,2.67637e-05,1,6.98309,7.01921,0.660777,nan,0.0567734,nan,0.0524994,6.78285,6.92632,7.08174,True,0.0320379,0.0320411,0.0318123,0.0322469,5.73436e-05,5.73531e-05,5.69181e-05,5.77583e-05,0.000186905,0.000185287,0.000147887,0.000231961,2.67531e-05,2.6747e-05,2.6589e-05,2.69332e-05,0.0267886,4,2,0,0.00945233,1011,0,False,nan,nan,nan,nan,nan,nan,nan,nan,nan,nan,13,14
ablation_control,matched,alternating,2,19,17,20,8000,0.0320614,5.7304e-05,0.000232591,2.53385e-05,1,3.35053,3.37019,0.297564,nan,0.0606174,nan,0.0181419,3.34616,3.40869,3.47435,True,0.0320207,0.032023,0.0318002,0.032231,5.73594e-05,5.73622e-05,5.69469e-05,5.77773e-05,0.000190714,0.000188913,0.000145518,0.0002428,2.55282e-05,2.55315e-05,2.52897e-05,2.57596e-05,0.00757952,3,2,0,0.00926489,1083,0,False,nan,nan,nan,nan,nan,nan,nan,nan,nan,nan,13,14
ablation_control,matched,alternating,2,19,18,40,8000,0.0320614,5.7304e-05,0.000232591,2.47997e-05,1,6.4822,6.45756,0.611128,nan,0.09065,nan,0.0139979,6.43187,6.5721,6.70522,True,0.0320113,0.0320109,0.0317938,0.0322387,5.73472e-05,5.73488e-05,5.69299e-05,5.77797e-05,0.000217096,0.000216838,0.000168057,0.000272712,2.46893e-05,2.46892e-05,2.45087e-05,2.48752e-05,-0.00180587,5,2,0,0.00948004,882,0,False,nan,nan,nan,nan,nan,nan,nan,nan,nan,nan,13,14
ablation_control,matched,alternating,2,19,19,20,8000,0.0320614,5.7304e-05,0.000232591,2.32039e-05,1,3.07131,3.05714,0.258985,nan,0.0660078,nan,0.0650001,3.07388,3.13539,3.20028,False,0.0320151,0.0320231,0.0317839,0.0322348,5.73861e-05,5.73808e-05,5.69871e-05,5.77929e-05,0.000242923,0.00024092,0.000180222,0.000315988,2.3299e-05,2.3302e-05,2.3051e-05,2.35274e-05,-0.0210497,4,2,0,0.00996187,882,0,False,nan,nan,nan,nan,nan,nan,nan,nan,nan,nan,13,14
ablation_control,matched,alternating,2,19,20,40,8000,0.0320614,5.7304e-05,0.000232591,2.28794e-05,1,5.99076,5.99612,0.547012,nan,0.032087,nan,0.0452482,5.8206,5.95954,6.09623,True,0.0320572,0.0320593,0.0318372,0.0322829,5.73941e-05,5.73943e-05,5.70193e-05,5.77983e-05,0.000226714,0.000225071,0.000178067,0.00028089,2.28973e-05,2.2899e-05,2.27286e-05,2.30677e-05,0.00376675,3,2,0,0.00998528,1011,0,False,nan,nan,nan,nan,nan,nan,nan,nan,nan,nan,13,14
ablation_control,matched,alternating,2,20,1,20,8000,0.00148679,5.13882e-05,0.000334693,5.13882e-05,1,6.6732,6.66529,2.24596,nan,3.74884,nan,0,5.14545,7.79742,11.9112,True,0.00146518,0.00146467,0.00137203,0.00155982,5.26068e-05,5.15288e-05,4.77775e-05,5.84766e-05,0.000370198,0.00036969,0.000278863,0.000463184,5.26068e-05,5.15288e-05,4.77775e-05,5.84766e-05,0.0893263,15,2,0,0.012137,777,0,False,nan,nan,nan,nan,nan,nan,nan,nan,nan,nan,13,11
ablation_control,matched,alternating,2,20,2,40,8000,0.00148679,5.13882e-05,0.000334693,4.81678e-05,1,12.2085,12.1602,4.05413,nan,0.272788,nan,0.0386511,10.5114,12.0893,14.9978,True,0.00145609,0.00145707,0.001407,0.00150422,5.10777e-05,5.11024e-05,5.01675e-05,5.19242e-05,0.00031809,0.000317521,0.000288842,0.000347952,4.79939e-05,4.79726e-05,4.75285e-05,4.85563e-05,0.0835051,10,2,0,0.0130825,1559,0,False,nan,nan,nan,nan,nan,nan,nan,nan,nan,nan,13,11
ablation_control,matched,alternating,2,20,3,20,8000,0.00148679,5.13882e-05,0.000334693,4.22748e-05,1,5.52238,5.49376,1.97842,nan,0.0913644,nan,0.0325744,5.39232,5.59945,5.88531,True,0.00147205,0.00147275,0.00142671,0.00151429,5.13112e-05,5.13319e-05,5.06561e-05,5.19496e-05,0.000318463,0.000318389,0.000266189,0.000372411,4.20405e-05,4.20656e-05,4.14985e-05,4.24854e-05,-0.0864875,5,2,0,0.012317,989,0,False,nan,nan,nan,nan,nan,nan,nan,nan,nan,nan,13,11
ablation_control,matched,alternating,2,20,4,40,8000,0.00148679,5.13882e-05,0.000334693,3.97049e-05,1,10.1706,10.1348,3.64799,nan,0.0667236,nan,0.0626603,9.85493,10.238,10.5905,True,0.00148056,0.00148131,0.0014415,0.00151907,5.12143e-05,5.12295e-05,5.06402e-05,5.1747e-05,0.000312701,0.000312272,0.000274701,0.000351033,3.9517e-05,3.95265e-05,3.9192e-05,3.98411e-05,0.051294,5,2,0,0.0123959,934,0,False,nan,nan,nan,nan,nan,nan,nan,nan,nan,nan,13,11
ablation_control,matched,alternating,2,20,5,20,8000,0.00148679,5.13882e-05,0.000334693,3.61324e-05,1,4.73905,4.74493,1.75102,nan,0.0120387,nan,0.0439389,4.5884,4.71773,4.90946,True,0.00148922,0.00148906,0.00145272,0.00152718,5.1232e-05,5.124e-05,5.07408e-05,5.17054e-05,0.000307061,0.000307287,0.000253148,0.000362005,3.59891e-05,3.59853e-05,3.56562e-05,3.63414e-05,0.00929836,4,2,0,0.0109486,904,0,False,nan,nan,nan,nan,nan,nan,nan,nan,nan,nan,13,11
ablation_control,matched,alternating,2,20,6,40,8000,0.00148679,5.13882e-05,0.000334693,3.41716e-05,1,8.81496,8.83803,3.25543,nan,0.0842877,nan,0.0637998,8.63776,8.89854,9.16855,True,0.00147715,0.00147804,0.00144067,0.0015095,5.11805e-05,5.11859e-05,5.06821e-05,5.16587e-05,0.000275221,0.000273755,0.000234172,0.00032044,3.40942e-05,3.40951e-05,3.38268e-05,3.43556e-05,0.0192765,6,2,0,0.0115386,820,0,False,nan,nan,nan,nan,nan,nan,nan,nan,nan,nan,13,11
ablation_control,matched,alternating,2,20,7,20,8000,0.00148679,5.13882e-05,0.000334693,3.14916e-05,1,4.14304,4.13057,1.57435,nan,0.0520203,nan,0.0335809,4.0916,4.19033,4.31523,True,0.00147367,0.00147416,0.00143832,0.00150917,5.12534e-05,5.12552e-05,5.08053e-05,5.16952e-05,0.000285719,0.000283992,0.000227573,0.000347654,3.1319e-05,3.1326e-05,3.0978e-05,3.16127e-05,-0.0038694,3,2,0,0.0107179,980,0,False,nan,nan,nan,nan,nan,nan,nan,nan,nan,nan,13,11
ablation_control,matched,alternating,2,20,8,40,8000,0.00148679,5.13882e-05,0.000334693,3.05466e-05,1,7.91655,7.91933,2.86032,nan,0.0558106,nan,0.0900207,7.66076,7.86717,8.07252,True,0.00148285,0.00148351,0.00145144,0.00151186,5.12738e-05,5.12751e-05,5.08313e-05,5.17148e-05,0.000301274,0.00030033,0.000253708,0.000351482,3.04616e-05,3.04586e-05,3.02405e-05,3.07056e-05,0.00481455,5,2,0,0.00957964,891,0,False,nan,nan,nan,nan,nan,nan,nan,nan,nan,nan,13,11
ablation_control,matched,alternating,2,20,9,20,8000,0.00148679,5.13882e-05,0.000334693,2.8444e-05,1,3.74966,3.73887,1.39028,nan,0.00460751,nan,0.0348545,3.66369,3.74585,3.83237,True,0.00148394,0.00148391,0.00145273,0.00151556,5.12877e-05,5.12932e-05,5.08465e-05,5.17442e-05,0.000314281,0.000312058,0.000253125,0.000383141,2.82849e-05,2.82893e-05,2.8031e-05,2.85445e-05,0.0207371,2,2,0,0.0088526,1122,0,False,nan,nan,nan,nan,nan,nan,nan,nan,nan,nan,13,11
ablation_control,matched,alternating,2,20,10,40,8000,0.00148679,5.13882e-05,0.000334693,2.69506e-05,1,7.01711,7.01451,2.64394,nan,0.0917632,nan,0.108087,6.93816,7.10748,7.2719,True,0.00148111,0.00148127,0.00145192,0.00150974,5.12618e-05,5.12655e-05,5.08061e-05,5.17156e-05,0.000349774,0.000350617,0.000288049,0.000411267,2.70355e-05,2.70395e-05,2.68071e-05,2.72485e-05,0.0129306,5,2,0,0.00865298,908,0,False,nan,nan,nan,nan,nan,nan,nan,nan,nan,nan,13,11
ablation_control,matched,alternating,2,20,11,20,8000,0.00148679,5.13882e-05,0.000334693,2.47279e-05,1,3.26785,3.28484,1.33512,nan,0.0510328,nan,0.0474268,3.25341,3.31753,3.38541,True,0.00148011,0.00148013,0.00145194,0.00150791,5.12998e-05,5.13072e-05,5.08498e-05,5.17322e-05,0.000361308,0.000358282,0.000287153,0.000440803,2.49401e-05,2.49398e-05,2.46779e-05,2.51803e-05,0.0336715,2,2,0,0.00807327,1118,0,False,nan,nan,nan,nan,nan,nan,nan,nan,nan,nan,13,11
ablation_control,matched,alternating,2,20,12,40,8000,0.00148679,5.13882e-05,0.000334693,2.38216e-05,1,6.22771,6.23762,2.50169,nan,0.0363916,nan,0.0244975,6.1144,6.26694,6.40413,True,0.00148533,0.00148509,0.00145924,0.00151201,5.13081e-05,5.13038e-05,5.08658e-05,5.17581e-05,0.000362176,0.00036075,0.000300416,0.000425011,2.3981e-05,2.3978e-05,2.37985e-05,2.41664e-05,-0.0163146,4,2,0,0.00776279,1010,0,False,nan,nan,nan,nan,nan,nan,nan,nan,nan,nan,13,11
ablation_control,matched,alternating,2,20,13,20,8000,0.00148679,5.13882e-05,0.000334693,2.2401e-05,1,2.96494,2.95828,1.23404,nan,0.00356317,nan,0.00597904,2.9071,2.96229,3.0187,True,0.00148708,0.0014866,0.00146083,0.00151339,5.13079e-05,5.13039e-05,5.0865e-05,5.17604e-05,0.000356753,0.000354453,0.000286022,0.000431822,2.23509e-05,2.2348e-05,2.21345e-05,2.25738e-05,-0.000746079,2,2,0,0.00757367,1168,0,False,nan,nan,nan,nan,nan,nan,nan,nan,nan,nan,13,11
ablation_control,matched,alternating,2,20,14,40,8000,0.00148679,5.13882e-05,0.000334693,2.18302e-05,1,5.72199,5.7224,2.29036,nan,0.0626974,nan,0.0247782,5.54325,5.65671,5.7865,True,0.0014914,0.00149112,0.00146669,0.00151585,5.13139e-05,5.13166e-05,5.08856e-05,5.17545e-05,0.000336118,0.000335285,0.000272229,0.000403983,2.18313e-05,2.18318e-05,2.16613e-05,2.20011e-05,-0.032568,4,2,0,0.00764656,1018,0,False,nan,nan,nan,nan,nan,nan,nan,nan,nan,nan,13,11
ablation_control,matched,alternating,2,20,15,20,8000,0.00148679,5.13882e-05,0.000334693,2.04113e-05,1,2.70519,2.68405,1.15228,nan,0.02683,nan,0.0239433,2.68064,2.7317,2.78251,True,0.00149211,0.00149214,0.00146713,0.00151624,5.13338e-05,5.13419e-05,5.08876e-05,5.1789e-05,0.000359264,0.000355099,0.00028168,0.000444516,2.0412e-05,2.04159e-05,2.01915e-05,2.06187e-05,0.00272214,2,2,0,0.00763768,1202,0,False,nan,nan,nan,nan,nan,nan,nan,nan,nan,nan,13,11
ablation_control,matched,alternating,2,20,16,40,8000,0.00148679,5.13882e-05,0.000334693,1.98557e-05,1,5.21794,5.21165,2.1588,nan,0.0237313,nan,7.23076e-05,5.07535,5.19787,5.31281,True,0.00148891,0.00148923,0.00146336,0.00151315,5.13514e-05,5.13584e-05,5.09274e-05,5.17904e-05,0.000334772,0.000333688,0.000269681,0.000404801,1.98408e-05,1.98434e-05,1.96831e-05,1.99946e-05,-0.000721362,4,2,0,0.0071514,1018,0,False,nan,nan,nan,nan,nan,nan,nan,nan,nan,nan,13,11
ablation_control,matched,alternating,2,20,17,20,8000,0.00148679,5.13882e-05,0.000334693,1.86521e-05,1,2.47496,2.44546,1.08849,nan,0.0225615,nan,0.0230847,2.45299,2.4971,2.54263,True,0.00148782,0.00148729,0.00146371,0.00151124,5.13762e-05,5.13773e-05,5.09567e-05,5.18251e-05,0.000362921,0.000359959,0.000279544,0.000457064,1.86134e-05,1.86187e-05,1.84041e-05,1.88152e-05,0.0174363,3,2,0,0.00735139,1086,0,False,nan,nan,nan,nan,nan,nan,nan,nan,nan,nan,13,11
ablation_control,matched,alternating,2,20,18,40,8000,0.00148679,5.13882e-05,0.000334693,1.84425e-05,1,4.85562,4.83284,2.00142,nan,0.0953202,nan,0.066202,4.65475,4.76119,4.86266,True,0.00148656,0.0014868,0.00145939,0.00151133,5.14016e-05,5.14025e-05,5.09843e-05,5.1839e-05,0.000346874,0.000343859,0.000278518,0.000424673,1.8333e-05,1.83312e-05,1.81838e-05,1.8484e-05,0.043334,4,2,0,0.00724094,1054,0,False,nan,nan,nan,nan,nan,nan,nan,nan,nan,nan,13,11
ablation_control,matched,alternating,2,20,19,20,8000,0.00148679,5.13882e-05,0.000334693,1.76352e-05,1,2.34162,2.31992,0.990828,nan,0.0296593,nan,0.0110978,2.27006,2.31187,2.35503,True,0.00148707,0.0014875,0.00145986,0.00151135,5.13964e-05,5.13937e-05,5.09919e-05,5.18286e-05,0.000339231,0.000336173,0.000261626,0.00043151,1.74509e-05,1.74468e-05,1.72563e-05,1.76544e-05,0.00683868,1,2,0,0.00721851,1309,0,False,nan,nan,nan,nan,nan,nan,nan,nan,nan,nan,13,11
ablation_control,matched,alternating,2,20,20,40,8000,0.00148679,5.13882e-05,0.000334693,1.72367e-05,1,4.5454,4.54707,1.86222,nan,0.0536186,nan,0.00459489,4.39209,4.49407,4.58622,True,0.00148563,0.00148612,0.00145754,0.0015108,5.14041e-05,5.14018e-05,5.09777e-05,5.18521e-05,0.000339536,0.000335956,0.000262715,0.000424965,1.72029e-05,1.72003e-05,1.70602e-05,1.73561e-05,0.00925329,4,2,0,0.0074352,1082,0,False,nan,nan,nan,nan,nan,nan,nan,nan,nan,nan,13,11
ablation_control,matched,alternating,2,21,1,20,8000,0.0232812,3.8188e-05,0.000346871,3.8188e-05,1,4.97391,4.98352,3.01174,nan,4.54028,nan,0,5.11612,7.82345,11.6638,False,0.0219739,0.0219218,0.0211324,0.0227891,3.88111e-05,3.82178e-05,3.55708e-05,4.26268e-05,0.000327063,0.000322915,0.000210657,0.000455956,3.88111e-05,3.82178e-05,3.55708e-05,4.26268e-05,-0.0773342,16,2,0,0.0119859,862,0,False,nan,nan,nan,nan,nan,nan,nan,nan,nan,nan,13,14
ablation_control,matched,alternating,2,21,2,40,8000,0.0232812,3.8188e-05,0.000346871,3.61969e-05,1,9.22161,9.2094,5.52362,nan,0.327115,nan,0.0098201,8.2109,9.3861,11.0897,True,0.0226909,0.0226865,0.0221146,0.0232317,3.78516e-05,3.78759e-05,3.72441e-05,3.83631e-05,0.000309065,0.000308959,0.000268098,0.000350662,3.61612e-05,3.61445e-05,3.57985e-05,3.66115e-05,0.0843813,8,2,0,0.0132208,1610,0,False,nan,nan,nan,nan,nan,nan,nan,nan,nan,nan,13,14
ablation_control,matched,alternating,2,21,3,20,8000,0.0232812,3.8188e-05,0.000346871,3.26115e-05,1,4.26365,4.26868,2.51821,nan,0.118038,nan,0.0300539,4.20677,4.37226,4.56816,True,0.0229674,0.0229678,0.0224899,0.0234498,3.80261e-05,3.80651e-05,3.74299e-05,3.85243e-05,0.000334392,0.000333125,0.000271611,0.000400924,3.25698e-05,3.26166e-05,3.19671e-05,3.29641e-05,-0.10301,6,2,0,0.0146549,892,0,False,nan,nan,nan,nan,nan,nan,nan,nan,nan,nan,13,14
ablation_control,matched,alternating,2,21,4,40,8000,0.0232812,3.8188e-05,0.000346871,3.10077e-05,1,7.95339,7.983,4.72192,nan,0.0412318,nan,0.0425348,7.65903,7.9993,8.29134,True,0.0232045,0.0232037,0.0228115,0.0236064,3.80826e-05,3.80873e-05,3.76026e-05,3.85208e-05,0.000365576,0.000366042,0.000315364,0.000413103,3.12469e-05,3.12392e-05,3.09714e-05,3.15446e-05,-0.00675231,5,2,0,0.0101146,894,0,False,nan,nan,nan,nan,nan,nan,nan,nan,nan,nan,13,14
ablation_control,matched,alternating,2,21,5,20,8000,0.0232812,3.8188e-05,0.000346871,2.86669e-05,1,3.758,3.76085,2.13601,nan,0.00758022,nan,0.0202827,3.64746,3.74759,3.87101,True,0.0231639,0.023156,0.0227687,0.0235674,3.81072e-05,3.81049e-05,3.77156e-05,3.8499e-05,0.000361126,0.000358987,0.000292728,0.000436704,2.86221e-05,2.86223e-05,2.83448e-05,2.88983e-05,-0.0568319,3,2,0,0.00856048,1067,0,False,nan,nan,nan,nan,nan,nan,nan,nan,nan,nan,13,14
ablation_control,matched,alternating,2,21,6,40,8000,0.0232812,3.8188e-05,0.000346871,2.79196e-05,1,7.19055,7.18221,3.93509,nan,0.135667,nan,0.0923863,6.86356,7.05783,7.2349,True,0.0232825,0.0232752,0.0229171,0.0236417,3.81638e-05,3.81633e-05,3.77477e-05,3.85703e-05,0.000339999,0.000338113,0.000288991,0.000396787,2.78673e-05,2.78635e-05,2.76509e-05,2.81015e-05,-0.013292,5,2,0,0.0093494,975,0,False,nan,nan,nan,nan,nan,nan,nan,nan,nan,nan,13,14
ablation_control,matched,alternating,2,21,7,20,8000,0.0232812,3.8188e-05,0.000346871,2.60289e-05,1,3.41834,3.42314,1.79464,nan,0.020291,nan,0.0195871,3.32135,3.39975,3.47908,True,0.023224,0.0232169,0.0228703,0.0235791,3.81503e-05,3.81495e-05,3.77595e-05,3.85425e-05,0.000319831,0.000317468,0.000260649,0.000387549,2.59648e-05,2.5962e-05,2.57213e-05,2.62152e-05,-0.0589517,3,2,0,0.00810713,1122,0,False,nan,nan,nan,nan,nan,nan,nan,nan,nan,nan,13,14
ablation_control,matched,alternating,2,21,8,40,8000,0.0232812,3.8188e-05,0.000346871,2.52143e-05,1,6.51719,6.48034,3.39554,nan,0.0153254,nan,0.0271239,6.34798,6.50903,6.65576,True,0.0232624,0.023264,0.0229441,0.0236012,3.8143e-05,3.81447e-05,3.77554e-05,3.85329e-05,0.000323218,0.000321875,0.000267459,0.000383466,2.50612e-05,2.50608e-05,2.48721e-05,2.52495e-05,-0.00987417,3,2,0,0.00765825,1174,0,False,nan,nan,nan,nan,nan,nan,nan,nan,nan,nan,13,14
ablation_control,matched,alternating,2,21,9,20,8000,0.0232812,3.8188e-05,0.000346871,2.35459e-05,1,3.09751,3.05837,1.57501,nan,0.00228421,nan,0.00089173,3.03282,3.0989,3.15928,True,0.023311,0.0233104,0.022992,0.023663,3.81752e-05,3.81703e-05,3.78178e-05,3.85354e-05,0.000343484,0.000341336,0.000271363,0.000424989,2.33488e-05,2.33593e-05,2.30985e-05,2.35671e-05,-0.0143296,3,2,0,0.00748373,1180,0,False,nan,nan,nan,nan,nan,nan,nan,nan,nan,nan,13,14
ablation_control,matched,alternating,2,21,10,40,8000,0.0232812,3.8188e-05,0.000346871,2.27753e-05,1,5.906,5.86692,3.02963,nan,0.0391151,nan,0.00355361,5.73391,5.86864,5.99527,True,0.023411,0.0234043,0.0230738,0.0237672,3.81758e-05,3.81735e-05,3.78264e-05,3.85367e-05,0.000359301,0.000357492,0.000296982,0.000425049,2.26316e-05,2.26282e-05,2.24594e-05,2.28161e-05,-0.0256733,4,2,0,0.00703988,1066,0,False,nan,nan,nan,nan,nan,nan,nan,nan,nan,nan,13,14
ablation_control,matched,alternating,2,21,11,20,8000,0.0232812,3.8188e-05,0.000346871,2.15129e-05,1,2.83402,2.8194,1.39971,nan,0.0410436,nan,0.0149973,2.73881,2.79374,2.84467,True,0.0234206,0.0234157,0.0230855,0.0237708,3.8165e-05,3.81602e-05,3.78205e-05,3.85404e-05,0.000344106,0.000341376,0.000273675,0.000424366,2.13455e-05,2.13414e-05,2.11276e-05,2.15647e-05,-0.0290252,2,2,0,0.00692419,1231,0,False,nan,nan,nan,nan,nan,nan,nan,nan,nan,nan,13,14
ablation_control,matched,alternating,2,21,12,40,8000,0.0232812,3.8188e-05,0.000346871,2.03995e-05,1,5.30681,5.28438,2.82158,nan,0.0880624,nan,0.123252,5.27753,5.39295,5.50857,True,0.023359,0.0233544,0.0230584,0.023682,3.81494e-05,3.81495e-05,3.77985e-05,3.84976e-05,0.000412441,0.000411564,0.000336797,0.000490601,2.04549e-05,2.04552e-05,2.02894e-05,2.06283e-05,-0.0046644,5,2,0,0.00699951,976,0,False,nan,nan,nan,nan,nan,nan,nan,nan,nan,nan,13,14
ablation_control,matched,alternating,2,21,13,20,8000,0.0232812,3.8188e-05,0.000346871,1.93295e-05,1,2.55021,2.55886,1.31863,nan,0.0308488,nan,0.00539233,2.47431,2.51956,2.567,True,0.0233432,0.0233363,0.0230405,0.0236839,3.8136e-05,3.8136e-05,3.7783e-05,3.84947e-05,0.00038961,0.000387147,0.000309542,0.000481601,1.93017e-05,1.92987e-05,1.91002e-05,1.95114e-05,-0.0355106,2,2,0,0.00706621,1224,0,False,nan,nan,nan,nan,nan,nan,nan,nan,nan,nan,13,14
ablation_control,matched,alternating,2,21,14,40,8000,0.0232812,3.8188e-05,0.000346871,1.84591e-05,1,4.81463,4.85726,2.64036,nan,0.0526741,nan,0.0922588,4.75807,4.86594,4.96798,True,0.0232903,0.0232965,0.0229714,0.0235936,3.81304e-05,3.81312e-05,3.77737e-05,3.84713e-05,0.000386047,0.000385501,0.000312098,0.000463553,1.86778e-05,1.86788e-05,1.85181e-05,1.88319e-05,0.0107901,3,2,0,0.00679225,1208,0,False,nan,nan,nan,nan,nan,nan,nan,nan,nan,nan,13,14
ablation_control,matched,alternating,2,21,15,20,8000,0.0232812,3.8188e-05,0.000346871,1.76168e-05,1,2.32701,2.30313,1.23514,nan,0.00337771,nan,0.00956019,2.28742,2.32982,2.37052,True,0.023267,0.0232692,0.0229631,0.0235734,3.81344e-05,3.81387e-05,3.77873e-05,3.84886e-05,0.00040144,0.000397796,0.000313434,0.00050091,1.75362e-05,1.75389e-05,1.73357e-05,1.77302e-05,-0.0204042,2,2,0,0.00672404,1316,0,False,nan,nan,nan,nan,nan,nan,nan,nan,nan,nan,13,14
ablation_control,matched,alternating,2,21,16,40,8000,0.0232812,3.8188e-05,0.000346871,1.71848e-05,1,4.49,4.47243,2.39946,nan,0.055488,nan,0.00129431,4.33846,4.43706,4.5317,True,0.0232551,0.0232556,0.0229501,0.0235532,3.81468e-05,3.81417e-05,3.77981e-05,3.84885e-05,0.000369385,0.000367536,0.000296314,0.000448487,1.7145e-05,1.71442e-05,1.70084e-05,1.72871e-05,0.0268733,3,2,0,0.00658171,1246,0,False,nan,nan,nan,nan,nan,nan,nan,nan,nan,nan,13,14
ablation_control,matched,alternating,2,21,17,20,8000,0.0232812,3.8188e-05,0.000346871,1.61541e-05,1,2.13595,2.13047,1.1645,nan,0.0199619,nan,0.0314665,2.1168,2.1555,2.19265,True,0.0232516,0.0232468,0.022953,0.0235323,3.81597e-05,3.8155e-05,3.78043e-05,3.85036e-05,0.000396588,0.000391927,0.000307835,0.00050631,1.62138e-05,1.62144e-05,1.60267e-05,1.64036e-05,-0.0624624,2,2,0,0.00657824,1317,0,False,nan,nan,nan,nan,nan,nan,nan,nan,nan,nan,13,14
ablation_control,matched,alternating,2,21,18,40,8000,0.0232812,3.8188e-05,0.000346871,1.56085e-05,1,4.08689,4.08309,2.31021,nan,0.0377437,nan,0.0483292,4.02948,4.12347,4.21144,True,0.0232723,0.023268,0.0229778,0.0235659,3.81542e-05,3.81499e-05,3.78046e-05,3.84987e-05,0.000418496,0.000416484,0.000328371,0.000516884,1.56993e-05,1.56981e-05,1.55641e-05,1.58381e-05,-0.0484381,4,2,0,0.00666936,1092,0,False,nan,nan,nan,nan,nan,nan,nan,nan,nan,nan,13,14
ablation_control,matched,alternating,2,21,19,20,8000,0.0232812,3.8188e-05,0.000346871,1.51158e-05,1,2.0001,2.03244,1.075,nan,0.0316968,nan,0.0221768,1.92998,1.96979,2.00585,True,0.0232324,0.0232282,0.0229429,0.023529,3.81303e-05,3.81364e-05,3.77863e-05,3.84614e-05,0.000371747,0.00036824,0.000282816,0.000476103,1.50975e-05,1.50963e-05,1.49187e-05,1.52885e-05,-0.0488044,3,2,0,0.00687529,1173,0,False,nan,nan,nan,nan,nan,nan,nan,nan,nan,nan,13,14
ablation_control,matched,alternating,2,21,20,40,8000,0.0232812,3.8188e-05,0.000346871,1.51715e-05,1,3.97482,3.95083,2.00855,nan,0.117275,nan,0.0967192,3.77638,3.85817,3.94891,False,0.0232255,0.0232264,0.0229355,0.0234884,3.81451e-05,3.81524e-05,3.78212e-05,3.84614e-05,0.000302839,0.000300413,0.000229275,0.000380913,1.49977e-05,1.4997e-05,1.48592e-05,1.51469e-05,-0.0742329,5,2,0,0.00733577,830,0,False,nan,nan,nan,nan,nan,nan,nan,nan,nan,nan,13,14
ablation_control,matched,alternating,2,22,1,20,8000,3.06271,6.15639e-05,0.000243022,6.15639e-05,1,8.36328,8.40852,12.0434,nan,9.1584,nan,0,5.24811,7.88932,11.7225,True,3.05801,3.05988,3.02626,3.08927,6.14946e-05,6.15609e-05,5.69085e-05,6.64234e-05,0.00024245,0.000243125,0.000210386,0.000273026,6.14946e-05,6.15609e-05,5.69085e-05,6.64234e-05,0.183343,18,2,0,0.0197554,710,0,False,nan,nan,nan,nan,nan,nan,nan,nan,nan,nan,13,13
ablation_control,matched,alternating,2,22,2,40,8000,3.06271,6.15639e-05,0.000243022,5.72692e-05,1,15.1231,15.1386,18.4756,nan,0.274202,nan,0.296909,13.3186,15.3939,17.4609,True,3.05903,3.05955,3.04361,3.07315,6.14939e-05,6.14424e-05,6.0817e-05,6.25815e-05,0.000253755,0.000253815,0.000243043,0.000265114,5.75579e-05,5.75803e-05,5.68844e-05,5.79922e-05,-0.115821,11,2,0,0.0130803,1397,0,False,nan,nan,nan,nan,nan,nan,nan,nan,nan,nan,13,13
ablation_control,matched,alternating,2,22,3,20,8000,3.06271,6.15639e-05,0.000243022,5.11399e-05,1,6.98139,6.97088,10.0505,nan,0.0918564,nan,0.0735259,6.70754,7.0442,7.30437,True,3.06221,3.06232,3.04866,3.07491,6.14902e-05,6.1476e-05,6.10916e-05,6.18838e-05,0.000253836,0.000253647,0.000223188,0.000284761,5.11986e-05,5.11918e-05,5.08522e-05,5.15442e-05,0.0236199,6,2,0,0.0101265,952,0,False,nan,nan,nan,nan,nan,nan,nan,nan,nan,nan,13,13
ablation_control,matched,alternating,2,22,4,40,8000,3.06271,6.15639e-05,0.000243022,4.86499e-05,1,12.9477,12.9636,15.8167,nan,0.0840345,nan,0.0133129,12.5396,12.8901,13.2527,True,3.06341,3.06321,3.05355,3.07393,6.15215e-05,6.15173e-05,6.11627e-05,6.18658e-05,0.000239308,0.000239354,0.000224814,0.000254065,4.87486e-05,4.87491e-05,4.8536e-05,4.89665e-05,-0.157772,6,2,0,0.00824976,802,0,False,nan,nan,nan,nan,nan,nan,nan,nan,nan,nan,13,13
ablation_control,matched,alternating,2,22,5,20,8000,3.06271,6.15639e-05,0.000243022,4.46722e-05,1,6.11717,6.09397,8.80684,nan,0.0143364,nan,0.0664249,5.98544,6.11012,6.22725,True,3.06303,3.06275,3.05382,3.07367,6.1522e-05,6.15131e-05,6.11999e-05,6.18552e-05,0.000240188,0.000239481,0.000208076,0.000274102,4.45687e-05,4.4563e-05,4.43325e-05,4.48081e-05,-0.0400187,4,2,0,0.0072081,908,0,False,nan,nan,nan,nan,nan,nan,nan,nan,nan,nan,13,13
ablation_control,matched,alternating,2,22,6,40,8000,3.06271,6.15639e-05,0.000243022,4.3228e-05,1,11.562,11.5767,14.1173,nan,0.220303,nan,0.174478,11.1996,11.4222,11.624,True,3.06439,3.06428,3.05597,3.07336,6.16005e-05,6.15937e-05,6.12952e-05,6.1903e-05,0.000236894,0.000236516,0.000219604,0.000255158,4.32597e-05,4.32568e-05,4.30869e-05,4.34466e-05,-0.168233,7,2,0,0.00790957,803,0,False,nan,nan,nan,nan,nan,nan,nan,nan,nan,nan,13,13
ablation_control,matched,alternating,2,22,7,20,8000,3.06271,6.15639e-05,0.000243022,3.91773e-05,1,5.37879,5.39752,7.74309,nan,0.183072,nan,0.154098,5.38863,5.48345,5.57876,False,3.06334,3.06288,3.05485,3.07247,6.16509e-05,6.16554e-05,6.13163e-05,6.19632e-05,0.000251209,0.00024995,0.000214385,0.000291618,3.94009e-05,3.94022e-05,3.91734e-05,3.96095e-05,0.00634751,6,2,0,0.0096547,792,0,False,nan,nan,nan,nan,nan,nan,nan,nan,nan,nan,13,13
ablation_control,matched,alternating,2,22,8,40,8000,3.06271,6.15639e-05,0.000243022,3.78412e-05,1,10.1717,10.1713,12.4214,nan,0.0141134,nan,0.0485163,9.95961,10.1696,10.3676,True,3.06582,3.066,3.05727,3.0746,6.16522e-05,6.16583e-05,6.13236e-05,6.19655e-05,0.000248225,0.000247931,0.000226015,0.000271169,3.78799e-05,3.78769e-05,3.77151e-05,3.80511e-05,-0.173755,5,2,0,0.00886857,867,0,False,nan,nan,nan,nan,nan,nan,nan,nan,nan,nan,13,13
ablation_control,matched,alternating,2,22,9,20,8000,3.06271,6.15639e-05,0.000243022,3.49073e-05,1,4.80235,4.78504,6.91288,nan,0.0574184,nan,0.0721785,4.75153,4.83384,4.92294,True,3.06686,3.06681,3.05846,3.07555,6.16797e-05,6.16847e-05,6.13587e-05,6.19852e-05,0.000243792,0.000242476,0.000205872,0.000284971,3.49978e-05,3.49953e-05,3.48067e-05,3.51824e-05,0.0207835,4,2,0,0.00850921,885,0,False,nan,nan,nan,nan,nan,nan,nan,nan,nan,nan,13,13
ablation_control,matched,alternating,2,22,10,40,8000,3.06271,6.15639e-05,0.000243022,3.4261e-05,1,9.24004,9.23696,11.2813,nan,0.160756,nan,0.207141,8.95951,9.13532,9.31127,True,3.06633,3.06632,3.0585,3.07437,6.17035e-05,6.17034e-05,6.14148e-05,6.19825e-05,0.000229426,0.000229455,0.000203293,0.00025428,3.41197e-05,3.41207e-05,3.39648e-05,3.42758e-05,-0.141822,6,2,0,0.00837814,837,0,False,nan,nan,nan,nan,nan,nan,nan,nan,nan,nan,13,13
ablation_control,matched,alternating,2,22,11,20,8000,3.06271,6.15639e-05,0.000243022,3.21861e-05,1,4.43376,4.42631,6.3838,nan,0.0278097,nan,0.022412,4.34643,4.4158,4.49247,True,3.06599,3.06608,3.05868,3.07322,6.16975e-05,6.16968e-05,6.14085e-05,6.19911e-05,0.000229725,0.000228544,0.000189108,0.000274639,3.22257e-05,3.22251e-05,3.20494e-05,3.2405e-05,-0.0514314,3,2,0,0.00813953,1020,0,False,nan,nan,nan,nan,nan,nan,nan,nan,nan,nan,13,13
ablation_control,matched,alternating,2,22,12,40,8000,3.06271,6.15639e-05,0.000243022,3.18233e-05,1,8.60217,8.58406,10.4998,nan,0.186518,nan,0.253237,8.32667,8.47926,8.62886,True,3.06522,3.06529,3.05849,3.07182,6.17286e-05,6.17346e-05,6.1431e-05,6.20258e-05,0.000214259,0.000214236,0.000185817,0.00024251,3.16128e-05,3.16119e-05,3.14675e-05,3.17617e-05,-0.112365,6,2,0,0.00796213,911,0,False,nan,nan,nan,nan,nan,nan,nan,nan,nan,nan,13,13
ablation_control,matched,alternating,2,22,13,20,8000,3.06271,6.15639e-05,0.000243022,2.96403e-05,1,4.08806,4.12623,5.88696,nan,0.0814664,nan,0.0720869,4.06885,4.13294,4.19751,True,3.06468,3.06469,3.05808,3.07155,6.17393e-05,6.17465e-05,6.14399e-05,6.20201e-05,0.000229166,0.000227798,0.000188928,0.000272741,2.98337e-05,2.98369e-05,2.96656e-05,2.99914e-05,-0.0144211,3,2,0,0.00787394,993,0,False,nan,nan,nan,nan,nan,nan,nan,nan,nan,nan,13,13
ablation_control,matched,alternating,2,22,14,40,8000,3.06271,6.15639e-05,0.000243022,2.79834e-05,1,7.59153,7.60615,9.27127,nan,0.460158,nan,0.330609,7.75815,7.89062,8.01987,False,3.0636,3.06292,3.0586,3.07096,6.16441e-05,6.16365e-05,6.13548e-05,6.19693e-05,0.000245947,0.000244381,0.000212378,0.000282761,2.80818e-05,2.80795e-05,2.7938e-05,2.82295e-05,-0.0640987,10,2,0,0.0119746,623,0,False,nan,nan,nan,nan,nan,nan,nan,nan,nan,nan,13,13
ablation_control,matched,alternating,2,22,15,20,8000,3.06271,6.15639e-05,0.000243022,2.64772e-05,1,3.65737,3.67962,5.26449,nan,0.0239557,nan,0.0100372,3.5893,3.66956,3.75649,True,3.06354,3.06288,3.05856,3.07066,6.16428e-05,6.1638e-05,6.1349e-05,6.19461e-05,0.000234993,0.000232911,0.000192684,0.000283638,2.65851e-05,2.65866e-05,2.64212e-05,2.67524e-05,-0.0157572,4,2,0,0.0118692,740,0,False,nan,nan,nan,nan,nan,nan,nan,nan,nan,nan,13,13
ablation_control,matched,alternating,2,22,16,40,8000,3.06271,6.15639e-05,0.000243022,2.57874e-05,1,7.01031,7.00183,8.56133,nan,0.0758829,nan,0.0064473,6.90569,7.0542,7.219,True,3.06287,3.06254,3.0578,3.06871,6.16275e-05,6.16146e-05,6.13396e-05,6.19416e-05,0.000250029,0.000249917,0.000211052,0.000288774,2.5711e-05,2.57104e-05,2.55784e-05,2.58445e-05,-0.0486289,5,2,0,0.011543,766,0,False,nan,nan,nan,nan,nan,nan,nan,nan,nan,nan,13,13
ablation_control,matched,alternating,2,22,17,20,8000,3.06271,6.15639e-05,0.000243022,2.40212e-05,1,3.32206,3.3396,4.78147,nan,0.0951638,nan,0.123814,3.30475,3.37586,3.44963,True,3.06284,3.06266,3.05746,3.06869,6.16626e-05,6.16681e-05,6.1373e-05,6.19619e-05,0.000264721,0.000264725,0.000211174,0.000322642,2.40998e-05,2.41012e-05,2.39253e-05,2.42725e-05,0.00390804,4,2,0,0.0115347,845,0,False,nan,nan,nan,nan,nan,nan,nan,nan,nan,nan,13,13
ablation_control,matched,alternating,2,22,18,40,8000,3.06271,6.15639e-05,0.000243022,2.33861e-05,1,6.37199,6.35155,7.7877,nan,0.0314172,nan,0.0323765,6.24731,6.38787,6.5335,True,3.06278,3.06265,3.05734,3.06832,6.16667e-05,6.16538e-05,6.13819e-05,6.19732e-05,0.000264052,0.000263738,0.000219272,0.0003116,2.33793e-05,2.33767e-05,2.325e-05,2.35227e-05,-0.0491716,4,2,0,0.0111807,822,0,False,nan,nan,nan,nan,nan,nan,nan,nan,nan,nan,13,13
ablation_control,matched,alternating,2,22,19,20,8000,3.06271,6.15639e-05,0.000243022,2.27366e-05,1,3.14635,3.14061,4.52875,nan,0.121442,nan,0.0914877,3.01618,3.07752,3.13821,False,3.06308,3.06303,3.05771,3.06852,6.16453e-05,6.1633e-05,6.13862e-05,6.19501e-05,0.000240717,0.000238862,0.000190581,0.000298614,2.26511e-05,2.26481e-05,2.24975e-05,2.2815e-05,-0.0555616,5,2,0,0.0117354,835,0,False,nan,nan,nan,nan,nan,nan,nan,nan,nan,nan,13,13
ablation_control,matched,alternating,2,22,20,40,8000,3.06271,6.15639e-05,0.000243022,2.21332e-05,1,6.03779,6.0234,7.37507,nan,0.0141754,nan,0.0429259,5.90896,6.04736,6.18516,True,3.06341,3.06348,3.05793,3.06834,6.16438e-05,6.16336e-05,6.13783e-05,6.1952e-05,0.000220693,0.000220362,0.000176335,0.000267347,2.2022e-05,2.20207e-05,2.18957e-05,2.21459e-05,-0.0600454,5,2,0,0.0113821,839,0,False,nan,nan,nan,nan,nan,nan,nan,nan,nan,nan,13,13
ablation_control,matched,alternating,2,23,1,20,8000,0.00966661,6.00985e-05,0.000461774,6.00985e-05,1,7.61823,7.58802,1.37401,nan,3.11102,nan,0,5.19783,7.91389,12.0742,True,0.0100559,0.0100712,0.00965403,0.0104218,5.9989e-05,6.01951e-05,5.46322e-05,6.4558e-05,0.000461788,0.000461075,0.000393319,0.000531513,5.9989e-05,6.01951e-05,5.46322e-05,6.4558e-05,0.0297373,16,2,0,0.0162581,862,0,False,nan,nan,nan,nan,nan,nan,nan,nan,nan,nan,13,7
ablation_control,matched,alternating,2,23,2,40,8000,0.00966661,6.00985e-05,0.000461774,5.40283e-05,1,13.1661,13.1183,2.75293,nan,0.0634711,nan,0.00645027,11.3464,13.1993,14.9173,True,0.00988681,0.00988887,0.00970259,0.0100696,6.0132e-05,6.0114e-05,5.91198e-05,6.12029e-05,0.00047034,0.000470504,0.000446957,0.000493226,5.37747e-05,5.38057e-05,5.3079e-05,5.43264e-05,0.0617552,10,2,0,0.0142042,1554,0,False,nan,nan,nan,nan,nan,nan,nan,nan,nan,nan,13,7
ablation_control,matched,alternating,2,23,3,20,8000,0.00966661,6.00985e-05,0.000461774,4.46863e-05,1,5.74088,5.71813,1.45911,nan,0.0485898,nan,0.0264859,5.43276,5.69889,5.93309,True,0.00988861,0.00989155,0.00970043,0.0100575,6.00794e-05,6.00808e-05,5.93991e-05,6.08785e-05,0.000451746,0.000450312,0.000389278,0.000515639,4.46165e-05,4.46077e-05,4.41509e-05,4.50889e-05,-0.0296448,4,2,0,0.0095729,1126,0,False,nan,nan,nan,nan,nan,nan,nan,nan,nan,nan,13,7
ablation_control,matched,alternating,2,23,4,40,8000,0.00966661,6.00985e-05,0.000461774,4.10805e-05,1,10.2256,10.2586,2.98707,nan,0.0847438,nan,0.0338694,9.9557,10.2923,10.6871,True,0.00991413,0.00991563,0.00976989,0.0100556,5.99924e-05,5.9986e-05,5.94011e-05,6.05993e-05,0.000422356,0.000422585,0.000387397,0.000457501,4.09125e-05,4.09204e-05,4.05996e-05,4.12021e-05,0.0109317,6,2,0,0.00907358,915,0,False,nan,nan,nan,nan,nan,nan,nan,nan,nan,nan,13,7
ablation_control,matched,alternating,2,23,5,20,8000,0.00966661,6.00985e-05,0.000461774,3.48219e-05,1,4.5128,4.53963,1.60895,nan,0.136089,nan,0.0964383,4.53487,4.64382,4.75946,False,0.00987207,0.00987703,0.00972393,0.0100112,6.01735e-05,6.01775e-05,5.95924e-05,6.07779e-05,0.000445761,0.000445971,0.000370996,0.000521522,3.52241e-05,3.52346e-05,3.48464e-05,3.55891e-05,0.0406331,5,2,0,0.0122507,827,0,False,nan,nan,nan,nan,nan,nan,nan,nan,nan,nan,13,7
ablation_control,matched,alternating,2,23,6,40,8000,0.00966661,6.00985e-05,0.000461774,3.35301e-05,1,8.45312,8.45524,3.00271,nan,0.058893,nan,0.204502,8.14081,8.3946,8.67392,True,0.0098448,0.00984941,0.00970528,0.00998149,6.0207e-05,6.02104e-05,5.96368e-05,6.08444e-05,0.000432021,0.000432733,0.00038552,0.000479478,3.32791e-05,3.32754e-05,3.30222e-05,3.35425e-05,0.020882,5,2,0,0.0108011,876,0,False,nan,nan,nan,nan,nan,nan,nan,nan,nan,nan,13,7
ablation_control,matched,alternating,2,23,7,20,8000,0.00966661,6.00985e-05,0.000461774,2.99971e-05,1,3.90434,3.91638,1.49151,nan,0.044807,nan,0.0288769,3.76182,3.86094,3.96524,True,0.00983686,0.00983794,0.00970474,0.00997073,6.01119e-05,6.01092e-05,5.95502e-05,6.06876e-05,0.000434801,0.000432493,0.000363166,0.000514322,3.01134e-05,3.01026e-05,2.9813e-05,3.04542e-05,0.0148327,3,2,0,0.0109693,931,0,False,nan,nan,nan,nan,nan,nan,nan,nan,nan,nan,13,7
ablation_control,matched,alternating,2,23,8,40,8000,0.00966661,6.00985e-05,0.000461774,2.79733e-05,1,7.11984,7.13407,3.00511,nan,0.194701,nan,0.103798,7.09939,7.30788,7.52676,True,0.00979925,0.00979681,0.00967507,0.0099306,6.00589e-05,6.00579e-05,5.95104e-05,6.06175e-05,0.000495635,0.000496257,0.000433907,0.000555972,2.81274e-05,2.81349e-05,2.78783e-05,2.83635e-05,0.0518197,6,2,0,0.0109315,785,0,False,nan,nan,nan,nan,nan,nan,nan,nan,nan,nan,13,7
ablation_control,matched,alternating,2,23,9,20,8000,0.00966661,6.00985e-05,0.000461774,2.48795e-05,1,3.25321,3.22022,1.54432,nan,0.0322975,nan,0.0556081,3.19976,3.28292,3.37073,True,0.00977748,0.0097705,0.00965675,0.00990845,6.01288e-05,6.01299e-05,5.95805e-05,6.06707e-05,0.000529615,0.000528544,0.000430665,0.000633694,2.49386e-05,2.4947e-05,2.46491e-05,2.52002e-05,-0.00673441,4,2,0,0.0112163,798,0,False,nan,nan,nan,nan,nan,nan,nan,nan,nan,nan,13,7
ablation_control,matched,alternating,2,23,10,40,8000,0.00966661,6.00985e-05,0.000461774,2.39335e-05,1,6.13462,6.16619,2.94943,nan,0.0863855,nan,0.041133,5.87786,6.05012,6.23247,True,0.00974863,0.00974649,0.00963234,0.00987881,6.01584e-05,6.01383e-05,5.96592e-05,6.07161e-05,0.00045512,0.000452931,0.000384844,0.000525609,2.3918e-05,2.3923e-05,2.37066e-05,2.41271e-05,0.0392073,5,2,0,0.0113097,779,0,False,nan,nan,nan,nan,nan,nan,nan,nan,nan,nan,13,7
ablation_control,matched,alternating,2,23,11,20,8000,0.00966661,6.00985e-05,0.000461774,2.2337e-05,1,2.92749,2.96854,1.4163,nan,0.0625769,nan,0.0497045,2.79201,2.86555,2.939,True,0.00972636,0.00972911,0.00958851,0.00985991,6.00915e-05,6.00777e-05,5.95633e-05,6.06694e-05,0.000414334,0.000410757,0.000331206,0.000505962,2.24809e-05,2.24755e-05,2.21933e-05,2.27774e-05,0.0121559,5,2,0,0.0136361,739,0,False,nan,nan,nan,nan,nan,nan,nan,nan,nan,nan,13,7
ablation_control,matched,alternating,2,23,12,40,8000,0.00966661,6.00985e-05,0.000461774,2.16111e-05,1,5.56198,5.57852,2.70287,nan,0.0540248,nan,0.0436304,5.44856,5.61028,5.79295,True,0.00975301,0.00975223,0.00963945,0.00987935,6.00882e-05,6.00957e-05,5.95473e-05,6.06273e-05,0.000444203,0.000441455,0.000364451,0.000529775,2.16118e-05,2.16051e-05,2.14278e-05,2.18252e-05,0.00289396,4,2,0,0.0128438,820,0,False,nan,nan,nan,nan,nan,nan,nan,nan,nan,nan,13,7
ablation_control,matched,alternating,2,23,13,20,8000,0.00966661,6.00985e-05,0.000461774,1.96283e-05,1,2.57883,2.58055,1.38021,nan,0.045931,nan,0.0467299,2.55168,2.62422,2.69678,True,0.00975387,0.00975131,0.00963889,0.00987672,6.0139e-05,6.01374e-05,5.95967e-05,6.06535e-05,0.000472022,0.000471064,0.000371351,0.000581605,1.98413e-05,1.98382e-05,1.96007e-05,2.00923e-05,-0.0284065,3,2,0,0.0128738,891,0,False,nan,nan,nan,nan,nan,nan,nan,nan,nan,nan,13,7
ablation_control,matched,alternating,2,23,14,40,8000,0.00966661,6.00985e-05,0.000461774,1.87309e-05,1,4.84536,4.79966,2.70795,nan,0.113295,nan,0.0504085,4.80655,4.95484,5.10638,True,0.00974967,0.00974681,0.00964557,0.00987299,6.00832e-05,6.00761e-05,5.9544e-05,6.06405e-05,0.000456137,0.000455012,0.000365101,0.000555804,1.85314e-05,1.85348e-05,1.83312e-05,1.87241e-05,-0.0497065,6,2,0,0.0160295,760,0,False,nan,nan,nan,nan,nan,nan,nan,nan,nan,nan,13,7
ablation_control,matched,alternating,2,23,15,20,8000,0.00966661,6.00985e-05,0.000461774,1.78728e-05,1,2.35195,2.32746,1.29129,nan,0.0795682,nan,0.0493267,2.20147,2.27274,2.34744,False,0.0097459,0.00974411,0.00963861,0.00986606,6.00334e-05,6.00253e-05,5.95214e-05,6.05744e-05,0.000431902,0.000429132,0.000330116,0.000544271,1.76357e-05,1.76257e-05,1.73904e-05,1.79038e-05,0.0132239,3,2,0,0.0164533,887,0,False,nan,nan,nan,nan,nan,nan,nan,nan,nan,nan,13,7
ablation_control,matched,alternating,2,23,16,40,8000,0.00966661,6.00985e-05,0.000461774,1.75699e-05,1,4.55444,4.57675,2.43197,nan,0.0989264,nan,0.0707022,4.31037,4.45337,4.6158,True,0.00974172,0.00974044,0.00963743,0.00985562,6.00725e-05,6.0088e-05,5.95152e-05,6.06343e-05,0.000389988,0.000389012,0.00029689,0.000489353,1.75016e-05,1.75015e-05,1.73241e-05,1.76834e-05,-0.10494,5,2,0,0.0170956,792,0,False,nan,nan,nan,nan,nan,nan,nan,nan,nan,nan,13,7
ablation_control,matched,alternating,2,23,17,20,8000,0.00966661,6.00985e-05,0.000461774,1.61876e-05,1,2.13348,2.15912,1.23793,nan,0.0486828,nan,0.038505,2.10984,2.18031,2.25301,True,0.00974425,0.00974385,0.00964036,0.00985449,6.01023e-05,6.01097e-05,5.95578e-05,6.06526e-05,0.000388793,0.000387849,0.000284692,0.000497442,1.64264e-05,1.64239e-05,1.61961e-05,1.66716e-05,0.0304502,3,2,0,0.0167087,866,0,False,nan,nan,nan,nan,nan,nan,nan,nan,nan,nan,13,7
ablation_control,matched,alternating,2,23,18,40,8000,0.00966661,6.00985e-05,0.000461774,1.588e-05,1,4.12883,4.15562,2.35204,nan,0.0658395,nan,0.0435496,4.05041,4.19311,4.33614,True,0.00975828,0.00975839,0.00965535,0.0098691,6.01002e-05,6.0108e-05,5.95645e-05,6.06322e-05,0.000429427,0.000427845,0.000322358,0.000538612,1.59317e-05,1.59301e-05,1.57546e-05,1.61039e-05,-0.0229795,4,2,0,0.0165134,891,0,False,nan,nan,nan,nan,nan,nan,nan,nan,nan,nan,13,7
ablation_control,matched,alternating,2,23,19,20,8000,0.00966661,6.00985e-05,0.000461774,1.4908e-05,1,1.96714,1.93606,1.17195,nan,0.0179838,nan,0.0100677,1.91965,1.98423,2.04843,True,0.00975626,0.00975639,0.00965016,0.00986199,6.01228e-05,6.01335e-05,5.95633e-05,6.06369e-05,0.000467176,0.000461609,0.000343231,0.000611582,1.48302e-05,1.48309e-05,1.45918e-05,1.50745e-05,0.0192479,3,2,0,0.0166187,957,0,False,nan,nan,nan,nan,nan,nan,nan,nan,nan,nan,13,7
ablation_control,matched,alternating,2,23,20,40,8000,0.00966661,6.00985e-05,0.000461774,1.47543e-05,1,3.84391,3.8498,2.20736,nan,0.0784508,nan,0.0648614,3.63234,3.7675,3.89764,True,0.00975686,0.00975642,0.0096623,0.00985573,6.01301e-05,6.01344e-05,5.959e-05,6.06628e-05,0.000434952,0.000431219,0.000325386,0.000556464,1.46736e-05,1.46743e-05,1.45116e-05,1.48375e-05,-0.00786308,4,2,0,0.0160485,901,0,False,nan,nan,nan,nan,nan,nan,nan,nan,nan,nan,13,7
ablation_control,matched,alternating,2,24,1,20,8000,0.00189826,9.25037e-05,0.000285091,9.25037e-05,1,11.7906,11.7735,4.55165,nan,5.13422,nan,0,5.27317,7.90054,11.9464,True,0.00187212,0.00187307,0.00181047,0.0019386,9.05561e-05,9.15905e-05,8.35576e-05,0.000100422,0.000308897,0.00030885,0.000278346,0.000338892,9.05561e-05,9.15905e-05,8.35576e-05,0.000100422,0.184569,18,2,0,0.0285146,776,0,False,nan,nan,nan,nan,nan,nan,nan,nan,nan,nan,13,8
ablation_control,matched,alternating,2,24,2,40,8000,0.00189826,9.25037e-05,0.000285091,8.41039e-05,1,20.687,20.6992,7.50975,nan,1.13303,nan,0.138189,16.4609,19.6666,22.8005,True,0.00191434,0.00191464,0.00187999,0.00194797,9.27047e-05,9.24015e-05,9.11644e-05,9.56761e-05,0.000273003,0.000273057,0.000262553,0.000283334,8.37902e-05,8.38499e-05,8.21623e-05,8.48686e-05,0.0936364,12,2,0,0.0176819,1388,0,False,nan,nan,nan,nan,nan,nan,nan,nan,nan,nan,13,8
ablation_control,matched,alternating,2,24,3,20,8000,0.00189826,9.25037e-05,0.000285091,7.07524e-05,1,9.12477,9.13996,3.07419,nan,0.0301653,nan,0.0605662,8.57369,9.10687,9.56099,True,0.00192158,0.00192236,0.00189253,0.00194955,9.23991e-05,9.23222e-05,9.14944e-05,9.3566e-05,0.000278056,0.000277695,0.000244795,0.000312966,7.06884e-05,7.07e-05,6.98652e-05,7.14701e-05,0.00403623,5,2,0,0.0116151,995,0,False,nan,nan,nan,nan,nan,nan,nan,nan,nan,nan,13,8
ablation_control,matched,alternating,2,24,4,40,8000,0.00189826,9.25037e-05,0.000285091,6.46196e-05,1,16.2146,16.2005,5.09842,nan,0.199508,nan,0.175477,15.8073,16.4205,16.9855,True,0.00192065,0.00192073,0.00189495,0.0019448,9.22485e-05,9.21949e-05,9.14543e-05,9.3156e-05,0.000288569,0.000288268,0.000271665,0.000305687,6.47887e-05,6.47976e-05,6.43734e-05,6.51973e-05,0.0189971,7,2,0,0.0114547,777,0,False,nan,nan,nan,nan,nan,nan,nan,nan,nan,nan,13,8
ablation_control,matched,alternating,2,24,5,20,8000,0.00189826,9.25037e-05,0.000285091,5.59181e-05,1,7.27063,7.26605,2.13668,nan,0.0535332,nan,0.0268616,7.12698,7.31731,7.55405,True,0.00191794,0.00191807,0.00189129,0.00194359,9.23635e-05,9.23335e-05,9.16497e-05,9.32601e-05,0.000269229,0.000268292,0.000233176,0.000308492,5.57098e-05,5.57299e-05,5.51906e-05,5.61206e-05,0.0149279,5,2,0,0.0102421,798,0,False,nan,nan,nan,nan,nan,nan,nan,nan,nan,nan,13,8
ablation_control,matched,alternating,2,24,6,40,8000,0.00189826,9.25037e-05,0.000285091,5.2646e-05,1,13.3774,13.3914,3.81297,nan,0.0263707,nan,0.0364395,13.0181,13.3635,13.7439,True,0.00191674,0.0019165,0.00189443,0.00193884,9.2375e-05,9.23467e-05,9.17297e-05,9.31762e-05,0.00027191,0.000271797,0.000249356,0.00029461,5.26287e-05,5.26271e-05,5.23268e-05,5.2927e-05,-0.00593668,5,2,0,0.00849618,851,0,False,nan,nan,nan,nan,nan,nan,nan,nan,nan,nan,13,8
ablation_control,matched,alternating,2,24,7,20,8000,0.00189826,9.25037e-05,0.000285091,4.7102e-05,1,6.15438,6.14159,1.69211,nan,0.0188891,nan,0.0298517,6.04479,6.16901,6.30325,True,0.00191472,0.00191494,0.00189277,0.001937,9.24107e-05,9.2401e-05,9.17993e-05,9.30651e-05,0.000268413,0.000266259,0.000228467,0.000313423,4.69159e-05,4.69212e-05,4.65697e-05,4.72506e-05,-0.00656395,4,2,0,0.00780389,897,0,False,nan,nan,nan,nan,nan,nan,nan,nan,nan,nan,13,8
ablation_control,matched,alternating,2,24,8,40,8000,0.00189826,9.25037e-05,0.000285091,4.53852e-05,1,11.6223,11.603,3.18834,nan,0.168464,nan,0.181121,11.1975,11.459,11.6968,True,0.00191368,0.00191408,0.00189285,0.00193473,9.2577e-05,9.25692e-05,9.19251e-05,9.32375e-05,0.000285884,0.000285578,0.000256215,0.000317871,4.52802e-05,4.52764e-05,4.4991e-05,4.56118e-05,-0.00763414,6,2,0,0.0091059,796,0,False,nan,nan,nan,nan,nan,nan,nan,nan,nan,nan,13,8
ablation_control,matched,alternating,2,24,9,20,8000,0.00189826,9.25037e-05,0.000285091,4.10708e-05,1,5.38446,5.36817,1.43095,nan,0.0192723,nan,0.00573336,5.25274,5.36643,5.47622,True,0.00191287,0.00191314,0.00189246,0.00193269,9.25784e-05,9.25683e-05,9.1957e-05,9.32039e-05,0.000289588,0.000288278,0.000243084,0.000341051,4.09562e-05,4.09556e-05,4.06535e-05,4.12584e-05,0.0208562,3,2,0,0.00817034,922,0,False,nan,nan,nan,nan,nan,nan,nan,nan,nan,nan,13,8
ablation_control,matched,alternating,2,24,10,40,8000,0.00189826,9.25037e-05,0.000285091,3.8961e-05,1,10.0467,10.0126,2.59777,nan,0.0206754,nan,0.058146,9.83131,10.0659,10.2818,True,0.00191115,0.00191168,0.00188999,0.00192994,9.25651e-05,9.25612e-05,9.19962e-05,9.3199e-05,0.00030775,0.000307538,0.00027316,0.000345098,3.89595e-05,3.89598e-05,3.87143e-05,3.92054e-05,-0.0227175,5,2,0,0.0077605,866,0,False,nan,nan,nan,nan,nan,nan,nan,nan,nan,nan,13,8
ablation_control,matched,alternating,2,24,11,20,8000,0.00189826,9.25037e-05,0.000285091,3.53323e-05,1,4.64709,4.68974,1.1666,nan,0.0100709,nan,0.0484812,4.57222,4.65484,4.73833,True,0.00191285,0.00191333,0.00189321,0.00193199,9.25398e-05,9.25358e-05,9.19704e-05,9.31343e-05,0.000302473,0.000300987,0.000252482,0.000354956,3.56429e-05,3.56369e-05,3.53868e-05,3.59103e-05,-0.0194502,2,2,0,0.00755218,1098,0,False,nan,nan,nan,nan,nan,nan,nan,nan,nan,nan,13,8
ablation_control,matched,alternating,2,24,12,40,8000,0.00189826,9.25037e-05,0.000285091,3.33186e-05,1,8.64494,8.65197,2.10795,nan,0.183945,nan,0.155384,8.64364,8.8282,9.01545,True,0.00191376,0.00191402,0.0018957,0.0019308,9.24609e-05,9.24575e-05,9.18926e-05,9.30609e-05,0.000302666,0.000301625,0.000258853,0.000347604,3.3509e-05,3.35101e-05,3.32584e-05,3.37449e-05,-0.0393489,7,2,0,0.00929619,756,0,False,nan,nan,nan,nan,nan,nan,nan,nan,nan,nan,13,8
ablation_control,matched,alternating,2,24,13,20,8000,0.00189826,9.25037e-05,0.000285091,3.08592e-05,1,4.06903,4.08636,0.991082,nan,0.0107625,nan,0.00638025,3.99664,4.07866,4.16592,True,0.0019137,0.00191394,0.00189566,0.00193039,9.2448e-05,9.24395e-05,9.18693e-05,9.30762e-05,0.000290733,0.000289292,0.000237403,0.000349089,3.09621e-05,3.09597e-05,3.07078e-05,3.12213e-05,0.0471288,3,2,0,0.00888744,864,0,False,nan,nan,nan,nan,nan,nan,nan,nan,nan,nan,13,8
ablation_control,matched,alternating,2,24,14,40,8000,0.00189826,9.25037e-05,0.000285091,2.98831e-05,1,7.78298,7.83096,1.87573,nan,0.0204776,nan,0.0243149,7.58691,7.76447,7.93987,True,0.00191324,0.0019131,0.00189672,0.00193038,9.24428e-05,9.24237e-05,9.18285e-05,9.30632e-05,0.000248954,0.000248088,0.000208009,0.0002903,2.99592e-05,2.99622e-05,2.97705e-05,3.01564e-05,0.00543819,4,2,0,0.00890881,880,0,False,nan,nan,nan,nan,nan,nan,nan,nan,nan,nan,13,8
ablation_control,matched,alternating,2,24,15,20,8000,0.00189826,9.25037e-05,0.000285091,2.78172e-05,1,3.67425,3.7056,0.890202,nan,0.0682166,nan,0.0147296,3.67281,3.73995,3.81343,True,0.00191274,0.00191257,0.00189565,0.00193011,9.24769e-05,9.24685e-05,9.18845e-05,9.31007e-05,0.000252445,0.000251308,0.000202165,0.000306991,2.80655e-05,2.80708e-05,2.78183e-05,2.83064e-05,-0.00586468,3,2,0,0.00858819,941,0,False,nan,nan,nan,nan,nan,nan,nan,nan,nan,nan,13,8
ablation_control,matched,alternating,2,24,16,40,8000,0.00189826,9.25037e-05,0.000285091,2.66448e-05,1,6.96455,7.01646,1.66618,nan,0.182023,nan,0.0764559,6.99515,7.14469,7.2921,False,0.00191031,0.0019102,0.0018932,0.00192757,9.24668e-05,9.24626e-05,9.18731e-05,9.30731e-05,0.000263689,0.000262611,0.000209405,0.000320204,2.68306e-05,2.68351e-05,2.66235e-05,2.70387e-05,-0.0191888,5,2,0,0.00952892,843,0,False,nan,nan,nan,nan,nan,nan,nan,nan,nan,nan,13,8
ablation_control,matched,alternating,2,24,17,20,8000,0.00189826,9.25037e-05,0.000285091,2.49106e-05,1,3.29577,3.28685,0.802464,nan,0.066014,nan,0.0223782,3.29489,3.35937,3.43055,True,0.00191085,0.00191094,0.00189325,0.00192766,9.25218e-05,9.25261e-05,9.19034e-05,9.31362e-05,0.000282858,0.00028225,0.000214187,0.000357135,2.49775e-05,2.49833e-05,2.47056e-05,2.52257e-05,0.0316629,4,2,0,0.00970655,860,0,False,nan,nan,nan,nan,nan,nan,nan,nan,nan,nan,13,8
ablation_control,matched,alternating,2,24,18,40,8000,0.00189826,9.25037e-05,0.000285091,2.42443e-05,1,6.35408,6.34407,1.52529,nan,0.00797613,nan,0.00945983,6.21584,6.36095,6.50825,True,0.00190951,0.00191012,0.00189178,0.00192632,9.2502e-05,9.24977e-05,9.1908e-05,9.31035e-05,0.000250076,0.000247402,0.000196485,0.000310629,2.41535e-05,2.41519e-05,2.39657e-05,2.43406e-05,0.00841027,4,2,0,0.010487,859,0,False,nan,nan,nan,nan,nan,nan,nan,nan,nan,nan,13,8
ablation_control,matched,alternating,2,24,19,20,8000,0.00189826,9.25037e-05,0.000285091,2.28015e-05,1,3.02036,3.04671,0.74232,nan,0.03584,nan,0.0185876,2.99196,3.05484,3.12385,True,0.00190889,0.00190922,0.00189112,0.00192608,9.25106e-05,9.25133e-05,9.1915e-05,9.30934e-05,0.000264498,0.000261449,0.000200613,0.000337907,2.29544e-05,2.29559e-05,2.27155e-05,2.31959e-05,-0.0152957,2,2,0,0.00986239,1017,0,False,nan,nan,nan,nan,nan,nan,nan,nan,nan,nan,13,8
ablation_control,matched,alternating,2,24,20,40,8000,0.00189826,9.25037e-05,0.000285091,2.22581e-05,1,5.84653,5.80797,1.41337,nan,0.0440966,nan,0.0121742,5.75647,5.88835,6.02589,True,0.00190875,0.00190892,0.00189043,0.00192688,9.24538e-05,9.24518e-05,9.18909e-05,9.30207e-05,0.00024797,0.000248156,0.000187454,0.000312176,2.20845e-05,2.2089e-05,2.19018e-05,2.22648e-05,-0.0318201,5,2,0,0.0104745,874,0,False,nan,nan,nan,nan,nan,nan,nan,nan,nan,nan,13,8
ablation_control,matched,alternating,2,25,1,20,8000,0.269315,5.0659e-05,0.000204286,5.0659e-05,1,6.73538,6.73343,4.16085,nan,2.16386,nan,0,5.2217,7.8234,11.6041,True,0.273862,0.273782,0.269841,0.278536,5.11031e-05,5.16447e-05,4.67073e-05,5.5465e-05,0.000192932,0.000193398,0.000133417,0.00025248,5.11031e-05,5.16447e-05,4.67073e-05,5.5465e-05,-0.0717672,16,2,0,0.0158135,773,0,False,nan,nan,nan,nan,nan,nan,nan,nan,nan,nan,13,17
ablation_control,matched,alternating,2,25,2,40,8000,0.269315,5.0659e-05,0.000204286,4.84877e-05,1,12.5889,12.641,4.69857,nan,0.375341,nan,0.0339452,11.0847,12.9091,14.9021,True,0.269741,0.269683,0.268054,0.271439,5.11622e-05,5.10207e-05,4.97221e-05,5.26973e-05,0.000205718,0.000205524,0.0001844,0.000228699,4.83708e-05,4.85093e-05,4.73592e-05,4.92359e-05,-0.131659,12,2,0,0.0234259,1368,0,False,nan,nan,nan,nan,nan,nan,nan,nan,nan,nan,13,17
ablation_control,matched,alternating,2,25,3,20,8000,0.269315,5.0659e-05,0.000204286,4.48343e-05,1,5.9749,5.96714,3.60859,nan,0.0734042,nan,0.00651915,5.4741,5.94717,6.26101,True,0.269445,0.269395,0.267831,0.271092,5.09509e-05,5.08626e-05,5.02585e-05,5.22065e-05,0.000213295,0.000212191,0.0001781,0.000251667,4.49513e-05,4.48595e-05,4.43431e-05,4.60103e-05,-0.00930876,5,2,0,0.0119585,1006,0,False,nan,nan,nan,nan,nan,nan,nan,nan,nan,nan,13,17
ablation_control,matched,alternating,2,25,4,40,8000,0.269315,5.0659e-05,0.000204286,4.3778e-05,1,11.408,11.3617,4.0053,nan,0.105429,nan,0.146782,10.9189,11.258,11.9197,True,0.269628,0.269602,0.268424,0.270917,5.09286e-05,5.09076e-05,5.03986e-05,5.15822e-05,0.000202826,0.000202769,0.000179178,0.000226264,4.34415e-05,4.34536e-05,4.30777e-05,4.37562e-05,-0.0516796,6,2,0,0.00918442,820,0,False,nan,nan,nan,nan,nan,nan,nan,nan,nan,nan,13,17
ablation_control,matched,alternating,2,25,5,20,8000,0.269315,5.0659e-05,0.000204286,4.0501e-05,1,5.40685,5.41773,3.2175,nan,0.0162887,nan,0.0476058,5.22788,5.39424,5.54956,True,0.26947,0.269441,0.268273,0.270719,5.08875e-05,5.08781e-05,5.04918e-05,5.13153e-05,0.000203122,0.000201816,0.000168945,0.000240139,4.06104e-05,4.06035e-05,4.03062e-05,4.09214e-05,-0.0155435,3,2,0,0.0076859,1005,0,False,nan,nan,nan,nan,nan,nan,nan,nan,nan,nan,13,17
ablation_control,matched,alternating,2,25,6,40,8000,0.269315,5.0659e-05,0.000204286,3.92488e-05,1,10.2641,10.2207,3.52939,nan,0.0410924,nan,0.0172085,10.0887,10.3001,10.5224,True,0.270048,0.270071,0.269022,0.271061,5.08652e-05,5.08652e-05,5.05129e-05,5.12065e-05,0.000223496,0.000223245,0.000195481,0.000252224,3.91667e-05,3.91713e-05,3.89463e-05,3.939e-05,-0.0517477,5,2,0,0.00704343,905,0,False,nan,nan,nan,nan,nan,nan,nan,nan,nan,nan,13,17
ablation_control,matched,alternating,2,25,7,20,8000,0.269315,5.0659e-05,0.000204286,3.67892e-05,1,4.9187,4.88261,2.90676,nan,0.0573245,nan,0.00914418,4.78245,4.8679,4.95155,True,0.270234,0.270253,0.269184,0.271196,5.08339e-05,5.08311e-05,5.04887e-05,5.1171e-05,0.000225446,0.000224586,0.000184214,0.000269212,3.67524e-05,3.67478e-05,3.64947e-05,3.70227e-05,-0.0690708,4,2,0,0.00673427,963,0,False,nan,nan,nan,nan,nan,nan,nan,nan,nan,nan,13,17
ablation_control,matched,alternating,2,25,8,40,8000,0.269315,5.0659e-05,0.000204286,3.59548e-05,1,9.42714,9.43206,3.18797,nan,0.114983,nan,0.0686775,9.14124,9.31621,9.48943,True,0.270561,0.270585,0.269651,0.27143,5.08708e-05,5.08633e-05,5.05504e-05,5.12075e-05,0.000202917,0.000202758,0.000174941,0.000230853,3.59124e-05,3.59074e-05,3.57146e-05,3.61225e-05,-0.0932333,5,2,0,0.00656496,916,0,False,nan,nan,nan,nan,nan,nan,nan,nan,nan,nan,13,17
ablation_control,matched,alternating,2,25,9,20,8000,0.269315,5.0659e-05,0.000204286,3.33739e-05,1,4.46824,4.45909,2.63438,nan,0.0711137,nan,0.085299,4.45868,4.52618,4.59526,True,0.27053,0.270568,0.269533,0.27143,5.08911e-05,5.0886e-05,5.0558e-05,5.12126e-05,0.000219106,0.000217843,0.000178119,0.000265057,3.36012e-05,3.35972e-05,3.33788e-05,3.38335e-05,-0.0684841,4,2,0,0.00686236,907,0,False,nan,nan,nan,nan,nan,nan,nan,nan,nan,nan,13,17
ablation_control,matched,alternating,2,25,10,40,8000,0.269315,5.0659e-05,0.000204286,3.31065e-05,1,8.69993,8.72752,2.92296,nan,0.118956,nan,0.170921,8.42663,8.58406,8.7437,True,0.27,0.270009,0.269033,0.270941,5.09307e-05,5.09196e-05,5.0612e-05,5.12491e-05,0.000185414,0.000184824,0.000157695,0.000217443,3.2946e-05,3.29452e-05,3.27707e-05,3.31279e-05,0.0377048,6,2,0,0.0069936,778,0,False,nan,nan,nan,nan,nan,nan,nan,nan,nan,nan,13,17
ablation_control,matched,alternating,2,25,11,20,8000,0.269315,5.0659e-05,0.000204286,3.14496e-05,1,4.2139,4.21107,2.47588,nan,0.0265026,nan,0.010281,4.11922,4.19098,4.25229,True,0.270003,0.269998,0.26908,0.270869,5.09214e-05,5.09145e-05,5.05946e-05,5.12458e-05,0.000190316,0.000188882,0.000152171,0.000234508,3.14205e-05,3.14184e-05,3.11991e-05,3.16489e-05,-0.0990761,2,2,0,0.00666491,1038,0,False,nan,nan,nan,nan,nan,nan,nan,nan,nan,nan,13,17
ablation_control,matched,alternating,2,25,12,40,8000,0.269315,5.0659e-05,0.000204286,3.03252e-05,1,7.98667,8.00758,2.68044,nan,0.140972,nan,0.088209,7.97553,8.11735,8.25786,True,0.26975,0.269751,0.268979,0.270601,5.09048e-05,5.0905e-05,5.05975e-05,5.12396e-05,0.000192769,0.000192671,0.00015547,0.000231265,3.0262e-05,3.02615e-05,3.00774e-05,3.04408e-05,-0.0386032,6,2,0,0.00720502,818,0,False,nan,nan,nan,nan,nan,nan,nan,nan,nan,nan,13,17
ablation_control,matched,alternating,2,25,13,20,8000,0.269315,5.0659e-05,0.000204286,2.87943e-05,1,3.86228,3.82192,2.26915,nan,0.00332099,nan,0.0120206,3.79891,3.86165,3.92714,True,0.269785,0.269785,0.268992,0.270632,5.09177e-05,5.09141e-05,5.06031e-05,5.12477e-05,0.00019718,0.000195838,0.000153156,0.000245092,2.87216e-05,2.87206e-05,2.85069e-05,2.89181e-05,-0.0499982,2,2,0,0.00706799,1068,0,False,nan,nan,nan,nan,nan,nan,nan,nan,nan,nan,13,17
ablation_control,matched,alternating,2,25,14,40,8000,0.269315,5.0659e-05,0.000204286,2.85508e-05,1,7.52998,7.5394,2.52985,nan,0.0977517,nan,0.116655,7.30298,7.43651,7.56992,True,0.2696,0.269606,0.26879,0.270394,5.09442e-05,5.09512e-05,5.06034e-05,5.12683e-05,0.000169824,0.00016894,0.000135475,0.000207982,2.83518e-05,2.83498e-05,2.81848e-05,2.85175e-05,-0.0522617,5,2,0,0.00751635,860,0,False,nan,nan,nan,nan,nan,nan,nan,nan,nan,nan,13,17
ablation_control,matched,alternating,2,25,15,20,8000,0.269315,5.0659e-05,0.000204286,2.70707e-05,1,3.63363,3.65223,2.1355,nan,0.0224048,nan,0.0290747,3.59321,3.65169,3.71106,True,0.269628,0.269623,0.268838,0.270392,5.09454e-05,5.09476e-05,5.06191e-05,5.12839e-05,0.000173875,0.000172938,0.000133492,0.000216577,2.72783e-05,2.72796e-05,2.70678e-05,2.74867e-05,-0.0795107,3,2,0,0.00725076,977,0,False,nan,nan,nan,nan,nan,nan,nan,nan,nan,nan,13,17
ablation_control,matched,alternating,2,25,16,40,8000,0.269315,5.0659e-05,0.000204286,2.63192e-05,1,6.95381,6.93636,2.3361,nan,0.169816,nan,0.0428924,6.99267,7.111,7.24369,False,0.269521,0.269515,0.268859,0.270221,5.09239e-05,5.09154e-05,5.05976e-05,5.12564e-05,0.000197959,0.000197111,0.000153849,0.000242428,2.61868e-05,2.61875e-05,2.59941e-05,2.63742e-05,-0.0720882,7,2,0,0.00871635,682,0,False,nan,nan,nan,nan,nan,nan,nan,nan,nan,nan,13,17
ablation_control,matched,alternating,2,25,17,20,8000,0.269315,5.0659e-05,0.000204286,2.51746e-05,1,3.38173,3.38443,1.9879,nan,0.0205834,nan,0.00668694,3.30071,3.36384,3.42791,True,0.269501,0.269498,0.268817,0.27021,5.09128e-05,5.09078e-05,5.05877e-05,5.12466e-05,0.000187512,0.000186253,0.000141131,0.000236183,2.52168e-05,2.52183e-05,2.50115e-05,2.54209e-05,-0.0294231,2,2,0,0.00854276,915,0,False,nan,nan,nan,nan,nan,nan,nan,nan,nan,nan,13,17
ablation_control,matched,alternating,2,25,18,40,8000,0.269315,5.0659e-05,0.000204286,2.43228e-05,1,6.43662,6.41673,2.16117,nan,0.143415,nan,0.0923422,6.44527,6.57339,6.70067,False,0.269447,0.269426,0.268791,0.270155,5.08742e-05,5.0871e-05,5.05513e-05,5.12051e-05,0.000220759,0.000220716,0.000170076,0.000272679,2.42932e-05,2.42935e-05,2.41162e-05,2.44694e-05,-0.0146394,6,2,0,0.0085762,738,0,False,nan,nan,nan,nan,nan,nan,nan,nan,nan,nan,13,17
ablation_control,matched,alternating,2,25,19,20,8000,0.269315,5.0659e-05,0.000204286,2.3201e-05,1,3.11913,3.13031,1.83272,nan,0.00241413,nan,0.0275406,3.06425,3.11677,3.17498,True,0.269477,0.269451,0.268809,0.270151,5.08759e-05,5.08701e-05,5.05498e-05,5.12169e-05,0.000212449,0.000211912,0.000159491,0.000270845,2.3368e-05,2.33669e-05,2.31601e-05,2.35729e-05,-0.0498645,2,2,0,0.00856158,934,0,False,nan,nan,nan,nan,nan,nan,nan,nan,nan,nan,13,17
ablation_control,matched,alternating,2,25,20,40,8000,0.269315,5.0659e-05,0.000204286,2.25668e-05,1,5.98038,5.97511,2.00693,nan,0.102325,nan,0.0538996,5.95093,6.07754,6.19727,True,0.269533,0.269518,0.268862,0.270221,5.08699e-05,5.08627e-05,5.05513e-05,5.12051e-05,0.000240591,0.0002409,0.000185444,0.000294241,2.26497e-05,2.26511e-05,2.24858e-05,2.28039e-05,-0.0220412,4,2,0,0.00822866,882,0,False,nan,nan,nan,nan,nan,nan,nan,nan,nan,nan,13,17
ablation_control,matched,alternating,2,26,1,20,8000,0.487647,5.47067e-05,0.000222702,5.47067e-05,1,7.29829,7.30282,5.92599,nan,3.03703,nan,0,5.17037,7.85085,12.0112,True,0.487894,0.487956,0.482347,0.49269,5.50686e-05,5.40511e-05,4.98722e-05,6.41745e-05,0.000197499,0.00019633,0.000146889,0.000246486,5.50686e-05,5.40511e-05,4.98722e-05,6.41745e-05,-0.148641,17,2,0,0.013298,743,0,False,nan,nan,nan,nan,nan,nan,nan,nan,nan,nan,13,15
ablation_control,matched,alternating,2,26,2,40,8000,0.487647,5.47067e-05,0.000222702,5.26855e-05,1,13.6482,13.6476,8.04261,nan,0.230421,nan,0.157917,11.6759,13.3629,17.4532,True,0.489799,0.489795,0.486729,0.492899,5.51359e-05,5.51681e-05,5.36661e-05,5.63988e-05,0.000226218,0.00022576,0.000208551,0.000244142,5.24565e-05,5.24622e-05,5.15275e-05,5.33644e-05,-0.236567,11,2,0,0.0188214,1351,0,False,nan,nan,nan,nan,nan,nan,nan,nan,nan,nan,13,15
ablation_control,matched,alternating,2,26,3,20,8000,0.487647,5.47067e-05,0.000222702,4.79305e-05,1,6.41317,6.43469,5.18122,nan,0.0758519,nan,0.0287406,6.01077,6.34219,6.7255,True,0.48812,0.488068,0.48559,0.490611,5.49821e-05,5.49853e-05,5.42282e-05,5.58292e-05,0.000216578,0.000215569,0.000184707,0.000249714,4.81364e-05,4.81291e-05,4.7506e-05,4.88818e-05,-0.0055289,6,2,0,0.0111607,908,0,False,nan,nan,nan,nan,nan,nan,nan,nan,nan,nan,13,15
ablation_control,matched,alternating,2,26,4,40,8000,0.487647,5.47067e-05,0.000222702,4.5699e-05,1,11.9081,11.9222,6.98951,nan,0.211146,nan,0.0689381,11.6813,12.0818,12.5889,True,0.489419,0.489463,0.487322,0.491453,5.48434e-05,5.48538e-05,5.41905e-05,5.54317e-05,0.000221237,0.00022124,0.000199261,0.000243797,4.57232e-05,4.57344e-05,4.53403e-05,4.6086e-05,-0.162816,7,2,0,0.00988546,809,0,False,nan,nan,nan,nan,nan,nan,nan,nan,nan,nan,13,15
ablation_control,matched,alternating,2,26,5,20,8000,0.487647,5.47067e-05,0.000222702,4.19655e-05,1,5.6297,5.60614,4.54331,nan,0.0439324,nan,0.0412096,5.49273,5.65365,5.83762,True,0.489464,0.4895,0.487464,0.491309,5.49258e-05,5.49211e-05,5.44819e-05,5.5384e-05,0.000226696,0.000226018,0.000190536,0.000264828,4.20442e-05,4.20437e-05,4.17123e-05,4.2375e-05,-0.0072657,4,2,0,0.00850144,838,0,False,nan,nan,nan,nan,nan,nan,nan,nan,nan,nan,13,15
ablation_control,matched,alternating,2,26,6,40,8000,0.487647,5.47067e-05,0.000222702,4.02438e-05,1,10.5353,10.5473,6.17135,nan,0.106355,nan,0.0542121,10.378,10.6163,10.8725,True,0.488532,0.488594,0.486493,0.490278,5.48598e-05,5.48615e-05,5.44927e-05,5.52091e-05,0.000231148,0.000230883,0.000205386,0.000257021,4.02027e-05,4.02032e-05,3.99764e-05,4.04198e-05,-0.161373,5,2,0,0.00749494,898,0,False,nan,nan,nan,nan,nan,nan,nan,nan,nan,nan,13,15
ablation_control,matched,alternating,2,26,7,20,8000,0.487647,5.47067e-05,0.000222702,3.75953e-05,1,5.05312,5.07956,4.07285,nan,0.0576113,nan,0.0138253,4.92097,5.00504,5.09942,True,0.488268,0.48834,0.486361,0.489995,5.48009e-05,5.48006e-05,5.44558e-05,5.51459e-05,0.000213649,0.000212711,0.000176246,0.000253579,3.77237e-05,3.77265e-05,3.74856e-05,3.79692e-05,-0.107528,5,2,0,0.0076829,806,0,False,nan,nan,nan,nan,nan,nan,nan,nan,nan,nan,13,15
ablation_control,matched,alternating,2,26,8,40,8000,0.487647,5.47067e-05,0.000222702,3.65788e-05,1,9.60585,9.61659,5.60475,nan,0.0196503,nan,0.0637782,9.42795,9.61955,9.80132,True,0.48801,0.488033,0.486348,0.489549,5.48115e-05,5.48096e-05,5.4493e-05,5.51175e-05,0.000199154,0.000198661,0.00017246,0.000227547,3.6441e-05,3.64406e-05,3.62416e-05,3.6643e-05,-0.0973643,4,2,0,0.00720518,897,0,False,nan,nan,nan,nan,nan,nan,nan,nan,nan,nan,13,15
ablation_control,matched,alternating,2,26,9,20,8000,0.487647,5.47067e-05,0.000222702,3.4255e-05,1,4.61092,4.6303,3.71275,nan,0.0287118,nan,0.00916248,4.55861,4.63093,4.70715,True,0.487676,0.487652,0.486125,0.489298,5.48167e-05,5.481e-05,5.45156e-05,5.51349e-05,0.00021222,0.000210324,0.000174096,0.000255199,3.4357e-05,3.43561e-05,3.41373e-05,3.45688e-05,-0.079286,3,2,0,0.00676893,1035,0,False,nan,nan,nan,nan,nan,nan,nan,nan,nan,nan,13,15
ablation_control,matched,alternating,2,26,10,40,8000,0.487647,5.47067e-05,0.000222702,3.2984e-05,1,8.68861,8.68079,5.06717,nan,0.137628,nan,0.0707586,8.65333,8.80801,8.96691,True,0.487659,0.487652,0.48623,0.489224,5.47829e-05,5.47826e-05,5.44652e-05,5.5114e-05,0.000240675,0.000240983,0.000206835,0.000273836,3.29789e-05,3.29794e-05,3.27803e-05,3.31772e-05,-0.0685753,6,2,0.160592,0.00702507,844,0,False,nan,nan,nan,nan,nan,nan,nan,nan,nan,nan,13,15
ablation_control,matched,alternating,2,26,11,20,8000,0.487647,5.47067e-05,0.000222702,3.13453e-05,1,4.22467,4.18888,3.40054,nan,0.073222,nan,0.0370487,4.0986,4.16703,4.233,True,0.487699,0.48766,0.486245,0.489344,5.47746e-05,5.47738e-05,5.44619e-05,5.50955e-05,0.000237336,0.000236412,0.000194351,0.000282765,3.10652e-05,3.10623e-05,3.08596e-05,3.12766e-05,-0.142133,2,2,0,0.00677883,1076,0,False,nan,nan,nan,nan,nan,nan,nan,nan,nan,nan,13,15
ablation_control,matched,alternating,2,26,12,40,8000,0.487647,5.47067e-05,0.000222702,3.10654e-05,1,8.19679,8.17871,4.76999,nan,0.276799,nan,0.171437,7.81457,7.95232,8.09247,False,0.4877,0.487707,0.486343,0.489023,5.47959e-05,5.47967e-05,5.44414e-05,5.51275e-05,0.000202118,0.000201289,0.000168441,0.000239304,3.08642e-05,3.08599e-05,3.06873e-05,3.10511e-05,-0.0476146,8,2,0,0.00918895,744,0,False,nan,nan,nan,nan,nan,nan,nan,nan,nan,nan,13,15
ablation_control,matched,alternating,2,26,13,20,8000,0.487647,5.47067e-05,0.000222702,2.8754e-05,1,3.87987,3.91265,3.12272,nan,0.102303,nan,0.112132,3.88517,3.96079,4.03399,False,0.487737,0.487761,0.486343,0.489045,5.48231e-05,5.48302e-05,5.44846e-05,5.51336e-05,0.000214554,0.000212913,0.000171292,0.000262633,2.91323e-05,2.91361e-05,2.89037e-05,2.93518e-05,-0.102454,3,2,0,0.0091409,840,0,False,nan,nan,nan,nan,nan,nan,nan,nan,nan,nan,13,15
ablation_control,matched,alternating,2,26,14,40,8000,0.487647,5.47067e-05,0.000222702,2.82435e-05,1,7.47043,7.455,4.34766,nan,0.0697589,nan,0.0643068,7.3765,7.53272,7.67867,True,0.487704,0.487723,0.48641,0.488966,5.48192e-05,5.48143e-05,5.45092e-05,5.51317e-05,0.000241364,0.000239837,0.000200297,0.000287103,2.82253e-05,2.82259e-05,2.80597e-05,2.84113e-05,-0.0390597,5,2,0,0.00898653,850,0,False,nan,nan,nan,nan,nan,nan,nan,nan,nan,nan,13,15
ablation_control,matched,alternating,2,26,15,20,8000,0.487647,5.47067e-05,0.000222702,2.69035e-05,1,3.63314,3.61631,2.92408,nan,0.0417967,nan,0.00554315,3.53542,3.59972,3.66727,True,0.487729,0.487755,0.486484,0.488992,5.48121e-05,5.48112e-05,5.44884e-05,5.51363e-05,0.000227121,0.00022503,0.000180826,0.000281096,2.68708e-05,2.68748e-05,2.66667e-05,2.70784e-05,-0.0155131,3,2,0,0.00886717,944,0,False,nan,nan,nan,nan,nan,nan,nan,nan,nan,nan,13,15
ablation_control,matched,alternating,2,26,16,40,8000,0.487647,5.47067e-05,0.000222702,2.65547e-05,1,7.03404,7.06614,4.09373,nan,0.0927431,nan,0.0857764,6.81835,6.95056,7.09101,True,0.487801,0.487792,0.486639,0.489014,5.48263e-05,5.48247e-05,5.44956e-05,5.51706e-05,0.000232957,0.000231993,0.000190236,0.000281342,2.66271e-05,2.66228e-05,2.64599e-05,2.6811e-05,-0.0133877,5,2,0,0.00968321,907,0,False,nan,nan,nan,nan,nan,nan,nan,nan,nan,nan,13,15
ablation_control,matched,alternating,2,26,17,20,8000,0.487647,5.47067e-05,0.000222702,2.53349e-05,1,3.4237,3.41043,2.7566,nan,0.00806358,nan,0.000500441,3.35412,3.41735,3.48338,True,0.487794,0.487796,0.4866,0.488993,5.48416e-05,5.48343e-05,5.45398e-05,5.51734e-05,0.000242202,0.000239857,0.000188524,0.000304298,2.53161e-05,2.53157e-05,2.51133e-05,2.55233e-05,-0.0720155,3,2,0,0.00929108,1028,0,False,nan,nan,nan,nan,nan,nan,nan,nan,nan,nan,13,15
ablation_control,matched,alternating,2,26,18,40,8000,0.487647,5.47067e-05,0.000222702,2.49735e-05,1,6.62429,6.60956,3.85761,nan,0.0838057,nan,0.0610299,6.41479,6.55114,6.68987,True,0.487829,0.487793,0.486592,0.48917,5.48545e-05,5.48459e-05,5.45478e-05,5.51536e-05,0.000209878,0.000208889,0.000168579,0.000253716,2.48675e-05,2.48663e-05,2.47201e-05,2.50232e-05,-0.0706304,4,2,0,0.00875666,997,0,False,nan,nan,nan,nan,nan,nan,nan,nan,nan,nan,13,15
ablation_control,matched,alternating,2,26,19,20,8000,0.487647,5.47067e-05,0.000222702,2.37781e-05,1,3.21553,3.23565,2.58985,nan,0.00714492,nan,0.0198612,3.16366,3.22009,3.27949,True,0.487755,0.487744,0.48652,0.489085,5.48564e-05,5.48459e-05,5.45491e-05,5.51779e-05,0.000218747,0.000216544,0.000169476,0.000273919,2.38027e-05,2.38022e-05,2.36122e-05,2.39933e-05,-0.0248532,2,2,0,0.00849084,1186,0,False,nan,nan,nan,nan,nan,nan,nan,nan,nan,nan,13,15
ablation_control,matched,alternating,2,26,20,40,8000,0.487647,5.47067e-05,0.000222702,2.33745e-05,1,6.20882,6.19381,3.61652,nan,0.00519261,nan,0.0287955,6.08186,6.20523,6.3236,True,0.487881,0.48787,0.486645,0.48912,5.48512e-05,5.48459e-05,5.45371e-05,5.51567e-05,0.000235563,0.000234433,0.000186937,0.000287619,2.33583e-05,2.33563e-05,2.32038e-05,2.35112e-05,-0.0557231,4,2,0,0.0083442,1047,0,False,nan,nan,nan,nan,nan,nan,nan,nan,nan,nan,13,15
ablation_control,matched,alternating,2,27,1,20,8000,0.325409,5.78473e-05,0.000232689,5.78473e-05,1,7.6686,7.68387,5.08716,nan,2.50824,nan,0,5.24805,8.0323,12.0572,True,0.324724,0.324523,0.321096,0.329021,5.71033e-05,5.61327e-05,5.33332e-05,6.26524e-05,0.000228801,0.000227859,0.000178781,0.000281583,5.71033e-05,5.61327e-05,5.33332e-05,6.26524e-05,0.0669256,16,2,0,0.0103989,807,0,False,nan,nan,nan,nan,nan,nan,nan,nan,nan,nan,13,13
ablation_control,matched,alternating,2,27,2,40,8000,0.325409,5.78473e-05,0.000232689,5.44157e-05,1,14.0053,14.0086,5.78565,nan,0.171912,nan,0.114823,12.3427,13.5239,16.2063,True,0.325569,0.325569,0.323806,0.327515,5.77076e-05,5.76974e-05,5.61327e-05,5.93803e-05,0.00023534,0.000235458,0.000216472,0.000253938,5.45932e-05,5.46035e-05,5.35334e-05,5.56514e-05,-0.201714,11,2,0,0.0163962,1336,0,False,nan,nan,nan,nan,nan,nan,nan,nan,nan,nan,13,13
ablation_control,matched,alternating,2,27,3,20,8000,0.325409,5.78473e-05,0.000232689,4.8846e-05,1,6.50179,6.50558,4.31378,nan,0.125943,nan,0.0772256,6.17989,6.60397,7.04499,True,0.325352,0.325337,0.323722,0.327053,5.79619e-05,5.79776e-05,5.71846e-05,5.8639e-05,0.000232539,0.000231249,0.000198084,0.000269953,4.89214e-05,4.89343e-05,4.82588e-05,4.95122e-05,0.00877106,5,2,0,0.0128816,993,0,False,nan,nan,nan,nan,nan,nan,nan,nan,nan,nan,13,13
ablation_control,matched,alternating,2,27,4,40,8000,0.325409,5.78473e-05,0.000232689,4.67959e-05,1,12.1247,12.1415,4.99791,nan,0.00441288,nan,0.0280415,11.6716,12.121,12.5724,True,0.325403,0.325456,0.324039,0.3267,5.80098e-05,5.80147e-05,5.74647e-05,5.85243e-05,0.00024445,0.000244511,0.00022295,0.000265905,4.6939e-05,4.6934e-05,4.66539e-05,4.72304e-05,-0.0328723,6,2,0,0.00956159,887,0,False,nan,nan,nan,nan,nan,nan,nan,nan,nan,nan,13,13
ablation_control,matched,alternating,2,27,5,20,8000,0.325409,5.78473e-05,0.000232689,4.27807e-05,1,5.7102,5.70967,3.78422,nan,0.00796332,nan,0.0333844,5.56198,5.71447,5.86791,True,0.325521,0.325554,0.324228,0.32682,5.80059e-05,5.80064e-05,5.7557e-05,5.84677e-05,0.000245689,0.000245613,0.000207882,0.00028661,4.28841e-05,4.2878e-05,4.25754e-05,4.32014e-05,-0.122974,4,2,0,0.00821033,966,0,False,nan,nan,nan,nan,nan,nan,nan,nan,nan,nan,13,13
ablation_control,matched,alternating,2,27,6,40,8000,0.325409,5.78473e-05,0.000232689,4.12386e-05,1,10.7374,10.7622,4.41552,nan,0.0471705,nan,0.0324173,10.4578,10.6984,10.9445,True,0.325933,0.32596,0.324766,0.32705,5.80231e-05,5.80179e-05,5.75694e-05,5.84633e-05,0.000248296,0.000248828,0.000222455,0.00027412,4.13868e-05,4.13885e-05,4.11463e-05,4.16294e-05,-0.00442671,5,2,0,0.007888,880,0,False,nan,nan,nan,nan,nan,nan,nan,nan,nan,nan,13,13
ablation_control,matched,alternating,2,27,7,20,8000,0.325409,5.78473e-05,0.000232689,3.78096e-05,1,5.05819,5.08878,3.3515,nan,0.0418949,nan,0.070406,4.99245,5.0919,5.18246,True,0.325802,0.325804,0.324641,0.326939,5.80377e-05,5.80224e-05,5.76321e-05,5.84538e-05,0.000246231,0.000245343,0.000206554,0.000290721,3.81571e-05,3.81564e-05,3.78957e-05,3.84171e-05,-0.149846,3,2,0,0.00707826,949,0,False,nan,nan,nan,nan,nan,nan,nan,nan,nan,nan,13,13
ablation_control,matched,alternating,2,27,8,40,8000,0.325409,5.78473e-05,0.000232689,3.69376e-05,1,9.65442,9.64293,3.96332,nan,0.0546451,nan,0.117756,9.40761,9.60359,9.79129,True,0.325581,0.325597,0.324424,0.326694,5.80828e-05,5.80753e-05,5.76978e-05,5.84955e-05,0.000270329,0.000270447,0.000238664,0.000303605,3.70023e-05,3.70039e-05,3.67933e-05,3.72237e-05,-0.0400886,5,2,0,0.00709244,915,0,False,nan,nan,nan,nan,nan,nan,nan,nan,nan,nan,13,13
ablation_control,matched,alternating,2,27,9,20,8000,0.325409,5.78473e-05,0.000232689,3.46443e-05,1,4.64146,4.57847,3.07107,nan,0.0978567,nan,0.0184499,4.4823,4.55912,4.63972,False,0.325779,0.325764,0.324715,0.326809,5.80159e-05,5.80087e-05,5.76116e-05,5.84246e-05,0.000266706,0.000264227,0.000220448,0.00032034,3.45052e-05,3.4505e-05,3.42679e-05,3.47521e-05,-0.134902,3,2,0,0.00713354,1088,0,False,nan,nan,nan,nan,nan,nan,nan,nan,nan,nan,13,13
ablation_control,matched,alternating,2,27,10,40,8000,0.325409,5.78473e-05,0.000232689,3.34238e-05,1,8.76353,8.77315,3.5944,nan,0.0730869,nan,0.033563,8.51793,8.70515,8.8539,True,0.325394,0.325423,0.324413,0.326417,5.806e-05,5.80613e-05,5.76691e-05,5.84525e-05,0.000244706,0.000244366,0.000212152,0.000277034,3.34111e-05,3.34099e-05,3.32211e-05,3.36081e-05,-0.015651,5,2,0,0.00656881,960,0,False,nan,nan,nan,nan,nan,nan,nan,nan,nan,nan,13,13
ablation_control,matched,alternating,2,27,11,20,8000,0.325409,5.78473e-05,0.000232689,3.1328e-05,1,4.20358,4.20846,2.78134,nan,0.0177063,nan,0.0174212,4.12108,4.18924,4.25484,True,0.32526,0.325248,0.324252,0.326275,5.80709e-05,5.80701e-05,5.76858e-05,5.84616e-05,0.000234894,0.000233444,0.000194127,0.00028275,3.13532e-05,3.13572e-05,3.11385e-05,3.15641e-05,-0.0894477,3,2,0,0.00625571,1044,0,False,nan,nan,nan,nan,nan,nan,nan,nan,nan,nan,13,13
ablation_control,matched,alternating,2,27,12,40,8000,0.325409,5.78473e-05,0.000232689,3.06206e-05,1,8.04881,8.053,3.29909,nan,0.0370348,nan,0.0532308,7.88075,8.01415,8.14723,True,0.325341,0.325338,0.324398,0.3263,5.80624e-05,5.8063e-05,5.76892e-05,5.84329e-05,0.000220848,0.000219366,0.000187876,0.000256562,3.05417e-05,3.05334e-05,3.03819e-05,3.07152e-05,-0.0289177,3,2,0,0.00622005,1048,0,False,nan,nan,nan,nan,nan,nan,nan,nan,nan,nan,13,13
ablation_control,matched,alternating,2,27,13,20,8000,0.325409,5.78473e-05,0.000232689,2.81107e-05,1,3.77749,3.77774,2.50159,nan,0.124661,nan,0.132516,3.82465,3.88328,3.93585,False,0.325308,0.325298,0.324354,0.326257,5.81307e-05,5.81308e-05,5.77604e-05,5.84868e-05,0.000254701,0.000252776,0.000206847,0.000305919,2.85058e-05,2.85061e-05,2.82849e-05,2.87189e-05,-0.0776233,6,2,0,0.007034,795,0,False,nan,nan,nan,nan,nan,nan,nan,nan,nan,nan,13,13
ablation_control,matched,alternating,2,27,14,40,8000,0.325409,5.78473e-05,0.000232689,2.74704e-05,1,7.24132,7.21518,2.97395,nan,0.0645931,nan,0.0240698,7.16936,7.30139,7.43344,True,0.325427,0.325401,0.324529,0.326393,5.80703e-05,5.8072e-05,5.76934e-05,5.84533e-05,0.000244792,0.000244987,0.000203253,0.000287542,2.73858e-05,2.73861e-05,2.72016e-05,2.75648e-05,-0.0911843,5,2,0,0.00774621,832,0,False,nan,nan,nan,nan,nan,nan,nan,nan,nan,nan,13,13
ablation_control,matched,alternating,2,27,15,20,8000,0.325409,5.78473e-05,0.000232689,2.62021e-05,1,3.52412,3.54284,2.33208,nan,0.0546023,nan,0.0139166,3.42374,3.47691,3.53748,True,0.325424,0.325407,0.32445,0.326396,5.80387e-05,5.80425e-05,5.76606e-05,5.8408e-05,0.000231988,0.000230747,0.000182553,0.000284904,2.61885e-05,2.618e-05,2.59851e-05,2.63992e-05,-0.0870691,3,2,0,0.00795983,970,0,False,nan,nan,nan,nan,nan,nan,nan,nan,nan,nan,13,13
ablation_control,matched,alternating,2,27,16,40,8000,0.325409,5.78473e-05,0.000232689,2.56538e-05,1,6.7736,6.79696,2.77753,nan,0.0100906,nan,0.0235028,6.64023,6.76367,6.89187,True,0.325343,0.325352,0.324416,0.326263,5.807e-05,5.80661e-05,5.7722e-05,5.84204e-05,0.000219423,0.000219223,0.000177378,0.000263563,2.56133e-05,2.56126e-05,2.54532e-05,2.57748e-05,-0.084358,3,2,0,0.00780369,994,0,False,nan,nan,nan,nan,nan,nan,nan,nan,nan,nan,13,13
ablation_control,matched,alternating,2,27,17,20,8000,0.325409,5.78473e-05,0.000232689,2.48621e-05,1,3.34596,3.36779,2.21351,nan,0.0679448,nan,0.0628454,3.23466,3.28973,3.3426,False,0.325308,0.32531,0.324378,0.326209,5.80395e-05,5.80343e-05,5.76905e-05,5.83954e-05,0.00021355,0.000211606,0.000164791,0.00026932,2.47639e-05,2.47609e-05,2.45587e-05,2.49659e-05,0.00661626,4,2,0,0.00805884,899,0,False,nan,nan,nan,nan,nan,nan,nan,nan,nan,nan,13,13
ablation_control,matched,alternating,2,27,18,40,8000,0.325409,5.78473e-05,0.000232689,2.46618e-05,1,6.51755,6.53559,2.67426,nan,0.0917699,nan,0.1031,6.30906,6.43233,6.55579,True,0.325377,0.325431,0.324457,0.326197,5.80827e-05,5.8067e-05,5.77284e-05,5.84479e-05,0.000213802,0.00021387,0.000164635,0.000261245,2.46243e-05,2.46192e-05,2.44618e-05,2.47954e-05,-0.0686775,5,2,0,0.00909902,847,0,False,nan,nan,nan,nan,nan,nan,nan,nan,nan,nan,13,13
ablation_control,matched,alternating,2,27,19,20,8000,0.325409,5.78473e-05,0.000232689,2.36156e-05,1,3.18004,3.17362,2.10531,nan,0.0092624,nan,0.00829469,3.11114,3.17371,3.23087,True,0.32536,0.325418,0.324438,0.326149,5.80845e-05,5.80726e-05,5.77418e-05,5.84397e-05,0.000221687,0.000219201,0.000169591,0.000282082,2.36095e-05,2.36109e-05,2.34063e-05,2.38104e-05,-0.0501271,2,2,0,0.00891523,1059,0,False,nan,nan,nan,nan,nan,nan,nan,nan,nan,nan,13,13
ablation_control,matched,alternating,2,27,20,40,8000,0.325409,5.78473e-05,0.000232689,2.28119e-05,1,6.03884,6.07314,2.4759,nan,0.108486,nan,0.0804787,6.0154,6.14185,6.25999,True,0.325178,0.325231,0.324299,0.325961,5.80801e-05,5.80726e-05,5.77173e-05,5.84413e-05,0.000240108,0.000238968,0.00018642,0.000293358,2.28588e-05,2.28585e-05,2.26982e-05,2.30224e-05,-0.00124077,5,2,0,0.00924049,815,0,False,nan,nan,nan,nan,nan,nan,nan,nan,nan,nan,13,13
ablation_control,matched,alternating,2,28,1,20,8000,0.749298,5.07873e-05,0.000248174,5.07873e-05,1,6.79945,6.80166,6.61249,nan,3.68948,nan,0,5.1161,7.90484,11.778,True,0.752829,0.752824,0.743493,0.763119,5.1914e-05,5.21582e-05,4.64912e-05,5.58735e-05,0.000214803,0.000214935,0.00016291,0.000265971,5.1914e-05,5.21582e-05,4.64912e-05,5.58735e-05,-0.0555937,16,2,0,0.0171859,805,0,False,nan,nan,nan,nan,nan,nan,nan,nan,nan,nan,13,13
ablation_control,matched,alternating,2,28,2,40,8000,0.749298,5.07873e-05,0.000248174,4.73506e-05,1,12.3435,12.3532,9.60748,nan,1.13285,nan,0.294447,10.8415,13.3123,15.1133,True,0.7531,0.753169,0.747847,0.758263,5.05823e-05,5.05531e-05,4.91446e-05,5.19167e-05,0.000263717,0.000263772,0.000242631,0.000284016,4.76027e-05,4.7648e-05,4.67167e-05,4.84823e-05,0.0196946,12,2,0,0.0190445,1311,0,False,nan,nan,nan,nan,nan,nan,nan,nan,nan,nan,13,13
ablation_control,matched,alternating,2,28,3,20,8000,0.749298,5.07873e-05,0.000248174,4.31854e-05,1,5.80303,5.78561,5.63665,nan,0.0345676,nan,0.0073279,5.46521,5.83271,6.15537,True,0.752144,0.752102,0.747504,0.756727,5.06229e-05,5.05707e-05,5.00347e-05,5.14845e-05,0.000272854,0.000272184,0.00023317,0.000314837,4.30938e-05,4.30671e-05,4.25672e-05,4.37858e-05,-0.174546,5,2,0,0.0122735,983,0,False,nan,nan,nan,nan,nan,nan,nan,nan,nan,nan,13,13
ablation_control,matched,alternating,2,28,4,40,8000,0.749298,5.07873e-05,0.000248174,4.07167e-05,1,10.6803,10.687,8.28919,nan,0.0675391,nan,0.206424,10.3583,10.6979,11.1713,True,0.752391,0.752332,0.748577,0.756141,5.05122e-05,5.04971e-05,5.01042e-05,5.09485e-05,0.000251719,0.000251491,0.000229022,0.000276669,4.09139e-05,4.09165e-05,4.06442e-05,4.1165e-05,-0.120543,6,2,0,0.00926255,912,0,False,nan,nan,nan,nan,nan,nan,nan,nan,nan,nan,13,13
ablation_control,matched,alternating,2,28,5,20,8000,0.749298,5.07873e-05,0.000248174,3.73451e-05,1,5.03252,5.02712,4.8904,nan,0.117392,nan,0.0516371,4.98047,5.11644,5.23869,True,0.752166,0.752206,0.748329,0.755977,5.06072e-05,5.06061e-05,5.02079e-05,5.10238e-05,0.00027192,0.000271467,0.000225184,0.000321913,3.72678e-05,3.72665e-05,3.69618e-05,3.7571e-05,-0.165892,5,2,0,0.010277,853,0,False,nan,nan,nan,nan,nan,nan,nan,nan,nan,nan,13,13
ablation_control,matched,alternating,2,28,6,40,8000,0.749298,5.07873e-05,0.000248174,3.58863e-05,1,9.45641,9.44665,7.31044,nan,0.0899523,nan,0.0326179,9.13857,9.37353,9.64322,True,0.75071,0.750719,0.747278,0.754013,5.06518e-05,5.06474e-05,5.02841e-05,5.1027e-05,0.000256381,0.000256441,0.000225902,0.000286509,3.59197e-05,3.59227e-05,3.57043e-05,3.61265e-05,-0.144978,6,2,0,0.0092192,845,0,False,nan,nan,nan,nan,nan,nan,nan,nan,nan,nan,13,13
ablation_control,matched,alternating,2,28,7,20,8000,0.749298,5.07873e-05,0.000248174,3.27487e-05,1,4.42306,4.4052,4.30419,nan,0.138455,nan,0.130965,4.42328,4.52233,4.62206,False,0.750875,0.750887,0.74757,0.754218,5.07629e-05,5.07491e-05,5.03762e-05,5.11864e-05,0.000251987,0.000250801,0.00020327,0.000303562,3.26932e-05,3.26916e-05,3.2414e-05,3.29833e-05,-0.0437925,6,2,0,0.0137137,696,0,False,nan,nan,nan,nan,nan,nan,nan,nan,nan,nan,13,13
ablation_control,matched,alternating,2,28,8,40,8000,0.749298,5.07873e-05,0.000248174,3.12368e-05,1,8.26778,8.25977,6.43943,nan,0.123761,nan,0.146455,8.1186,8.36666,8.63033,True,0.750829,0.750878,0.747546,0.75404,5.07302e-05,5.07076e-05,5.03692e-05,5.11415e-05,0.000245881,0.000245135,0.000209397,0.000284284,3.12557e-05,3.12605e-05,3.10402e-05,3.14685e-05,-0.13331,5,2,0,0.0137443,769,0,False,nan,nan,nan,nan,nan,nan,nan,nan,nan,nan,13,13
ablation_control,matched,alternating,2,28,9,20,8000,0.749298,5.07873e-05,0.000248174,2.90181e-05,1,3.92639,3.92977,3.82994,nan,0.085738,nan,0.0675856,3.87085,3.98624,4.10645,True,0.751299,0.751287,0.748064,0.754609,5.07581e-05,5.07361e-05,5.0405e-05,5.11515e-05,0.000263488,0.000261446,0.000208939,0.000322933,2.90792e-05,2.90787e-05,2.88157e-05,2.93399e-05,0.0364842,4,2,0,0.0134833,787,0,False,nan,nan,nan,nan,nan,nan,nan,nan,nan,nan,13,13
ablation_control,matched,alternating,2,28,10,40,8000,0.749298,5.07873e-05,0.000248174,2.79071e-05,1,7.4101,7.39173,5.78532,nan,0.0777967,nan,0.0907118,7.26312,7.4645,7.69505,True,0.75099,0.751029,0.747813,0.753853,5.07248e-05,5.07157e-05,5.03968e-05,5.10614e-05,0.000290026,0.000291115,0.000243521,0.000335703,2.79455e-05,2.7945e-05,2.77471e-05,2.81388e-05,-0.105422,5,2,0,0.0123382,782,0,False,nan,nan,nan,nan,nan,nan,nan,nan,nan,nan,13,13
ablation_control,matched,alternating,2,28,11,20,8000,0.749298,5.07873e-05,0.000248174,2.68862e-05,1,3.64174,3.62813,3.53231,nan,0.125094,nan,0.0854176,3.46346,3.54897,3.64017,False,0.750917,0.750997,0.748066,0.753561,5.06847e-05,5.06818e-05,5.03623e-05,5.10023e-05,0.00026649,0.000264138,0.000214517,0.000326989,2.67291e-05,2.67286e-05,2.64973e-05,2.69584e-05,-0.028295,5,2,0,0.0134768,764,0,False,nan,nan,nan,nan,nan,nan,nan,nan,nan,nan,13,13
ablation_control,matched,alternating,2,28,12,40,8000,0.749298,5.07873e-05,0.000248174,2.58754e-05,1,6.88409,6.89514,5.32813,nan,0.0127436,nan,0.0958171,6.70038,6.88471,7.06814,True,0.751342,0.751357,0.748661,0.753958,5.06774e-05,5.06787e-05,5.03751e-05,5.0988e-05,0.000266676,0.000265054,0.00022114,0.000314672,2.59901e-05,2.59926e-05,2.58218e-05,2.61655e-05,-0.102268,4,2,0,0.0130352,843,0,False,nan,nan,nan,nan,nan,nan,nan,nan,nan,nan,13,13
ablation_control,matched,alternating,2,28,13,20,8000,0.749298,5.07873e-05,0.000248174,2.47695e-05,1,3.35853,3.32457,3.25138,nan,0.0228636,nan,0.0324744,3.25857,3.34122,3.42152,True,0.751508,0.751524,0.748873,0.754043,5.06608e-05,5.06535e-05,5.03678e-05,5.0972e-05,0.000269358,0.000266188,0.000212673,0.000330495,2.4689e-05,2.46862e-05,2.44855e-05,2.49013e-05,-0.0945015,3,2,0,0.0121764,912,0,False,nan,nan,nan,nan,nan,nan,nan,nan,nan,nan,13,13
ablation_control,matched,alternating,2,28,14,40,8000,0.749298,5.07873e-05,0.000248174,2.42576e-05,1,6.46379,6.45482,4.9602,nan,0.092492,nan,0.0290707,6.22159,6.38532,6.54659,True,0.752024,0.751994,0.749436,0.754832,5.06537e-05,5.06519e-05,5.03627e-05,5.09534e-05,0.000251014,0.000249969,0.000202417,0.000303296,2.43002e-05,2.42976e-05,2.41337e-05,2.44708e-05,-0.0949072,5,2,0,0.0116875,842,0,False,nan,nan,nan,nan,nan,nan,nan,nan,nan,nan,13,13
ablation_control,matched,alternating,2,28,15,20,8000,0.749298,5.07873e-05,0.000248174,2.33579e-05,1,3.16934,3.15456,3.05409,nan,0.0299377,nan,0.0425273,3.07492,3.14628,3.21815,True,0.751958,0.751946,0.749558,0.754687,5.06467e-05,5.06425e-05,5.03442e-05,5.09768e-05,0.00024689,0.000245682,0.000190154,0.000308923,2.32887e-05,2.32857e-05,2.30958e-05,2.3484e-05,-0.0890071,3,2,0,0.0114026,907,0,False,nan,nan,nan,nan,nan,nan,nan,nan,nan,nan,13,13
ablation_control,matched,alternating,2,28,16,40,8000,0.749298,5.07873e-05,0.000248174,2.30542e-05,1,6.15027,6.17865,4.67671,nan,0.100509,nan,0.074523,5.9144,6.06584,6.2103,True,0.751298,0.751298,0.748824,0.753809,5.06691e-05,5.0671e-05,5.03748e-05,5.09741e-05,0.000207626,0.00020652,0.000163605,0.000257155,2.30433e-05,2.30425e-05,2.28888e-05,2.31929e-05,-0.0839883,5,2,0,0.0108336,838,0,False,nan,nan,nan,nan,nan,nan,nan,nan,nan,nan,13,13
ablation_control,matched,alternating,2,28,17,20,8000,0.749298,5.07873e-05,0.000248174,2.19279e-05,1,2.97741,3.00173,2.86286,nan,0.064565,nan,0.0189634,2.95844,3.02462,3.08472,True,0.751343,0.751304,0.748917,0.753832,5.06761e-05,5.06773e-05,5.03947e-05,5.09958e-05,0.000218695,0.000216324,0.000164819,0.000282867,2.20201e-05,2.20179e-05,2.18367e-05,2.22084e-05,-0.0486435,3,2,0,0.01082,938,0,False,nan,nan,nan,nan,nan,nan,nan,nan,nan,nan,13,13
ablation_control,matched,alternating,2,28,18,40,8000,0.749298,5.07873e-05,0.000248174,2.17248e-05,1,5.80311,5.80477,4.39529,nan,0.0309255,nan,0.0867368,5.65237,5.7779,5.90157,True,0.751366,0.751347,0.748993,0.753875,5.06807e-05,5.06799e-05,5.03937e-05,5.09748e-05,0.000223925,0.000222462,0.000174142,0.000278019,2.17161e-05,2.17152e-05,2.15772e-05,2.18594e-05,-0.109454,4,2,0,0.0104251,910,0,False,nan,nan,nan,nan,nan,nan,nan,nan,nan,nan,13,13
ablation_control,matched,alternating,2,28,19,20,8000,0.749298,5.07873e-05,0.000248174,2.09142e-05,1,2.8412,2.83908,2.72321,nan,0.00631443,nan,0.0185902,2.78237,2.8439,2.89907,True,0.7512,0.751153,0.748867,0.753743,5.06899e-05,5.06849e-05,5.03972e-05,5.09924e-05,0.000221509,0.000220702,0.000166056,0.000282941,2.08546e-05,2.08548e-05,2.06793e-05,2.1029e-05,-0.111354,2,2,0,0.010016,1098,0,False,nan,nan,nan,nan,nan,nan,nan,nan,nan,nan,13,13
ablation_control,matched,alternating,2,28,20,40,8000,0.749298,5.07873e-05,0.000248174,2.05526e-05,1,5.49626,5.4624,4.14966,nan,0.0181993,nan,0.0224511,5.36381,5.48154,5.5976,True,0.751147,0.751095,0.748788,0.753664,5.06922e-05,5.06918e-05,5.04035e-05,5.099e-05,0.00021159,0.000211003,0.000160664,0.000265206,2.04161e-05,2.04164e-05,2.0283e-05,2.05521e-05,-0.0606022,4,2,0,0.00977319,951,0,False,nan,nan,nan,nan,nan,nan,nan,nan,nan,nan,13,13
ablation_control,matched,alternating,2,29,1,20,8000,0.000914479,6.16461e-05,0.00027674,6.16461e-05,1,8.02957,8.0171,2.12824,nan,3.47024,nan,0,5.16668,7.76797,11.8267,True,0.000926278,0.000918251,0.000891089,0.000995663,6.1959e-05,6.11806e-05,5.65702e-05,6.79213e-05,0.000227919,0.000225026,0.000164917,0.000293665,6.1959e-05,6.11806e-05,5.65702e-05,6.79213e-05,0.148576,14,2,0,0.0217296,747,0,False,nan,nan,nan,nan,nan,nan,nan,nan,nan,nan,13,10
ablation_control,matched,alternating,2,29,2,40,8000,0.000914479,6.16461e-05,0.00027674,5.76016e-05,1,14.6574,14.6149,3.76314,nan,0.552805,nan,0.00206147,12.9462,15.0036,17.7254,True,0.000915765,0.000914984,0.000886003,0.000949502,6.12121e-05,6.11988e-05,6.00547e-05,6.22965e-05,0.000266314,0.000266199,0.000243091,0.000289275,5.74228e-05,5.7391e-05,5.6684e-05,5.82439e-05,0.0611817,10,2,0,0.0156577,1502,0,False,nan,nan,nan,nan,nan,nan,nan,nan,nan,nan,13,10
ablation_control,matched,alternating,2,29,3,20,8000,0.000914479,6.16461e-05,0.00027674,5.0935e-05,1,6.67287,6.68681,1.78794,nan,0.0423708,nan,0.00387342,6.43329,6.7044,7.05836,True,0.000917932,0.000917848,0.000892761,0.000945166,6.12883e-05,6.12793e-05,6.05022e-05,6.21022e-05,0.000264849,0.000263834,0.000223762,0.00030745,5.09011e-05,5.09109e-05,5.02639e-05,5.14883e-05,-0.00638057,4,2,0,0.0109715,1075,0,False,nan,nan,nan,nan,nan,nan,nan,nan,nan,nan,13,10
ablation_control,matched,alternating,2,29,4,40,8000,0.000914479,6.16461e-05,0.00027674,4.78604e-05,1,12.3024,12.302,3.19821,nan,0.100021,nan,0.0709241,11.9951,12.3999,12.8196,True,0.000914344,0.00091433,0.000889575,0.000940408,6.11931e-05,6.11999e-05,6.05273e-05,6.18708e-05,0.000247856,0.000248171,0.000220049,0.000275546,4.77543e-05,4.77665e-05,4.73421e-05,4.81163e-05,0.0229303,7,2,0,0.0104585,808,0,False,nan,nan,nan,nan,nan,nan,nan,nan,nan,nan,13,10
ablation_control,matched,alternating,2,29,5,20,8000,0.000914479,6.16461e-05,0.00027674,4.2711e-05,1,5.62055,5.60175,1.54797,nan,0.140297,nan,0.0562338,5.58841,5.75811,5.93289,True,0.000918729,0.000918365,0.000893658,0.000945474,6.14462e-05,6.14527e-05,6.08147e-05,6.20898e-05,0.000286158,0.000284776,0.000231725,0.000344944,4.26945e-05,4.27134e-05,4.22227e-05,4.3113e-05,-0.117,6,2,0,0.0128229,750,0,False,nan,nan,nan,nan,nan,nan,nan,nan,nan,nan,13,10
ablation_control,matched,alternating,2,29,6,40,8000,0.000914479,6.16461e-05,0.00027674,4.11612e-05,1,10.6553,10.6511,2.79724,nan,0.144918,nan,0.106899,10.188,10.5064,10.8844,True,0.000920368,0.000920259,0.000894937,0.000945903,6.14815e-05,6.14751e-05,6.09077e-05,6.20923e-05,0.000242841,0.000242792,0.000210332,0.000274673,4.0906e-05,4.09154e-05,4.05857e-05,4.12114e-05,0.0633038,6,2,0,0.0125787,783,0,False,nan,nan,nan,nan,nan,nan,nan,nan,nan,nan,13,10
ablation_control,matched,alternating,2,29,7,20,8000,0.000914479,6.16461e-05,0.00027674,3.70411e-05,1,4.88959,4.9164,1.3731,nan,0.112476,nan,0.076107,4.86368,4.99731,5.15011,True,0.000913478,0.000913393,0.000888705,0.000937886,6.15778e-05,6.15552e-05,6.10155e-05,6.21989e-05,0.000244035,0.000243214,0.000199165,0.000293633,3.73162e-05,3.73205e-05,3.69858e-05,3.76558e-05,-0.05355,4,2,0,0.0132171,856,0,False,nan,nan,nan,nan,nan,nan,nan,nan,nan,nan,13,10
ablation_control,matched,alternating,2,29,8,40,8000,0.000914479,6.16461e-05,0.00027674,3.57363e-05,1,9.30457,9.31813,2.49296,nan,0.110145,nan,0.0484168,9.12603,9.41039,9.71377,True,0.000911126,0.000910995,0.000887088,0.000935105,6.15108e-05,6.15053e-05,6.09751e-05,6.2048e-05,0.000259562,0.000258835,0.000218844,0.000300718,3.56754e-05,3.56705e-05,3.53949e-05,3.59508e-05,0.0978566,5,2,0,0.011595,826,0,False,nan,nan,nan,nan,nan,nan,nan,nan,nan,nan,13,10
ablation_control,matched,alternating,2,29,9,20,8000,0.000914479,6.16461e-05,0.00027674,3.25443e-05,1,4.30663,4.30587,1.23934,nan,0.0771895,nan,0.0649775,4.2795,4.38276,4.49715,True,0.000906348,0.000906649,0.000882467,0.00092922,6.15828e-05,6.15892e-05,6.10471e-05,6.21137e-05,0.000265523,0.000263574,0.000211264,0.000324648,3.26709e-05,3.26847e-05,3.23515e-05,3.29716e-05,-0.0110331,4,2,0,0.012067,918,0,False,nan,nan,nan,nan,nan,nan,nan,nan,nan,nan,13,10
ablation_control,matched,alternating,2,29,10,40,8000,0.000914479,6.16461e-05,0.00027674,3.06954e-05,1,8.03549,8.03871,2.29258,nan,0.249395,nan,0.175699,8.06574,8.27646,8.51022,False,0.000907096,0.000907372,0.000884062,0.000928043,6.1489e-05,6.14825e-05,6.09657e-05,6.20371e-05,0.000302177,0.000301102,0.000246226,0.000362136,3.08126e-05,3.08171e-05,3.05271e-05,3.10907e-05,-0.0335708,7,2,0,0.0132826,787,0,False,nan,nan,nan,nan,nan,nan,nan,nan,nan,nan,13,10
ablation_control,matched,alternating,2,29,11,20,8000,0.000914479,6.16461e-05,0.00027674,2.86309e-05,1,3.79696,3.78787,1.14302,nan,0.0144322,nan,0.0070683,3.67875,3.78352,3.89074,True,0.00090768,0.000908019,0.000885899,0.000928593,6.14803e-05,6.14622e-05,6.09897e-05,6.20301e-05,0.000296561,0.000294852,0.000234398,0.000366909,2.86243e-05,2.8624e-05,2.83487e-05,2.8912e-05,-0.00517788,3,2,0,0.0127477,935,0,False,nan,nan,nan,nan,nan,nan,nan,nan,nan,nan,13,10
ablation_control,matched,alternating,2,29,12,40,8000,0.000914479,6.16461e-05,0.00027674,2.76382e-05,1,7.25914,7.20187,2.09815,nan,0.00904505,nan,0.0232619,7.04749,7.25127,7.4767,True,0.000907632,0.000907477,0.000888052,0.000927674,6.14471e-05,6.14542e-05,6.0935e-05,6.19568e-05,0.000271789,0.000271119,0.000220282,0.000327093,2.73802e-05,2.73829e-05,2.71473e-05,2.76018e-05,0.020096,4,2,0,0.013014,937,0,False,nan,nan,nan,nan,nan,nan,nan,nan,nan,nan,13,10
ablation_control,matched,alternating,2,29,13,20,8000,0.000914479,6.16461e-05,0.00027674,2.6055e-05,1,3.46028,3.44554,1.04723,nan,0.0348248,nan,0.00762902,3.33275,3.42577,3.51989,True,0.000906233,0.000906041,0.00088693,0.000925405,6.14199e-05,6.1429e-05,6.09255e-05,6.18989e-05,0.000270973,0.000270262,0.00020859,0.000336364,2.59304e-05,2.59202e-05,2.56634e-05,2.62036e-05,-0.0119264,3,2,0,0.0121719,985,0,False,nan,nan,nan,nan,nan,nan,nan,nan,nan,nan,13,10
ablation_control,matched,alternating,2,29,14,40,8000,0.000914479,6.16461e-05,0.00027674,2.50248e-05,1,6.59143,6.60219,1.94223,nan,0.05202,nan,0.0726172,6.47231,6.64142,6.82524,True,0.00090371,0.00090379,0.000885425,0.000922656,6.14109e-05,6.14085e-05,6.09554e-05,6.18989e-05,0.00025259,0.000252042,0.00019787,0.000310068,2.5009e-05,2.50075e-05,2.48123e-05,2.52064e-05,-0.00802433,4,2,0,0.0118619,920,0,False,nan,nan,nan,nan,nan,nan,nan,nan,nan,nan,13,10
ablation_control,matched,alternating,2,29,15,20,8000,0.000914479,6.16461e-05,0.00027674,2.39719e-05,1,3.18731,3.18941,0.964078,nan,0.0233415,nan,0.0397299,3.08875,3.16428,3.24185,True,0.000903789,0.000904097,0.000885619,0.000923123,6.13858e-05,6.1387e-05,6.09496e-05,6.18615e-05,0.000246966,0.000243046,0.000187446,0.000316798,2.392e-05,2.39185e-05,2.36642e-05,2.41814e-05,-0.000686355,3,2,0,0.0113131,951,0,False,nan,nan,nan,nan,nan,nan,nan,nan,nan,nan,13,10
ablation_control,matched,alternating,2,29,16,40,8000,0.000914479,6.16461e-05,0.00027674,2.34785e-05,1,6.1946,6.192,1.76884,nan,0.0187442,nan,0.0369527,6.02469,6.17538,6.3337,True,0.000903079,0.000902924,0.000883794,0.000921781,6.13982e-05,6.14019e-05,6.09464e-05,6.18332e-05,0.000268391,0.000266903,0.000208895,0.000332508,2.34533e-05,2.34503e-05,2.32664e-05,2.36458e-05,-0.00256988,4,2,0,0.0111907,925,0,False,nan,nan,nan,nan,nan,nan,nan,nan,nan,nan,13,10
ablation_control,matched,alternating,2,29,17,20,8000,0.000914479,6.16461e-05,0.00027674,2.21527e-05,1,2.94842,2.96258,0.894619,nan,0.0210229,nan,0.0173715,2.9024,2.96905,3.0373,True,0.000901347,0.000900972,0.000882627,0.000919964,6.14049e-05,6.14168e-05,6.0939e-05,6.18535e-05,0.000268397,0.000265107,0.000202645,0.000340874,2.22756e-05,2.22768e-05,2.20416e-05,2.25145e-05,0.0183244,2,2,0,0.0107181,1062,0,False,nan,nan,nan,nan,nan,nan,nan,nan,nan,nan,13,10
ablation_control,matched,alternating,2,29,18,40,8000,0.000914479,6.16461e-05,0.00027674,2.14138e-05,1,5.66264,5.63307,1.66582,nan,0.0929001,nan,0.0507752,5.60788,5.75418,5.8998,True,0.000901568,0.000901063,0.000882993,0.000919923,6.13718e-05,6.13861e-05,6.09193e-05,6.1795e-05,0.000323693,0.00032104,0.000247657,0.000404766,2.14231e-05,2.14276e-05,2.12264e-05,2.1611e-05,-0.0116431,5,2,0,0.0110197,865,0,False,nan,nan,nan,nan,nan,nan,nan,nan,nan,nan,13,10
ablation_control,matched,alternating,2,29,19,20,8000,0.000914479,6.16461e-05,0.00027674,2.03973e-05,1,2.71743,2.69196,0.841424,nan,0.0226939,nan,0.00241288,2.63119,2.69592,2.75667,True,0.000902436,0.000902286,0.000884319,0.000920319,6.13822e-05,6.13909e-05,6.09335e-05,6.18043e-05,0.000316045,0.00031391,0.000236321,0.000402601,2.02417e-05,2.02423e-05,2.00031e-05,2.04672e-05,0.0130649,2,2,0,0.0107055,1059,0,False,nan,nan,nan,nan,nan,nan,nan,nan,nan,nan,13,10
ablation_control,matched,alternating,2,29,20,40,8000,0.000914479,6.16461e-05,0.00027674,1.99701e-05,1,5.28925,5.2829,1.55536,nan,0.0803563,nan,0.00913928,5.07567,5.21063,5.34535,True,0.000901932,0.000901696,0.000883194,0.00091973,6.13995e-05,6.14e-05,6.09608e-05,6.18395e-05,0.000278477,0.000274777,0.000209798,0.000350873,1.99146e-05,1.9912e-05,1.97505e-05,2.00844e-05,0.0411999,4,2,0,0.0106823,935,0,False,nan,nan,nan,nan,nan,nan,nan,nan,nan,nan,13,10
ablation_control,matched,alternating,2,30,1,20,8000,0.0217527,6.47009e-05,0.000144224,6.47009e-05,1,8.49148,8.51731,1.06345,nan,3.43275,nan,0,5.16435,7.89915,11.6408,True,0.0217304,0.0216782,0.0212397,0.0222476,6.55229e-05,6.53683e-05,5.89491e-05,7.39731e-05,0.000173167,0.000172997,0.000128595,0.00021932,6.55229e-05,6.53683e-05,5.89491e-05,7.39731e-05,-0.268538,16,2,0,0.0133799,765,0,False,nan,nan,nan,nan,nan,nan,nan,nan,nan,nan,13,19
ablation_control,matched,alternating,2,30,2,40,8000,0.0217527,6.47009e-05,0.000144224,6.2473e-05,1,16.1318,16.1022,2.73519,nan,0.0823975,nan,0.0346445,13.5046,16.0958,19.4499,True,0.0214288,0.0214354,0.0210894,0.0217486,6.50791e-05,6.50898e-05,6.28172e-05,6.89005e-05,0.000147433,0.00014764,0.000132103,0.000162344,6.23683e-05,6.2403e-05,5.99543e-05,6.38407e-05,-0.10387,11,2,0,0.0227103,1263,0,False,nan,nan,nan,nan,nan,nan,nan,nan,nan,nan,13,19
ablation_control,matched,alternating,2,30,3,20,8000,0.0217527,6.47009e-05,0.000144224,5.74315e-05,1,7.55303,7.52604,1.15677,nan,0.07527,nan,0.102099,6.8908,7.62943,8.23764,True,0.0213864,0.0213907,0.0210868,0.0216791,6.52152e-05,6.5295e-05,6.3794e-05,6.5984e-05,0.000148244,0.000147608,0.000123377,0.000174737,5.75155e-05,5.75753e-05,5.63377e-05,5.82073e-05,0.0240374,6,2,0,0.0125528,763,0,False,nan,nan,nan,nan,nan,nan,nan,nan,nan,nan,13,19
ablation_control,matched,alternating,2,30,4,40,8000,0.0217527,6.47009e-05,0.000144224,5.49898e-05,1,14.2586,14.2495,2.63393,nan,0.187093,nan,0.145621,13.8469,14.4453,15.011,True,0.021448,0.0214433,0.0212146,0.0216998,6.50246e-05,6.51037e-05,6.37482e-05,6.5823e-05,0.00012945,0.000129146,0.000114152,0.000146135,5.48033e-05,5.47696e-05,5.43001e-05,5.5483e-05,-0.0808248,7,2,0,0.0163621,648,0,False,nan,nan,nan,nan,nan,nan,nan,nan,nan,nan,13,19
ablation_control,matched,alternating,2,30,5,20,8000,0.0217527,6.47009e-05,0.000144224,5.14721e-05,1,6.78082,6.7895,1.18984,nan,0.0556165,nan,0.0243547,6.57356,6.82123,7.15679,True,0.0214765,0.0214684,0.0212687,0.0217108,6.51379e-05,6.51553e-05,6.44364e-05,6.57839e-05,0.000133539,0.00013278,0.000109289,0.000161133,5.16341e-05,5.16499e-05,5.11239e-05,5.20987e-05,0.0295212,5,2,0,0.012583,692,0,False,nan,nan,nan,nan,nan,nan,nan,nan,nan,nan,13,19
ablation_control,matched,alternating,2,30,6,40,8000,0.0217527,6.47009e-05,0.000144224,4.98222e-05,1,12.9559,12.9864,2.67171,nan,0.149303,nan,0.0364516,12.7096,13.0971,13.5227,True,0.0214683,0.0214618,0.0212773,0.0216759,6.51073e-05,6.51104e-05,6.45799e-05,6.56074e-05,0.000150471,0.00015034,0.000131234,0.000169747,4.99592e-05,4.99652e-05,4.96465e-05,5.02425e-05,0.0163722,5,2,0,0.0100492,716,0,False,nan,nan,nan,nan,nan,nan,nan,nan,nan,nan,13,19
ablation_control,matched,alternating,2,30,7,20,8000,0.0217527,6.47009e-05,0.000144224,4.79145e-05,1,6.31858,6.33198,1.34653,nan,0.127422,nan,0.112087,6.04683,6.19532,6.34613,True,0.0215108,0.0215093,0.0213362,0.0216999,6.49629e-05,6.49651e-05,6.4382e-05,6.55131e-05,0.000143603,0.000142233,0.00011709,0.000175114,4.79299e-05,4.79048e-05,4.75019e-05,4.84539e-05,-0.0227182,6,2,0,0.0120484,640,0,False,nan,nan,nan,nan,nan,nan,nan,nan,nan,nan,13,19
ablation_control,matched,alternating,2,30,8,40,8000,0.0217527,6.47009e-05,0.000144224,4.65547e-05,1,12.1284,12.1319,2.89324,nan,0.0266308,nan,0.0130021,11.8289,12.1443,12.4932,True,0.0215576,0.021555,0.0213896,0.0217304,6.49102e-05,6.49224e-05,6.4398e-05,6.5367e-05,0.000135787,0.000135327,0.000116745,0.000156248,4.65193e-05,4.65122e-05,4.62672e-05,4.68033e-05,0.0397275,5,2,0,0.0102234,675,0,False,nan,nan,nan,nan,nan,nan,nan,nan,nan,nan,13,19
ablation_control,matched,alternating,2,30,9,20,8000,0.0217527,6.47009e-05,0.000144224,4.44346e-05,1,5.86553,5.86736,1.39914,nan,0.0186784,nan,0.0387882,5.71414,5.84998,5.97511,True,0.0216008,0.0216017,0.0214332,0.0217573,6.48791e-05,6.48916e-05,6.44301e-05,6.53108e-05,0.000135114,0.00013378,0.000110929,0.000164344,4.43939e-05,4.43931e-05,4.40845e-05,4.47076e-05,-0.0449352,3,2,0,0.00914294,818,0,False,nan,nan,nan,nan,nan,nan,nan,nan,nan,nan,13,19
ablation_control,matched,alternating,2,30,10,40,8000,0.0217527,6.47009e-05,0.000144224,4.30285e-05,1,11.232,11.2064,2.88126,nan,0.0844705,nan,0.0718109,11.0731,11.3153,11.5467,True,0.0215967,0.0215965,0.0214409,0.0217511,6.485e-05,6.48522e-05,6.44118e-05,6.52906e-05,0.00013723,0.000136967,0.000114387,0.000159769,4.29801e-05,4.29815e-05,4.27426e-05,4.32182e-05,-0.0335676,5,2,0,0.00889366,831,0,False,nan,nan,nan,nan,nan,nan,nan,nan,nan,nan,13,19
ablation_control,matched,alternating,2,30,11,20,8000,0.0217527,6.47009e-05,0.000144224,4.12303e-05,1,5.44756,5.41944,1.39646,nan,0.0162281,nan,0.0359956,5.33707,5.43366,5.53393,True,0.0215946,0.0215952,0.0214529,0.0217337,6.48714e-05,6.48695e-05,6.44487e-05,6.52806e-05,0.000140555,0.000139296,0.000111187,0.000172841,4.09123e-05,4.09116e-05,4.06441e-05,4.11917e-05,-0.0784461,3,2,0,0.00835892,951,0,False,nan,nan,nan,nan,nan,nan,nan,nan,nan,nan,13,19
ablation_control,matched,alternating,2,30,12,40,8000,0.0217527,6.47009e-05,0.000144224,4.0455e-05,1,10.5756,10.5594,2.95075,nan,0.132689,nan,0.0513204,10.2489,10.4484,10.6404,True,0.0216186,0.0216191,0.021482,0.0217557,6.49154e-05,6.49125e-05,6.44854e-05,6.53406e-05,0.000138464,0.000137915,0.0001145,0.000164445,4.03929e-05,4.03929e-05,4.01657e-05,4.06152e-05,0.0381372,5,2,0,0.00857472,871,0,False,nan,nan,nan,nan,nan,nan,nan,nan,nan,nan,13,19
ablation_control,matched,alternating,2,30,13,20,8000,0.0217527,6.47009e-05,0.000144224,3.84507e-05,1,5.08437,5.01182,1.37871,nan,0.0308927,nan,0.0227541,5.02517,5.11418,5.20445,True,0.0216335,0.021638,0.0214783,0.0217876,6.49519e-05,6.49563e-05,6.45336e-05,6.53657e-05,0.000160423,0.000158742,0.000125855,0.000199915,3.80344e-05,3.80369e-05,3.77299e-05,3.83297e-05,-0.0346504,5,2,0,0.00964781,752,0,False,nan,nan,nan,nan,nan,nan,nan,nan,nan,nan,13,19
ablation_control,matched,alternating,2,30,14,40,8000,0.0217527,6.47009e-05,0.000144224,3.73697e-05,1,9.78609,9.80221,2.78515,nan,0.0893501,nan,0.0606965,9.49286,9.69977,9.90868,True,0.0216242,0.0216276,0.021479,0.0217652,6.49866e-05,6.49832e-05,6.45955e-05,6.53741e-05,0.000140504,0.000140691,0.000114867,0.000167525,3.73809e-05,3.73839e-05,3.71776e-05,3.75928e-05,0.0056361,4,2,0,0.00916282,779,0,False,nan,nan,nan,nan,nan,nan,nan,nan,nan,nan,13,19
ablation_control,matched,alternating,2,30,15,20,8000,0.0217527,6.47009e-05,0.000144224,3.58388e-05,1,4.74256,4.76847,1.32895,nan,0.0049713,nan,0.00525055,4.65324,4.74263,4.83074,True,0.0216348,0.0216368,0.021492,0.0217743,6.49715e-05,6.49645e-05,6.45878e-05,6.53477e-05,0.000138679,0.000137803,0.000109011,0.000172963,3.59898e-05,3.59891e-05,3.57401e-05,3.62511e-05,0.00554242,3,2,0,0.00887039,889,0,False,nan,nan,nan,nan,nan,nan,nan,nan,nan,nan,13,19
ablation_control,matched,alternating,2,30,16,40,8000,0.0217527,6.47009e-05,0.000144224,3.49655e-05,1,9.16898,9.10721,2.6946,nan,0.0857871,nan,0.0354218,9.0699,9.25495,9.42515,True,0.0216303,0.0216326,0.0214923,0.0217599,6.49366e-05,6.49413e-05,6.45451e-05,6.53143e-05,0.000142126,0.000141327,0.000113159,0.000172882,3.47645e-05,3.47649e-05,3.45623e-05,3.49666e-05,0.0263367,6,2,0,0.00951238,727,0,False,nan,nan,nan,nan,nan,nan,nan,nan,nan,nan,13,19
ablation_control,matched,alternating,2,30,17,20,8000,0.0217527,6.47009e-05,0.000144224,3.37008e-05,1,4.46239,4.44379,1.298,nan,0.0339582,nan,0.0152032,4.34758,4.43035,4.51008,True,0.021647,0.0216503,0.0215103,0.021775,6.49192e-05,6.4914e-05,6.45318e-05,6.53045e-05,0.000145552,0.000144936,0.000112103,0.000182631,3.35076e-05,3.35044e-05,3.32504e-05,3.37626e-05,-0.0399778,2,2,0,0.00911367,947,0,False,nan,nan,nan,nan,nan,nan,nan,nan,nan,nan,13,19
ablation_control,matched,alternating,2,30,18,40,8000,0.0217527,6.47009e-05,0.000144224,3.33894e-05,1,8.76354,8.72384,2.73683,nan,0.147596,nan,0.0892903,8.44929,8.61771,8.79519,True,0.0216649,0.0216703,0.0215325,0.0217875,6.494e-05,6.49384e-05,6.45316e-05,6.53435e-05,0.000124386,0.000123715,9.65536e-05,0.000152729,3.31322e-05,3.31321e-05,3.29425e-05,3.33218e-05,0.0678785,5,2,0,0.00937678,804,0,False,nan,nan,nan,nan,nan,nan,nan,nan,nan,nan,13,19
ablation_control,matched,alternating,2,30,19,20,8000,0.0217527,6.47009e-05,0.000144224,3.20004e-05,1,4.23932,4.20277,1.29011,nan,0.0157143,nan,0.0173905,4.17782,4.25437,4.33244,True,0.0216664,0.0216704,0.0215264,0.0217932,6.49672e-05,6.49533e-05,6.45835e-05,6.5398e-05,0.000132842,0.00013176,9.98347e-05,0.000169755,3.17236e-05,3.17269e-05,3.14683e-05,3.19787e-05,0.0182645,3,2,0,0.00953244,947,0,False,nan,nan,nan,nan,nan,nan,nan,nan,nan,nan,13,19
ablation_control,matched,alternating,2,30,20,40,8000,0.0217527,6.47009e-05,0.000144224,3.15538e-05,1,8.2904,8.31063,2.65818,nan,0.0835518,nan,0.0373747,8.04383,8.2089,8.37973,True,0.0216731,0.0216743,0.0215307,0.021802,6.4981e-05,6.49779e-05,6.46058e-05,6.53738e-05,0.000122203,0.000121262,9.36616e-05,0.000153827,3.15186e-05,3.15152e-05,3.13423e-05,3.17058e-05,0.0218877,5,2,0,0.00934124,880,0,False,nan,nan,nan,nan,nan,nan,nan,nan,nan,nan,13,19
ablation_control,matched,alternating,2,31,1,20,8000,0.146555,5.82261e-05,0.000420221,5.82261e-05,1,7.49744,7.50994,2.48633,nan,1.63704,nan,0,5.15735,7.90908,11.9798,True,0.145845,0.146009,0.144263,0.14772,5.81133e-05,5.89347e-05,5.14949e-05,6.36423e-05,0.000420135,0.000423157,0.000351757,0.000482453,5.81133e-05,5.89347e-05,5.14949e-05,6.36423e-05,0.0871771,17,2,0,0.0218561,831,0,False,nan,nan,nan,nan,nan,nan,nan,nan,nan,nan,13,9
ablation_control,matched,alternating,2,31,2,40,8000,0.146555,5.82261e-05,0.000420221,5.28222e-05,1,13.0556,13.0555,2.33034,nan,0.0260731,nan,0.0332822,10.8188,13.2085,15.0108,True,0.146404,0.1464,0.145407,0.147422,5.84453e-05,5.85119e-05,5.74376e-05,5.94876e-05,0.000415502,0.000414833,0.000394418,0.000436776,5.27426e-05,5.27427e-05,5.2048e-05,5.3357e-05,-0.114902,10,2,0,0.0158578,1541,0,False,nan,nan,nan,nan,nan,nan,nan,nan,nan,nan,13,9
ablation_control,matched,alternating,2,31,3,20,8000,0.146555,5.82261e-05,0.000420221,4.50694e-05,1,5.86431,5.83791,2.10325,nan,0.0458865,nan,0.0424116,5.54591,5.82761,6.07478,True,0.146197,0.146187,0.14539,0.147138,5.84358e-05,5.84597e-05,5.77017e-05,5.91717e-05,0.000399598,0.000400082,0.000347227,0.000456554,4.48283e-05,4.48153e-05,4.4356e-05,4.53744e-05,-0.011376,4,2,0,0.0108491,1177,0,False,nan,nan,nan,nan,nan,nan,nan,nan,nan,nan,13,9
ablation_control,matched,alternating,2,31,4,40,8000,0.146555,5.82261e-05,0.000420221,4.2492e-05,1,10.6667,10.6899,2.32145,nan,0.128407,nan,0.155606,10.2157,10.538,10.9066,True,0.146604,0.146603,0.145854,0.147367,5.86497e-05,5.86438e-05,5.78076e-05,5.95479e-05,0.000436282,0.000436339,0.00040461,0.000468404,4.25324e-05,4.25128e-05,4.21089e-05,4.30073e-05,0.0260568,8,2,0,0.0166617,768,0,False,nan,nan,nan,nan,nan,nan,nan,nan,nan,nan,13,9
ablation_control,matched,alternating,2,31,5,20,8000,0.146555,5.82261e-05,0.000420221,3.7394e-05,1,4.89579,4.89002,1.86386,nan,0.0920502,nan,0.038571,4.59446,4.81407,4.99663,True,0.146688,0.146674,0.145923,0.147498,5.8478e-05,5.85158e-05,5.77507e-05,5.91532e-05,0.000418157,0.000416512,0.000356455,0.000488408,3.74292e-05,3.74273e-05,3.69657e-05,3.79124e-05,-0.00514253,4,2,0,0.0151378,792,0,False,nan,nan,nan,nan,nan,nan,nan,nan,nan,nan,13,9
ablation_control,matched,alternating,2,31,6,40,8000,0.146555,5.82261e-05,0.000420221,3.47018e-05,1,8.81616,8.80515,2.43077,nan,0.140512,nan,0.111223,8.6113,8.95285,9.29314,True,0.146271,0.146263,0.145568,0.146999,5.83326e-05,5.83397e-05,5.76672e-05,5.89572e-05,0.000426477,0.000427415,0.000383503,0.000468888,3.46523e-05,3.46573e-05,3.43594e-05,3.49391e-05,0.0309762,7,2,0,0.0146782,756,0,False,nan,nan,nan,nan,nan,nan,nan,nan,nan,nan,13,9
ablation_control,matched,alternating,2,31,7,20,8000,0.146555,5.82261e-05,0.000420221,3.12437e-05,1,4.11107,4.08275,1.71526,nan,0.0484556,nan,0.0297107,3.93423,4.06419,4.20375,True,0.146233,0.146222,0.145549,0.146997,5.83143e-05,5.83285e-05,5.77054e-05,5.88465e-05,0.000395574,0.000394363,0.000330651,0.00046371,3.10113e-05,3.10203e-05,3.06861e-05,3.13183e-05,-0.110904,3,2,0,0.0135277,886,0,False,nan,nan,nan,nan,nan,nan,nan,nan,nan,nan,13,9
ablation_control,matched,alternating,2,31,8,40,8000,0.146555,5.82261e-05,0.000420221,2.91204e-05,1,7.46309,7.49105,2.48466,nan,0.132648,nan,0.136331,7.35724,7.59144,7.84805,True,0.146242,0.146253,0.145594,0.146901,5.82319e-05,5.82414e-05,5.76673e-05,5.87937e-05,0.000410054,0.000410472,0.000357144,0.000462099,2.92156e-05,2.92124e-05,2.89702e-05,2.94548e-05,0.0396018,5,2,0,0.0122996,833,0,False,nan,nan,nan,nan,nan,nan,nan,nan,nan,nan,13,9
ablation_control,matched,alternating,2,31,9,20,8000,0.146555,5.82261e-05,0.000420221,2.62386e-05,1,3.46669,3.49474,1.63338,nan,0.057547,nan,0.0342501,3.42478,3.52061,3.6196,True,0.146098,0.146078,0.145487,0.14677,5.82796e-05,5.82917e-05,5.77171e-05,5.87937e-05,0.000408699,0.000408121,0.000328691,0.000490215,2.6456e-05,2.64691e-05,2.61707e-05,2.6718e-05,-0.0385116,4,2,0,0.0114976,909,0,False,nan,nan,nan,nan,nan,nan,nan,nan,nan,nan,13,9
ablation_control,matched,alternating,2,31,10,40,8000,0.146555,5.82261e-05,0.000420221,2.47533e-05,1,6.38794,6.43031,2.53654,nan,0.154786,nan,0.0919945,6.35565,6.53533,6.7209,True,0.146263,0.146255,0.145587,0.146915,5.82243e-05,5.82321e-05,5.7704e-05,5.87361e-05,0.000471434,0.000471957,0.000402466,0.000538998,2.50845e-05,2.50874e-05,2.48666e-05,2.52893e-05,0.0673077,5,2,0,0.0107675,845,0,False,nan,nan,nan,nan,nan,nan,nan,nan,nan,nan,13,9
ablation_control,matched,alternating,2,31,11,20,8000,0.146555,5.82261e-05,0.000420221,2.29104e-05,1,3.03527,3.01096,1.53613,nan,0.0101704,nan,0.0118737,2.9574,3.02655,3.10445,True,0.146338,0.146342,0.145662,0.146983,5.82357e-05,5.82359e-05,5.77117e-05,5.87313e-05,0.000488867,0.000486385,0.000395365,0.000590785,2.28352e-05,2.28347e-05,2.25932e-05,2.30697e-05,-0.0592864,2,2,0,0.00987518,1055,0,False,nan,nan,nan,nan,nan,nan,nan,nan,nan,nan,13,9
ablation_control,matched,alternating,2,31,12,40,8000,0.146555,5.82261e-05,0.000420221,2.19586e-05,1,5.69211,5.66597,2.41872,nan,0.0703428,nan,0.0230999,5.47608,5.62744,5.7737,True,0.146322,0.146328,0.145647,0.146968,5.82502e-05,5.82364e-05,5.77629e-05,5.87614e-05,0.000480076,0.000478372,0.000404379,0.000558449,2.19552e-05,2.1958e-05,2.17718e-05,2.21473e-05,0.0482811,4,2,0,0.00946678,964,0,False,nan,nan,nan,nan,nan,nan,nan,nan,nan,nan,13,9
ablation_control,matched,alternating,2,31,13,20,8000,0.146555,5.82261e-05,0.000420221,2.08468e-05,1,2.7666,2.76275,1.40848,nan,0.092516,nan,0.0582969,2.61795,2.68048,2.74171,False,0.146311,0.146318,0.14566,0.146967,5.81789e-05,5.81789e-05,5.76898e-05,5.8671e-05,0.000427659,0.000425272,0.000341166,0.000523987,2.0568e-05,2.05583e-05,2.0344e-05,2.08067e-05,-0.0155553,4,2,0,0.0105003,941,0,False,nan,nan,nan,nan,nan,nan,nan,nan,nan,nan,13,9
ablation_control,matched,alternating,2,31,14,40,8000,0.146555,5.82261e-05,0.000420221,2.02042e-05,1,5.25216,5.24089,2.19258,nan,0.098203,nan,0.0190365,5.02704,5.15767,5.28621,True,0.14636,0.146375,0.145735,0.146965,5.82119e-05,5.82176e-05,5.77307e-05,5.87004e-05,0.000420267,0.000418232,0.000340939,0.000507454,2.01449e-05,2.01422e-05,1.99616e-05,2.03529e-05,0.0239607,4,2,0,0.01108,941,0,False,nan,nan,nan,nan,nan,nan,nan,nan,nan,nan,13,9
ablation_control,matched,alternating,2,31,15,20,8000,0.146555,5.82261e-05,0.000420221,1.89936e-05,1,2.52454,2.52106,1.31027,nan,0.0172909,nan,0.0129571,2.44876,2.50859,2.56935,True,0.146385,0.146397,0.14574,0.146988,5.82003e-05,5.82004e-05,5.77196e-05,5.86859e-05,0.000401467,0.000397658,0.000312014,0.000505686,1.89492e-05,1.89501e-05,1.87411e-05,1.91591e-05,-0.0323229,2,2,0,0.0105611,1150,0,False,nan,nan,nan,nan,nan,nan,nan,nan,nan,nan,13,9
ablation_control,matched,alternating,2,31,16,40,8000,0.146555,5.82261e-05,0.000420221,1.83612e-05,1,4.78732,4.77033,2.0846,nan,0.0107911,nan,0.0093854,4.67433,4.79903,4.91693,True,0.146326,0.14633,0.145693,0.146947,5.81912e-05,5.81834e-05,5.7738e-05,5.86784e-05,0.000421672,0.000419402,0.000337201,0.000514895,1.83276e-05,1.83324e-05,1.81603e-05,1.84931e-05,-0.00968891,4,2,0,0.010373,1010,0,False,nan,nan,nan,nan,nan,nan,nan,nan,nan,nan,13,9
ablation_control,matched,alternating,2,31,17,20,8000,0.146555,5.82261e-05,0.000420221,1.73718e-05,1,2.3121,2.32844,1.23029,nan,0.0153477,nan,0.0130811,2.24319,2.29748,2.35126,True,0.146355,0.146344,0.145725,0.146967,5.81669e-05,5.81616e-05,5.77103e-05,5.86452e-05,0.00042068,0.000417601,0.000325691,0.000529133,1.73709e-05,1.73702e-05,1.71627e-05,1.75858e-05,-0.00109335,2,2,0,0.0101161,1161,0,False,nan,nan,nan,nan,nan,nan,nan,nan,nan,nan,13,9
ablation_control,matched,alternating,2,31,18,40,8000,0.146555,5.82261e-05,0.000420221,1.67086e-05,1,4.36816,4.36411,2.01088,nan,0.0357811,nan,0.0426295,4.28873,4.404,4.51625,True,0.14643,0.146419,0.145846,0.147024,5.81531e-05,5.81633e-05,5.77035e-05,5.86042e-05,0.000434568,0.000432663,0.000343344,0.000532068,1.675e-05,1.67482e-05,1.65959e-05,1.69059e-05,-0.0292872,4,2,0,0.00979403,1002,0,False,nan,nan,nan,nan,nan,nan,nan,nan,nan,nan,13,9
ablation_control,matched,alternating,2,31,19,20,8000,0.146555,5.82261e-05,0.000420221,1.61273e-05,1,2.14869,2.13261,1.14947,nan,0.0407489,nan,0.0448497,2.06385,2.11067,2.15673,True,0.146447,0.146439,0.145851,0.14703,5.81497e-05,5.81602e-05,5.77052e-05,5.85927e-05,0.000417583,0.000413444,0.000321808,0.000529184,1.59319e-05,1.59333e-05,1.57279e-05,1.61389e-05,-0.0377435,2,2,0,0.00962187,1183,0,False,nan,nan,nan,nan,nan,nan,nan,nan,nan,nan,13,9
ablation_control,matched,alternating,2,31,20,40,8000,0.146555,5.82261e-05,0.000420221,1.56665e-05,1,4.10267,4.11091,1.85656,nan,0.0437843,nan,0.00758673,3.96348,4.05903,4.16052,True,0.14652,0.14652,0.14596,0.147068,5.81436e-05,5.81562e-05,5.76812e-05,5.8561e-05,0.000390132,0.000389114,0.000301797,0.000482451,1.5649e-05,1.56481e-05,1.55078e-05,1.57976e-05,-0.0903417,3,2,0,0.00962187,1150,0,False,nan,nan,nan,nan,nan,nan,nan,nan,nan,nan,13,9
ablation_control,matched,alternating,2,32,1,20,8000,0.0315541,4.45216e-05,0.000165634,4.45216e-05,1,5.86969,5.89966,2.09032,nan,4.10989,nan,0,5.2984,7.84777,11.8406,True,0.0317748,0.0318673,0.0304913,0.0330392,4.52919e-05,4.53489e-05,4.1916e-05,4.90573e-05,0.000179098,0.000176002,0.000115403,0.000255516,4.52919e-05,4.53489e-05,4.1916e-05,4.90573e-05,-0.0940685,15,2,0,0.0114966,869,0,False,nan,nan,nan,nan,nan,nan,nan,nan,nan,nan,13,24
ablation_control,matched,alternating,2,32,2,40,8000,0.0315541,4.45216e-05,0.000165634,4.31218e-05,1,11.2115,11.2209,3.47907,nan,0.270542,nan,0.026829,9.9134,11.4987,13.289,True,0.0319237,0.0319365,0.0314012,0.0324404,4.49597e-05,4.5002e-05,4.39686e-05,4.58196e-05,0.000185311,0.000185236,0.000156276,0.000215668,4.32061e-05,4.32139e-05,4.25591e-05,4.37768e-05,-0.0148425,10,2,0,0.0157426,1563,0,False,nan,nan,nan,nan,nan,nan,nan,nan,nan,nan,13,24
ablation_control,matched,alternating,2,32,3,20,8000,0.0315541,4.45216e-05,0.000165634,4.13554e-05,1,5.45793,5.44374,1.32309,nan,0.127547,nan,0.0802053,5.05529,5.33211,5.605,True,0.032012,0.0320144,0.0314922,0.0325411,4.46849e-05,4.46827e-05,4.39511e-05,4.54295e-05,0.000177054,0.00017536,0.000143456,0.000216612,4.12231e-05,4.11864e-05,4.06329e-05,4.19275e-05,0.00667193,5,2,0,0.0142536,943,0,False,nan,nan,nan,nan,nan,nan,nan,nan,nan,nan,13,24
ablation_control,matched,alternating,2,32,4,40,8000,0.0315541,4.45216e-05,0.000165634,4.05718e-05,1,10.5659,10.5916,2.14558,nan,0.183386,nan,0.0868153,9.97057,10.3764,10.8635,True,0.0316574,0.0316625,0.0312531,0.0320868,4.48117e-05,4.47984e-05,4.4283e-05,4.5406e-05,0.000166554,0.000165919,0.000138305,0.000196911,4.0628e-05,4.06146e-05,4.029e-05,4.09768e-05,-0.0674527,7,2,0,0.0164061,782,0,False,nan,nan,nan,nan,nan,nan,nan,nan,nan,nan,13,24
ablation_control,matched,alternating,2,32,5,20,8000,0.0315541,4.45216e-05,0.000165634,3.9117e-05,1,5.16632,5.18617,0.777955,nan,0.0851206,nan,0.0865688,4.875,5.09094,5.25352,True,0.0315466,0.031551,0.0311293,0.0319417,4.4683e-05,4.46581e-05,4.42443e-05,4.51923e-05,0.000158273,0.00015658,0.000123554,0.000199657,3.90931e-05,3.90701e-05,3.87076e-05,3.96006e-05,0.0457901,5,2,0,0.0132723,715,0,False,nan,nan,nan,nan,nan,nan,nan,nan,nan,nan,13,24
ablation_control,matched,alternating,2,32,6,40,8000,0.0315541,4.45216e-05,0.000165634,3.86524e-05,1,10.0785,10.1068,1.25807,nan,0.14416,nan,0.139405,9.62844,9.92778,10.271,True,0.031657,0.0316524,0.0313075,0.0320144,4.47821e-05,4.47521e-05,4.43302e-05,4.52823e-05,0.000161881,0.000161395,0.000132548,0.000194618,3.87494e-05,3.87515e-05,3.84348e-05,3.90581e-05,-0.0409594,6,2,0,0.0155581,701,0,False,nan,nan,nan,nan,nan,nan,nan,nan,nan,nan,13,24
ablation_control,matched,alternating,2,32,7,20,8000,0.0315541,4.45216e-05,0.000165634,3.6417e-05,1,4.81401,4.80952,0.515154,nan,0.0659889,nan,0.0431349,4.68642,4.88298,5.04227,True,0.0316656,0.0316683,0.031303,0.0320191,4.48425e-05,4.4835e-05,4.43983e-05,4.53198e-05,0.000175352,0.000174112,0.000138005,0.000218193,3.6438e-05,3.64378e-05,3.60449e-05,3.68398e-05,-0.0113982,4,2,0,0.0164722,785,0,False,nan,nan,nan,nan,nan,nan,nan,nan,nan,nan,13,24
ablation_control,matched,alternating,2,32,8,40,8000,0.0315541,4.45216e-05,0.000165634,3.54104e-05,1,9.25252,9.27772,0.972834,nan,0.0272297,nan,0.035106,8.96042,9.276,9.60757,True,0.0316135,0.0316082,0.031291,0.0319375,4.48551e-05,4.48522e-05,4.44477e-05,4.52919e-05,0.000193837,0.00019309,0.000158393,0.000231159,3.5591e-05,3.55895e-05,3.53317e-05,3.58637e-05,-0.0110046,6,2,0,0.014836,778,0,False,nan,nan,nan,nan,nan,nan,nan,nan,nan,nan,13,24
ablation_control,matched,alternating,2,32,9,20,8000,0.0315541,4.45216e-05,0.000165634,3.39738e-05,1,4.49466,4.49165,0.390838,nan,0.0524395,nan,0.023557,4.3051,4.44493,4.57566,True,0.0316169,0.0316092,0.0313055,0.0319258,4.48037e-05,4.4806e-05,4.43972e-05,4.52167e-05,0.000187482,0.000186917,0.00014522,0.000233525,3.39459e-05,3.39395e-05,3.36474e-05,3.42635e-05,-0.0157767,3,2,0,0.0135905,893,0,False,nan,nan,nan,nan,nan,nan,nan,nan,nan,nan,13,24
ablation_control,matched,alternating,2,32,10,40,8000,0.0315541,4.45216e-05,0.000165634,3.34157e-05,1,8.7426,8.74652,0.800812,nan,0.104028,nan,0.0524208,8.39829,8.63703,8.89377,True,0.0315673,0.0315678,0.0312667,0.0318541,4.48211e-05,4.48206e-05,4.44235e-05,4.52253e-05,0.00016163,0.00016127,0.000129508,0.000195951,3.33833e-05,3.33786e-05,3.31533e-05,3.36138e-05,0.0208698,5,2,0,0.0123273,871,0,False,nan,nan,nan,nan,nan,nan,nan,nan,nan,nan,13,24
ablation_control,matched,alternating,2,32,11,20,8000,0.0315541,4.45216e-05,0.000165634,3.21562e-05,1,4.25674,4.2545,0.370102,nan,0.0282637,nan,0.0241568,4.12077,4.23108,4.33496,True,0.0316068,0.0316009,0.0313445,0.0318875,4.47911e-05,4.47922e-05,4.44365e-05,4.51594e-05,0.00015167,0.000150348,0.000115593,0.000192231,3.21159e-05,3.21062e-05,3.18477e-05,3.24085e-05,-0.0288878,3,2,0,0.0112969,989,0,False,nan,nan,nan,nan,nan,nan,nan,nan,nan,nan,13,24
ablation_control,matched,alternating,2,32,12,40,8000,0.0315541,4.45216e-05,0.000165634,3.14818e-05,1,8.24699,8.28082,0.803389,nan,0.0241935,nan,0.00179746,8.06869,8.26518,8.45746,True,0.0316829,0.0316768,0.0314174,0.0319701,4.47963e-05,4.47913e-05,4.44548e-05,4.51619e-05,0.000177601,0.000176351,0.000139194,0.000218981,3.16569e-05,3.16548e-05,3.14399e-05,3.18945e-05,-0.00887157,5,2,0,0.0113537,903,0,False,nan,nan,nan,nan,nan,nan,nan,nan,nan,nan,13,24
ablation_control,matched,alternating,2,32,13,20,8000,0.0315541,4.45216e-05,0.000165634,3.00974e-05,1,3.98693,3.99561,0.383013,nan,0.0179662,nan,0.0139044,3.91465,4.00504,4.0951,True,0.0316558,0.0316511,0.031394,0.0319247,4.47808e-05,4.4774e-05,4.44599e-05,4.51356e-05,0.00016948,0.000167042,0.000131186,0.000214767,3.02163e-05,3.02159e-05,2.99565e-05,3.04834e-05,0.0109287,3,2,0,0.0108013,984,0,False,nan,nan,nan,nan,nan,nan,nan,nan,nan,nan,13,24
ablation_control,matched,alternating,2,32,14,40,8000,0.0315541,4.45216e-05,0.000165634,2.95992e-05,1,7.76333,7.77771,0.841605,nan,0.00723389,nan,0.025989,7.58863,7.76586,7.94534,True,0.0316119,0.0316124,0.0313592,0.0318622,4.4782e-05,4.47711e-05,4.44399e-05,4.51362e-05,0.000170067,0.000168816,0.000133346,0.000209784,2.96495e-05,2.96508e-05,2.946e-05,2.98412e-05,-0.0162214,4,2,0,0.010126,954,0,False,nan,nan,nan,nan,nan,nan,nan,nan,nan,nan,13,24
ablation_control,matched,alternating,2,32,15,20,8000,0.0315541,4.45216e-05,0.000165634,2.84812e-05,1,3.77485,3.77575,0.421044,nan,0.00539089,nan,0.00229964,3.69392,3.7699,3.84683,True,0.0316405,0.0316395,0.0313989,0.0318909,4.47736e-05,4.47679e-05,4.44392e-05,4.51225e-05,0.000164271,0.000161887,0.000126543,0.000208866,2.85082e-05,2.85086e-05,2.82584e-05,2.87539e-05,0.022209,2,2,0,0.00961513,1188,0,False,nan,nan,nan,nan,nan,nan,nan,nan,nan,nan,13,24
ablation_control,matched,alternating,2,32,16,40,8000,0.0315541,4.45216e-05,0.000165634,2.76745e-05,1,7.26765,7.22625,0.840298,nan,0.087522,nan,0.071025,7.19963,7.34899,7.51791,True,0.0316518,0.0316491,0.0314375,0.031887,4.47558e-05,4.47504e-05,4.4428e-05,4.51133e-05,0.000174125,0.000173613,0.000134303,0.000217396,2.75432e-05,2.75478e-05,2.73527e-05,2.77294e-05,-0.0582992,5,2,0,0.0100496,942,0,False,nan,nan,nan,nan,nan,nan,nan,nan,nan,nan,13,24
ablation_control,matched,alternating,2,32,17,20,8000,0.0315541,4.45216e-05,0.000165634,2.64412e-05,1,3.50684,3.48085,0.396725,nan,0.00608735,nan,0.0321454,3.44237,3.51131,3.58346,True,0.0316381,0.0316357,0.0314131,0.0318581,4.47681e-05,4.47646e-05,4.44287e-05,4.51165e-05,0.000191721,0.00019004,0.000141337,0.000248159,2.6326e-05,2.6327e-05,2.60933e-05,2.65585e-05,-0.00962528,3,2,0,0.00977254,1028,0,False,nan,nan,nan,nan,nan,nan,nan,nan,nan,nan,13,24
ablation_control,matched,alternating,2,32,18,40,8000,0.0315541,4.45216e-05,0.000165634,2.59966e-05,1,6.83449,6.83414,0.839149,nan,0.0668448,nan,0.00466878,6.62857,6.76729,6.91638,True,0.0316005,0.0316003,0.0313779,0.0318219,4.47808e-05,4.47713e-05,4.44386e-05,4.5138e-05,0.000185497,0.000184719,0.000142242,0.000231066,2.59974e-05,2.59938e-05,2.58246e-05,2.61716e-05,-0.0486137,4,2,0,0.00959746,970,0,False,nan,nan,nan,nan,nan,nan,nan,nan,nan,nan,13,24
ablation_control,matched,alternating,2,32,19,20,8000,0.0315541,4.45216e-05,0.000165634,2.53602e-05,1,3.36468,3.38172,0.447704,nan,0.0540971,nan,0.0328018,3.24834,3.31183,3.37455,True,0.0316033,0.0316025,0.0313684,0.0318325,4.4774e-05,4.47707e-05,4.44345e-05,4.51192e-05,0.000167498,0.000165494,0.000126839,0.000218604,2.53849e-05,2.53805e-05,2.51395e-05,2.56328e-05,0.00728157,4,2,0,0.010157,920,0,False,nan,nan,nan,nan,nan,nan,nan,nan,nan,nan,13,24
ablation_control,matched,alternating,2,32,20,40,8000,0.0315541,4.45216e-05,0.000165634,2.52561e-05,1,6.64304,6.62925,0.993789,nan,0.0775881,nan,0.0845697,6.42156,6.56449,6.71353,True,0.0315973,0.0315922,0.0313813,0.0318212,4.47743e-05,4.47673e-05,4.44376e-05,4.51314e-05,0.000157088,0.000155055,0.000119687,0.000201881,2.51394e-05,2.51408e-05,2.49616e-05,2.53061e-05,0.0185763,4,2,0,0.0100604,959,0,False,nan,nan,nan,nan,nan,nan,nan,nan,nan,nan,13,24
ablation_control,matched,alternating,2,33,1,20,8000,4.97013,4.94411e-05,0.000246268,4.94411e-05,1,6.92601,6.90049,10.9391,nan,7.92755,nan,0,5.30562,7.92737,11.9009,True,4.97062,4.97962,4.93801,4.99311,5.08406e-05,5.14156e-05,4.69398e-05,5.47539e-05,0.000248319,0.000249265,0.000203713,0.000285795,5.08406e-05,5.14156e-05,4.69398e-05,5.47539e-05,-0.00303218,18,2,0,0.0142979,763,0,False,nan,nan,nan,nan,nan,nan,nan,nan,nan,nan,13,17
ablation_control,matched,alternating,2,33,2,40,8000,4.97013,4.94411e-05,0.000246268,4.73118e-05,1,12.5961,12.6105,18.0789,nan,0.967992,nan,0.0856716,11.3773,13.2882,15.0934,True,4.98463,4.98808,4.96207,4.99824,5.00962e-05,4.96566e-05,4.78974e-05,5.18834e-05,0.000249214,0.000249165,0.000235215,0.00026303,4.68157e-05,4.70636e-05,4.55996e-05,4.83598e-05,-0.431008,12,2,0,0.0280771,1214,0,False,nan,nan,nan,nan,nan,nan,nan,nan,nan,nan,13,17
ablation_control,matched,alternating,2,33,3,20,8000,4.97013,4.94411e-05,0.000246268,4.2839e-05,1,6.02021,5.99931,9.4938,nan,0.186352,nan,0.0986691,5.38067,5.96648,6.46184,True,4.98331,4.98495,4.96124,4.99872,4.96202e-05,4.95684e-05,4.91097e-05,5.13879e-05,0.000240624,0.000239935,0.000210407,0.000273535,4.31196e-05,4.30699e-05,4.27092e-05,4.45489e-05,0.197409,6,2,0,0.00890053,841,0,False,nan,nan,nan,nan,nan,nan,nan,nan,nan,nan,13,17
ablation_control,matched,alternating,2,33,4,40,8000,4.97013,4.94411e-05,0.000246268,4.08091e-05,1,10.9307,10.8985,15.6668,nan,0.378618,nan,0.117856,10.7989,11.1298,11.6347,True,4.99101,4.99296,4.97615,4.99941,4.94976e-05,4.95195e-05,4.89838e-05,4.98644e-05,0.000258703,0.000258834,0.000239861,0.000277202,4.06957e-05,4.06889e-05,4.0442e-05,4.10005e-05,-0.216827,8,2,0,0.0101708,692,0,False,nan,nan,nan,nan,nan,nan,nan,nan,nan,nan,13,17
ablation_control,matched,alternating,2,33,5,20,8000,4.97013,4.94411e-05,0.000246268,3.77423e-05,1,5.31704,5.31346,8.3774,nan,0.113756,nan,0.00300665,5.11902,5.25131,5.40997,True,4.99042,4.99223,4.97576,4.99926,4.9441e-05,4.94629e-05,4.90815e-05,4.97708e-05,0.000246337,0.000244677,0.000211098,0.000285264,3.77584e-05,3.77636e-05,3.7509e-05,3.80052e-05,0.172147,5,2,0,0.00936676,721,0,False,nan,nan,nan,nan,nan,nan,nan,nan,nan,nan,13,17
ablation_control,matched,alternating,2,33,6,40,8000,4.97013,4.94411e-05,0.000246268,3.66373e-05,1,9.85179,9.82155,14.0726,nan,0.061203,nan,0.117166,9.58786,9.81216,10.0402,True,4.98691,4.98779,4.97462,4.99812,4.94319e-05,4.94436e-05,4.91209e-05,4.97331e-05,0.000249656,0.000249326,0.000228254,0.000271851,3.65057e-05,3.65011e-05,3.63371e-05,3.66891e-05,-0.247268,6,2,0,0.00850287,775,0,False,nan,nan,nan,nan,nan,nan,nan,nan,nan,nan,13,17
ablation_control,matched,alternating,2,33,7,20,8000,4.97013,4.94411e-05,0.000246268,3.45418e-05,1,4.87371,4.87327,7.66784,nan,0.173854,nan,0.104837,4.68876,4.7787,4.86393,False,4.98655,4.98688,4.97479,4.9974,4.93446e-05,4.9363e-05,4.89837e-05,4.96685e-05,0.000225065,0.000224266,0.000190719,0.000263195,3.45539e-05,3.45539e-05,3.4318e-05,3.48058e-05,0.0793444,6,2,0,0.0101159,688,0,False,nan,nan,nan,nan,nan,nan,nan,nan,nan,nan,13,17
ablation_control,matched,alternating,2,33,8,40,8000,4.97013,4.94411e-05,0.000246268,3.37237e-05,1,9.09328,9.10237,12.9426,nan,0.042529,nan,0.147601,8.87216,9.07191,9.28483,True,4.98317,4.98326,4.96986,4.99518,4.93569e-05,4.93635e-05,4.90103e-05,4.96624e-05,0.000242012,0.000242181,0.00021693,0.000267715,3.36389e-05,3.36381e-05,3.34709e-05,3.38178e-05,-0.204959,6,2,0,0.00945807,730,0,False,nan,nan,nan,nan,nan,nan,nan,nan,nan,nan,13,17
ablation_control,matched,alternating,2,33,9,20,8000,4.97013,4.94411e-05,0.000246268,3.18591e-05,1,4.50106,4.50418,7.07654,nan,0.0953791,nan,0.0689165,4.3523,4.45051,4.5321,True,4.9802,4.98076,4.96482,4.99235,4.93048e-05,4.93152e-05,4.89934e-05,4.95956e-05,0.000242043,0.00024118,0.000200309,0.000284516,3.17812e-05,3.17778e-05,3.15913e-05,3.19794e-05,-0.0405752,4,2,0,0.00901584,792,0,False,nan,nan,nan,nan,nan,nan,nan,nan,nan,nan,13,17
ablation_control,matched,alternating,2,33,10,40,8000,4.97013,4.94411e-05,0.000246268,3.09318e-05,1,8.36257,8.40057,11.8828,nan,0.0219503,nan,0.0248129,8.16907,8.34898,8.51867,True,4.97644,4.97726,4.96265,4.98894,4.93252e-05,4.93337e-05,4.90307e-05,4.95942e-05,0.000268975,0.000268987,0.000240147,0.00029828,3.09946e-05,3.09925e-05,3.08434e-05,3.11558e-05,-0.192976,6,2,0,0.00901584,748,0,False,nan,nan,nan,nan,nan,nan,nan,nan,nan,nan,13,17
ablation_control,matched,alternating,2,33,11,20,8000,4.97013,4.94411e-05,0.000246268,2.93397e-05,1,4.1502,4.14134,6.52346,nan,0.100435,nan,0.0544519,4.01861,4.09636,4.17271,True,4.97446,4.97448,4.96185,4.98753,4.92932e-05,4.9294e-05,4.90106e-05,4.95663e-05,0.000261684,0.000260827,0.000216377,0.00030845,2.93626e-05,2.93593e-05,2.91881e-05,2.95475e-05,-0.103559,4,2,0,0.00921073,853,0,False,nan,nan,nan,nan,nan,nan,nan,nan,nan,nan,13,17
ablation_control,matched,alternating,2,33,12,40,8000,4.97013,4.94411e-05,0.000246268,2.88491e-05,1,7.81495,7.83814,11.0851,nan,0.182621,nan,0.153634,7.54919,7.70662,7.85417,True,4.97501,4.97507,4.96293,4.9871,4.93219e-05,4.93177e-05,4.90743e-05,4.95782e-05,0.000249223,0.00024931,0.000216516,0.000282064,2.87946e-05,2.87906e-05,2.86491e-05,2.89417e-05,-0.164312,6,2,0,0.0092826,792,0,False,nan,nan,nan,nan,nan,nan,nan,nan,nan,nan,13,17
ablation_control,matched,alternating,2,33,13,20,8000,4.97013,4.94411e-05,0.000246268,2.74835e-05,1,3.89115,3.90983,6.11578,nan,0.0831029,nan,0.0540868,3.77475,3.84721,3.91503,True,4.97504,4.97513,4.96293,4.98696,4.92782e-05,4.92763e-05,4.90289e-05,4.95208e-05,0.000241924,0.000240504,0.00019685,0.000295851,2.75401e-05,2.75376e-05,2.73748e-05,2.77183e-05,-0.0900994,4,2,0,0.00944686,783,0,False,nan,nan,nan,nan,nan,nan,nan,nan,nan,nan,13,17
ablation_control,matched,alternating,2,33,14,40,8000,4.97013,4.94411e-05,0.000246268,2.70864e-05,1,7.34981,7.345,10.412,nan,0.102436,nan,0.150776,7.14134,7.29165,7.42367,True,4.97933,4.97924,4.96857,4.98973,4.9286e-05,4.92906e-05,4.90386e-05,4.9515e-05,0.000233083,0.000232381,0.000198782,0.000268942,2.69756e-05,2.69742e-05,2.68428e-05,2.7115e-05,-0.092551,5,2,0,0.00882169,847,0,False,nan,nan,nan,nan,nan,nan,nan,nan,nan,nan,13,17
ablation_control,matched,alternating,2,33,15,20,8000,4.97013,4.94411e-05,0.000246268,2.60494e-05,1,3.6907,3.67513,5.80208,nan,0.100206,nan,0.092489,3.57112,3.6354,3.70444,True,4.97879,4.97867,4.96879,4.98926,4.92593e-05,4.92639e-05,4.90011e-05,4.95034e-05,0.000235072,0.00023458,0.000188248,0.000285023,2.59991e-05,2.59987e-05,2.58332e-05,2.61683e-05,-0.0672143,5,2,0,0.00930238,872,0,False,nan,nan,nan,nan,nan,nan,nan,nan,nan,nan,13,17
ablation_control,matched,alternating,2,33,16,40,8000,4.97013,4.94411e-05,0.000246268,2.57098e-05,1,6.98545,6.96586,9.88547,nan,0.128716,nan,0.143842,6.77129,6.90904,7.03651,True,4.9758,4.97583,4.96374,4.98657,4.92947e-05,4.92954e-05,4.906e-05,4.95275e-05,0.000243474,0.000243419,0.000206313,0.000281888,2.56654e-05,2.56684e-05,2.55309e-05,2.57954e-05,-0.0628974,6,2,0,0.00974338,795,0,False,nan,nan,nan,nan,nan,nan,nan,nan,nan,nan,13,17
ablation_control,matched,alternating,2,33,17,20,8000,4.97013,4.94411e-05,0.000246268,2.46692e-05,1,3.49751,3.51966,5.50052,nan,0.0674971,nan,0.0565198,3.39654,3.461,3.52587,True,4.97587,4.97601,4.96413,4.98703,4.92662e-05,4.92696e-05,4.90178e-05,4.94971e-05,0.000236295,0.000234887,0.000189292,0.00028867,2.47697e-05,2.47691e-05,2.46123e-05,2.49335e-05,-0.172555,4,2,0,0.0100423,879,0,False,nan,nan,nan,nan,nan,nan,nan,nan,nan,nan,13,17
ablation_control,matched,alternating,2,33,18,40,8000,4.97013,4.94411e-05,0.000246268,2.42424e-05,1,6.59604,6.59515,9.33049,nan,0.00909302,nan,0.0748825,6.45825,6.59502,6.72203,True,4.97763,4.97778,4.96684,4.98829,4.9255e-05,4.92601e-05,4.90109e-05,4.94812e-05,0.00021479,0.000213458,0.000180063,0.000252594,2.41375e-05,2.41366e-05,2.40239e-05,2.42548e-05,-0.0540503,5,2,0,0.00906854,843,0,False,nan,nan,nan,nan,nan,nan,nan,nan,nan,nan,13,17
ablation_control,matched,alternating,2,33,19,20,8000,4.97013,4.94411e-05,0.000246268,2.31854e-05,1,3.28954,3.25326,5.17456,nan,0.0078312,nan,0.0166553,3.23374,3.29095,3.35132,True,4.97802,4.97815,4.96692,4.98892,4.92602e-05,4.92642e-05,4.90141e-05,4.94977e-05,0.000222627,0.000219997,0.000175971,0.000276414,2.31157e-05,2.31174e-05,2.29694e-05,2.32612e-05,-0.121056,3,2,0,0.00886481,995,0,False,nan,nan,nan,nan,nan,nan,nan,nan,nan,nan,13,17
ablation_control,matched,alternating,2,33,20,40,8000,4.97013,4.94411e-05,0.000246268,2.2259e-05,1,6.06793,6.04974,8.58647,nan,0.19951,nan,0.180567,6.06852,6.1849,6.29741,False,4.97911,4.97954,4.96819,4.98973,4.92295e-05,4.92325e-05,4.89854e-05,4.94449e-05,0.000262178,0.000262329,0.000216307,0.000309552,2.22329e-05,2.22327e-05,2.21109e-05,2.23579e-05,-0.0483864,7,2,0,0.00991701,740,0,False,nan,nan,nan,nan,nan,nan,nan,nan,nan,nan,13,17
ablation_control,matched,alternating,2,34,1,20,8000,0.00242178,7.38486e-05,0.000343318,7.38486e-05,1,9.42089,9.40916,2.52211,nan,3.63087,nan,0,5.26226,7.92697,11.7102,True,0.00243607,0.00242991,0.00235491,0.00254316,7.31811e-05,7.27875e-05,6.75697e-05,7.80537e-05,0.000359627,0.000358332,0.000312239,0.000409727,7.31811e-05,7.27875e-05,6.75697e-05,7.80537e-05,0.0756027,16,2,0,0.0257131,874,0,False,nan,nan,nan,nan,nan,nan,nan,nan,nan,nan,13,8
ablation_control,matched,alternating,2,34,2,40,8000,0.00242178,7.38486e-05,0.000343318,6.66019e-05,1,16.4239,16.424,4.11216,nan,0.303582,nan,0.072579,14.1742,15.9799,18.3982,True,0.00237161,0.00237322,0.002319,0.00242367,7.39648e-05,7.40201e-05,7.1895e-05,7.60668e-05,0.000350331,0.000350667,0.000333512,0.00036642,6.67227e-05,6.66974e-05,6.56168e-05,6.8055e-05,0.128379,11,2,0,0.0168591,1428,0,False,nan,nan,nan,nan,nan,nan,nan,nan,nan,nan,13,8
ablation_control,matched,alternating,2,34,3,20,8000,0.00242178,7.38486e-05,0.000343318,5.57103e-05,1,7.19153,7.21215,1.69433,nan,0.0363366,nan,0.0474393,6.8487,7.21733,7.61598,True,0.00236682,0.00236752,0.00231867,0.00241507,7.40502e-05,7.41142e-05,7.29102e-05,7.52375e-05,0.000347109,0.000347184,0.000302898,0.000393645,5.59404e-05,5.5945e-05,5.51699e-05,5.67615e-05,-0.0825196,5,2,0,0.0108795,978,0,False,nan,nan,nan,nan,nan,nan,nan,nan,nan,nan,13,8
ablation_control,matched,alternating,2,34,4,40,8000,0.00242178,7.38486e-05,0.000343318,5.16948e-05,1,12.9851,12.9968,3.03335,nan,0.0460824,nan,0.00517158,12.5312,13.0246,13.4869,True,0.00237522,0.00237468,0.0023334,0.0024172,7.39525e-05,7.39573e-05,7.31005e-05,7.47636e-05,0.000325242,0.000325399,0.000301362,0.000348576,5.15796e-05,5.15841e-05,5.11423e-05,5.19758e-05,0.0505146,6,2,0,0.0086496,896,0,False,nan,nan,nan,nan,nan,nan,nan,nan,nan,nan,13,8
ablation_control,matched,alternating,2,34,5,20,8000,0.00242178,7.38486e-05,0.000343318,4.46798e-05,1,5.80992,5.79586,1.36823,nan,0.0946723,nan,0.0572156,5.74862,5.90227,6.05846,True,0.00238857,0.00238931,0.00234829,0.00242559,7.41229e-05,7.41536e-05,7.32741e-05,7.48519e-05,0.000340652,0.000339363,0.000286645,0.000398193,4.47318e-05,4.47537e-05,4.42089e-05,4.51433e-05,-0.0257622,5,2,0,0.0101632,861,0,False,nan,nan,nan,nan,nan,nan,nan,nan,nan,nan,13,8
ablation_control,matched,alternating,2,34,6,40,8000,0.00242178,7.38486e-05,0.000343318,4.21911e-05,1,10.7265,10.7397,2.55298,nan,0.0178406,nan,0.0355138,10.4281,10.7363,11.0568,True,0.00239521,0.00239588,0.00235843,0.00243055,7.41345e-05,7.41774e-05,7.34021e-05,7.47391e-05,0.000348402,0.000348193,0.000316547,0.000382416,4.21976e-05,4.21898e-05,4.193e-05,4.24885e-05,0.0447636,5,2,0,0.00823175,913,0,False,nan,nan,nan,nan,nan,nan,nan,nan,nan,nan,13,8
ablation_control,matched,alternating,2,34,7,20,8000,0.00242178,7.38486e-05,0.000343318,3.86662e-05,1,5.04821,5.07879,1.20574,nan,0.145393,nan,0.122675,4.80061,4.90496,5.00757,False,0.00239088,0.00239282,0.00235068,0.0024233,7.37809e-05,7.3816e-05,7.28535e-05,7.46017e-05,0.00034283,0.000340094,0.000285135,0.000407788,3.87232e-05,3.8732e-05,3.83031e-05,3.91345e-05,-0.0945481,7,2,0,0.0155139,715,0,False,nan,nan,nan,nan,nan,nan,nan,nan,nan,nan,13,8
ablation_control,matched,alternating,2,34,8,40,8000,0.00242178,7.38486e-05,0.000343318,3.63967e-05,1,9.32272,9.33268,2.27724,nan,0.0718118,nan,0.0692014,9.05643,9.39618,9.72281,True,0.00238828,0.00239017,0.00235004,0.00241923,7.37232e-05,7.37602e-05,7.28843e-05,7.45758e-05,0.000315205,0.000315781,0.000275699,0.000356078,3.63259e-05,3.63226e-05,3.60289e-05,3.66144e-05,0.100175,5,2,0,0.0142071,820,0,False,nan,nan,nan,nan,nan,nan,nan,nan,nan,nan,13,8
ablation_control,matched,alternating,2,34,9,20,8000,0.00242178,7.38486e-05,0.000343318,3.34557e-05,1,4.38327,4.39616,1.089,nan,0.0155587,nan,0.0571197,4.24336,4.36663,4.51197,True,0.00238893,0.00239007,0.00235431,0.00241957,7.36951e-05,7.37067e-05,7.29399e-05,7.44453e-05,0.000311366,0.000309781,0.000254114,0.000372218,3.33496e-05,3.33528e-05,3.30119e-05,3.36846e-05,-0.0854489,4,2,0,0.0130623,891,0,False,nan,nan,nan,nan,nan,nan,nan,nan,nan,nan,13,8
ablation_control,matched,alternating,2,34,10,40,8000,0.00242178,7.38486e-05,0.000343318,3.16702e-05,1,8.1622,8.12802,2.08328,nan,0.103969,nan,0.0713937,8.00873,8.26579,8.51164,True,0.00238966,0.00239116,0.00235674,0.00241888,7.3653e-05,7.36319e-05,7.29786e-05,7.43251e-05,0.000369074,0.000370026,0.000316653,0.000420262,3.17092e-05,3.17108e-05,3.14517e-05,3.19634e-05,0.0574414,5,2,0,0.0118175,873,0,False,nan,nan,nan,nan,nan,nan,nan,nan,nan,nan,13,8
ablation_control,matched,alternating,2,34,11,20,8000,0.00242178,7.38486e-05,0.000343318,2.93424e-05,1,3.85507,3.84791,1.00792,nan,0.0498522,nan,0.0343908,3.71151,3.80305,3.90813,True,0.00239068,0.00239198,0.00235731,0.00241869,7.35953e-05,7.35777e-05,7.29375e-05,7.42519e-05,0.000362417,0.000359766,0.000294823,0.000434654,2.91392e-05,2.91332e-05,2.88633e-05,2.94312e-05,-0.0493013,3,2,0,0.0114957,989,0,False,nan,nan,nan,nan,nan,nan,nan,nan,nan,nan,13,8
ablation_control,matched,alternating,2,34,12,40,8000,0.00242178,7.38486e-05,0.000343318,2.86571e-05,1,7.41496,7.41114,1.89844,nan,0.211009,nan,0.119439,7.0024,7.20665,7.40217,False,0.00238329,0.00238369,0.00235277,0.00241502,7.3737e-05,7.37514e-05,7.311e-05,7.43325e-05,0.000295916,0.000295215,0.000246535,0.000350263,2.84888e-05,2.8483e-05,2.82702e-05,2.87265e-05,0.0444514,7,2,0,0.0120105,797,0,False,nan,nan,nan,nan,nan,nan,nan,nan,nan,nan,13,8
ablation_control,matched,alternating,2,34,13,20,8000,0.00242178,7.38486e-05,0.000343318,2.62405e-05,1,3.45481,3.45305,0.940292,nan,0.0684753,nan,0.0362732,3.4364,3.52254,3.60766,True,0.00238559,0.00238534,0.00235488,0.00241784,7.38242e-05,7.38267e-05,7.32062e-05,7.44506e-05,0.000322487,0.000319948,0.000252915,0.000402638,2.62464e-05,2.62447e-05,2.59771e-05,2.65204e-05,-0.0774022,4,2,0,0.0127851,873,0,False,nan,nan,nan,nan,nan,nan,nan,nan,nan,nan,13,8
ablation_control,matched,alternating,2,34,14,40,8000,0.00242178,7.38486e-05,0.000343318,2.53471e-05,1,6.58731,6.56484,1.79686,nan,0.0161906,nan,0.00963381,6.40613,6.60005,6.78025,True,0.00238363,0.00238324,0.00235298,0.00241526,7.38158e-05,7.38151e-05,7.32377e-05,7.44066e-05,0.000349981,0.000350404,0.000285503,0.000415432,2.53042e-05,2.53035e-05,2.50903e-05,2.55225e-05,0.0405506,4,2,0,0.0119697,916,0,False,nan,nan,nan,nan,nan,nan,nan,nan,nan,nan,13,8
ablation_control,matched,alternating,2,34,15,20,8000,0.00242178,7.38486e-05,0.000343318,2.38002e-05,1,3.13874,3.1409,0.880054,nan,0.0241039,nan,0.0184964,3.04055,3.11475,3.19698,True,0.00238599,0.00238552,0.00235593,0.00241671,7.37992e-05,7.38021e-05,7.32063e-05,7.44028e-05,0.000326933,0.000324164,0.000256694,0.000405909,2.37182e-05,2.37147e-05,2.34719e-05,2.39814e-05,-0.0366771,2,2,0,0.0116843,1115,0,False,nan,nan,nan,nan,nan,nan,nan,nan,nan,nan,13,8
ablation_control,matched,alternating,2,34,16,40,8000,0.00242178,7.38486e-05,0.000343318,2.2852e-05,1,5.95865,5.91565,1.70389,nan,0.0378098,nan,0.0458048,5.84255,5.99368,6.14519,True,0.00238034,0.00237956,0.00235107,0.00241179,7.37708e-05,7.37703e-05,7.31631e-05,7.43937e-05,0.000324563,0.000322475,0.000260297,0.000394398,2.26965e-05,2.26937e-05,2.25128e-05,2.28854e-05,0.0146725,5,2,0,0.0119139,958,0,False,nan,nan,nan,nan,nan,nan,nan,nan,nan,nan,13,8
ablation_control,matched,alternating,2,34,17,20,8000,0.00242178,7.38486e-05,0.000343318,2.1365e-05,1,2.82227,2.81548,0.850077,nan,0.014318,nan,0.0139455,2.76659,2.83456,2.90793,True,0.00238095,0.00238029,0.00235125,0.00241298,7.37811e-05,7.37793e-05,7.31934e-05,7.43823e-05,0.00033736,0.000334838,0.000259299,0.000425411,2.13213e-05,2.13204e-05,2.10862e-05,2.15617e-05,-0.024213,2,2,0,0.0115443,1163,0,False,nan,nan,nan,nan,nan,nan,nan,nan,nan,nan,13,8
ablation_control,matched,alternating,2,34,18,40,8000,0.00242178,7.38486e-05,0.000343318,2.08098e-05,1,5.441,5.42247,1.62218,nan,0.0282863,nan,0.0170349,5.27217,5.41426,5.55477,True,0.00238383,0.00238307,0.00235544,0.00241529,7.37712e-05,7.37638e-05,7.31934e-05,7.43565e-05,0.000342209,0.000338806,0.00026934,0.000421856,2.07714e-05,2.0771e-05,2.05991e-05,2.09565e-05,0.0898691,4,2,0,0.0108493,1022,0,False,nan,nan,nan,nan,nan,nan,nan,nan,nan,nan,13,8
ablation_control,matched,alternating,2,34,19,20,8000,0.00242178,7.38486e-05,0.000343318,1.97494e-05,1,2.61174,2.626,0.799995,nan,0.0120103,nan,0.0120008,2.54111,2.60058,2.66241,True,0.00238531,0.00238489,0.00235593,0.00241699,7.37475e-05,7.37515e-05,7.31598e-05,7.43494e-05,0.00031384,0.000312399,0.000242274,0.000394161,1.97543e-05,1.97515e-05,1.95288e-05,1.99729e-05,0.0103043,2,2,0,0.0106115,1201,0,False,nan,nan,nan,nan,nan,nan,nan,nan,nan,nan,13,8
ablation_control,matched,alternating,2,34,20,40,8000,0.00242178,7.38486e-05,0.000343318,1.91982e-05,1,5.03051,5.00105,1.53755,nan,0.0235115,nan,0.00487869,4.92987,5.0512,5.18303,True,0.00238732,0.00238712,0.00235778,0.00241803,7.37126e-05,7.36965e-05,7.31515e-05,7.4306e-05,0.000359736,0.000357277,0.000282464,0.000447158,1.91576e-05,1.91568e-05,1.89845e-05,1.93313e-05,0.0975401,4,2,0,0.010389,1048,0,False,nan,nan,nan,nan,nan,nan,nan,nan,nan,nan,13,8
ablation_control,matched,alternating,2,35,1,20,8000,0.274584,7.31756e-05,0.000173687,7.31756e-05,1,9.68727,9.68075,5.9999,nan,3.42749,nan,0,5.24738,7.83828,11.8939,True,0.273133,0.273438,0.270126,0.275917,7.14315e-05,7.12384e-05,6.59198e-05,7.87485e-05,0.000220349,0.000219807,0.000186832,0.000256153,7.14315e-05,7.12384e-05,6.59198e-05,7.87485e-05,0.0329598,17,2,0,0.0106803,789,0,False,nan,nan,nan,nan,nan,nan,nan,nan,nan,nan,13,15
ablation_control,matched,alternating,2,35,2,40,8000,0.274584,7.31756e-05,0.000173687,7.11433e-05,1,18.3031,18.3317,7.27558,nan,1.67473,nan,0.405977,14.5821,16.628,19.3913,True,0.274749,0.274747,0.27365,0.275894,7.47281e-05,7.47213e-05,7.30289e-05,7.6532e-05,0.000176289,0.000176509,0.000165298,0.000186702,7.04406e-05,7.04391e-05,6.92852e-05,7.15839e-05,-0.0660061,14,2,0,0.0157259,1450,0,False,nan,nan,nan,nan,nan,nan,nan,nan,nan,nan,13,15
ablation_control,matched,alternating,2,35,3,20,8000,0.274584,7.31756e-05,0.000173687,6.54764e-05,1,8.69065,8.71618,5.50169,nan,0.405899,nan,0.124231,7.92754,8.33656,8.80237,True,0.274262,0.274264,0.273249,0.275272,7.38183e-05,7.37768e-05,7.2082e-05,7.5379e-05,0.00017222,0.000171611,0.000148134,0.000197839,6.58747e-05,6.58406e-05,6.43735e-05,6.7269e-05,-0.0106643,8,2,0,0.0265549,621,0,False,nan,nan,nan,nan,nan,nan,nan,nan,nan,nan,13,15
ablation_control,matched,alternating,2,35,4,40,8000,0.274584,7.31756e-05,0.000173687,6.35981e-05,1,16.4428,16.4659,6.83956,nan,0.102157,nan,0.265886,15.3568,16.3539,17.3468,True,0.274658,0.274685,0.273788,0.275459,7.39394e-05,7.39515e-05,7.28286e-05,7.49647e-05,0.000168502,0.000168603,0.000155328,0.000181356,6.32727e-05,6.32444e-05,6.26147e-05,6.39776e-05,-0.153383,8,2,0,0.0225376,663,0,False,nan,nan,nan,nan,nan,nan,nan,nan,nan,nan,13,15
ablation_control,matched,alternating,2,35,5,20,8000,0.274584,7.31756e-05,0.000173687,5.82836e-05,1,7.7549,7.70757,4.9658,nan,0.0695816,nan,0.0118986,7.31422,7.69268,8.09763,True,0.274833,0.27486,0.273963,0.27562,7.39195e-05,7.39193e-05,7.30645e-05,7.4821e-05,0.000176902,0.000176755,0.000149607,0.000205888,5.83478e-05,5.83565e-05,5.76348e-05,5.90163e-05,0.0418873,5,2,0,0.0183258,712,0,False,nan,nan,nan,nan,nan,nan,nan,nan,nan,nan,13,15
ablation_control,matched,alternating,2,35,6,40,8000,0.274584,7.31756e-05,0.000173687,5.61319e-05,1,14.584,14.5808,6.13813,nan,0.0422112,nan,0.0395945,14.012,14.619,15.2638,True,0.275017,0.275049,0.274269,0.275705,7.38918e-05,7.39007e-05,7.32352e-05,7.45521e-05,0.000183674,0.000183565,0.000167609,0.000199575,5.59238e-05,5.59149e-05,5.55458e-05,5.63195e-05,-0.17176,6,2,0,0.0152262,676,0,False,nan,nan,nan,nan,nan,nan,nan,nan,nan,nan,13,15
ablation_control,matched,alternating,2,35,7,20,8000,0.274584,7.31756e-05,0.000173687,5.18537e-05,1,6.91453,6.8933,4.44415,nan,0.096179,nan,0.0243271,6.61902,6.82843,7.04707,True,0.275086,0.275088,0.274359,0.275803,7.38146e-05,7.38069e-05,7.32619e-05,7.44192e-05,0.000160228,0.000159871,0.000135162,0.000185458,5.20637e-05,5.2053e-05,5.16606e-05,5.24721e-05,0.0549369,6,2,0,0.0138131,658,0,False,nan,nan,nan,nan,nan,nan,nan,nan,nan,nan,13,15
ablation_control,matched,alternating,2,35,8,40,8000,0.274584,7.31756e-05,0.000173687,5.04591e-05,1,13.1596,13.2042,5.6154,nan,0.0711569,nan,0.116117,12.835,13.2171,13.6398,True,0.275061,0.275072,0.274396,0.275708,7.38044e-05,7.37976e-05,7.33115e-05,7.43083e-05,0.00016429,0.000164299,0.000146233,0.000182874,5.03302e-05,5.03359e-05,5.00551e-05,5.06041e-05,-0.0935477,6,2,0,0.0124689,779,0,False,nan,nan,nan,nan,nan,nan,nan,nan,nan,nan,13,15
ablation_control,matched,alternating,2,35,9,20,8000,0.274584,7.31756e-05,0.000173687,4.75158e-05,1,6.34551,6.36039,4.12231,nan,0.0903198,nan,0.0626749,6.10221,6.26733,6.42267,True,0.275105,0.275105,0.274411,0.275742,7.37225e-05,7.36977e-05,7.32555e-05,7.42402e-05,0.000164431,0.000163706,0.000135726,0.000195922,4.77723e-05,4.77668e-05,4.74278e-05,4.81299e-05,0.0596293,4,2,0,0.0126519,832,0,False,nan,nan,nan,nan,nan,nan,nan,nan,nan,nan,13,15
ablation_control,matched,alternating,2,35,10,40,8000,0.274584,7.31756e-05,0.000173687,4.53331e-05,1,11.8633,11.8661,5.06334,nan,0.335593,nan,0.172497,11.8818,12.175,12.5042,False,0.275241,0.275265,0.274551,0.275851,7.3637e-05,7.36346e-05,7.31564e-05,7.41251e-05,0.000181782,0.000181479,0.000158763,0.000206634,4.53406e-05,4.53367e-05,4.5071e-05,4.5616e-05,0.0121052,8,2,0,0.0137042,680,0,False,nan,nan,nan,nan,nan,nan,nan,nan,nan,nan,13,15
ablation_control,matched,alternating,2,35,11,20,8000,0.274584,7.31756e-05,0.000173687,4.27886e-05,1,5.72349,5.75271,3.71072,nan,0.069889,nan,0.0276599,5.51866,5.66103,5.80676,True,0.275118,0.275127,0.274446,0.275754,7.35961e-05,7.35867e-05,7.31222e-05,7.40876e-05,0.000166803,0.000165291,0.000137595,0.000201855,4.29135e-05,4.29191e-05,4.26066e-05,4.32267e-05,-0.0464686,4,2,0,0.0133925,752,0,False,nan,nan,nan,nan,nan,nan,nan,nan,nan,nan,13,15
ablation_control,matched,alternating,2,35,12,40,8000,0.274584,7.31756e-05,0.000173687,4.14749e-05,1,10.8817,10.8778,4.68208,nan,0.109608,nan,0.0162896,10.687,10.9826,11.2921,True,0.275222,0.275218,0.274615,0.275815,7.35525e-05,7.35405e-05,7.30683e-05,7.40267e-05,0.00016298,0.000162825,0.000139508,0.000186591,4.13007e-05,4.12957e-05,4.10613e-05,4.15383e-05,-0.0524274,6,2,0,0.0130427,717,0,False,nan,nan,nan,nan,nan,nan,nan,nan,nan,nan,13,15
ablation_control,matched,alternating,2,35,13,20,8000,0.274584,7.31756e-05,0.000173687,3.95284e-05,1,5.29334,5.28833,3.45033,nan,0.0692425,nan,0.0532064,5.10513,5.23157,5.36068,True,0.275187,0.275162,0.274623,0.275789,7.35236e-05,7.35148e-05,7.30362e-05,7.40374e-05,0.000159741,0.000158542,0.000128555,0.000194428,3.94623e-05,3.94579e-05,3.9163e-05,3.97564e-05,-0.0389497,3,2,0,0.0124713,860,0,False,nan,nan,nan,nan,nan,nan,nan,nan,nan,nan,13,15
ablation_control,matched,alternating,2,35,14,40,8000,0.274584,7.31756e-05,0.000173687,3.86581e-05,1,10.162,10.134,4.45287,nan,0.0180402,nan,0.0547028,9.88879,10.1515,10.3984,True,0.275281,0.275269,0.274723,0.275898,7.35173e-05,7.35114e-05,7.30729e-05,7.39312e-05,0.000173497,0.000173197,0.000147191,0.000202666,3.84841e-05,3.84805e-05,3.82761e-05,3.87011e-05,-0.0327708,5,2,0,0.011758,767,0,False,nan,nan,nan,nan,nan,nan,nan,nan,nan,nan,13,15
ablation_control,matched,alternating,2,35,15,20,8000,0.274584,7.31756e-05,0.000173687,3.63573e-05,1,4.87401,4.8886,3.17688,nan,0.0127927,nan,0.0464777,4.77543,4.88156,4.99733,True,0.275262,0.275253,0.274705,0.27585,7.3502e-05,7.34933e-05,7.30852e-05,7.39335e-05,0.000165689,0.000164593,0.000132433,0.000201586,3.65906e-05,3.659e-05,3.63383e-05,3.68506e-05,-0.0466443,4,2,0,0.0112056,783,0,False,nan,nan,nan,nan,nan,nan,nan,nan,nan,nan,13,15
ablation_control,matched,alternating,2,35,16,40,8000,0.274584,7.31756e-05,0.000173687,3.527e-05,1,9.29258,9.26171,4.02896,nan,0.152473,nan,0.0485517,9.22851,9.42887,9.66015,True,0.275249,0.275241,0.274753,0.275777,7.34599e-05,7.34695e-05,7.30177e-05,7.38862e-05,0.000200114,0.000200061,0.000166332,0.000233219,3.52532e-05,3.52577e-05,3.50314e-05,3.54662e-05,0.00937798,6,2,0,0.0112745,744,0,False,nan,nan,nan,nan,nan,nan,nan,nan,nan,nan,13,15
ablation_control,matched,alternating,2,35,17,20,8000,0.274584,7.31756e-05,0.000173687,3.31107e-05,1,4.44377,4.5024,2.87503,nan,0.0193988,nan,0.0752804,4.36137,4.45705,4.55842,True,0.275208,0.275198,0.274702,0.27574,7.3463e-05,7.34664e-05,7.30251e-05,7.38943e-05,0.000198319,0.000196676,0.000157905,0.000242228,3.33887e-05,3.33888e-05,3.31341e-05,3.36416e-05,-0.0637546,3,2,0,0.0110435,922,0,False,nan,nan,nan,nan,nan,nan,nan,nan,nan,nan,13,15
ablation_control,matched,alternating,2,35,18,40,8000,0.274584,7.31756e-05,0.000173687,3.25473e-05,1,8.59107,8.58595,3.7051,nan,0.0303811,nan,0.0524984,8.37959,8.56577,8.75617,True,0.275089,0.275081,0.274581,0.275614,7.34438e-05,7.34378e-05,7.30482e-05,7.3869e-05,0.00017813,0.000176714,0.000147343,0.00021196,3.2483e-05,3.24842e-05,3.22769e-05,3.26753e-05,-0.0583243,4,2,0,0.0105426,934,0,False,nan,nan,nan,nan,nan,nan,nan,nan,nan,nan,13,15
ablation_control,matched,alternating,2,35,19,20,8000,0.274584,7.31756e-05,0.000173687,3.11235e-05,1,4.17993,4.16114,2.71613,nan,0.0249983,nan,0.000763056,4.07398,4.1572,4.23984,True,0.275065,0.275057,0.274581,0.275575,7.34455e-05,7.34409e-05,7.30426e-05,7.38816e-05,0.000184583,0.000183053,0.000144023,0.000227923,3.0936e-05,3.09384e-05,3.06919e-05,3.11682e-05,-0.0161252,3,2,0,0.0102426,1002,0,False,nan,nan,nan,nan,nan,nan,nan,nan,nan,nan,13,15
ablation_control,matched,alternating,2,35,20,40,8000,0.274584,7.31756e-05,0.000173687,3.00464e-05,1,7.94444,7.96363,3.39117,nan,0.0577568,nan,0.112006,7.82286,7.99633,8.17238,True,0.275027,0.275017,0.274538,0.275521,7.34168e-05,7.34008e-05,7.3008e-05,7.38758e-05,0.000201788,0.000201497,0.0001641,0.000240401,3.01108e-05,3.01125e-05,2.99171e-05,3.02962e-05,-0.0699124,4,2,0,0.00993919,925,0,False,nan,nan,nan,nan,nan,nan,nan,nan,nan,nan,13,15
ablation_control,matched,alternating,2,36,1,20,8000,0.192736,5.91761e-05,0.000232007,5.91761e-05,1,7.79687,7.80375,3.48052,nan,1.65183,nan,0,5.19156,7.88172,11.6826,True,0.19259,0.192604,0.190621,0.194768,5.88874e-05,5.83231e-05,5.35495e-05,6.65208e-05,0.00021593,0.000215604,0.000163625,0.000265543,5.88874e-05,5.83231e-05,5.35495e-05,6.65208e-05,-0.0856577,16,2,0,0.016858,804,0,False,nan,nan,nan,nan,nan,nan,nan,nan,nan,nan,13,15
ablation_control,matched,alternating,2,36,2,40,8000,0.192736,5.91761e-05,0.000232007,5.55991e-05,1,14.238,14.2466,3.09795,nan,0.141719,nan,0.114215,12.2671,14.1426,17.5421,True,0.193137,0.193137,0.191942,0.194237,5.86539e-05,5.86267e-05,5.67581e-05,6.05635e-05,0.000226785,0.000226726,0.000209136,0.000244748,5.58669e-05,5.58484e-05,5.47781e-05,5.71563e-05,-0.0936408,11,2,0,0.0188503,1359,0,False,nan,nan,nan,nan,nan,nan,nan,nan,nan,nan,13,15
ablation_control,matched,alternating,2,36,3,20,8000,0.192736,5.91761e-05,0.000232007,5.01783e-05,1,6.63825,6.6056,2.96241,nan,0.136509,nan,0.0210312,6.32952,6.75421,7.21979,True,0.193337,0.193329,0.192316,0.194333,5.90491e-05,5.9005e-05,5.81254e-05,6.03042e-05,0.000242338,0.000241405,0.000202154,0.000282737,5.00317e-05,5.0018e-05,4.92297e-05,5.0962e-05,-0.12769,6,2,0,0.0150227,884,0,False,nan,nan,nan,nan,nan,nan,nan,nan,nan,nan,13,15
ablation_control,matched,alternating,2,36,4,40,8000,0.192736,5.91761e-05,0.000232007,4.84726e-05,1,12.4903,12.4954,2.70767,nan,0.22859,nan,0.143068,11.7206,12.2459,12.8932,True,0.192973,0.192976,0.192091,0.193823,5.92943e-05,5.92946e-05,5.836e-05,6.02532e-05,0.000236946,0.000236974,0.000214869,0.000258826,4.84322e-05,4.84174e-05,4.79293e-05,4.90294e-05,0.0313231,7,2,0,0.0159112,666,0,False,nan,nan,nan,nan,nan,nan,nan,nan,nan,nan,13,15
ablation_control,matched,alternating,2,36,5,20,8000,0.192736,5.91761e-05,0.000232007,4.46618e-05,1,5.92327,5.94495,2.64135,nan,0.0768622,nan,0.0353077,5.60716,5.84992,6.09229,True,0.192991,0.192986,0.192215,0.193745,5.91312e-05,5.91465e-05,5.8371e-05,5.98554e-05,0.000227757,0.000226945,0.000192446,0.000267319,4.47956e-05,4.47844e-05,4.42641e-05,4.53388e-05,-0.048678,5,2,0,0.0137867,722,0,False,nan,nan,nan,nan,nan,nan,nan,nan,nan,nan,13,15
ablation_control,matched,alternating,2,36,6,40,8000,0.192736,5.91761e-05,0.000232007,4.29864e-05,1,11.1302,11.1558,2.4211,nan,0.0196825,nan,0.0330131,10.741,11.1512,11.5259,True,0.192995,0.192973,0.192312,0.193695,5.91209e-05,5.91313e-05,5.85442e-05,5.96407e-05,0.000212438,0.000212705,0.000188281,0.000237852,4.29333e-05,4.29366e-05,4.26422e-05,4.32282e-05,-0.0201416,5,2,0,0.0108321,793,0,False,nan,nan,nan,nan,nan,nan,nan,nan,nan,nan,13,15
ablation_control,matched,alternating,2,36,7,20,8000,0.192736,5.91761e-05,0.000232007,4.0048e-05,1,5.32255,5.31927,2.3765,nan,0.00871593,nan,0.0407058,5.179,5.31661,5.44959,True,0.193061,0.193061,0.19237,0.193742,5.91013e-05,5.91144e-05,5.86282e-05,5.95548e-05,0.000222787,0.000221747,0.000183529,0.000266905,4.00401e-05,4.0036e-05,3.97213e-05,4.03515e-05,-0.0224929,3,2,0,0.00912818,960,0,False,nan,nan,nan,nan,nan,nan,nan,nan,nan,nan,13,15
ablation_control,matched,alternating,2,36,8,40,8000,0.192736,5.91761e-05,0.000232007,3.86558e-05,1,10.0473,10.0543,2.20104,nan,0.0169057,nan,0.0165934,9.81333,10.0625,10.2954,True,0.193075,0.193063,0.192389,0.193764,5.91021e-05,5.91095e-05,5.86933e-05,5.95039e-05,0.000224353,0.000223833,0.000195403,0.000254765,3.86347e-05,3.86325e-05,3.8408e-05,3.88757e-05,-0.0143121,5,2,0,0.00819275,886,0,False,nan,nan,nan,nan,nan,nan,nan,nan,nan,nan,13,15
ablation_control,matched,alternating,2,36,9,20,8000,0.192736,5.91761e-05,0.000232007,3.58359e-05,1,4.77193,4.82901,2.13072,nan,0.0416245,nan,0.0281509,4.72015,4.80911,4.8951,True,0.192951,0.192953,0.19228,0.193648,5.91049e-05,5.91032e-05,5.87128e-05,5.95006e-05,0.00022725,0.000226326,0.000186224,0.000271353,3.61144e-05,3.61107e-05,3.58512e-05,3.63878e-05,-0.0663199,3,2,0,0.00770548,983,0,False,nan,nan,nan,nan,nan,nan,nan,nan,nan,nan,13,15
ablation_control,matched,alternating,2,36,10,40,8000,0.192736,5.91761e-05,0.000232007,3.44966e-05,1,8.99957,8.99455,1.96416,nan,0.120071,nan,0.0442042,8.92813,9.11579,9.29113,True,0.192859,0.192851,0.192199,0.193502,5.907e-05,5.90586e-05,5.8684e-05,5.94777e-05,0.000244332,0.000244205,0.00020923,0.000279383,3.4588e-05,3.45905e-05,3.43734e-05,3.4806e-05,-0.039441,5,2,0,0.00801445,900,0,False,nan,nan,nan,nan,nan,nan,nan,nan,nan,nan,13,15
ablation_control,matched,alternating,2,36,11,20,8000,0.192736,5.91761e-05,0.000232007,3.247e-05,1,4.33041,4.32859,1.93396,nan,0.0133128,nan,0.0114662,4.24188,4.31595,4.39683,True,0.192871,0.192866,0.192247,0.193499,5.90508e-05,5.90482e-05,5.8671e-05,5.94376e-05,0.000227851,0.000227625,0.000182144,0.000275442,3.24345e-05,3.24341e-05,3.2196e-05,3.26721e-05,-0.0442687,3,2,0,0.00779251,938,0,False,nan,nan,nan,nan,nan,nan,nan,nan,nan,nan,13,15
ablation_control,matched,alternating,2,36,12,40,8000,0.192736,5.91761e-05,0.000232007,3.20034e-05,1,8.36779,8.36996,1.85499,nan,0.139128,nan,0.130736,8.07325,8.234,8.39221,True,0.193047,0.193047,0.192444,0.193648,5.90843e-05,5.90911e-05,5.86925e-05,5.9481e-05,0.000207379,0.000206693,0.000172716,0.000244087,3.19477e-05,3.19442e-05,3.17516e-05,3.21531e-05,-0.0653297,6,2,0,0.00845538,819,0,False,nan,nan,nan,nan,nan,nan,nan,nan,nan,nan,13,15
ablation_control,matched,alternating,2,36,13,20,8000,0.192736,5.91761e-05,0.000232007,2.99685e-05,1,4.00138,4.01579,1.78999,nan,0.0594335,nan,0.0311195,3.98249,4.05368,4.12789,True,0.192993,0.193003,0.192399,0.19355,5.91155e-05,5.9109e-05,5.87526e-05,5.94976e-05,0.000223685,0.00022252,0.000177106,0.00027491,3.00221e-05,3.00213e-05,2.97694e-05,3.02537e-05,0.00593101,3,2,0,0.00862673,968,0,False,nan,nan,nan,nan,nan,nan,nan,nan,nan,nan,13,15
ablation_control,matched,alternating,2,36,14,40,8000,0.192736,5.91761e-05,0.000232007,2.98427e-05,1,7.81801,7.83119,1.7665,nan,0.155313,nan,0.184042,7.50646,7.66772,7.81938,True,0.192947,0.192961,0.192347,0.193524,5.91475e-05,5.91446e-05,5.87636e-05,5.95468e-05,0.000208696,0.00020795,0.000170389,0.000250634,2.97368e-05,2.97343e-05,2.95396e-05,2.99512e-05,-0.161202,6,2,0,0.00893117,847,0,False,nan,nan,nan,nan,nan,nan,nan,nan,nan,nan,13,15
ablation_control,matched,alternating,2,36,15,20,8000,0.192736,5.91761e-05,0.000232007,2.81104e-05,1,3.7565,3.75821,1.68758,nan,0.0326306,nan,0.0208312,3.70983,3.78569,3.85818,True,0.192869,0.192893,0.192225,0.193445,5.91625e-05,5.91622e-05,5.87772e-05,5.95665e-05,0.00021601,0.000214561,0.000170716,0.000270794,2.80916e-05,2.80962e-05,2.78556e-05,2.83208e-05,0.0102133,3,2,0,0.00898669,970,0,False,nan,nan,nan,nan,nan,nan,nan,nan,nan,nan,13,15
ablation_control,matched,alternating,2,36,16,40,8000,0.192736,5.91761e-05,0.000232007,2.6877e-05,1,7.05992,7.05491,1.55851,nan,0.1627,nan,0.134704,7.05946,7.22035,7.36689,True,0.192867,0.192864,0.192289,0.193446,5.9106e-05,5.91136e-05,5.87378e-05,5.94754e-05,0.00025491,0.000254555,0.000206406,0.000305264,2.6955e-05,2.69587e-05,2.67612e-05,2.71466e-05,-0.0992034,6,2,0,0.00989928,773,0,False,nan,nan,nan,nan,nan,nan,nan,nan,nan,nan,13,15
ablation_control,matched,alternating,2,36,17,20,8000,0.192736,5.91761e-05,0.000232007,2.51009e-05,1,3.35899,3.38709,1.49915,nan,0.0572964,nan,0.0700019,3.34025,3.40994,3.48572,True,0.192902,0.192906,0.1923,0.193485,5.91298e-05,5.91329e-05,5.87554e-05,5.9501e-05,0.000261707,0.000258681,0.000206524,0.000325559,2.54383e-05,2.54394e-05,2.52027e-05,2.56682e-05,-0.0261635,2,2,0,0.00962325,994,0,False,nan,nan,nan,nan,nan,nan,nan,nan,nan,nan,13,15
ablation_control,matched,alternating,2,36,18,40,8000,0.192736,5.91761e-05,0.000232007,2.47349e-05,1,6.50986,6.51695,1.42852,nan,0.0137145,nan,0.0569509,6.36721,6.50353,6.64865,True,0.19291,0.192924,0.192316,0.193457,5.91357e-05,5.91373e-05,5.87494e-05,5.95143e-05,0.000252524,0.000251798,0.000203712,0.000306756,2.47771e-05,2.47788e-05,2.46002e-05,2.49502e-05,-0.0941776,4,2,0,0.00953171,991,0,False,nan,nan,nan,nan,nan,nan,nan,nan,nan,nan,13,15
ablation_control,matched,alternating,2,36,19,20,8000,0.192736,5.91761e-05,0.000232007,2.39869e-05,1,3.21158,3.2096,1.43939,nan,0.064119,nan,0.0516153,3.08886,3.15262,3.2181,True,0.192888,0.19291,0.19229,0.19344,5.91157e-05,5.91158e-05,5.87313e-05,5.95022e-05,0.000236777,0.000233971,0.000184547,0.000300945,2.39061e-05,2.39055e-05,2.36754e-05,2.41358e-05,-0.0084959,3,2,0,0.00994936,1026,0,False,nan,nan,nan,nan,nan,nan,nan,nan,nan,nan,13,15
ablation_control,matched,alternating,2,36,20,40,8000,0.192736,5.91761e-05,0.000232007,2.34186e-05,1,6.1708,6.18033,1.37099,nan,0.0125459,nan,0.0102075,6.02452,6.15524,6.30238,True,0.192875,0.192891,0.19231,0.193398,5.91312e-05,5.91265e-05,5.87393e-05,5.95073e-05,0.00023784,0.000237035,0.000187309,0.00029188,2.34622e-05,2.34593e-05,2.32946e-05,2.36366e-05,-0.0740089,4,2,0,0.00986218,974,0,False,nan,nan,nan,nan,nan,nan,nan,nan,nan,nan,13,15
ablation_control,matched,alternating,2,37,1,20,8000,0.366699,0.000106728,0.000220518,0.000106728,1,13.9055,13.9152,11.3961,nan,8.9286,nan,0,5.18874,7.8371,11.8665,False,0.363978,0.363427,0.362116,0.366754,0.000105931,0.000108652,9.38549e-05,0.000112165,0.000229141,0.000229159,0.000213097,0.0002447,0.000105931,0.000108652,9.38549e-05,0.000112165,-0.131025,21,2,0,0.0235843,655,0,False,nan,nan,nan,nan,nan,nan,nan,nan,nan,nan,13,8
ablation_control,matched,alternating,2,37,2,40,8000,0.366699,0.000106728,0.000220518,9.7674e-05,1,24.3713,24.3807,14.7538,nan,0.614853,nan,0.0647471,19.4922,24.6362,26.7026,True,0.366923,0.366967,0.365778,0.367946,0.000106673,0.000106668,0.000104774,0.000108584,0.000220056,0.000220088,0.000213911,0.000226069,9.78026e-05,9.77406e-05,9.67151e-05,9.90479e-05,-0.277419,13,2,0,0.0143461,1414,0,False,nan,nan,nan,nan,nan,nan,nan,nan,nan,nan,13,8
ablation_control,matched,alternating,2,37,3,20,8000,0.366699,0.000106728,0.000220518,8.11373e-05,1,10.6851,10.727,8.44064,nan,0.358242,nan,0.309515,10.5525,10.9488,11.5111,True,0.366748,0.366794,0.365605,0.367724,0.000107343,0.00010737,0.000105997,0.000108671,0.000229538,0.00022942,0.000207834,0.000252816,8.18126e-05,8.18443e-05,8.07838e-05,8.27667e-05,0.0865336,7,2,0,0.0147163,801,0,False,nan,nan,nan,nan,nan,nan,nan,nan,nan,nan,13,8
ablation_control,matched,alternating,2,37,4,40,8000,0.366699,0.000106728,0.000220518,7.48271e-05,1,19.012,19.0403,10.7784,nan,0.350008,nan,0.213603,18.6034,19.3223,20.0509,True,0.366378,0.366394,0.365479,0.367255,0.000106932,0.000106972,0.00010579,0.000108092,0.000231861,0.000232022,0.00022221,0.000241101,7.51585e-05,7.51347e-05,7.46603e-05,7.57413e-05,-0.0659412,8,2,0,0.0157934,694,0,False,nan,nan,nan,nan,nan,nan,nan,nan,nan,nan,13,8
ablation_control,matched,alternating,2,37,5,20,8000,0.366699,0.000106728,0.000220518,6.60896e-05,1,8.75913,8.78767,6.77261,nan,0.0559847,nan,0.0165204,8.43716,8.69851,9.04815,True,0.366481,0.366472,0.365685,0.367312,0.000106763,0.000106733,0.00010582,0.000107727,0.000227782,0.000228051,0.000199906,0.00025618,6.63684e-05,6.63801e-05,6.57463e-05,6.69335e-05,-0.0352331,6,2,0,0.0152616,657,0,False,nan,nan,nan,nan,nan,nan,nan,nan,nan,nan,13,8
ablation_control,matched,alternating,2,37,6,40,8000,0.366699,0.000106728,0.000220518,6.24928e-05,1,16.0379,16.0586,8.84995,nan,0.032214,nan,0.0254538,15.4685,16.0154,16.5729,True,0.366407,0.36638,0.365715,0.367153,0.000106816,0.000106811,0.000105884,0.00010763,0.000221057,0.00022115,0.000207904,0.000233483,6.25902e-05,6.25742e-05,6.22451e-05,6.29677e-05,-0.0240258,6,2,0,0.0128132,686,0,False,nan,nan,nan,nan,nan,nan,nan,nan,nan,nan,13,8
ablation_control,matched,alternating,2,37,7,20,8000,0.366699,0.000106728,0.000220518,5.59746e-05,1,7.45073,7.44899,5.68113,nan,0.0371545,nan,0.0361388,7.28229,7.48227,7.68686,True,0.366376,0.366344,0.365731,0.367136,0.00010694,0.000106983,0.000106146,0.000107647,0.000218846,0.000218505,0.000187219,0.000250364,5.58576e-05,5.5873e-05,5.541e-05,5.62515e-05,-0.0577553,5,2,0,0.0114973,731,0,False,nan,nan,nan,nan,nan,nan,nan,nan,nan,nan,13,8
ablation_control,matched,alternating,2,37,8,40,8000,0.366699,0.000106728,0.000220518,5.32826e-05,1,13.7784,13.7367,7.41612,nan,0.0113874,nan,0.00559388,13.4034,13.7831,14.1186,True,0.366397,0.366382,0.36574,0.367062,0.000106945,0.000106957,0.000106201,0.000107601,0.000215336,0.000215575,0.00019713,0.000232996,5.30283e-05,5.30333e-05,5.27315e-05,5.33172e-05,-0.0180338,6,2,0,0.0105058,748,0,False,nan,nan,nan,nan,nan,nan,nan,nan,nan,nan,13,8
ablation_control,matched,alternating,2,37,9,20,8000,0.366699,0.000106728,0.000220518,4.88532e-05,1,6.52277,6.542,4.93257,nan,0.0592511,nan,0.0338309,6.3381,6.47067,6.63031,True,0.366429,0.366401,0.36576,0.367118,0.000106871,0.000106855,0.000106203,0.000107557,0.000217105,0.000217144,0.000182949,0.000252247,4.89005e-05,4.89026e-05,4.85667e-05,4.92386e-05,-0.00416101,4,2,0,0.010503,805,0,False,nan,nan,nan,nan,nan,nan,nan,nan,nan,nan,13,8
ablation_control,matched,alternating,2,37,10,40,8000,0.366699,0.000106728,0.000220518,4.65252e-05,1,12.0989,12.1098,6.39613,nan,0.105287,nan,0.0768376,11.9058,12.1972,12.4804,True,0.366445,0.366435,0.365825,0.367088,0.000106813,0.000106786,0.000106175,0.000107509,0.000216007,0.00021633,0.00019469,0.000236487,4.65526e-05,4.65555e-05,4.63039e-05,4.67964e-05,0.00322023,6,2,0,0.0101855,819,0,False,nan,nan,nan,nan,nan,nan,nan,nan,nan,nan,13,8
ablation_control,matched,alternating,2,37,11,20,8000,0.366699,0.000106728,0.000220518,4.21716e-05,1,5.64696,5.62996,4.20467,nan,0.145561,nan,0.124276,5.64506,5.76499,5.89119,True,0.366477,0.36647,0.365845,0.367149,0.000107043,0.000107042,0.000106344,0.000107665,0.000221884,0.000221717,0.000185324,0.000262733,4.21977e-05,4.21989e-05,4.18637e-05,4.25003e-05,-0.0592292,6,2,0,0.0116984,692,0,False,nan,nan,nan,nan,nan,nan,nan,nan,nan,nan,13,8
ablation_control,matched,alternating,2,37,12,40,8000,0.366699,0.000106728,0.000220518,4.03102e-05,1,10.5376,10.556,5.40787,nan,0.0981184,nan,0.0904057,10.3546,10.6256,10.8991,True,0.366491,0.36647,0.365897,0.367136,0.000106977,0.00010696,0.000106339,0.000107657,0.000211688,0.000211726,0.000185393,0.000237168,4.03047e-05,4.03102e-05,4.00648e-05,4.05406e-05,-0.0317681,5,2,0,0.0118178,764,0,False,nan,nan,nan,nan,nan,nan,nan,nan,nan,nan,13,8
ablation_control,matched,alternating,2,37,13,20,8000,0.366699,0.000106728,0.000220518,3.74214e-05,1,5.02125,5.01133,3.70549,nan,0.0401778,nan,0.0281185,4.9365,5.05398,5.17396,True,0.366493,0.366469,0.365909,0.367135,0.000107053,0.000107073,0.000106402,0.000107663,0.000222336,0.00022176,0.000180865,0.000267689,3.7408e-05,3.74122e-05,3.71224e-05,3.76881e-05,-0.0660038,4,2,0,0.0112842,784,0,False,nan,nan,nan,nan,nan,nan,nan,nan,nan,nan,13,8
ablation_control,matched,alternating,2,37,14,40,8000,0.366699,0.000106728,0.000220518,3.58e-05,1,9.39437,9.3681,4.7318,nan,0.116464,nan,0.113692,9.26899,9.49823,9.73663,True,0.3665,0.366481,0.365951,0.367076,0.00010697,0.000106969,0.000106367,0.000107573,0.000215962,0.000215857,0.000184011,0.000248299,3.56532e-05,3.56482e-05,3.54311e-05,3.58724e-05,-0.0643759,5,2,0,0.0116957,804,0,False,nan,nan,nan,nan,nan,nan,nan,nan,nan,nan,13,8
ablation_control,matched,alternating,2,37,15,20,8000,0.366699,0.000106728,0.000220518,3.44347e-05,1,4.62651,4.63713,3.41479,nan,0.148581,nan,0.127856,4.40243,4.50529,4.61152,False,0.366488,0.366448,0.365991,0.367058,0.000106835,0.000106839,0.000106225,0.00010746,0.000206228,0.000204205,0.000168655,0.000249587,3.42326e-05,3.42192e-05,3.39816e-05,3.45106e-05,0.00634895,6,2,0,0.0130107,699,0,False,nan,nan,nan,nan,nan,nan,nan,nan,nan,nan,13,8
ablation_control,matched,alternating,2,37,16,40,8000,0.366699,0.000106728,0.000220518,3.3524e-05,1,8.81417,8.84544,4.48369,nan,0.0616476,nan,0.0333066,8.53742,8.75685,8.98887,True,0.366423,0.366399,0.365947,0.366971,0.000106886,0.000106876,0.000106249,0.000107488,0.000203982,0.000202658,0.000170353,0.000238909,3.35357e-05,3.35296e-05,3.33335e-05,3.37508e-05,0.0275505,5,2,0,0.0127142,762,0,False,nan,nan,nan,nan,nan,nan,nan,nan,nan,nan,13,8
ablation_control,matched,alternating,2,37,17,20,8000,0.366699,0.000106728,0.000220518,3.15867e-05,1,4.24914,4.27175,3.12747,nan,0.0343791,nan,0.00624043,4.17466,4.27667,4.38392,True,0.366381,0.366367,0.365899,0.366921,0.000106904,0.000106892,0.000106358,0.000107503,0.000211063,0.000209858,0.000167312,0.000260869,3.15922e-05,3.15918e-05,3.1346e-05,3.18354e-05,-0.00516559,3,2,0,0.012242,854,0,False,nan,nan,nan,nan,nan,nan,nan,nan,nan,nan,13,8
ablation_control,matched,alternating,2,37,18,40,8000,0.366699,0.000106728,0.000220518,3.09054e-05,1,8.14389,8.15203,4.12736,nan,0.0332917,nan,0.0526425,7.91688,8.11011,8.32578,True,0.36633,0.366333,0.365843,0.366834,0.00010692,0.000106924,0.000106368,0.0001075,0.000208074,0.000206787,0.000171648,0.000247995,3.0907e-05,3.09047e-05,3.0716e-05,3.11113e-05,0.0267519,4,2,0,0.0117566,833,0,False,nan,nan,nan,nan,nan,nan,nan,nan,nan,nan,13,8
ablation_control,matched,alternating,2,37,19,20,8000,0.366699,0.000106728,0.000220518,2.93785e-05,1,3.95591,3.9335,2.91097,nan,0.00288506,nan,0.0152392,3.86686,3.95705,4.05022,True,0.366334,0.366344,0.365847,0.366806,0.000106931,0.000106935,0.000106384,0.00010747,0.000216026,0.00021423,0.000167708,0.000270143,2.92963e-05,2.92972e-05,2.9056e-05,2.95322e-05,-0.0349238,3,2,0,0.0113461,897,0,False,nan,nan,nan,nan,nan,nan,nan,nan,nan,nan,13,8
ablation_control,matched,alternating,2,37,20,40,8000,0.366699,0.000106728,0.000220518,2.85351e-05,1,7.53459,7.52552,3.79562,nan,0.0109586,nan,0.025492,7.36325,7.54588,7.71604,True,0.366302,0.36631,0.365844,0.36675,0.000106911,0.000106892,0.000106352,0.000107535,0.000204205,0.000204939,0.000163057,0.000245282,2.8447e-05,2.8445e-05,2.82602e-05,2.86303e-05,-0.00509391,4,2,0,0.0110573,896,0,False,nan,nan,nan,nan,nan,nan,nan,nan,nan,nan,13,8
ablation_control,matched,alternating,2,38,1,20,8000,0.0168294,7.65938e-05,0.000530194,7.65938e-05,1,9.47928,9.49163,1.94843,nan,3.5258,nan,0,5.19815,7.89539,11.8163,True,0.0166404,0.0166036,0.0163378,0.0170209,7.65097e-05,7.67059e-05,6.83425e-05,8.14032e-05,0.000480776,0.000479362,0.000440662,0.000527231,7.65097e-05,7.67059e-05,6.83425e-05,8.14032e-05,-0.0909859,18,2,0,0.0170289,856,0,False,nan,nan,nan,nan,nan,nan,nan,nan,nan,nan,13,6
ablation_control,matched,alternating,2,38,2,40,8000,0.0168294,7.65938e-05,0.000530194,6.72263e-05,1,15.7958,15.8099,2.8238,nan,0.117081,nan,0.317547,13.4698,15.9144,17.8772,True,0.0168633,0.0168795,0.0165952,0.0170742,7.69393e-05,7.71272e-05,7.50026e-05,7.801e-05,0.000517638,0.000517576,0.000502898,0.000532439,6.67843e-05,6.66913e-05,6.61064e-05,6.80118e-05,-0.0767972,11,2,0,0.0132687,1427,0,False,nan,nan,nan,nan,nan,nan,nan,nan,nan,nan,13,6
ablation_control,matched,alternating,2,38,3,20,8000,0.0168294,7.65938e-05,0.000530194,5.23643e-05,1,6.6342,6.6323,0.816653,nan,0.0931216,nan,0.0316174,6.27672,6.52741,6.86373,True,0.0167836,0.0167968,0.0164954,0.0169942,7.67947e-05,7.68951e-05,7.52026e-05,7.7779e-05,0.000482263,0.000480399,0.000425475,0.000544521,5.23863e-05,5.24332e-05,5.13743e-05,5.30823e-05,0.192564,5,2,0,0.0124262,1018,0,False,nan,nan,nan,nan,nan,nan,nan,nan,nan,nan,13,6
ablation_control,matched,alternating,2,38,4,40,8000,0.0168294,7.65938e-05,0.000530194,4.69079e-05,1,11.431,11.4293,2.14606,nan,0.280477,nan,0.0327768,11.1764,11.7267,12.162,True,0.0167287,0.0167372,0.0164879,0.0169232,7.64145e-05,7.65772e-05,7.49559e-05,7.74885e-05,0.000517289,0.000517647,0.00048814,0.000547536,4.67803e-05,4.67521e-05,4.63022e-05,4.73526e-05,-0.327503,8,2,0,0.0150978,707,0,False,nan,nan,nan,nan,nan,nan,nan,nan,nan,nan,13,6
ablation_control,matched,alternating,2,38,5,20,8000,0.0168294,7.65938e-05,0.000530194,3.86849e-05,1,4.96839,4.96212,1.08585,nan,0.0484809,nan,0.0407702,4.8301,4.99854,5.26288,True,0.0167705,0.0167781,0.0165712,0.0169424,7.66554e-05,7.67069e-05,7.56487e-05,7.74463e-05,0.000504254,0.000502284,0.000434462,0.00057718,3.87597e-05,3.87821e-05,3.82913e-05,3.91671e-05,0.149392,4,2,0,0.0113306,850,0,False,nan,nan,nan,nan,nan,nan,nan,nan,nan,nan,13,6
ablation_control,matched,alternating,2,38,6,40,8000,0.0168294,7.65938e-05,0.000530194,3.53782e-05,1,8.81041,8.82088,2.6218,nan,0.177612,nan,0.0775924,8.66823,8.99064,9.2942,True,0.0167605,0.0167671,0.0165791,0.0169266,7.65026e-05,7.65184e-05,7.5704e-05,7.72835e-05,0.000538646,0.00053899,0.000487938,0.000586513,3.54095e-05,3.54131e-05,3.50807e-05,3.57225e-05,-0.0530057,6,2,0,0.0109925,820,0,False,nan,nan,nan,nan,nan,nan,nan,nan,nan,nan,13,6
ablation_control,matched,alternating,2,38,7,20,8000,0.0168294,7.65938e-05,0.000530194,3.05919e-05,1,3.96139,3.98701,1.3246,nan,0.00655895,nan,0.0127039,3.85138,3.95099,4.07654,True,0.0167518,0.0167562,0.0165726,0.0169183,7.64598e-05,7.64653e-05,7.57698e-05,7.72234e-05,0.000523019,0.000520574,0.000441134,0.000615817,3.07736e-05,3.07649e-05,3.04655e-05,3.10876e-05,-0.017747,3,2,0,0.0102015,902,0,False,nan,nan,nan,nan,nan,nan,nan,nan,nan,nan,13,6
ablation_control,matched,alternating,2,38,8,40,8000,0.0168294,7.65938e-05,0.000530194,2.80679e-05,1,7.08963,7.10277,2.95642,nan,0.215556,nan,0.152903,7.09663,7.30138,7.5043,False,0.0167245,0.0167251,0.0165303,0.0168974,7.6325e-05,7.62999e-05,7.5658e-05,7.69852e-05,0.000598581,0.000598508,0.000529888,0.000664494,2.83706e-05,2.83777e-05,2.81152e-05,2.86196e-05,-0.0835847,6,2,0,0.0107325,807,0,False,nan,nan,nan,nan,nan,nan,nan,nan,nan,nan,13,6
ablation_control,matched,alternating,2,38,9,20,8000,0.0168294,7.65938e-05,0.000530194,2.48361e-05,1,3.23512,3.20179,1.47759,nan,0.00777438,nan,0.0256641,3.15992,3.23188,3.31878,True,0.0167293,0.0167322,0.0165499,0.01689,7.63772e-05,7.63596e-05,7.57676e-05,7.70095e-05,0.000600262,0.000599586,0.000492743,0.000709564,2.47472e-05,2.47484e-05,2.44753e-05,2.50076e-05,-0.0209857,3,2,0,0.0101115,922,0,False,nan,nan,nan,nan,nan,nan,nan,nan,nan,nan,13,6
ablation_control,matched,alternating,2,38,10,40,8000,0.0168294,7.65938e-05,0.000530194,2.35181e-05,1,5.99404,6.02651,3.01537,nan,0.0796402,nan,0.0137344,5.7517,5.91548,6.09572,True,0.0167593,0.0167664,0.016591,0.0169086,7.6392e-05,7.64057e-05,7.58176e-05,7.69597e-05,0.000514669,0.0005144,0.000441928,0.000588507,2.35491e-05,2.35488e-05,2.33588e-05,2.37515e-05,-0.0128607,5,2,0,0.00976572,846,0,False,nan,nan,nan,nan,nan,nan,nan,nan,nan,nan,13,6
ablation_control,matched,alternating,2,38,11,20,8000,0.0168294,7.65938e-05,0.000530194,2.13996e-05,1,2.79743,2.8098,1.46521,nan,0.00247318,nan,0.00636495,2.73177,2.79615,2.86416,True,0.0167543,0.0167579,0.0165837,0.0169079,7.63861e-05,7.63911e-05,7.58092e-05,7.69721e-05,0.000513875,0.000511117,0.000417944,0.000620416,2.14738e-05,2.14698e-05,2.12444e-05,2.17127e-05,0.0138861,2,2,0,0.00929782,1073,0,False,nan,nan,nan,nan,nan,nan,nan,nan,nan,nan,13,6
ablation_control,matched,alternating,2,38,12,40,8000,0.0168294,7.65938e-05,0.000530194,2.0568e-05,1,5.27317,5.2662,2.91017,nan,0.00902145,nan,0.0279814,5.14667,5.28178,5.41762,True,0.0167358,0.016742,0.0165743,0.0168919,7.63962e-05,7.63927e-05,7.57941e-05,7.70057e-05,0.000582057,0.00058086,0.000492797,0.000673319,2.05778e-05,2.05773e-05,2.03971e-05,2.07657e-05,-0.0532457,4,2,0,0.00891083,995,0,False,nan,nan,nan,nan,nan,nan,nan,nan,nan,nan,13,6
ablation_control,matched,alternating,2,38,13,20,8000,0.0168294,7.65938e-05,0.000530194,1.8537e-05,1,2.43045,2.45528,1.46072,nan,0.0184983,nan,0.0462616,2.39355,2.44857,2.50222,True,0.016727,0.0167301,0.0165672,0.0168882,7.63837e-05,7.63875e-05,7.58078e-05,7.69543e-05,0.000575484,0.000572515,0.00046861,0.000693078,1.87676e-05,1.87662e-05,1.85569e-05,1.89754e-05,0.00844445,2,2,0,0.00846074,1166,0,False,nan,nan,nan,nan,nan,nan,nan,nan,nan,nan,13,6
ablation_control,matched,alternating,2,38,14,40,8000,0.0168294,7.65938e-05,0.000530194,1.76635e-05,1,4.55517,4.52733,2.93227,nan,0.0718559,nan,0.0406396,4.50762,4.62606,4.73992,True,0.0167152,0.0167168,0.0165545,0.0168802,7.63415e-05,7.63393e-05,7.57882e-05,7.68998e-05,0.000593369,0.000588219,0.00049363,0.000704577,1.76766e-05,1.76747e-05,1.74963e-05,1.78555e-05,-0.0203871,4,2,0,0.00937468,930,0,False,nan,nan,nan,nan,nan,nan,nan,nan,nan,nan,13,6
ablation_control,matched,alternating,2,38,15,20,8000,0.0168294,7.65938e-05,0.000530194,1.65598e-05,1,2.1757,2.17695,1.40542,nan,0.0430847,nan,0.019388,2.08683,2.13321,2.18204,True,0.0167358,0.016738,0.0165688,0.0168988,7.63003e-05,7.62798e-05,7.57312e-05,7.6887e-05,0.000549349,0.000544194,0.000437627,0.000678493,1.64687e-05,1.64605e-05,1.62545e-05,1.66973e-05,0.0335452,3,2,0,0.0100509,1025,0,False,nan,nan,nan,nan,nan,nan,nan,nan,nan,nan,13,6
ablation_control,matched,alternating,2,38,16,40,8000,0.0168294,7.65938e-05,0.000530194,1.60774e-05,1,4.15955,4.18967,2.75441,nan,0.0510733,nan,0.0224707,3.99736,4.10769,4.22303,True,0.0167452,0.0167469,0.0165716,0.0169072,7.63054e-05,7.62935e-05,7.57828e-05,7.68589e-05,0.000504236,0.000504102,0.000400926,0.000609709,1.61123e-05,1.61148e-05,1.59447e-05,1.62762e-05,0.0543389,5,2,0,0.0106183,840,0,False,nan,nan,nan,nan,nan,nan,nan,nan,nan,nan,13,6
ablation_control,matched,alternating,2,38,17,20,8000,0.0168294,7.65938e-05,0.000530194,1.50674e-05,1,1.98272,1.96773,1.33474,nan,0.00571375,nan,0.00438532,1.93885,1.98744,2.03628,True,0.0167566,0.0167575,0.0165761,0.016919,7.6325e-05,7.63182e-05,7.57885e-05,7.68711e-05,0.000518976,0.000514701,0.000397107,0.000653486,1.50438e-05,1.50427e-05,1.48312e-05,1.52493e-05,0.0151204,2,2,0,0.0104078,1055,0,False,nan,nan,nan,nan,nan,nan,nan,nan,nan,nan,13,6
ablation_control,matched,alternating,2,38,18,40,8000,0.0168294,7.65938e-05,0.000530194,1.44167e-05,1,3.74257,3.7465,2.67465,nan,0.0471052,nan,0.0451297,3.68378,3.78957,3.89171,True,0.0167408,0.0167463,0.0165639,0.0169049,7.63112e-05,7.63025e-05,7.57575e-05,7.68513e-05,0.000523954,0.00052107,0.000410393,0.000643426,1.4447e-05,1.44514e-05,1.42963e-05,1.4594e-05,-0.000394809,3,2,0,0.0103609,1072,0,False,nan,nan,nan,nan,nan,nan,nan,nan,nan,nan,13,6
ablation_control,matched,alternating,2,38,19,20,8000,0.0168294,7.65938e-05,0.000530194,1.349e-05,1,1.77809,1.75885,1.31088,nan,0.0137481,nan,0.0108512,1.75046,1.79083,1.83384,True,0.0167381,0.0167437,0.0165596,0.0168998,7.63286e-05,7.63226e-05,7.57657e-05,7.68855e-05,0.000551748,0.00054958,0.00041509,0.00070099,1.35082e-05,1.35087e-05,1.33039e-05,1.37122e-05,-0.0098994,2,2,0,0.0101846,1174,0,False,nan,nan,nan,nan,nan,nan,nan,nan,nan,nan,13,6
ablation_control,matched,alternating,2,38,20,40,8000,0.0168294,7.65938e-05,0.000530194,1.30628e-05,1,3.40055,3.4355,2.58736,nan,0.0138882,nan,0.0118077,3.31366,3.41421,3.50806,True,0.0167388,0.0167425,0.0165616,0.0169,7.63403e-05,7.63401e-05,7.57561e-05,7.69194e-05,0.000508777,0.000511018,0.000391017,0.000629185,1.31527e-05,1.31504e-05,1.30129e-05,1.32928e-05,0.0150742,3,2,0,0.0100876,1132,0,False,nan,nan,nan,nan,nan,nan,nan,nan,nan,nan,13,6
ablation_control,matched,alternating,2,39,1,20,8000,2.00089,6.34626e-05,0.000277031,6.34626e-05,1,8.54045,8.56024,10.8729,nan,7.81035,nan,0,5.10171,7.85277,12.0182,True,1.99751,1.99897,1.98138,2.01429,6.45647e-05,6.44749e-05,5.91165e-05,6.98834e-05,0.000238461,0.000237594,0.000205759,0.000271801,6.45647e-05,6.44749e-05,5.91165e-05,6.98834e-05,-0.0781553,18,2,0,0.0160796,737,0,False,nan,nan,nan,nan,nan,nan,nan,nan,nan,nan,13,11
ablation_control,matched,alternating,2,39,2,40,8000,2.00089,6.34626e-05,0.000277031,6.05043e-05,1,15.7016,15.6827,17.097,nan,0.593962,nan,0.447327,13.9054,16.1478,18.5331,True,1.99859,1.999,1.99033,2.00592,6.42844e-05,6.42194e-05,6.28162e-05,6.64837e-05,0.000275584,0.000275476,0.000264555,0.000286708,5.99628e-05,6.00399e-05,5.85714e-05,6.09646e-05,2.96014e-05,12,2,0,0.017985,1304,0,False,nan,nan,nan,nan,nan,nan,nan,nan,nan,nan,13,11
ablation_control,matched,alternating,2,39,3,20,8000,2.00089,6.34626e-05,0.000277031,5.33748e-05,1,7.22158,7.23786,9.19183,nan,0.245259,nan,0.0250556,6.56962,7.08601,7.48271,True,1.99645,1.99683,1.98891,2.00288,6.36893e-05,6.36091e-05,6.28661e-05,6.46001e-05,0.000266296,0.000265484,0.000237036,0.000298811,5.35174e-05,5.34571e-05,5.29107e-05,5.42999e-05,0.0524036,7,2,0,0.0140367,845,0,False,nan,nan,nan,nan,nan,nan,nan,nan,nan,nan,13,11
ablation_control,matched,alternating,2,39,4,40,8000,2.00089,6.34626e-05,0.000277031,5.13748e-05,1,13.4566,13.4625,14.6483,nan,0.229947,nan,0.366458,12.7929,13.2879,13.8364,True,1.99964,1.99953,1.99371,2.00628,6.38879e-05,6.37925e-05,6.32232e-05,6.46767e-05,0.000266736,0.000266533,0.000252566,0.000282371,5.11426e-05,5.11686e-05,5.07558e-05,5.15144e-05,-0.175218,8,2,0,0.0123769,748,0,False,nan,nan,nan,nan,nan,nan,nan,nan,nan,nan,13,11
ablation_control,matched,alternating,2,39,5,20,8000,2.00089,6.34626e-05,0.000277031,4.59631e-05,1,6.24355,6.22278,7.9454,nan,0.0390979,nan,0.0192937,5.99102,6.2249,6.4241,True,2.00013,2.00004,1.99439,2.00612,6.38419e-05,6.37959e-05,6.33102e-05,6.44457e-05,0.000278823,0.000278074,0.000241762,0.000316733,4.60871e-05,4.60673e-05,4.57348e-05,4.64648e-05,0.0149275,4,2,0,0.00987011,779,0,False,nan,nan,nan,nan,nan,nan,nan,nan,nan,nan,13,11
ablation_control,matched,alternating,2,39,6,40,8000,2.00089,6.34626e-05,0.000277031,4.38854e-05,1,11.584,11.5114,12.6079,nan,0.0377281,nan,0.065858,11.3071,11.6017,11.9272,True,2.00082,2.00089,1.99575,2.00572,6.37279e-05,6.3723e-05,6.32836e-05,6.4171e-05,0.00026702,0.000266795,0.000248001,0.000285659,4.34835e-05,4.34873e-05,4.32551e-05,4.37009e-05,-0.214615,7,2,0,0.00933808,747,0,False,nan,nan,nan,nan,nan,nan,nan,nan,nan,nan,13,11
ablation_control,matched,alternating,2,39,7,20,8000,2.00089,6.34626e-05,0.000277031,3.92767e-05,1,5.35459,5.35354,6.81012,nan,0.0662618,nan,0.143395,5.2827,5.39492,5.51157,True,2.00117,2.00118,1.99613,2.00569,6.37899e-05,6.37917e-05,6.33172e-05,6.42304e-05,0.000280651,0.000278974,0.000238448,0.000326884,3.93882e-05,3.93956e-05,3.91009e-05,3.96422e-05,0.019887,4,2,0,0.00870637,858,0,False,nan,nan,nan,nan,nan,nan,nan,nan,nan,nan,13,11
ablation_control,matched,alternating,2,39,8,40,8000,2.00089,6.34626e-05,0.000277031,3.73902e-05,1,9.93668,9.91243,10.8233,nan,0.160734,nan,0.0828092,9.8267,10.045,10.2733,True,2.0017,2.00182,1.99704,2.00608,6.36997e-05,6.37019e-05,6.32605e-05,6.41288e-05,0.000288564,0.00028874,0.000261976,0.000313307,3.72085e-05,3.72113e-05,3.69998e-05,3.74077e-05,-0.170067,7,2,0,0.00987755,744,0,False,nan,nan,nan,nan,nan,nan,nan,nan,nan,nan,13,11
ablation_control,matched,alternating,2,39,9,20,8000,2.00089,6.34626e-05,0.000277031,3.52177e-05,1,4.81182,4.82408,6.11984,nan,0.249429,nan,0.157521,4.5659,4.65356,4.7587,False,2.00035,2.00033,1.99615,2.00479,6.34811e-05,6.34736e-05,6.30976e-05,6.3933e-05,0.000289651,0.000289008,0.000242482,0.00034021,3.52225e-05,3.52177e-05,3.49766e-05,3.55085e-05,0.0120662,7,2,0,0.0157162,519,0,False,nan,nan,nan,nan,nan,nan,nan,nan,nan,nan,13,11
ablation_control,matched,alternating,2,39,10,40,8000,2.00089,6.34626e-05,0.000277031,3.38569e-05,1,9.0312,9.03699,9.83333,nan,0.0299984,nan,0.00713479,8.73644,9.01554,9.27777,True,2.00031,2.00027,1.9964,2.00482,6.34882e-05,6.34755e-05,6.31235e-05,6.3936e-05,0.000258628,0.000258545,0.000230335,0.000288277,3.3807e-05,3.38036e-05,3.36114e-05,3.4014e-05,-0.191475,6,2,0.155322,0.0143291,601,0,False,nan,nan,nan,nan,nan,nan,nan,nan,nan,nan,13,11
ablation_control,matched,alternating,2,39,11,20,8000,2.00089,6.34626e-05,0.000277031,3.13688e-05,1,4.29494,4.32145,5.46181,nan,0.0444074,nan,0.0200388,4.20333,4.3221,4.44677,True,1.99978,1.99985,1.99558,2.00371,6.3519e-05,6.35117e-05,6.31529e-05,6.39261e-05,0.000259246,0.00025764,0.000215412,0.000306399,3.13606e-05,3.1361e-05,3.11395e-05,3.15813e-05,-0.0534096,4,2,0,0.0133746,700,0,False,nan,nan,nan,nan,nan,nan,nan,nan,nan,nan,13,11
ablation_control,matched,alternating,2,39,12,40,8000,2.00089,6.34626e-05,0.000277031,3.04774e-05,1,8.15889,8.14259,8.88539,nan,0.0180872,nan,0.0662083,7.94056,8.15454,8.36477,True,1.99937,1.99943,1.99498,2.00344,6.35323e-05,6.35324e-05,6.31646e-05,6.39217e-05,0.000281826,0.00028124,0.000247339,0.000317484,3.03951e-05,3.03981e-05,3.02209e-05,3.05754e-05,-0.0887851,5,2,0,0.0127692,738,0,False,nan,nan,nan,nan,nan,nan,nan,nan,nan,nan,13,11
ablation_control,matched,alternating,2,39,13,20,8000,2.00089,6.34626e-05,0.000277031,2.871e-05,1,3.93662,3.96894,5.00612,nan,0.0742781,nan,0.0409054,3.79995,3.88997,3.99128,True,1.99937,1.99947,1.99494,2.00325,6.34792e-05,6.34825e-05,6.31248e-05,6.38335e-05,0.000281853,0.000281542,0.000231239,0.000338369,2.87368e-05,2.87369e-05,2.85367e-05,2.89508e-05,-0.064539,4,2,0,0.012755,787,0,False,nan,nan,nan,nan,nan,nan,nan,nan,nan,nan,13,11
ablation_control,matched,alternating,2,39,14,40,8000,2.00089,6.34626e-05,0.000277031,2.81427e-05,1,7.55266,7.55466,8.22228,nan,0.123462,nan,0.124014,7.2782,7.46834,7.65413,True,1.99876,1.99876,1.99435,2.00272,6.35047e-05,6.35079e-05,6.31518e-05,6.38659e-05,0.000298698,0.000297977,0.000260507,0.000338165,2.81426e-05,2.81378e-05,2.79854e-05,2.83115e-05,-0.0133105,6,2,0,0.0128376,735,0,False,nan,nan,nan,nan,nan,nan,nan,nan,nan,nan,13,11
ablation_control,matched,alternating,2,39,15,20,8000,2.00089,6.34626e-05,0.000277031,2.67496e-05,1,3.67175,3.70975,4.6697,nan,0.10072,nan,0.0616009,3.52624,3.60768,3.69967,True,1.99873,1.99883,1.99459,2.00243,6.34403e-05,6.34414e-05,6.30824e-05,6.37871e-05,0.000278134,0.000276786,0.000227995,0.000335798,2.69235e-05,2.69216e-05,2.67322e-05,2.71292e-05,-0.102357,5,2,0,0.0138295,713,0,False,nan,nan,nan,nan,nan,nan,nan,nan,nan,nan,13,11
ablation_control,matched,alternating,2,39,16,40,8000,2.00089,6.34626e-05,0.000277031,2.62692e-05,1,7.06399,7.06265,7.68754,nan,0.0626388,nan,0.113225,6.82757,7.0262,7.20677,True,1.99977,1.99976,1.9958,2.00328,6.34714e-05,6.3476e-05,6.3111e-05,6.38436e-05,0.000283997,0.000283124,0.000241458,0.00032748,2.64069e-05,2.64078e-05,2.62412e-05,2.65782e-05,-0.0325746,6,2,0,0.013706,762,0,False,nan,nan,nan,nan,nan,nan,nan,nan,nan,nan,13,11
ablation_control,matched,alternating,2,39,17,20,8000,2.00089,6.34626e-05,0.000277031,2.43895e-05,1,3.35213,3.36671,4.26274,nan,0.108325,nan,0.0906048,3.33335,3.41804,3.5051,True,2.00002,2,1.99621,2.00345,6.3514e-05,6.35171e-05,6.31397e-05,6.38766e-05,0.00029441,0.000292586,0.000236485,0.000358635,2.45342e-05,2.45349e-05,2.43358e-05,2.47303e-05,-0.0700779,4,2,0,0.0135144,818,0,False,nan,nan,nan,nan,nan,nan,nan,nan,nan,nan,13,11
ablation_control,matched,alternating,2,39,18,40,8000,2.00089,6.34626e-05,0.000277031,2.3998e-05,1,6.46898,6.4577,7.04262,nan,0.0723788,nan,0.0981662,6.24652,6.41935,6.58322,True,1.99963,1.99963,1.99577,2.00337,6.35462e-05,6.35565e-05,6.31713e-05,6.38985e-05,0.000303348,0.000303046,0.000253866,0.000353253,2.40117e-05,2.40126e-05,2.38607e-05,2.41643e-05,-0.0051032,5,2,0,0.0131053,812,0,False,nan,nan,nan,nan,nan,nan,nan,nan,nan,nan,13,11
ablation_control,matched,alternating,2,39,19,20,8000,2.00089,6.34626e-05,0.000277031,2.25116e-05,1,3.09723,3.11018,3.93856,nan,0.0234843,nan,0.0564279,3.03757,3.11181,3.1897,True,1.99919,1.99923,1.99515,2.00303,6.3571e-05,6.35754e-05,6.32196e-05,6.39131e-05,0.000311606,0.000310981,0.000248973,0.000380632,2.25246e-05,2.25233e-05,2.23476e-05,2.27056e-05,-0.0775887,3,2,0,0.012724,924,0,False,nan,nan,nan,nan,nan,nan,nan,nan,nan,nan,13,11
ablation_control,matched,alternating,2,39,20,40,8000,2.00089,6.34626e-05,0.000277031,2.20456e-05,1,5.95519,5.93268,6.48682,nan,0.0779847,nan,0.0340943,5.75144,5.90211,6.05114,True,1.99986,1.99978,1.99584,2.00356,6.35855e-05,6.35843e-05,6.3242e-05,6.39395e-05,0.000270351,0.00026948,0.00022277,0.000323012,2.20462e-05,2.20446e-05,2.19156e-05,2.21872e-05,-0.0458895,5,2,0,0.0123191,809,0,False,nan,nan,nan,nan,nan,nan,nan,nan,nan,nan,13,11
