experiment,world,schedule,noise_um,draw,pass,force_N,rpm,true_k_pad,true_K0,true_lam,true_K,true_force_gain,true_mean_removal_um,scan_mean_um,rmse_A_um,rmse_B_um,rmse_C_um,rmse_D_um,rmse_oracle_um,C_pred_mean_lo_um,C_pred_mean_median_um,C_pred_mean_hi_um,C_pred_mean_inside,C_region_inside_fraction,C_k_pad_mean,C_k_pad_median,C_k_pad_lo,C_k_pad_hi,C_K0_mean,C_K0_median,C_K0_lo,C_K0_hi,C_lam_mean,C_lam_median,C_lam_lo,C_lam_hi,C_K_mean,C_K_median,C_K_lo,C_K_hi,C_corr_logk_logK,C_stages,C_sigma_um,C_profile_sd_um,C_wear_noise,C_transient_noise,C_min_path_diversity,C_outliers,C_redone,B_k_pad,B_K,D_k_pad,D_K,D_lam,D_next_ratio,cross_C_median,cross_C_lo,cross_C_hi,cross_C_band_mass,cross_C_risk,cross_D,cross_A,cross_true
noise,realistic,alternating,5,0,1,20,8000,0.0514127,6.54201e-05,0.000167524,6.54201e-05,1.0154,8.19667,8.30351,0.742533,nan,3.78968,nan,0.235287,5.173,7.76025,11.7867,True,1,0.0370871,0.0370423,0.0330969,0.0412325,6.33878e-05,6.32941e-05,5.69895e-05,7.00345e-05,0.000244172,0.000239284,0.000146482,0.00035943,6.33878e-05,6.32941e-05,5.69895e-05,7.00345e-05,-0.00442244,11,5.57522,0.58552,0.0140408,0.0103308,1759,3,True,nan,nan,nan,nan,nan,nan,nan,nan,nan,nan,nan,nan,13,10
noise,realistic,alternating,5,0,2,40,8000,0.0514127,6.54201e-05,0.000167524,5.8326e-05,1.0154,12.9315,12.8787,1.59702,nan,2.3335,nan,0.345333,12.6761,15.0276,17.8383,True,0.625,0.0450743,0.0450607,0.0434329,0.0468139,5.87213e-05,5.87901e-05,5.65852e-05,6.06707e-05,0.000318651,0.000318525,0.000259396,0.000380427,5.3909e-05,5.39335e-05,5.23501e-05,5.5395e-05,-0.0685227,13,5.56972,0.589024,0.016053,0.0117664,1892,5,False,nan,nan,nan,nan,nan,nan,nan,nan,nan,nan,nan,nan,13,10
noise,realistic,alternating,5,0,3,20,8000,0.0514127,6.54201e-05,0.000167524,4.99889e-05,1.0154,6.62509,6.59317,0.593203,nan,0.421695,nan,0.204894,6.16386,6.63293,7.10519,True,0.875,0.044499,0.0445151,0.0429908,0.0460498,5.90485e-05,5.91253e-05,5.72191e-05,6.07334e-05,0.000353366,0.000350153,0.000282568,0.00043017,4.73661e-05,4.73666e-05,4.61206e-05,4.8643e-05,0.0277557,3,5.52697,0.735465,0.0142283,0.00961549,1671,2,False,nan,nan,nan,nan,nan,nan,nan,nan,nan,nan,nan,nan,13,10
noise,realistic,alternating,5,0,4,40,8000,0.0514127,6.54201e-05,0.000167524,4.72865e-05,1.0154,11.1421,11.1028,1.43296,nan,0.854165,nan,0.251083,10.0443,10.6005,11.3097,True,0.625,0.0449021,0.0449222,0.0436383,0.0461211,5.86098e-05,5.86294e-05,5.66583e-05,6.04994e-05,0.000248867,0.000247572,0.000202703,0.00029902,4.5099e-05,4.51031e-05,4.40785e-05,4.60694e-05,-0.0538079,7,5.5493,0.676817,0.0144302,0.0110378,1339,3,False,nan,nan,nan,nan,nan,nan,nan,nan,nan,nan,nan,nan,13,10
noise,realistic,alternating,5,0,5,20,8000,0.0514127,6.54201e-05,0.000167524,4.26119e-05,1.0154,5.73976,5.84095,0.577881,nan,0.450038,nan,0.171577,5.46532,5.81813,6.16008,True,0.625,0.0447367,0.0447466,0.0435506,0.0459242,5.86668e-05,5.87022e-05,5.6831e-05,6.04459e-05,0.00026069,0.000258479,0.000205798,0.000323382,4.14481e-05,4.14479e-05,4.04554e-05,4.24789e-05,-0.0239826,2,5.66226,0.665858,0.0127524,0.0095469,1612,7,False,nan,nan,nan,nan,nan,nan,nan,nan,nan,nan,nan,nan,13,10
noise,realistic,alternating,5,0,6,40,8000,0.0514127,6.54201e-05,0.000167524,4.05884e-05,1.0154,9.65088,9.70129,1.40195,nan,0.666754,nan,0.20816,9.18266,9.69328,10.2187,True,0.5,0.0449092,0.044922,0.0437364,0.0460801,5.87775e-05,5.87841e-05,5.72071e-05,6.03621e-05,0.000291289,0.000290227,0.000230773,0.000358521,3.96241e-05,3.96029e-05,3.88336e-05,4.04458e-05,0.0271312,4,5.6954,0.540289,0.0115751,0.00850251,1510,2,False,nan,nan,nan,nan,nan,nan,nan,nan,nan,nan,nan,nan,13,10
noise,realistic,alternating,5,0,7,20,8000,0.0514127,6.54201e-05,0.000167524,3.69469e-05,1.0154,4.98021,4.7454,0.539594,nan,0.432274,nan,0.141394,4.83997,5.10505,5.3419,True,0.5,0.0445195,0.0445283,0.0433266,0.0456432,5.89053e-05,5.89462e-05,5.66447e-05,6.09956e-05,0.000314608,0.000311989,0.000232193,0.000402214,3.49988e-05,3.49687e-05,3.36791e-05,3.64129e-05,0.0591444,5,5.69237,0.758644,0.0168303,0.016546,1332,4,False,nan,nan,nan,nan,nan,nan,nan,nan,nan,nan,nan,nan,13,10
noise,realistic,alternating,5,0,8,40,8000,0.0514127,6.54201e-05,0.000167524,3.52874e-05,1.0154,8.48235,8.51085,1.32931,nan,0.628839,nan,0.0937666,7.66822,8.2366,8.82777,True,0.6875,0.0445756,0.0445978,0.0435229,0.0456249,5.87451e-05,5.87307e-05,5.65648e-05,6.09862e-05,0.000275676,0.000274054,0.000208888,0.000350096,3.42537e-05,3.42464e-05,3.32195e-05,3.52414e-05,-0.00385196,4,5.71522,0.504627,0.0136916,0.0185365,1384,4,False,nan,nan,nan,nan,nan,nan,nan,nan,nan,nan,nan,nan,13,10
noise,realistic,alternating,5,0,9,20,8000,0.0514127,6.54201e-05,0.000167524,3.31034e-05,1.0154,4.36026,4.41358,0.435551,nan,0.299165,nan,0.112792,4.14691,4.44767,4.73369,True,0.5,0.0444624,0.0444692,0.0434442,0.0454798,5.88361e-05,5.88532e-05,5.67253e-05,6.09577e-05,0.000281363,0.000279708,0.000211123,0.000361785,3.1841e-05,3.18397e-05,3.09475e-05,3.28176e-05,-0.0303942,3,5,0.466249,0.0140207,0.0162238,1531,3,True,nan,nan,nan,nan,nan,nan,nan,nan,nan,nan,nan,nan,13,10
noise,realistic,alternating,5,0,10,40,8000,0.0514127,6.54201e-05,0.000167524,3.19753e-05,1.0154,7.78081,7.70359,1.1347,nan,0.620367,nan,0.194408,7.16448,7.61621,8.08114,True,0.6875,0.0444851,0.0444938,0.0434723,0.0454784,5.88559e-05,5.89235e-05,5.67697e-05,6.07967e-05,0.000253531,0.000251259,0.000188782,0.000323382,3.08551e-05,3.08578e-05,3.0073e-05,3.16053e-05,-0.00691129,4,5,0.466215,0.0131724,0.0154861,1455,3,False,nan,nan,nan,nan,nan,nan,nan,nan,nan,nan,nan,nan,13,10
noise,realistic,alternating,5,0,11,20,8000,0.0514127,6.54201e-05,0.000167524,2.98955e-05,1.0154,3.93906,3.91094,0.451798,nan,0.346447,nan,0.145014,3.83449,4.05598,4.29866,True,0.5,0.0442574,0.0442352,0.0433204,0.0452701,5.90691e-05,5.91141e-05,5.67347e-05,6.11429e-05,0.000263491,0.000259002,0.000192624,0.00034882,2.83976e-05,2.83772e-05,2.74047e-05,2.94254e-05,0.0198246,3,5,0.604427,0.0157989,0.017696,1559,5,False,nan,nan,nan,nan,nan,nan,nan,nan,nan,nan,nan,nan,13,10
noise,realistic,alternating,5,0,12,40,8000,0.0514127,6.54201e-05,0.000167524,2.89885e-05,1.0154,7.00005,6.92719,1.05427,nan,0.518866,nan,0.133258,6.46601,6.89618,7.36299,True,0.875,0.0443339,0.0443334,0.0433942,0.0452654,5.90989e-05,5.91294e-05,5.68895e-05,6.11379e-05,0.000257074,0.000253414,0.000191071,0.000340135,2.75827e-05,2.75595e-05,2.68513e-05,2.83815e-05,0.0263049,3,5,0.572348,0.0142028,0.0159772,1575,5,False,nan,nan,nan,nan,nan,nan,nan,nan,nan,nan,nan,nan,13,10
noise,realistic,alternating,5,0,13,20,8000,0.0514127,6.54201e-05,0.000167524,2.75795e-05,1.0154,3.67227,3.6776,0.382505,nan,0.289574,nan,0.0583111,3.42971,3.63878,3.86524,True,0.5625,0.0442281,0.0442012,0.0433621,0.0451793,5.90781e-05,5.91231e-05,5.69154e-05,6.10096e-05,0.000259419,0.000255769,0.00018253,0.000353486,2.62382e-05,2.62162e-05,2.5473e-05,2.70578e-05,-0.00166921,2,5.62209,0.498867,0.0139063,0.0150925,1701,4,False,nan,nan,nan,nan,nan,nan,nan,nan,nan,nan,nan,nan,13,10
noise,realistic,alternating,5,0,14,40,8000,0.0514127,6.54201e-05,0.000167524,2.71588e-05,1.0154,6.51164,6.57175,0.882516,nan,0.498267,nan,0.132747,6.03659,6.39646,6.78051,True,0.4375,0.0443429,0.0443477,0.0434851,0.0452203,5.90732e-05,5.90632e-05,5.71875e-05,6.09376e-05,0.000227012,0.000223168,0.000164755,0.000304036,2.58954e-05,2.5911e-05,2.5193e-05,2.65674e-05,0.0240001,4,5,0.6225,0.0134761,0.0157654,1501,4,False,nan,nan,nan,nan,nan,nan,nan,nan,nan,nan,nan,nan,13,10
noise,realistic,alternating,5,0,15,20,8000,0.0514127,6.54201e-05,0.000167524,2.55831e-05,1.0154,3.36663,3.22959,0.356612,nan,0.287928,nan,0.142115,3.26915,3.45532,3.6568,True,0.375,0.0443791,0.044373,0.0435106,0.0452651,5.90583e-05,5.90863e-05,5.69428e-05,6.10785e-05,0.00024685,0.000240888,0.000173568,0.00034077,2.4235e-05,2.42484e-05,2.34231e-05,2.50204e-05,0.0717266,3,5.61922,0.679614,0.0129916,0.0169822,1573,1,False,nan,nan,nan,nan,nan,nan,nan,nan,nan,nan,nan,nan,13,10
noise,realistic,alternating,5,0,16,40,8000,0.0514127,6.54201e-05,0.000167524,2.52552e-05,1.0154,6.14799,6.10264,0.770646,nan,0.536766,nan,0.148599,5.61599,5.9574,6.30192,True,0.5,0.044458,0.0444686,0.0436184,0.0453447,5.91287e-05,5.91798e-05,5.69587e-05,6.10815e-05,0.000210733,0.000208464,0.000148326,0.00028263,2.39714e-05,2.39766e-05,2.33543e-05,2.45899e-05,0.0254905,3,5,0.649236,0.0132479,0.0158508,1593,4,False,nan,nan,nan,nan,nan,nan,nan,nan,nan,nan,nan,nan,13,10
noise,realistic,alternating,5,0,17,20,8000,0.0514127,6.54201e-05,0.000167524,2.43123e-05,1.0154,3.21147,3.03397,0.33983,nan,0.277138,nan,0.0579479,3.0377,3.22233,3.38575,True,0.5,0.0444017,0.0444034,0.0435307,0.045296,5.91719e-05,5.92114e-05,5.69624e-05,6.11796e-05,0.000229867,0.000226929,0.000154592,0.000314176,2.25198e-05,2.25338e-05,2.17744e-05,2.32785e-05,0.0341548,3,5.48611,0.578152,0.01363,0.0171429,1604,1,False,nan,nan,nan,nan,nan,nan,nan,nan,nan,nan,nan,nan,13,10
noise,realistic,alternating,5,0,18,40,8000,0.0514127,6.54201e-05,0.000167524,2.37982e-05,1.0154,5.60279,5.47225,0.763545,nan,0.455743,nan,0.214742,5.26375,5.57703,5.8969,True,0.4375,0.0446687,0.0446703,0.0437747,0.0455385,5.92593e-05,5.93405e-05,5.69987e-05,6.12463e-05,0.000202758,0.000199407,0.000134205,0.00027981,2.18551e-05,2.18504e-05,2.11891e-05,2.25288e-05,0.000849351,3,5,0.61917,0.015772,0.0149397,1624,9,False,nan,nan,nan,nan,nan,nan,nan,nan,nan,nan,nan,nan,13,10
noise,realistic,alternating,5,0,19,20,8000,0.0514127,6.54201e-05,0.000167524,2.3459e-05,1.0154,3.13344,3.34696,0.344201,nan,0.329643,nan,0.10085,2.7794,2.94275,3.11311,False,0.5,0.0445477,0.0445784,0.0437346,0.0453563,5.88777e-05,5.87884e-05,5.68804e-05,6.095e-05,0.000178368,0.000174516,0.000122769,0.000248522,2.20975e-05,2.20595e-05,2.11852e-05,2.31495e-05,0.043353,6,5,0.724868,0.0117107,0.026326,1088,1,False,nan,nan,nan,nan,nan,nan,nan,nan,nan,nan,nan,nan,13,10
noise,realistic,alternating,5,0,20,40,8000,0.0514127,6.54201e-05,0.000167524,2.27159e-05,1.0154,5.47034,5.32849,0.582777,nan,0.452211,nan,0.128986,5.12203,5.50516,5.91782,True,0.625,0.0446359,0.0446712,0.043844,0.0454203,5.86185e-05,5.85875e-05,5.65683e-05,6.07269e-05,0.000193283,0.000187044,0.000134768,0.000274724,2.13303e-05,2.13199e-05,2.06528e-05,2.20259e-05,-0.0137678,3,5.48244,0.656321,0.0103731,0.0274167,1276,6,False,nan,nan,nan,nan,nan,nan,nan,nan,nan,nan,nan,nan,13,10
noise,realistic,alternating,5,1,1,20,8000,0.00263825,6.65061e-05,0.00017117,6.65061e-05,0.898797,9.00005,9.00641,2.26061,nan,3.55439,nan,0.128665,5.15002,8.01884,12.0142,True,1,0.00273516,0.0027193,0.00244243,0.00302172,6.85483e-05,6.84757e-05,6.22052e-05,7.51661e-05,0.000330933,0.000330337,0.000219836,0.000449154,6.85483e-05,6.84757e-05,6.22052e-05,7.51661e-05,-0.0827586,12,5,0.58937,0.0146644,0.008736,1737,9,True,nan,nan,nan,nan,nan,nan,nan,nan,nan,nan,nan,nan,13,9
noise,realistic,alternating,5,1,2,40,8000,0.00263825,6.65061e-05,0.00017117,5.78696e-05,0.898797,13.9076,13.8321,3.35152,nan,1.52482,nan,0.502982,13.0708,15.2781,17.8179,True,1,0.00287135,0.0028672,0.0026963,0.00307622,6.34753e-05,6.33808e-05,6.11165e-05,6.59642e-05,0.000277244,0.000276358,0.000223238,0.000330211,5.84383e-05,5.84119e-05,5.67749e-05,6.00581e-05,-0.0237193,8,5,0.589946,0.015753,0.0110057,1901,3,False,nan,nan,nan,nan,nan,nan,nan,nan,nan,nan,nan,nan,13,9
noise,realistic,alternating,5,1,3,20,8000,0.00263825,6.65061e-05,0.00017117,4.9343e-05,0.898797,6.9132,6.92437,1.61548,nan,0.544855,nan,0.0806927,6.82731,7.42142,7.94268,True,0.5,0.0029073,0.0028956,0.00274638,0.00310801,6.41576e-05,6.41619e-05,6.16367e-05,6.6676e-05,0.000309549,0.00030733,0.000241949,0.000382504,5.05368e-05,5.05059e-05,4.85694e-05,5.27577e-05,-0.0269147,6,5,0.601193,0.0208466,0.0163953,1221,1,False,nan,nan,nan,nan,nan,nan,nan,nan,nan,nan,nan,nan,13,9
noise,realistic,alternating,5,1,4,40,8000,0.00263825,6.65061e-05,0.00017117,4.62422e-05,0.898797,11.19,11.1328,3.04753,nan,0.504495,nan,0.480385,10.5811,11.3899,12.4651,True,1,0.00288195,0.00288189,0.00274617,0.00301884,6.36807e-05,6.37848e-05,6.11847e-05,6.59934e-05,0.000258978,0.000257049,0.00020857,0.000313325,4.63415e-05,4.62491e-05,4.49595e-05,4.80277e-05,-0.0208151,5,5,0.797447,0.0276319,0.0137888,1335,2,True,nan,nan,nan,nan,nan,nan,nan,nan,nan,nan,nan,nan,13,9
noise,realistic,alternating,5,1,5,20,8000,0.00263825,6.65061e-05,0.00017117,4.12861e-05,0.898797,5.89777,5.95091,1.41576,nan,0.32827,nan,0.0888553,5.55691,6.01555,6.52445,True,0.875,0.00285438,0.00285886,0.00272219,0.00297931,6.39508e-05,6.40782e-05,6.15744e-05,6.59919e-05,0.000253108,0.00025126,0.000193697,0.00032312,4.19182e-05,4.19013e-05,4.05226e-05,4.34619e-05,0.0630732,3,5,0.7984,0.0282687,0.00986502,1525,5,False,nan,nan,nan,nan,nan,nan,nan,nan,nan,nan,nan,nan,13,9
noise,realistic,alternating,5,1,6,40,8000,0.00263825,6.65061e-05,0.00017117,3.98345e-05,0.898797,10.0729,10.135,2.63356,nan,0.524035,nan,0.0582367,9.09414,9.78594,10.4972,True,0.8125,0.00289778,0.00289679,0.00278488,0.00301411,6.42245e-05,6.43547e-05,6.15718e-05,6.63427e-05,0.000244304,0.000242224,0.000185129,0.000306856,4.12077e-05,4.12277e-05,4.00477e-05,4.22826e-05,0.0538899,5,5.62538,0.597588,0.0283192,0.0101682,1382,1,False,nan,nan,nan,nan,nan,nan,nan,nan,nan,nan,nan,nan,13,9
noise,realistic,alternating,5,1,7,20,8000,0.00263825,6.65061e-05,0.00017117,3.60781e-05,0.898797,5.10005,5.15394,1.21972,nan,0.371458,nan,0.128545,5.03949,5.4108,5.79185,True,0.5,0.0028889,0.00288907,0.00277648,0.00300665,6.44053e-05,6.45052e-05,6.19166e-05,6.6607e-05,0.000260744,0.000256806,0.000190801,0.000345368,3.7119e-05,3.71085e-05,3.59113e-05,3.83882e-05,0.00701958,4,5,0.605986,0.0277374,0.0119308,1401,2,False,nan,nan,nan,nan,nan,nan,nan,nan,nan,nan,nan,nan,13,9
noise,realistic,alternating,5,1,8,40,8000,0.00263825,6.65061e-05,0.00017117,3.52404e-05,0.898797,8.8254,8.57035,2.35617,nan,0.381655,nan,0.188199,8.23341,8.80788,9.47804,True,1,0.00293566,0.00293491,0.00283133,0.00304677,6.43246e-05,6.44416e-05,6.21165e-05,6.61536e-05,0.000310543,0.000308919,0.00023081,0.000395161,3.51514e-05,3.51341e-05,3.41765e-05,3.61441e-05,-0.0229701,5,5,0.604356,0.025399,0.00996837,1336,2,False,nan,nan,nan,nan,nan,nan,nan,nan,nan,nan,nan,nan,13,9
noise,realistic,alternating,5,1,9,20,8000,0.00263825,6.65061e-05,0.00017117,3.28103e-05,0.898797,4.72762,4.73058,1.13168,nan,0.305435,nan,0.065982,4.24496,4.55953,4.85538,True,0.75,0.00291307,0.00291402,0.00280982,0.0030181,6.41665e-05,6.42863e-05,6.19735e-05,6.5988e-05,0.000308304,0.00030497,0.000226567,0.000404205,3.30892e-05,3.30904e-05,3.20077e-05,3.42225e-05,0.0277683,3,5.55996,0.636334,0.0239362,0.0114133,1501,1,False,nan,nan,nan,nan,nan,nan,nan,nan,nan,nan,nan,nan,13,9
noise,realistic,alternating,5,1,10,40,8000,0.00263825,6.65061e-05,0.00017117,3.20118e-05,0.898797,8.22538,8.23319,2.10549,nan,0.600891,nan,0.0399306,7.33126,7.77116,8.34288,True,0.5,0.00289675,0.00289612,0.00277918,0.00300384,6.42378e-05,6.44415e-05,6.1508e-05,6.62417e-05,0.000269227,0.00026644,0.000196535,0.000348721,3.30131e-05,3.30499e-05,3.19652e-05,3.40178e-05,0.00501226,5,5,0.711938,0.0278937,0.0110905,1357,3,False,nan,nan,nan,nan,nan,nan,nan,nan,nan,nan,nan,nan,13,9
noise,realistic,alternating,5,1,11,20,8000,0.00263825,6.65061e-05,0.00017117,2.98881e-05,0.898797,4.27074,4.28223,1.02013,nan,0.229907,nan,0.031711,4.0464,4.35879,4.64899,True,0.875,0.00289094,0.00289053,0.00278281,0.00299214,6.42399e-05,6.44572e-05,6.15656e-05,6.62014e-05,0.000270059,0.000266797,0.000191882,0.000360791,3.0579e-05,3.05757e-05,2.96367e-05,3.15084e-05,0.0751562,2,5,0.451786,0.026957,0.0112109,1595,6,True,nan,nan,nan,nan,nan,nan,nan,nan,nan,nan,nan,nan,13,9
noise,realistic,alternating,5,1,12,40,8000,0.00263825,6.65061e-05,0.00017117,2.98046e-05,0.898797,7.56829,7.50561,1.912,nan,0.462969,nan,0.139061,6.84468,7.33223,7.84324,True,0.625,0.00290419,0.00290465,0.00280972,0.0029995,6.45104e-05,6.47257e-05,6.19005e-05,6.63277e-05,0.000300641,0.000299341,0.000215625,0.000392669,3.02158e-05,3.02585e-05,2.92426e-05,3.10055e-05,0.0908328,5,5,0.451783,0.0280891,0.00845971,1357,4,False,nan,nan,nan,nan,nan,nan,nan,nan,nan,nan,nan,nan,13,9
noise,realistic,alternating,5,1,13,20,8000,0.00263825,6.65061e-05,0.00017117,2.81419e-05,0.898797,4.02932,4.05702,0.969773,nan,0.236438,nan,0.0464429,3.70385,3.97317,4.2185,True,0.75,0.00291019,0.00290978,0.00281977,0.00300323,6.4561e-05,6.47294e-05,6.213e-05,6.6365e-05,0.00029378,0.000289628,0.000204372,0.000397071,2.85028e-05,2.85113e-05,2.7518e-05,2.94007e-05,0.0262026,2,5,0.598488,0.0272338,0.00685046,1618,5,False,nan,nan,nan,nan,nan,nan,nan,nan,nan,nan,nan,nan,13,9
noise,realistic,alternating,5,1,14,40,8000,0.00263825,6.65061e-05,0.00017117,2.83548e-05,0.898797,7.15657,7.16579,1.75588,nan,0.506173,nan,0.0327291,6.40466,6.82933,7.27986,True,0.5,0.00289694,0.00289557,0.00280945,0.00298607,6.46483e-05,6.47698e-05,6.23503e-05,6.65144e-05,0.000251046,0.000246413,0.000178327,0.000337687,2.85514e-05,2.85858e-05,2.76835e-05,2.92717e-05,-0.0802541,5,5,0.434089,0.0273504,0.00774601,1387,1,False,nan,nan,nan,nan,nan,nan,nan,nan,nan,nan,nan,nan,13,9
noise,realistic,alternating,5,1,15,20,8000,0.00263825,6.65061e-05,0.00017117,2.64848e-05,0.898797,3.84112,3.71477,0.944861,nan,0.211488,nan,0.0556774,3.58243,3.81745,4.04067,True,0.75,0.00290356,0.00290394,0.00281718,0.00299378,6.462e-05,6.47223e-05,6.21449e-05,6.66334e-05,0.000247372,0.000243122,0.000170617,0.000340805,2.6577e-05,2.65854e-05,2.57539e-05,2.73872e-05,0.047937,2,5,0.649242,0.0261238,0.00943896,1649,5,False,nan,nan,nan,nan,nan,nan,nan,nan,nan,nan,nan,nan,13,9
noise,realistic,alternating,5,1,16,40,8000,0.00263825,6.65061e-05,0.00017117,2.61341e-05,0.898797,6.57987,6.5024,1.59891,nan,0.359495,nan,0.227881,6.06151,6.46599,6.86643,True,0.75,0.00292152,0.00291884,0.00283801,0.0030069,6.45394e-05,6.46795e-05,6.21331e-05,6.64034e-05,0.000238301,0.000234904,0.000160654,0.00032762,2.59963e-05,2.5985e-05,2.53367e-05,2.66746e-05,-0.028484,3,5,0.656225,0.0242277,0.00991124,1579,4,False,nan,nan,nan,nan,nan,nan,nan,nan,nan,nan,nan,nan,13,9
noise,realistic,alternating,5,1,17,20,8000,0.00263825,6.65061e-05,0.00017117,2.4733e-05,0.898797,3.56063,3.65217,0.886454,nan,0.225583,nan,0.0411184,3.29943,3.50082,3.71203,True,0.625,0.00291796,0.00291489,0.00283128,0.00300829,6.44424e-05,6.46094e-05,6.20516e-05,6.6226e-05,0.000229488,0.000222526,0.000150145,0.000332695,2.53742e-05,2.53565e-05,2.45497e-05,2.62589e-05,-0.0342764,3,5.58982,0.582865,0.0237114,0.0102471,1543,5,False,nan,nan,nan,nan,nan,nan,nan,nan,nan,nan,nan,nan,13,9
noise,realistic,alternating,5,1,18,40,8000,0.00263825,6.65061e-05,0.00017117,2.49674e-05,0.898797,6.3684,6.37826,1.5405,nan,0.38784,nan,0.0365724,5.83108,6.21307,6.62692,True,0.75,0.00290987,0.00290917,0.00282605,0.00299699,6.46155e-05,6.47413e-05,6.24123e-05,6.63637e-05,0.000243494,0.000233427,0.000156239,0.000372135,2.53022e-05,2.53167e-05,2.45014e-05,2.60344e-05,-0.0932758,4,5,0.576472,0.0253572,0.00865817,1433,3,False,nan,nan,nan,nan,nan,nan,nan,nan,nan,nan,nan,nan,13,9
noise,realistic,alternating,5,1,19,20,8000,0.00263825,6.65061e-05,0.00017117,2.33783e-05,0.898797,3.38753,3.30256,0.859483,nan,0.201384,nan,0.0222657,3.22101,3.40589,3.61241,True,0.5,0.00291119,0.00291262,0.00282286,0.00299875,6.46513e-05,6.47837e-05,6.22621e-05,6.64017e-05,0.000260185,0.000251002,0.000164641,0.000391265,2.37584e-05,2.3763e-05,2.30096e-05,2.45284e-05,-0.0162536,2,5,0.508256,0.0255018,0.0092599,1626,3,False,nan,nan,nan,nan,nan,nan,nan,nan,nan,nan,nan,nan,13,9
noise,realistic,alternating,5,1,20,40,8000,0.00263825,6.65061e-05,0.00017117,2.31604e-05,0.898797,6.00224,6.059,1.45165,nan,0.413998,nan,0.136696,5.43324,5.80214,6.15055,True,0.625,0.00291771,0.00291721,0.00283323,0.00300165,6.47523e-05,6.48913e-05,6.23976e-05,6.66218e-05,0.000273598,0.000265573,0.000167849,0.000404954,2.40157e-05,2.40595e-05,2.32438e-05,2.46769e-05,-0.0786813,5,5.5583,0,0.0271005,0.0092929,1374,4,True,nan,nan,nan,nan,nan,nan,nan,nan,nan,nan,nan,nan,13,9
noise,realistic,alternating,5,2,1,20,8000,0.000920037,5.18764e-05,0.000379041,5.18764e-05,0.988462,7.88271,7.98279,2.06242,nan,3.57885,nan,0.127511,5.33971,8.01244,12.0187,True,1,0.00129165,0.00128587,0.00112419,0.00147132,6.41251e-05,6.39371e-05,5.7967e-05,7.05392e-05,0.000567218,0.00056313,0.000396436,0.00074751,6.41251e-05,6.39371e-05,5.7967e-05,7.05392e-05,-0.0486794,13,5,0.544427,0.0245776,0.00856526,1772,0,True,nan,nan,nan,nan,nan,nan,nan,nan,nan,nan,nan,nan,13,6
noise,realistic,alternating,5,2,2,40,8000,0.000920037,5.18764e-05,0.000379041,4.151e-05,0.988462,11.229,11.1635,4.59394,nan,2.29416,nan,0.108683,11.5008,13.4178,15.7053,False,0.375,0.00117789,0.00117573,0.00106043,0.00130654,5.79726e-05,5.78805e-05,5.59614e-05,6.02806e-05,0.00060925,0.00060892,0.000526179,0.00069568,4.9262e-05,4.92921e-05,4.78881e-05,5.0506e-05,0.00798905,10,5,0.545204,0.0183356,0.00767745,1881,1,False,nan,nan,nan,nan,nan,nan,nan,nan,nan,nan,nan,nan,13,6
noise,realistic,alternating,5,2,3,20,8000,0.000920037,5.18764e-05,0.000379041,3.30542e-05,0.988462,5.30065,5.22226,2.16822,nan,0.392015,nan,0.15676,5.18716,5.61765,6.00742,True,0.625,0.00112942,0.00112946,0.00102378,0.00123953,5.87151e-05,5.87907e-05,5.61335e-05,6.11692e-05,0.000697072,0.000693748,0.000566634,0.00084488,3.87672e-05,3.8724e-05,3.7443e-05,4.02448e-05,0.0172712,5,5.62412,0.572845,0.0242417,0.0126719,1426,5,False,nan,nan,nan,nan,nan,nan,nan,nan,nan,nan,nan,nan,13,6
noise,realistic,alternating,5,2,4,40,8000,0.000920037,5.18764e-05,0.000379041,3.04128e-05,0.988462,8.46216,8.34287,4.82123,nan,0.483655,nan,0.0632938,7.53684,8.12022,8.85349,True,0.875,0.00110611,0.00110766,0.00101395,0.00119363,5.86602e-05,5.87172e-05,5.60528e-05,6.10241e-05,0.000553761,0.000552403,0.000460552,0.000655531,3.49586e-05,3.49579e-05,3.3964e-05,3.5992e-05,-0.0379242,5,5,0.62036,0.0276834,0.0096332,1454,4,False,nan,nan,nan,nan,nan,nan,nan,nan,nan,nan,nan,nan,13,6
noise,realistic,alternating,5,2,5,20,8000,0.000920037,5.18764e-05,0.000379041,2.66927e-05,0.988462,4.32146,4.22283,2.05679,nan,0.195922,nan,0.0511894,3.93197,4.24402,4.57559,True,1,0.00107969,0.00108142,0.000996431,0.00116164,5.86708e-05,5.87319e-05,5.62621e-05,6.09914e-05,0.000567335,0.000565718,0.000442967,0.000692687,3.03934e-05,3.03766e-05,2.94483e-05,3.1469e-05,0.0537408,3,5,0.6455,0.0239684,0.00956591,1621,5,False,nan,nan,nan,nan,nan,nan,nan,nan,nan,nan,nan,nan,13,6
noise,realistic,alternating,5,2,6,40,8000,0.000920037,5.18764e-05,0.000379041,2.54151e-05,0.988462,7.22635,7.29709,4.38882,nan,0.534369,nan,0.120181,6.35795,6.80543,7.34701,True,0.625,0.00106529,0.00106597,0.000989599,0.00114177,5.88892e-05,5.90393e-05,5.59464e-05,6.11569e-05,0.000525561,0.000522786,0.000411815,0.000648054,2.96483e-05,2.97144e-05,2.84968e-05,3.06206e-05,0.0153584,6,5,0.494611,0.0313266,0.0112533,1416,2,False,nan,nan,nan,nan,nan,nan,nan,nan,nan,nan,nan,nan,13,6
noise,realistic,alternating,5,2,7,20,8000,0.000920037,5.18764e-05,0.000379041,2.2756e-05,0.988462,3.6212,3.64565,1.94819,nan,0.155925,nan,0.0915382,3.38113,3.68848,3.99513,True,1,0.00106652,0.00106752,0.000989779,0.00114609,5.90077e-05,5.91783e-05,5.62582e-05,6.12134e-05,0.000524709,0.000518855,0.000402142,0.000663298,2.61589e-05,2.61809e-05,2.52018e-05,2.70503e-05,0.0501376,3,5.67784,0,0.0305575,0.0108742,1590,5,False,nan,nan,nan,nan,nan,nan,nan,nan,nan,nan,nan,nan,13,6
noise,realistic,alternating,5,2,8,40,8000,0.000920037,5.18764e-05,0.000379041,2.16813e-05,0.988462,6.12151,6.08949,4.14052,nan,0.294232,nan,0.181412,5.62577,6.06526,6.50792,True,1,0.0010829,0.00108518,0.00100425,0.00115402,5.90292e-05,5.91775e-05,5.65459e-05,6.11174e-05,0.000444459,0.000438482,0.000339239,0.000567833,2.46926e-05,2.46811e-05,2.39948e-05,2.54297e-05,0.00922883,4,5,0.521291,0.028655,0.00980037,1466,2,False,nan,nan,nan,nan,nan,nan,nan,nan,nan,nan,nan,nan,13,6
noise,realistic,alternating,5,2,9,20,8000,0.000920037,5.18764e-05,0.000379041,2.02613e-05,0.988462,3.26981,3.25936,1.73826,nan,0.171491,nan,0.0615632,2.96921,3.20215,3.4499,True,0.875,0.00107908,0.00108003,0.00100181,0.00114969,5.89776e-05,5.91323e-05,5.6402e-05,6.09933e-05,0.000423878,0.00041631,0.000314611,0.000556566,2.29422e-05,2.29314e-05,2.21427e-05,2.37563e-05,0.0421494,2,5,0.522504,0.0271034,0.00918603,1628,4,False,nan,nan,nan,nan,nan,nan,nan,nan,nan,nan,nan,nan,13,6
noise,realistic,alternating,5,2,10,40,8000,0.000920037,5.18764e-05,0.000379041,1.97097e-05,0.988462,5.59361,5.49691,3.6702,nan,0.285966,nan,0.0863259,5.12087,5.46456,5.88513,True,1,0.00109211,0.00109333,0.00102078,0.00115975,5.90745e-05,5.92127e-05,5.65476e-05,6.10464e-05,0.000399185,0.00039396,0.000297843,0.000520883,2.20773e-05,2.20666e-05,2.14431e-05,2.27761e-05,0.0340314,3,5,0.691009,0.0258996,0.0088611,1569,4,False,nan,nan,nan,nan,nan,nan,nan,nan,nan,nan,nan,nan,13,6
noise,realistic,alternating,5,2,11,20,8000,0.000920037,5.18764e-05,0.000379041,1.80602e-05,0.988462,3.0431,2.97099,1.52443,nan,0.195526,nan,0.0756936,2.73744,2.92322,3.1218,True,0.75,0.00109006,0.00109008,0.00102229,0.0011572,5.90416e-05,5.91857e-05,5.65872e-05,6.09776e-05,0.000390651,0.000385297,0.000278079,0.000521869,2.08318e-05,2.08171e-05,2.0104e-05,2.16248e-05,0.0101541,2,5,0.559806,0.0244653,0.00847212,1685,2,False,nan,nan,nan,nan,nan,nan,nan,nan,nan,nan,nan,nan,13,6
noise,realistic,alternating,5,2,12,40,8000,0.000920037,5.18764e-05,0.000379041,1.76951e-05,0.988462,5.21596,5.19811,3.24852,nan,0.318124,nan,0.141835,4.70312,5.01699,5.37346,True,0.625,0.00108054,0.00107982,0.00100477,0.00115238,5.91439e-05,5.93049e-05,5.66727e-05,6.1078e-05,0.000349417,0.000346208,0.000251696,0.000462339,2.05989e-05,2.06155e-05,1.99742e-05,2.12366e-05,0.0433387,3,5.57919,0.626026,0.0235785,0.00830674,1609,1,False,nan,nan,nan,nan,nan,nan,nan,nan,nan,nan,nan,nan,13,6
noise,realistic,alternating,5,2,13,20,8000,0.000920037,5.18764e-05,0.000379041,1.63598e-05,0.988462,2.68811,2.70895,1.44906,nan,0.140298,nan,0.0116949,2.58468,2.76755,2.93914,True,0.75,0.00107665,0.00107513,0.00099937,0.00114984,5.91393e-05,5.92547e-05,5.66747e-05,6.1121e-05,0.000368013,0.000359363,0.000254526,0.000505173,1.93094e-05,1.93189e-05,1.85392e-05,2.00597e-05,0.00541451,2,5.74181,0.66814,0.0223563,0.00868531,1724,4,False,nan,nan,nan,nan,nan,nan,nan,nan,nan,nan,nan,nan,13,6
noise,realistic,alternating,5,2,14,40,8000,0.000920037,5.18764e-05,0.000379041,1.62261e-05,0.988462,4.71948,4.80886,3.03012,nan,0.224953,nan,0.0763573,4.40729,4.7135,5.0232,True,1,0.00106437,0.00106515,0.000980951,0.0011404,5.91587e-05,5.92169e-05,5.69892e-05,6.11395e-05,0.000320756,0.000316061,0.000226202,0.000432214,1.89774e-05,1.89926e-05,1.84299e-05,1.95136e-05,0.0389341,3,5.49512,0.43363,0.0192881,0.00856916,1641,7,False,nan,nan,nan,nan,nan,nan,nan,nan,nan,nan,nan,nan,13,6
noise,realistic,alternating,5,2,15,20,8000,0.000920037,5.18764e-05,0.000379041,1.50611e-05,0.988462,2.50566,2.5239,1.31356,nan,0.132584,nan,0.0317937,2.41457,2.57007,2.72271,True,0.75,0.00106718,0.00106754,0.000993599,0.00113814,5.92079e-05,5.92925e-05,5.71346e-05,6.11289e-05,0.000323531,0.000317103,0.000220818,0.000449111,1.80198e-05,1.80209e-05,1.74183e-05,1.86214e-05,0.0329177,2,5,0.496622,0.0190271,0.00856916,1715,3,False,nan,nan,nan,nan,nan,nan,nan,nan,nan,nan,nan,nan,13,6
noise,realistic,alternating,5,2,16,40,8000,0.000920037,5.18764e-05,0.000379041,1.48139e-05,0.988462,4.23383,4.23659,2.90445,nan,0.286742,nan,0.0803561,4.18387,4.44414,4.68586,True,0.5,0.00105724,0.00105754,0.000985434,0.00112654,5.91279e-05,5.92258e-05,5.6836e-05,6.10604e-05,0.00036612,0.000359053,0.000246396,0.000506818,1.69947e-05,1.69974e-05,1.644e-05,1.75472e-05,-0.0922958,3,5,0.551279,0.0204769,0.00870482,1598,2,False,nan,nan,nan,nan,nan,nan,nan,nan,nan,nan,nan,nan,13,6
noise,realistic,alternating,5,2,17,20,8000,0.000920037,5.18764e-05,0.000379041,1.38501e-05,0.988462,2.27953,2.11414,1.24495,nan,0.106325,nan,0.0160277,2.16211,2.30443,2.4402,True,0.9375,0.00105773,0.00105694,0.000993227,0.00112597,5.93136e-05,5.94154e-05,5.69331e-05,6.11972e-05,0.00039562,0.000388322,0.000254931,0.000560648,1.56376e-05,1.56426e-05,1.49092e-05,1.63483e-05,-0.0745349,4,5.70533,0.510695,0.0236863,0.00760969,1447,2,False,nan,nan,nan,nan,nan,nan,nan,nan,nan,nan,nan,nan,13,6
noise,realistic,alternating,5,2,18,40,8000,0.000920037,5.18764e-05,0.000379041,1.3577e-05,0.988462,4.00779,4.19054,2.63271,nan,0.259698,nan,0.0395222,3.59791,3.85413,4.10556,True,0.5,0.00105907,0.0010597,0.000983784,0.0011358,5.90366e-05,5.9169e-05,5.65307e-05,6.12483e-05,0.000341919,0.000335279,0.000224058,0.000477754,1.61209e-05,1.61274e-05,1.55572e-05,1.6674e-05,0.0472344,5,5,0.45627,0.0210675,0.0138196,1274,3,False,nan,nan,nan,nan,nan,nan,nan,nan,nan,nan,nan,nan,13,6
noise,realistic,alternating,5,2,19,20,8000,0.000920037,5.18764e-05,0.000379041,1.28208e-05,0.988462,2.10541,2.015,1.17691,nan,0.128068,nan,0.00764907,2.04014,2.18386,2.34003,True,0.625,0.00105051,0.00105451,0.000971688,0.00111769,5.88853e-05,5.89368e-05,5.64023e-05,6.12615e-05,0.00036369,0.000353855,0.000230714,0.00052992,1.50507e-05,1.50653e-05,1.44466e-05,1.56122e-05,-0.0827766,2,5,0.533712,0.017367,0.0174861,1550,4,False,nan,nan,nan,nan,nan,nan,nan,nan,nan,nan,nan,nan,13,6
noise,realistic,alternating,5,2,20,40,8000,0.000920037,5.18764e-05,0.000379041,1.24631e-05,0.988462,3.59043,3.6415,2.58513,nan,0.228483,nan,0.114684,3.49237,3.74444,3.98458,True,0.5,0.00105493,0.00105609,0.000986947,0.00111967,5.88857e-05,5.89518e-05,5.64172e-05,6.11778e-05,0.000377871,0.00037001,0.000233509,0.000550412,1.45369e-05,1.45393e-05,1.40262e-05,1.50358e-05,-0.0175308,3,5,0.563806,0.0173859,0.0171488,1520,7,False,nan,nan,nan,nan,nan,nan,nan,nan,nan,nan,nan,nan,13,6
noise,realistic,alternating,5,3,1,20,8000,1.25621,5.0914e-05,0.000416065,5.0914e-05,1.04232,5.40116,5.39762,6.32856,nan,3.88689,nan,0.0925468,5.22723,7.86345,12.0172,True,0.625,1.04152,1.04291,1.00244,1.0805,4.1391e-05,4.08197e-05,3.74494e-05,4.66886e-05,0.000623311,0.000615352,0.000405048,0.000885254,4.1391e-05,4.08197e-05,3.74494e-05,4.66886e-05,-0.0482867,16,5,0.412478,0.0130566,0.00934979,1775,7,True,nan,nan,nan,nan,nan,nan,nan,nan,nan,nan,nan,nan,13,7
noise,realistic,alternating,5,3,2,40,8000,1.25621,5.0914e-05,0.000416065,4.21745e-05,1.04232,7.76072,7.84722,10.0221,nan,2.22952,nan,0.215262,8.1021,9.34928,11.2029,False,0.125,1.05573,1.0562,1.0309,1.079,3.69709e-05,3.69761e-05,3.56585e-05,3.83253e-05,0.000638207,0.000639055,0.00052181,0.000761758,3.3068e-05,3.30357e-05,3.2088e-05,3.41902e-05,-0.139619,10,5.86827,0.582737,0.0155033,0.0113339,1926,2,True,nan,nan,nan,nan,nan,nan,nan,nan,nan,nan,nan,nan,13,7
noise,realistic,alternating,5,3,3,20,8000,1.25621,5.0914e-05,0.000416065,3.49487e-05,1.04232,3.79167,3.77927,5.09338,nan,0.630053,nan,0.109055,3.86594,4.1723,4.47419,False,0.5,1.03032,1.03035,1.00883,1.05404,3.85454e-05,3.8556e-05,3.65691e-05,4.03441e-05,0.000804979,0.000800005,0.000629607,0.0010027,2.62293e-05,2.61688e-05,2.51345e-05,2.75039e-05,-0.0131501,10,6.20838,0,0.0410652,0.0100244,1378,2,True,nan,nan,nan,nan,nan,nan,nan,nan,nan,nan,nan,nan,13,7
noise,realistic,alternating,5,3,4,40,8000,1.25621,5.0914e-05,0.000416065,3.20349e-05,1.04232,6.09217,6.12763,8.7264,nan,0.712379,nan,0.291928,5.37745,5.88974,6.48424,True,0.8125,1.04769,1.04748,1.02699,1.06903,3.84042e-05,3.84791e-05,3.63045e-05,4.0359e-05,0.000855344,0.000853929,0.000693196,0.00102654,2.49156e-05,2.49155e-05,2.40148e-05,2.58087e-05,-0.0986556,6,6.21108,0,0.0370976,0.0206115,1324,4,False,nan,nan,nan,nan,nan,nan,nan,nan,nan,nan,nan,nan,13,7
noise,realistic,alternating,5,3,5,20,8000,1.25621,5.0914e-05,0.000416065,2.82575e-05,1.04232,3.12789,3.04312,4.38534,nan,0.392022,nan,0.117377,2.72213,2.98602,3.27758,True,0.75,1.04398,1.04369,1.02503,1.06439,3.84482e-05,3.85198e-05,3.63552e-05,4.02176e-05,0.00087846,0.000871781,0.000686279,0.00108674,2.14588e-05,2.14716e-05,2.05551e-05,2.22823e-05,-0.165508,3,5.51945,0.513652,0.0363364,0.0180833,1461,7,False,nan,nan,nan,nan,nan,nan,nan,nan,nan,nan,nan,nan,13,7
noise,realistic,alternating,5,3,6,40,8000,1.25621,5.0914e-05,0.000416065,2.65846e-05,1.04232,5.29653,5.29694,7.61139,nan,0.756016,nan,0.130337,4.49215,4.91603,5.36614,True,0.625,1.04026,1.04015,1.02213,1.05919,3.89285e-05,3.91236e-05,3.6698e-05,4.05743e-05,0.000818572,0.000819049,0.000647826,0.000996838,2.08617e-05,2.08853e-05,2.00704e-05,2.15845e-05,-0.200785,5,5.57615,0.656958,0.0404905,0.00926813,1387,2,False,nan,nan,nan,nan,nan,nan,nan,nan,nan,nan,nan,nan,13,7
noise,realistic,alternating,5,3,7,20,8000,1.25621,5.0914e-05,0.000416065,2.45542e-05,1.04232,2.75945,2.79571,3.87135,nan,0.434777,nan,0.105042,2.34992,2.56717,2.79908,True,0.5,1.04231,1.04237,1.024,1.0612,3.86727e-05,3.88536e-05,3.66563e-05,4.0158e-05,0.000768314,0.000761766,0.000576198,0.000986664,1.93134e-05,1.93558e-05,1.8156e-05,2.01992e-05,-0.157968,4,5.7455,0.578757,0.0407702,0.0104038,1397,2,False,nan,nan,nan,nan,nan,nan,nan,nan,nan,nan,nan,nan,13,7
noise,realistic,alternating,5,3,8,40,8000,1.25621,5.0914e-05,0.000416065,2.31582e-05,1.04232,4.61201,4.66361,6.80623,nan,0.527687,nan,0.171744,4.11641,4.565,4.98202,True,0.8125,1.03882,1.03809,1.0216,1.05803,3.85262e-05,3.88031e-05,3.60646e-05,4.00267e-05,0.000557866,0.000551523,0.000428997,0.000703121,1.8305e-05,1.82827e-05,1.76878e-05,1.90507e-05,-0.239328,6,5,0.505267,0.0385792,0.0102712,1207,4,False,nan,nan,nan,nan,nan,nan,nan,nan,nan,nan,nan,nan,13,7
noise,realistic,alternating,5,3,9,20,8000,1.25621,5.0914e-05,0.000416065,2.1623e-05,1.04232,2.44189,2.54523,3.46462,nan,0.296914,nan,0.0736395,2.21654,2.41515,2.64801,True,0.75,1.03575,1.03523,1.01955,1.05382,3.87024e-05,3.89228e-05,3.66089e-05,4.01304e-05,0.000600021,0.000595299,0.00044122,0.000786409,1.67362e-05,1.67301e-05,1.60713e-05,1.7431e-05,-0.0972238,3,6.00893,0.583877,0.038366,0.00891006,1430,1,False,nan,nan,nan,nan,nan,nan,nan,nan,nan,nan,nan,nan,13,7
noise,realistic,alternating,5,3,10,40,8000,1.25621,5.0914e-05,0.000416065,2.11243e-05,1.04232,4.25258,4.34384,6.11191,nan,0.55232,nan,0.114511,3.75215,4.07952,4.42959,True,0.625,1.03402,1.03364,1.01886,1.05061,3.87545e-05,3.89689e-05,3.65677e-05,4.01308e-05,0.00050634,0.000500169,0.000374711,0.000657813,1.62729e-05,1.62802e-05,1.57473e-05,1.68148e-05,-0.177025,4,5.57176,0.544158,0.0374661,0.00883769,1427,1,False,nan,nan,nan,nan,nan,nan,nan,nan,nan,nan,nan,nan,13,7
noise,realistic,alternating,5,3,11,20,8000,1.25621,5.0914e-05,0.000416065,1.98351e-05,1.04232,2.2598,2.22104,3.14416,nan,0.301424,nan,0.0471565,2.00754,2.18088,2.36854,True,0.625,1.03393,1.03371,1.01854,1.05039,3.8828e-05,3.89959e-05,3.67637e-05,4.01261e-05,0.000527192,0.000517337,0.000370271,0.000709228,1.51319e-05,1.51135e-05,1.45396e-05,1.57319e-05,-0.0557583,2,6.05637,0.520957,0.0365529,0.00816435,1614,5,False,nan,nan,nan,nan,nan,nan,nan,nan,nan,nan,nan,nan,13,7
noise,realistic,alternating,5,3,12,40,8000,1.25621,5.0914e-05,0.000416065,1.91662e-05,1.04232,3.82889,3.85327,5.58611,nan,0.474051,nan,0.135068,3.46275,3.76552,4.06597,True,0.625,1.03138,1.03103,1.01737,1.0468,3.89153e-05,3.90651e-05,3.70389e-05,4.01565e-05,0.00041998,0.000416536,0.000297556,0.000565915,1.46899e-05,1.46861e-05,1.42478e-05,1.51648e-05,-0.133751,4,5.62872,0.549585,0.0356663,0.00733774,1475,3,False,nan,nan,nan,nan,nan,nan,nan,nan,nan,nan,nan,nan,13,7
noise,realistic,alternating,5,3,13,20,8000,1.25621,5.0914e-05,0.000416065,1.82399e-05,1.04232,2.09131,2.04711,2.87752,nan,0.30506,nan,0.0888476,1.85444,2.00257,2.1615,True,0.625,1.03234,1.03225,1.01735,1.04779,3.87849e-05,3.89469e-05,3.68176e-05,4.00827e-05,0.000415321,0.00040829,0.00028053,0.000578294,1.43797e-05,1.43818e-05,1.37944e-05,1.49488e-05,-0.0951938,3,5.69337,0.627367,0.0353527,0.00779746,1524,3,False,nan,nan,nan,nan,nan,nan,nan,nan,nan,nan,nan,nan,13,7
noise,realistic,alternating,5,3,14,40,8000,1.25621,5.0914e-05,0.000416065,1.77694e-05,1.04232,3.60378,3.71692,5.08654,nan,0.428587,nan,0.0998663,3.35734,3.62974,3.92238,True,0.75,1.03111,1.03093,1.01683,1.04607,3.87781e-05,3.89319e-05,3.69471e-05,4.00035e-05,0.000382689,0.000374634,0.000261618,0.000536581,1.38742e-05,1.38699e-05,1.34648e-05,1.42966e-05,-0.137299,3,5,0.592036,0.0332984,0.00739666,1552,6,False,nan,nan,nan,nan,nan,nan,nan,nan,nan,nan,nan,nan,13,7
noise,realistic,alternating,5,3,15,20,8000,1.25621,5.0914e-05,0.000416065,1.704e-05,1.04232,1.92777,1.94482,2.65781,nan,0.255451,nan,0.0668233,1.78095,1.91027,2.04742,True,0.5,1.03039,1.03044,1.01618,1.04531,3.88114e-05,3.8945e-05,3.69627e-05,4.00897e-05,0.000391129,0.000380652,0.000259319,0.000559475,1.32929e-05,1.32874e-05,1.28116e-05,1.38106e-05,-0.123294,2,5.47976,0.581348,0.0323689,0.00730654,1648,2,False,nan,nan,nan,nan,nan,nan,nan,nan,nan,nan,nan,nan,13,7
noise,realistic,alternating,5,3,16,40,8000,1.25621,5.0914e-05,0.000416065,1.66135e-05,1.04232,3.37083,3.39981,4.69653,nan,0.412048,nan,0.0981334,3.13402,3.36419,3.63792,True,0.5,1.02832,1.02796,1.01472,1.04232,3.884e-05,3.89689e-05,3.70969e-05,4.00063e-05,0.000363254,0.000351485,0.000239369,0.000516764,1.28481e-05,1.28347e-05,1.24849e-05,1.32513e-05,-0.122881,3,5,0.536858,0.0319266,0.00694468,1572,3,False,nan,nan,nan,nan,nan,nan,nan,nan,nan,nan,nan,nan,13,7
noise,realistic,alternating,5,3,17,20,8000,1.25621,5.0914e-05,0.000416065,1.60363e-05,1.04232,1.79454,1.65327,2.47177,nan,0.247146,nan,0.038114,1.66455,1.78086,1.90827,True,0.4375,1.03074,1.03058,1.01692,1.04504,3.87897e-05,3.88984e-05,3.70062e-05,3.99835e-05,0.000360519,0.000347543,0.000231482,0.000527789,1.24811e-05,1.24825e-05,1.20162e-05,1.29493e-05,-0.139527,2,5,0.724611,0.0306936,0.00689945,1677,5,False,nan,nan,nan,nan,nan,nan,nan,nan,nan,nan,nan,nan,13,7
noise,realistic,alternating,5,3,18,40,8000,1.25621,5.0914e-05,0.000416065,1.54379e-05,1.04232,3.14481,3.26237,4.36192,nan,0.393373,nan,0.103926,2.96493,3.17695,3.41913,True,0.5,1.03214,1.03208,1.01886,1.04616,3.87885e-05,3.89068e-05,3.70137e-05,3.99524e-05,0.000334493,0.000324803,0.000221621,0.000487126,1.21534e-05,1.21498e-05,1.17891e-05,1.25377e-05,-0.127757,3,5,0.609579,0.029599,0.00670588,1540,1,False,nan,nan,nan,nan,nan,nan,nan,nan,nan,nan,nan,nan,13,7
noise,realistic,alternating,5,3,19,20,8000,1.25621,5.0914e-05,0.000416065,1.48833e-05,1.04232,1.69685,1.70187,2.30081,nan,0.223861,nan,0.0510279,1.58985,1.69878,1.81438,True,0.25,1.03178,1.03162,1.01886,1.04579,3.88755e-05,3.89641e-05,3.72879e-05,3.99931e-05,0.000337368,0.000327812,0.000212462,0.000496505,1.15699e-05,1.15774e-05,1.11288e-05,1.19982e-05,-0.0822526,2,5,0.504638,0.0299987,0.00641923,1685,1,True,nan,nan,nan,nan,nan,nan,nan,nan,nan,nan,nan,nan,13,7
noise,realistic,alternating,5,3,20,40,8000,1.25621,5.0914e-05,0.000416065,1.46131e-05,1.04232,2.92622,2.83172,4.08787,nan,0.35878,nan,0.0789541,2.77175,2.96684,3.17389,True,0.375,1.03467,1.03443,1.02107,1.04819,3.88171e-05,3.8928e-05,3.7127e-05,3.98724e-05,0.000335027,0.000323489,0.000200198,0.000509514,1.11061e-05,1.10944e-05,1.07753e-05,1.14709e-05,-0.119914,3,5,0.504979,0.0299987,0.00591083,1597,2,False,nan,nan,nan,nan,nan,nan,nan,nan,nan,nan,nan,nan,13,7
noise,realistic,alternating,5,4,1,20,8000,0.163498,0.000104092,0.000257282,0.000104092,0.986914,11.1609,10.9635,4.92317,nan,3.64845,nan,0.35411,5.36858,7.89056,11.553,True,0.75,0.147388,0.147376,0.144264,0.150713,8.75208e-05,8.77976e-05,7.89216e-05,9.59713e-05,0.000544872,0.000544679,0.000467318,0.000621412,8.75208e-05,8.77976e-05,7.89216e-05,9.59713e-05,-0.117774,17,5,0.58165,0.0206949,0.00889282,1794,4,True,nan,nan,nan,nan,nan,nan,nan,nan,nan,nan,nan,nan,13,6
noise,realistic,alternating,5,4,2,40,8000,0.163498,0.000104092,0.000257282,8.34682e-05,0.986914,16.5734,16.6764,3.16028,nan,1.2957,nan,0.375743,14.4644,16.9434,19.6688,True,1,0.141669,0.141572,0.139967,0.143757,8.43e-05,8.4545e-05,8.03868e-05,8.70982e-05,0.000427627,0.000427613,0.000392478,0.000463991,7.05183e-05,7.05456e-05,6.85687e-05,7.25256e-05,-0.0310763,12,5.74843,0.945222,0.0189881,0.00812534,1878,3,True,nan,nan,nan,nan,nan,nan,nan,nan,nan,nan,nan,nan,13,6
noise,realistic,alternating,5,4,3,20,8000,0.163498,0.000104092,0.000257282,6.53795e-05,0.986914,7.63571,7.68405,2.65153,nan,0.541156,nan,0.203519,7.08186,7.62973,8.22431,True,0.875,0.141772,0.141706,0.140113,0.143749,8.427e-05,8.43807e-05,8.13021e-05,8.66542e-05,0.000454454,0.000451405,0.00038497,0.000531744,5.69584e-05,5.69437e-05,5.54611e-05,5.84766e-05,-0.152739,3,5.48644,0.678764,0.0145817,0.00712682,1640,2,True,nan,nan,nan,nan,nan,nan,nan,nan,nan,nan,nan,nan,13,6
noise,realistic,alternating,5,4,4,40,8000,0.163498,0.000104092,0.000257282,5.95358e-05,0.986914,12.4507,12.3727,1.74319,nan,0.858295,nan,0.280804,11.5896,12.2602,13.109,True,0.875,0.141985,0.141972,0.14031,0.143712,8.39764e-05,8.40495e-05,8.15527e-05,8.6018e-05,0.000433537,0.000433679,0.000378196,0.000489108,5.10144e-05,5.10368e-05,4.99339e-05,5.19993e-05,-0.0375618,4,5.75415,0.937223,0.0115855,0.00557714,1543,3,True,nan,nan,nan,nan,nan,nan,nan,nan,nan,nan,nan,nan,13,6
noise,realistic,alternating,5,4,5,20,8000,0.163498,0.000104092,0.000257282,5.20603e-05,0.986914,6.24966,6.21616,2.05138,nan,0.627328,nan,0.172066,5.61595,5.91427,6.19752,False,0.4375,0.142235,0.142153,0.140652,0.144039,8.35438e-05,8.36582e-05,8.11777e-05,8.55239e-05,0.000383819,0.000381746,0.000318349,0.000458084,4.42663e-05,4.42386e-05,4.33049e-05,4.53854e-05,-0.0664794,4,5,0.688411,0.0111647,0.00603585,1514,3,True,nan,nan,nan,nan,nan,nan,nan,nan,nan,nan,nan,nan,13,6
noise,realistic,alternating,5,4,6,40,8000,0.163498,0.000104092,0.000257282,4.76925e-05,0.986914,10.0166,9.94978,1.66777,nan,0.777678,nan,0.390297,9.60695,10.068,10.5845,True,0.5,0.141446,0.141438,0.140011,0.142886,8.34184e-05,8.34929e-05,8.11445e-05,8.53252e-05,0.00037208,0.000370938,0.000313479,0.000431986,4.06515e-05,4.06224e-05,3.9863e-05,4.14836e-05,0.0211081,4,5,0.676374,0.0102965,0.00570115,1458,3,False,nan,nan,nan,nan,nan,nan,nan,nan,nan,nan,nan,nan,13,6
noise,realistic,alternating,5,4,7,20,8000,0.163498,0.000104092,0.000257282,4.32315e-05,0.986914,5.15243,5.06567,1.69933,nan,0.445061,nan,0.0774005,4.82506,5.03278,5.28176,True,0.25,0.141779,0.141786,0.140413,0.143137,8.33271e-05,8.33648e-05,8.14537e-05,8.50708e-05,0.000365727,0.000363288,0.000298051,0.000442535,3.65539e-05,3.65261e-05,3.58397e-05,3.73236e-05,-0.0616676,3,5,0.508797,0.00970237,0.00541259,1592,3,True,nan,nan,nan,nan,nan,nan,nan,nan,nan,nan,nan,nan,13,6
noise,realistic,alternating,5,4,8,40,8000,0.163498,0.000104092,0.000257282,4.14314e-05,0.986914,8.95684,8.95399,1.48069,nan,0.919841,nan,0.240243,8.17263,8.51207,8.87541,False,0.375,0.140909,0.140885,0.139742,0.14217,8.35551e-05,8.35609e-05,8.16776e-05,8.54395e-05,0.000276614,0.000274274,0.000229755,0.00033213,3.53621e-05,3.53517e-05,3.47622e-05,3.59907e-05,-0.0564818,6,5,0.50852,0.0106896,0.00471813,1227,1,False,nan,nan,nan,nan,nan,nan,nan,nan,nan,nan,nan,nan,13,6
noise,realistic,alternating,5,4,9,20,8000,0.163498,0.000104092,0.000257282,3.82538e-05,0.986914,4.7268,4.91133,1.49385,nan,0.465324,nan,0.181175,4.42197,4.58895,4.77581,True,0.3125,0.140712,0.1407,0.139584,0.141936,8.32767e-05,8.32919e-05,8.14453e-05,8.49992e-05,0.000274622,0.00026857,0.000207111,0.000351976,3.35569e-05,3.35169e-05,3.27052e-05,3.45195e-05,-0.15819,3,5.57146,0.648928,0.0134625,0.00607343,1280,2,False,nan,nan,nan,nan,nan,nan,nan,nan,nan,nan,nan,nan,13,6
noise,realistic,alternating,5,4,10,40,8000,0.163498,0.000104092,0.000257282,3.651e-05,0.986914,7.97077,8.00799,1.36905,nan,0.732512,nan,0.140931,7.70197,8.05512,8.43645,True,0.1875,0.140615,0.140584,0.139515,0.141851,8.32245e-05,8.32248e-05,8.14524e-05,8.49145e-05,0.000256542,0.000254685,0.000197589,0.000320201,3.18998e-05,3.18935e-05,3.12831e-05,3.25222e-05,-0.0492492,4,5,0.711372,0.0116712,0.00596539,1420,5,False,nan,nan,nan,nan,nan,nan,nan,nan,nan,nan,nan,nan,13,6
noise,realistic,alternating,5,4,11,20,8000,0.163498,0.000104092,0.000257282,3.44208e-05,0.986914,4.24365,4.08028,1.355,nan,0.395275,nan,0.152026,4.06228,4.21972,4.39197,True,0,0.140552,0.14053,0.139471,0.141792,8.33072e-05,8.3347e-05,8.1549e-05,8.49918e-05,0.000278448,0.000274029,0.000208328,0.000361685,2.96175e-05,2.962e-05,2.88511e-05,3.03472e-05,-0.0304333,2,5.5212,0.795106,0.0119207,0.00527967,1627,4,False,nan,nan,nan,nan,nan,nan,nan,nan,nan,nan,nan,nan,13,6
noise,realistic,alternating,5,4,12,40,8000,0.163498,0.000104092,0.000257282,3.40925e-05,0.986914,7.37881,7.49211,1.23535,nan,0.75532,nan,0.257723,6.84634,7.17265,7.47843,True,0.125,0.140465,0.140424,0.139365,0.141661,8.32739e-05,8.32822e-05,8.16015e-05,8.49439e-05,0.000237441,0.000234987,0.00017882,0.000307114,2.93015e-05,2.92971e-05,2.87114e-05,2.99189e-05,-0.0534314,4,5.67991,0.578266,0.0113635,0.00533231,1458,3,False,nan,nan,nan,nan,nan,nan,nan,nan,nan,nan,nan,nan,13,6
noise,realistic,alternating,5,4,13,20,8000,0.163498,0.000104092,0.000257282,3.20849e-05,0.986914,3.90516,3.69038,1.27924,nan,0.388258,nan,0.068335,3.7586,3.91871,4.06042,True,0.125,0.140465,0.140436,0.139292,0.141758,8.33708e-05,8.34101e-05,8.15047e-05,8.51658e-05,0.000264887,0.000262335,0.000191433,0.000347703,2.70781e-05,2.70905e-05,2.62988e-05,2.77783e-05,0.000162989,3,5,0.523046,0.0119542,0.00728063,1516,2,True,nan,nan,nan,nan,nan,nan,nan,nan,nan,nan,nan,nan,13,6
noise,realistic,alternating,5,4,14,40,8000,0.163498,0.000104092,0.000257282,3.11546e-05,0.986914,6.77958,6.90328,1.14937,nan,0.707844,nan,0.162833,6.2954,6.62166,6.90765,True,0.25,0.140117,0.140106,0.139054,0.141249,8.34731e-05,8.35265e-05,8.16805e-05,8.51211e-05,0.000213831,0.000210763,0.000155553,0.000277205,2.68133e-05,2.68293e-05,2.62916e-05,2.73154e-05,-0.00655145,4,5,0.519342,0.0115444,0.00572524,1456,4,False,nan,nan,nan,nan,nan,nan,nan,nan,nan,nan,nan,nan,13,6
noise,realistic,alternating,5,4,15,20,8000,0.163498,0.000104092,0.000257282,3.01395e-05,0.986914,3.63534,3.5315,1.21588,nan,0.376036,nan,0.0912244,3.46756,3.61454,3.75853,True,0,0.140122,0.140117,0.138968,0.141264,8.34886e-05,8.35197e-05,8.17639e-05,8.51326e-05,0.000219549,0.000216863,0.00015655,0.00029226,2.55994e-05,2.56072e-05,2.49875e-05,2.61944e-05,0.0105644,2,5.49385,0.691258,0.010846,0.00519976,1607,6,False,nan,nan,nan,nan,nan,nan,nan,nan,nan,nan,nan,nan,13,6
noise,realistic,alternating,5,4,16,40,8000,0.163498,0.000104092,0.000257282,2.99296e-05,0.986914,6.47956,6.39641,1.03269,nan,0.668505,nan,0.227921,6.07259,6.33527,6.59661,True,0.0625,0.140021,0.140022,0.13888,0.141118,8.35152e-05,8.35489e-05,8.18652e-05,8.51712e-05,0.000225736,0.000223189,0.000162246,0.000298773,2.51314e-05,2.51343e-05,2.46521e-05,2.56305e-05,-0.0103451,2,5.49533,0.554434,0.010387,0.00496989,1679,5,False,nan,nan,nan,nan,nan,nan,nan,nan,nan,nan,nan,nan,13,6
noise,realistic,alternating,5,4,17,20,8000,0.163498,0.000104092,0.000257282,2.84498e-05,0.986914,3.46415,3.54802,1.15746,nan,0.376474,nan,0.0592412,3.26452,3.38489,3.50562,True,0,0.140184,0.140173,0.139101,0.141268,8.33979e-05,8.34228e-05,8.17693e-05,8.49674e-05,0.000208436,0.000205277,0.000145447,0.000285133,2.44102e-05,2.43909e-05,2.38133e-05,2.50528e-05,-0.0184638,2,5,0.820865,0.0108392,0.00501392,1733,5,False,nan,nan,nan,nan,nan,nan,nan,nan,nan,nan,nan,nan,13,6
noise,realistic,alternating,5,4,18,40,8000,0.163498,0.000104092,0.000257282,2.7904e-05,0.986914,6.03942,6.13093,0.961125,nan,0.621908,nan,0.0540157,5.81548,6.06018,6.31718,True,0,0.140138,0.14013,0.13909,0.141187,8.33515e-05,8.33718e-05,8.182e-05,8.49442e-05,0.000190056,0.000186632,0.000134544,0.000259282,2.39518e-05,2.39438e-05,2.34785e-05,2.44374e-05,-0.0130674,3,5.54597,0.586953,0.00986673,0.00464088,1623,2,False,nan,nan,nan,nan,nan,nan,nan,nan,nan,nan,nan,nan,13,6
noise,realistic,alternating,5,4,19,20,8000,0.163498,0.000104092,0.000257282,2.64142e-05,0.986914,3.19652,3.08364,1.08029,nan,0.341439,nan,0.065304,3.15359,3.26521,3.3849,True,0.0625,0.140262,0.140283,0.139169,0.141329,8.34405e-05,8.34636e-05,8.18623e-05,8.50107e-05,0.000209715,0.000204747,0.000144,0.000292176,2.28845e-05,2.2892e-05,2.23093e-05,2.34213e-05,-0.00537608,2,5,0.711152,0.00982392,0.00440073,1746,3,False,nan,nan,nan,nan,nan,nan,nan,nan,nan,nan,nan,nan,13,6
noise,realistic,alternating,5,4,20,40,8000,0.163498,0.000104092,0.000257282,2.59921e-05,0.986914,5.60654,5.62578,0.914748,nan,0.58697,nan,0.0902443,5.47628,5.7051,5.91053,True,0,0.14019,0.140218,0.139172,0.141166,8.3442e-05,8.34431e-05,8.18428e-05,8.50178e-05,0.000228469,0.000224293,0.000158729,0.000311021,2.21056e-05,2.21135e-05,2.16209e-05,2.25777e-05,-0.014067,3,5,0.629425,0.0106576,0.00456583,1586,5,False,nan,nan,nan,nan,nan,nan,nan,nan,nan,nan,nan,nan,13,6
noise,realistic,alternating,5,5,1,20,8000,0.134883,6.06557e-05,0.000305899,6.06557e-05,0.977434,7.01517,6.98101,1.87706,nan,2.22218,nan,0.240965,5.24038,7.83109,11.7197,True,1,0.112129,0.112241,0.10806,0.115963,5.43678e-05,5.43363e-05,4.90517e-05,6.00129e-05,0.000490079,0.000489667,0.000314572,0.000678599,5.43678e-05,5.43363e-05,4.90517e-05,6.00129e-05,-0.00528894,14,5,0.477017,0.0131315,0.00873565,1754,6,True,nan,nan,nan,nan,nan,nan,nan,nan,nan,nan,nan,nan,13,7
noise,realistic,alternating,5,5,2,40,8000,0.134883,6.06557e-05,0.000305899,5.08818e-05,0.977434,10.0936,10.1305,4.4734,nan,2.09771,nan,0.290655,10.3239,11.9888,14.1221,False,0.25,0.115511,0.115597,0.11258,0.118128,5.02956e-05,5.02082e-05,4.8551e-05,5.25139e-05,0.000638726,0.000638587,0.000552947,0.000727902,4.39468e-05,4.39355e-05,4.27945e-05,4.51567e-05,-0.0569587,10,5,0.78063,0.01608,0.0092833,1913,6,True,nan,nan,nan,nan,nan,nan,nan,nan,nan,nan,nan,nan,13,7
noise,realistic,alternating,5,5,3,20,8000,0.134883,6.06557e-05,0.000305899,4.17153e-05,0.977434,4.89058,4.84808,2.23991,nan,0.409695,nan,0.157002,4.60063,5.01107,5.37845,True,0.875,0.118095,0.118054,0.11574,0.120625,5.04185e-05,5.0409e-05,4.86281e-05,5.21293e-05,0.000630146,0.000626211,0.000520982,0.000750866,3.54804e-05,3.54585e-05,3.45205e-05,3.65894e-05,-0.11429,6,5,0,0.0182204,0.00842903,1287,2,True,nan,nan,nan,nan,nan,nan,nan,nan,nan,nan,nan,nan,13,7
noise,realistic,alternating,5,5,4,40,8000,0.134883,6.06557e-05,0.000305899,3.90719e-05,0.977434,8.25565,8.35877,4.25727,nan,0.808875,nan,0.269629,7.25599,7.69486,8.24747,False,0.625,0.117489,0.11747,0.115171,0.119891,5.06703e-05,5.08105e-05,4.84384e-05,5.24702e-05,0.000502607,0.000498394,0.000419718,0.00059917,3.39313e-05,3.39578e-05,3.27386e-05,3.49987e-05,-0.071068,6,5.74767,0.529875,0.0269268,0.0182738,1192,3,True,nan,nan,nan,nan,nan,nan,nan,nan,nan,nan,nan,nan,13,7
noise,realistic,alternating,5,5,5,20,8000,0.134883,6.06557e-05,0.000305899,3.44389e-05,0.977434,4.0676,3.98419,2.07129,nan,0.299248,nan,0.12485,3.80588,4.11617,4.43969,True,0.875,0.118048,0.118066,0.115802,0.120331,5.06614e-05,5.07623e-05,4.83546e-05,5.26406e-05,0.000490024,0.000485382,0.00038669,0.000609353,2.92801e-05,2.92921e-05,2.81313e-05,3.03992e-05,-0.0771602,4,5.74586,0.534419,0.0248307,0.020203,1367,9,False,nan,nan,nan,nan,nan,nan,nan,nan,nan,nan,nan,nan,13,7
noise,realistic,alternating,5,5,6,40,8000,0.134883,6.06557e-05,0.000305899,3.30887e-05,0.977434,7.12405,7.04581,3.84085,nan,0.59845,nan,0.185011,6.30296,6.81225,7.32689,True,0.5625,0.116844,0.116829,0.11463,0.118937,5.0753e-05,5.09028e-05,4.85379e-05,5.26e-05,0.000434683,0.000432018,0.000351345,0.000531569,2.81362e-05,2.8149e-05,2.72644e-05,2.89669e-05,-0.0254412,4,5,0.728526,0.0224306,0.0189001,1348,4,False,nan,nan,nan,nan,nan,nan,nan,nan,nan,nan,nan,nan,13,7
noise,realistic,alternating,5,5,7,20,8000,0.134883,6.06557e-05,0.000305899,2.99256e-05,0.977434,3.64317,3.73569,1.78699,nan,0.334021,nan,0.152348,3.29013,3.54144,3.80932,True,0.5,0.116852,0.116864,0.114752,0.118854,5.06049e-05,5.07157e-05,4.84993e-05,5.24487e-05,0.000403456,0.000399129,0.00030862,0.000516683,2.61832e-05,2.61674e-05,2.5198e-05,2.7199e-05,-0.0571112,3,5,0.697732,0.0227778,0.0183087,1458,5,False,nan,nan,nan,nan,nan,nan,nan,nan,nan,nan,nan,nan,13,7
noise,realistic,alternating,5,5,8,40,8000,0.134883,6.06557e-05,0.000305899,2.85569e-05,0.977434,6.17702,6.1197,3.57534,nan,0.443123,nan,0.0943766,5.80059,6.25569,6.72924,True,0.75,0.116502,0.116495,0.114507,0.11847,5.0555e-05,5.06749e-05,4.84425e-05,5.23437e-05,0.000402828,0.000397376,0.000308065,0.000511552,2.46759e-05,2.46692e-05,2.39468e-05,2.54201e-05,0.00400217,3,5.6249,0.534232,0.020931,0.0184294,1487,3,False,nan,nan,nan,nan,nan,nan,nan,nan,nan,nan,nan,nan,13,7
noise,realistic,alternating,5,5,9,20,8000,0.134883,6.06557e-05,0.000305899,2.68182e-05,0.977434,3.25228,3.20429,1.61316,nan,0.291809,nan,0.0996595,2.96559,3.18403,3.40831,True,0.5,0.116437,0.116433,0.114475,0.118358,5.05887e-05,5.07e-05,4.85584e-05,5.2318e-05,0.000401333,0.000393545,0.000301045,0.000531229,2.28799e-05,2.28848e-05,2.21326e-05,2.36409e-05,-0.0391786,2,5,0.579857,0.0204038,0.0168467,1620,1,False,nan,nan,nan,nan,nan,nan,nan,nan,nan,nan,nan,nan,13,7
noise,realistic,alternating,5,5,10,40,8000,0.134883,6.06557e-05,0.000305899,2.59533e-05,0.977434,5.59548,5.52143,3.20151,nan,0.445675,nan,0.092814,5.14532,5.51089,5.89383,True,0.625,0.116372,0.116361,0.114492,0.118379,5.05381e-05,5.06292e-05,4.85513e-05,5.236e-05,0.000360635,0.000356083,0.000270801,0.000466082,2.20231e-05,2.20187e-05,2.13859e-05,2.26487e-05,0.0014311,4,5,0.552072,0.0183564,0.015678,1480,5,False,nan,nan,nan,nan,nan,nan,nan,nan,nan,nan,nan,nan,13,7
noise,realistic,alternating,5,5,11,20,8000,0.134883,6.06557e-05,0.000305899,2.42293e-05,0.977434,2.90828,3.09724,1.49749,nan,0.258374,nan,0.0646446,2.7144,2.89675,3.08206,True,0.5,0.116377,0.116374,0.114547,0.11832,5.02676e-05,5.03414e-05,4.83197e-05,5.20933e-05,0.000343447,0.000339284,0.00024472,0.000460594,2.11717e-05,2.11415e-05,2.04582e-05,2.19707e-05,-0.00914006,2,5.49432,0.573583,0.0171479,0.017075,1666,2,False,nan,nan,nan,nan,nan,nan,nan,nan,nan,nan,nan,nan,13,7
noise,realistic,alternating,5,5,12,40,8000,0.134883,6.06557e-05,0.000305899,2.40747e-05,0.977434,5.28529,5.25647,2.72962,nan,0.471088,nan,0.189922,4.85174,5.15695,5.52443,True,0.4375,0.116476,0.116501,0.114646,0.11828,5.03568e-05,5.04628e-05,4.83195e-05,5.21406e-05,0.000345768,0.000339183,0.000244499,0.000466036,2.08584e-05,2.08705e-05,2.02087e-05,2.15268e-05,0.026343,4,5,0.496839,0.017944,0.0164048,1488,5,False,nan,nan,nan,nan,nan,nan,nan,nan,nan,nan,nan,nan,13,7
noise,realistic,alternating,5,5,13,20,8000,0.134883,6.06557e-05,0.000305899,2.25476e-05,0.977434,2.75788,2.83311,1.28369,nan,0.258678,nan,0.0860767,2.58321,2.75939,2.94856,True,0.5,0.116465,0.116505,0.114597,0.118271,5.03886e-05,5.04728e-05,4.83186e-05,5.21893e-05,0.000339868,0.00033502,0.000231346,0.000461257,1.97411e-05,1.97344e-05,1.90239e-05,2.04704e-05,-0.0105859,2,5,0.597242,0.0174324,0.0155586,1707,4,False,nan,nan,nan,nan,nan,nan,nan,nan,nan,nan,nan,nan,13,7
noise,realistic,alternating,5,5,14,40,8000,0.134883,6.06557e-05,0.000305899,2.21835e-05,0.977434,4.87838,4.89992,2.47937,nan,0.449529,nan,0.184611,4.52763,4.84656,5.16337,True,0.5,0.116499,0.116516,0.114656,0.11825,5.04849e-05,5.05699e-05,4.84329e-05,5.2257e-05,0.000340257,0.000331963,0.000232003,0.000475969,1.93999e-05,1.93961e-05,1.87791e-05,2.00009e-05,0.00834243,2,5.58522,0.718246,0.0181448,0.0140493,1739,4,True,nan,nan,nan,nan,nan,nan,nan,nan,nan,nan,nan,nan,13,7
noise,realistic,alternating,5,5,15,20,8000,0.134883,6.06557e-05,0.000305899,2.05465e-05,0.977434,2.48967,2.35026,1.22369,nan,0.251479,nan,0.0825584,2.4234,2.5863,2.73852,True,0.5,0.116394,0.116454,0.114423,0.118131,5.06981e-05,5.07714e-05,4.85352e-05,5.25325e-05,0.000409013,0.000400152,0.000276646,0.000580592,1.76031e-05,1.76421e-05,1.67627e-05,1.83752e-05,0.00580139,4,5.58524,0.718345,0.0209369,0.01754,1490,5,False,nan,nan,nan,nan,nan,nan,nan,nan,nan,nan,nan,nan,13,7
noise,realistic,alternating,5,5,16,40,8000,0.134883,6.06557e-05,0.000305899,1.96837e-05,0.977434,4.34874,4.26318,2.43274,nan,0.386865,nan,0.0885957,4.00016,4.32574,4.63223,True,0.75,0.116245,0.116291,0.114502,0.117997,5.06543e-05,5.07481e-05,4.85562e-05,5.24772e-05,0.000407975,0.000401702,0.000283011,0.000561851,1.70636e-05,1.70711e-05,1.64531e-05,1.7636e-05,-0.0200261,3,5.61081,0.597394,0.0205898,0.0172033,1524,6,False,nan,nan,nan,nan,nan,nan,nan,nan,nan,nan,nan,nan,13,7
noise,realistic,alternating,5,5,17,20,8000,0.134883,6.06557e-05,0.000305899,1.9251e-05,0.977434,2.3659,2.34612,1.08277,nan,0.260454,nan,0.11887,2.09691,2.25631,2.4114,True,0.5,0.116767,0.116745,0.11502,0.118412,5.04557e-05,5.05269e-05,4.84597e-05,5.23029e-05,0.000378905,0.000372097,0.000245415,0.000529532,1.64582e-05,1.64563e-05,1.58274e-05,1.70969e-05,0.00302433,2,5,0.646069,0.0171119,0.0188742,1678,5,False,nan,nan,nan,nan,nan,nan,nan,nan,nan,nan,nan,nan,13,7
noise,realistic,alternating,5,5,18,40,8000,0.134883,6.06557e-05,0.000305899,1.8773e-05,0.977434,4.19458,4.22856,2.11289,nan,0.417867,nan,0.12329,3.80479,4.06397,4.36068,True,0.375,0.1166,0.116576,0.11486,0.118335,5.05157e-05,5.05631e-05,4.8514e-05,5.23955e-05,0.000378596,0.000370331,0.000241177,0.000554044,1.64153e-05,1.64053e-05,1.5816e-05,1.70146e-05,-0.0916342,3,5,0.612463,0.0181144,0.0183512,1602,5,False,nan,nan,nan,nan,nan,nan,nan,nan,nan,nan,nan,nan,13,7
noise,realistic,alternating,5,5,19,20,8000,0.134883,6.06557e-05,0.000305899,1.7814e-05,0.977434,2.24522,2.20298,0.976538,nan,0.250125,nan,0.0985662,2.03537,2.18578,2.34237,True,0.5,0.116607,0.11659,0.114859,0.118389,5.05231e-05,5.05889e-05,4.85227e-05,5.24264e-05,0.000398647,0.000385794,0.000258676,0.000572187,1.55019e-05,1.55107e-05,1.4866e-05,1.61241e-05,-0.0523541,2,5,0.70673,0.016886,0.0189554,1720,5,False,nan,nan,nan,nan,nan,nan,nan,nan,nan,nan,nan,nan,13,7
noise,realistic,alternating,5,5,20,40,8000,0.134883,6.06557e-05,0.000305899,1.73197e-05,0.977434,3.7952,3.79999,2.10017,nan,0.366179,nan,0.100019,3.58229,3.83031,4.09723,True,0.375,0.116544,0.116537,0.114756,0.118329,5.05491e-05,5.06152e-05,4.85418e-05,5.23964e-05,0.000414046,0.000401826,0.000270937,0.000590951,1.50681e-05,1.50824e-05,1.45379e-05,1.55565e-05,-0.0694572,2,5.48578,0.447147,0.0168404,0.0180927,1758,0,False,nan,nan,nan,nan,nan,nan,nan,nan,nan,nan,nan,nan,13,7
noise,realistic,alternating,5,6,1,20,8000,0.352031,3.04858e-05,0.000304466,3.04858e-05,0.994076,3.43871,3.38685,5.12074,nan,5.00258,nan,0.0703979,5.2952,7.92589,11.7388,False,0,0.292545,0.291448,0.270328,0.316475,2.61085e-05,2.60225e-05,2.35063e-05,2.95497e-05,0.000283607,0.000264326,0.000149849,0.000476468,2.61085e-05,2.60225e-05,2.35063e-05,2.95497e-05,-0.2093,16,5.59398,0.454189,0.0129523,0.00929631,1810,0,True,nan,nan,nan,nan,nan,nan,nan,nan,nan,nan,nan,nan,13,15
noise,realistic,alternating,5,6,2,40,8000,0.352031,3.04858e-05,0.000304466,2.79733e-05,0.994076,5.70795,5.70031,9.24115,nan,1.27942,nan,0.143978,5.80056,6.79273,8.24551,False,0.375,0.304106,0.303722,0.293071,0.315842,2.37283e-05,2.37154e-05,2.27859e-05,2.47157e-05,0.000426289,0.000413633,0.000229172,0.000637498,2.25645e-05,2.25656e-05,2.18648e-05,2.32276e-05,-0.249496,8,5.5935,0.454354,0.0161024,0.00783055,1924,3,False,nan,nan,nan,nan,nan,nan,nan,nan,nan,nan,nan,nan,13,15
noise,realistic,alternating,5,6,3,20,8000,0.352031,3.04858e-05,0.000304466,2.45639e-05,0.994076,2.86557,2.92435,4.3774,nan,0.234692,nan,0.0622378,2.66638,2.93199,3.18134,True,1,0.303029,0.302635,0.292832,0.313837,2.38352e-05,2.38455e-05,2.29037e-05,2.47188e-05,0.000461694,0.000457638,0.000282221,0.000651496,2.07498e-05,2.07535e-05,2.0043e-05,2.14416e-05,-0.178104,3,5,0.617786,0.0165182,0.00775488,1676,1,False,nan,nan,nan,nan,nan,nan,nan,nan,nan,nan,nan,nan,13,15
noise,realistic,alternating,5,6,4,40,8000,0.352031,3.04858e-05,0.000304466,2.33071e-05,0.994076,4.93156,4.94256,7.91147,nan,0.385481,nan,0.165854,4.75029,5.05682,5.43515,True,0.75,0.300557,0.300704,0.292409,0.308763,2.39393e-05,2.39396e-05,2.30994e-05,2.47721e-05,0.000538453,0.000535678,0.000363366,0.000711364,1.95424e-05,1.95333e-05,1.89833e-05,2.01067e-05,-0.161129,3,5.50893,0.58224,0.0130039,0.00641743,1618,4,False,nan,nan,nan,nan,nan,nan,nan,nan,nan,nan,nan,nan,13,15
noise,realistic,alternating,5,6,5,20,8000,0.352031,3.04858e-05,0.000304466,2.17354e-05,0.994076,2.54821,2.47088,3.75873,nan,0.191587,nan,0.105842,2.36355,2.50897,2.68917,True,0.875,0.300883,0.300882,0.293408,0.30871,2.39648e-05,2.39654e-05,2.32063e-05,2.47176e-05,0.000553417,0.000551959,0.000383428,0.000725935,1.7903e-05,1.79021e-05,1.73914e-05,1.84285e-05,-0.162831,3,5,0,0.0119001,0.00603599,1568,7,True,nan,nan,nan,nan,nan,nan,nan,nan,nan,nan,nan,nan,13,15
noise,realistic,alternating,5,6,6,40,8000,0.352031,3.04858e-05,0.000304466,2.10509e-05,0.994076,4.32444,4.45084,6.95646,nan,0.316648,nan,0.0809034,4.1288,4.34775,4.60567,True,0.5,0.2988,0.298502,0.291835,0.30599,2.39815e-05,2.39693e-05,2.33073e-05,2.4674e-05,0.000539146,0.00053497,0.000389312,0.000694545,1.72231e-05,1.72291e-05,1.68275e-05,1.76163e-05,-0.186944,2,5,0.447557,0.0106739,0.00541261,1667,2,True,nan,nan,nan,nan,nan,nan,nan,nan,nan,nan,nan,nan,13,15
noise,realistic,alternating,5,6,7,20,8000,0.352031,3.04858e-05,0.000304466,1.98041e-05,0.994076,2.29273,2.27602,3.30389,nan,0.208071,nan,0.0730717,2.12477,2.23,2.34678,True,0.5,0.2988,0.298555,0.292115,0.305863,2.39779e-05,2.3965e-05,2.32917e-05,2.47063e-05,0.000543839,0.000536228,0.000392993,0.000720685,1.60809e-05,1.60727e-05,1.56309e-05,1.65229e-05,-0.128593,2,5,0.452618,0.010252,0.00533635,1742,2,False,nan,nan,nan,nan,nan,nan,nan,nan,nan,nan,nan,nan,13,15
noise,realistic,alternating,5,6,8,40,8000,0.352031,3.04858e-05,0.000304466,1.9306e-05,0.994076,4.08887,4.15697,5.96854,nan,0.346826,nan,0.106212,3.75781,3.93217,4.13613,True,0.5,0.298234,0.298249,0.291898,0.304651,2.39748e-05,2.39661e-05,2.32954e-05,2.47e-05,0.000465461,0.000463533,0.000333463,0.000608243,1.57571e-05,1.57556e-05,1.53757e-05,1.61532e-05,-0.13072,3,5,0.522767,0.0103832,0.00513572,1629,5,False,nan,nan,nan,nan,nan,nan,nan,nan,nan,nan,nan,nan,13,15
noise,realistic,alternating,5,6,9,20,8000,0.352031,3.04858e-05,0.000304466,1.8473e-05,0.994076,2.16314,2.04277,2.90488,nan,0.229821,nan,0.0697685,1.97731,2.07719,2.17821,True,0.5,0.300955,0.300903,0.294453,0.307721,2.38851e-05,2.38863e-05,2.31779e-05,2.46087e-05,0.0004363,0.000430079,0.000310571,0.000583575,1.50715e-05,1.50605e-05,1.46364e-05,1.55397e-05,-0.0753406,3,5,0.6434,0.011149,0.00504747,1605,2,False,nan,nan,nan,nan,nan,nan,nan,nan,nan,nan,nan,nan,13,15
noise,realistic,alternating,5,6,10,40,8000,0.352031,3.04858e-05,0.000304466,1.78664e-05,0.994076,3.72771,3.75568,5.34815,nan,0.29373,nan,0.0859051,3.57263,3.74401,3.93653,True,0.5,0.298444,0.298373,0.292003,0.304529,2.39017e-05,2.39076e-05,2.32339e-05,2.45975e-05,0.000418864,0.000414157,0.000293443,0.00056001,1.45609e-05,1.45605e-05,1.41683e-05,1.49475e-05,-0.16368,2,5.5967,0.642136,0.0102371,0.00486856,1731,3,False,nan,nan,nan,nan,nan,nan,nan,nan,nan,nan,nan,nan,13,15
noise,realistic,alternating,5,6,11,20,8000,0.352031,3.04858e-05,0.000304466,1.71161e-05,0.994076,1.99973,2.04626,2.60728,nan,0.188877,nan,0.0374827,1.86017,1.95094,2.04316,True,0.3125,0.298501,0.298369,0.292303,0.304343,2.38819e-05,2.38988e-05,2.32014e-05,2.45528e-05,0.000407076,0.000404621,0.000281662,0.00054905,1.40325e-05,1.40175e-05,1.36229e-05,1.44848e-05,-0.176862,2,5,0.626916,0.0100328,0.00489388,1761,4,False,nan,nan,nan,nan,nan,nan,nan,nan,nan,nan,nan,nan,13,15
noise,realistic,alternating,5,6,12,40,8000,0.352031,3.04858e-05,0.000304466,1.67284e-05,0.994076,3.57472,3.49966,4.70383,nan,0.293478,nan,0.0845087,3.34621,3.50449,3.6736,True,0.375,0.29829,0.298131,0.292414,0.304191,2.38802e-05,2.39017e-05,2.32337e-05,2.4494e-05,0.000396431,0.000391803,0.00027073,0.000535144,1.36395e-05,1.36385e-05,1.32834e-05,1.39865e-05,-0.119826,2,5,0.547121,0.00942235,0.00472164,1759,2,False,nan,nan,nan,nan,nan,nan,nan,nan,nan,nan,nan,nan,13,15
noise,realistic,alternating,5,6,13,20,8000,0.352031,3.04858e-05,0.000304466,1.57838e-05,0.994076,1.84912,1.88592,2.36964,nan,0.169404,nan,0.0518192,1.76187,1.84285,1.92371,True,0.25,0.298364,0.298233,0.292599,0.304261,2.38827e-05,2.38957e-05,2.32432e-05,2.45101e-05,0.00040255,0.000398007,0.000267466,0.000552382,1.30611e-05,1.3066e-05,1.26603e-05,1.34584e-05,-0.133146,1,5,0.630289,0.00905098,0.0046674,1903,2,False,nan,nan,nan,nan,nan,nan,nan,nan,nan,nan,nan,nan,13,15
noise,realistic,alternating,5,6,14,40,8000,0.352031,3.04858e-05,0.000304466,1.54597e-05,0.994076,3.26167,3.21676,4.34028,nan,0.26727,nan,0.0672798,3.1332,3.27545,3.42171,True,0.25,0.29866,0.298558,0.293272,0.304377,2.3862e-05,2.38702e-05,2.32074e-05,2.44956e-05,0.000402842,0.000397963,0.000270967,0.000551542,1.26329e-05,1.26365e-05,1.22805e-05,1.29752e-05,-0.155375,2,5,0.598109,0.00907021,0.00467924,1826,3,False,nan,nan,nan,nan,nan,nan,nan,nan,nan,nan,nan,nan,13,15
noise,realistic,alternating,5,6,15,20,8000,0.352031,3.04858e-05,0.000304466,1.47175e-05,0.994076,1.72159,1.70618,2.17481,nan,0.162736,nan,0.0547462,1.63498,1.71216,1.79187,True,0.25,0.298803,0.298667,0.293475,0.304436,2.38644e-05,2.38645e-05,2.32012e-05,2.4518e-05,0.000415602,0.00040847,0.000268962,0.000577738,1.20327e-05,1.20431e-05,1.16387e-05,1.23961e-05,-0.142146,2,5,0.399265,0.00940224,0.00465812,1801,4,False,nan,nan,nan,nan,nan,nan,nan,nan,nan,nan,nan,nan,13,15
noise,realistic,alternating,5,6,16,40,8000,0.352031,3.04858e-05,0.000304466,1.4427e-05,0.994076,3.0512,2.9166,3.97605,nan,0.253175,nan,0.062877,2.88583,3.02351,3.15382,True,0.375,0.298145,0.298075,0.292211,0.303976,2.38496e-05,2.38558e-05,2.31952e-05,2.45548e-05,0.000474278,0.000469097,0.000304688,0.000661202,1.15109e-05,1.1514e-05,1.11503e-05,1.18553e-05,-0.147647,3,5,0.556507,0.0104823,0.00485051,1627,6,False,nan,nan,nan,nan,nan,nan,nan,nan,nan,nan,nan,nan,13,15
noise,realistic,alternating,5,6,17,20,8000,0.352031,3.04858e-05,0.000304466,1.3973e-05,0.994076,1.65813,1.67456,1.97795,nan,0.201746,nan,0.0484746,1.48343,1.55573,1.63024,False,0.5,0.298384,0.298441,0.292363,0.304169,2.38186e-05,2.38311e-05,2.31051e-05,2.45108e-05,0.000387511,0.000383474,0.000238695,0.000556864,1.13874e-05,1.13819e-05,1.09815e-05,1.17955e-05,-0.11675,3,5,0.586522,0.0109239,0.00519822,1637,2,False,nan,nan,nan,nan,nan,nan,nan,nan,nan,nan,nan,nan,13,15
noise,realistic,alternating,5,6,18,40,8000,0.352031,3.04858e-05,0.000304466,1.37655e-05,0.994076,2.89295,2.90719,3.65314,nan,0.2537,nan,0.0396876,2.72197,2.86255,3.01126,True,0.375,0.298545,0.298526,0.292916,0.304202,2.38315e-05,2.3838e-05,2.3112e-05,2.45035e-05,0.000397368,0.00038882,0.000253706,0.000564629,1.11369e-05,1.11373e-05,1.07913e-05,1.14858e-05,-0.143312,1,5.52121,0.600685,0.0103589,0.00507508,1863,5,False,nan,nan,nan,nan,nan,nan,nan,nan,nan,nan,nan,nan,13,15
noise,realistic,alternating,5,6,19,20,8000,0.352031,3.04858e-05,0.000304466,1.34245e-05,0.994076,1.55784,1.7067,1.84133,nan,0.15614,nan,0.0458114,1.45185,1.52788,1.60253,True,0.25,0.29831,0.298283,0.292687,0.303927,2.38184e-05,2.3823e-05,2.31053e-05,2.44905e-05,0.000361213,0.000351621,0.000229659,0.000523574,1.09504e-05,1.09408e-05,1.05515e-05,1.13846e-05,-0.107245,2,5.57857,0.60472,0.011243,0.00531782,1790,3,False,nan,nan,nan,nan,nan,nan,nan,nan,nan,nan,nan,nan,13,15
noise,realistic,alternating,5,6,20,40,8000,0.352031,3.04858e-05,0.000304466,1.32959e-05,0.994076,2.83576,2.74072,3.28917,nan,0.262017,nan,0.0704426,2.62425,2.75869,2.9175,True,0.3125,0.297363,0.297364,0.291926,0.302739,2.38255e-05,2.38345e-05,2.31236e-05,2.45218e-05,0.000401299,0.00039207,0.000254749,0.00057353,1.05878e-05,1.05826e-05,1.02578e-05,1.09103e-05,-0.18008,2,5,0.627572,0.00998946,0.00515198,1791,1,False,nan,nan,nan,nan,nan,nan,nan,nan,nan,nan,nan,nan,13,15
noise,realistic,alternating,5,7,1,20,8000,0.372478,5.62212e-05,0.000164505,5.62212e-05,1.02922,6.4964,6.45512,4.54363,nan,2.52132,nan,0.0917235,5.33908,7.94064,11.889,True,1,0.318072,0.317463,0.306003,0.330157,4.95843e-05,4.9555e-05,4.51032e-05,5.43691e-05,0.000333128,0.000324666,0.000196162,0.000495776,4.95843e-05,4.9555e-05,4.51032e-05,5.43691e-05,-0.0350337,13,5.54585,0,0.022012,0.00912224,1733,8,True,nan,nan,nan,nan,nan,nan,nan,nan,nan,nan,nan,nan,13,13
noise,realistic,alternating,5,7,2,40,8000,0.372478,5.62212e-05,0.000164505,5.16239e-05,1.02922,10.5407,10.6058,5.93303,nan,1.64703,nan,0.267309,10.1603,11.9061,14.0341,True,0.875,0.319338,0.319267,0.312866,0.32607,4.73046e-05,4.72739e-05,4.56857e-05,4.90238e-05,0.000464245,0.000464479,0.000376382,0.000551091,4.31014e-05,4.31209e-05,4.18453e-05,4.41971e-05,-0.130402,8,5.95739,0.707592,0.018775,0.00734807,1872,4,True,nan,nan,nan,nan,nan,nan,nan,nan,nan,nan,nan,nan,13,13
noise,realistic,alternating,5,7,3,20,8000,0.372478,5.62212e-05,0.000164505,4.44825e-05,1.02922,5.33736,5.35786,3.77835,nan,0.451627,nan,0.116337,4.71585,5.11085,5.48273,True,0.75,0.318961,0.318791,0.313083,0.325145,4.67631e-05,4.67226e-05,4.54719e-05,4.81992e-05,0.000415123,0.000412593,0.000329073,0.000512509,3.79377e-05,3.79144e-05,3.6928e-05,3.90466e-05,-0.160168,4,5.94202,0.71858,0.0135187,0.00685195,1536,10,False,nan,nan,nan,nan,nan,nan,nan,nan,nan,nan,nan,nan,13,13
noise,realistic,alternating,5,7,4,40,8000,0.372478,5.62212e-05,0.000164505,4.24624e-05,1.02922,8.91262,8.94585,5.15696,nan,0.570894,nan,0.172003,8.22527,8.74493,9.27703,True,0.75,0.318326,0.31831,0.313186,0.323546,4.69568e-05,4.68944e-05,4.57915e-05,4.83591e-05,0.000432893,0.000429714,0.000351124,0.000526962,3.59395e-05,3.59358e-05,3.51842e-05,3.67479e-05,-0.14485,4,5.89078,0.56438,0.013192,0.00686712,1511,1,False,nan,nan,nan,nan,nan,nan,nan,nan,nan,nan,nan,nan,13,13
noise,realistic,alternating,5,7,5,20,8000,0.372478,5.62212e-05,0.000164505,3.87494e-05,1.02922,4.55143,4.69317,3.32168,nan,0.363674,nan,0.185706,4.17434,4.46069,4.6847,True,0.625,0.318083,0.318148,0.313172,0.32281,4.6632e-05,4.65806e-05,4.56153e-05,4.77708e-05,0.000363388,0.000361659,0.000287995,0.000450245,3.26828e-05,3.26696e-05,3.19698e-05,3.34434e-05,-0.147635,4,5,0.667298,0.0108242,0.00514001,1445,1,False,nan,nan,nan,nan,nan,nan,nan,nan,nan,nan,nan,nan,13,13
noise,realistic,alternating,5,7,6,40,8000,0.372478,5.62212e-05,0.000164505,3.71753e-05,1.02922,7.69998,7.78301,4.64997,nan,0.578533,nan,0.337989,7.4051,7.74457,8.08869,True,0.5,0.321955,0.322089,0.317856,0.325582,4.63948e-05,4.63659e-05,4.55169e-05,4.73924e-05,0.000273749,0.000272024,0.000220889,0.000334616,3.09459e-05,3.09471e-05,3.04477e-05,3.1457e-05,-0.164438,6,5,0.545439,0.00981366,0.00460776,1183,2,False,nan,nan,nan,nan,nan,nan,nan,nan,nan,nan,nan,nan,13,13
noise,realistic,alternating,5,7,7,20,8000,0.372478,5.62212e-05,0.000164505,3.52802e-05,1.02922,4.2764,4.28935,2.95519,nan,0.387524,nan,0.141186,3.96972,4.12408,4.27733,True,0.375,0.322437,0.322501,0.318351,0.326212,4.62615e-05,4.6226e-05,4.53998e-05,4.72548e-05,0.000253657,0.000251394,0.00019556,0.000318237,2.94049e-05,2.93929e-05,2.8828e-05,3.00639e-05,-0.189464,3,5.70425,0.692143,0.00982941,0.00501168,1440,2,False,nan,nan,nan,nan,nan,nan,nan,nan,nan,nan,nan,nan,13,13
noise,realistic,alternating,5,7,8,40,8000,0.372478,5.62212e-05,0.000164505,3.44627e-05,1.02922,7.43427,7.3872,3.79658,nan,0.570313,nan,0.152085,6.91241,7.17147,7.44892,True,0.4375,0.322044,0.322072,0.318132,0.325719,4.62898e-05,4.62739e-05,4.53566e-05,4.73338e-05,0.000231789,0.000229666,0.000180072,0.000294025,2.87481e-05,2.87402e-05,2.82657e-05,2.92542e-05,-0.158401,3,5,0.621452,0.00969754,0.00511751,1565,1,False,nan,nan,nan,nan,nan,nan,nan,nan,nan,nan,nan,nan,13,13
noise,realistic,alternating,5,7,9,20,8000,0.372478,5.62212e-05,0.000164505,3.2458e-05,1.02922,3.92891,4.0578,2.68747,nan,0.340322,nan,0.0842269,3.76922,3.89881,4.03947,True,0.375,0.321808,0.321828,0.3179,0.325433,4.62699e-05,4.62482e-05,4.53359e-05,4.72289e-05,0.000227488,0.000224126,0.000172404,0.000293026,2.74641e-05,2.74459e-05,2.6916e-05,2.80482e-05,-0.180851,2,5.74996,0.596282,0.00944449,0.00493768,1722,4,False,nan,nan,nan,nan,nan,nan,nan,nan,nan,nan,nan,nan,13,13
noise,realistic,alternating,5,7,10,40,8000,0.372478,5.62212e-05,0.000164505,3.0506e-05,1.02922,6.57636,6.55772,3.49592,nan,0.597616,nan,0.32926,6.52468,6.75783,6.99674,True,0.375,0.322605,0.322609,0.318951,0.326018,4.61738e-05,4.61491e-05,4.52172e-05,4.71954e-05,0.000304654,0.000300904,0.00022373,0.000393947,2.62264e-05,2.62276e-05,2.57412e-05,2.66973e-05,-0.14799,4,5.53577,0.536326,0.00926702,0.00492247,1500,3,False,nan,nan,nan,nan,nan,nan,nan,nan,nan,nan,nan,nan,13,13
noise,realistic,alternating,5,7,11,20,8000,0.372478,5.62212e-05,0.000164505,2.94279e-05,1.02922,3.46705,3.46501,2.45273,nan,0.330602,nan,0.0999619,3.39564,3.52249,3.65065,True,0.25,0.322624,0.322625,0.319091,0.32618,4.6236e-05,4.62227e-05,4.53022e-05,4.72376e-05,0.000336337,0.000333778,0.000242357,0.000436262,2.43508e-05,2.43574e-05,2.38036e-05,2.48817e-05,-0.136514,3,5.76898,0.555644,0.00947064,0.00464986,1481,6,False,nan,nan,nan,nan,nan,nan,nan,nan,nan,nan,nan,nan,13,13
noise,realistic,alternating,5,7,12,40,8000,0.372478,5.62212e-05,0.000164505,2.87654e-05,1.02922,6.28436,6.18905,3.04568,nan,0.608525,nan,0.126829,5.67937,5.91519,6.15144,False,0.5,0.322026,0.322022,0.318149,0.3257,4.63375e-05,4.63379e-05,4.53642e-05,4.73311e-05,0.000258526,0.000254867,0.000191632,0.000337059,2.41363e-05,2.41387e-05,2.36887e-05,2.46092e-05,-0.066249,4,5,0.553826,0.00926921,0.00523822,1466,1,False,nan,nan,nan,nan,nan,nan,nan,nan,nan,nan,nan,nan,13,13
noise,realistic,alternating,5,7,13,20,8000,0.372478,5.62212e-05,0.000164505,2.76463e-05,1.02922,3.35861,3.26782,2.26182,nan,0.313199,nan,0.0653815,3.17072,3.28199,3.40191,True,0.25,0.321392,0.321471,0.317683,0.324944,4.65291e-05,4.65138e-05,4.54576e-05,4.76712e-05,0.00029253,0.000289963,0.000214108,0.000381823,2.24844e-05,2.24865e-05,2.19596e-05,2.29949e-05,-0.120961,4,5,0.709304,0.00945679,0.007101,1464,3,False,nan,nan,nan,nan,nan,nan,nan,nan,nan,nan,nan,nan,13,13
noise,realistic,alternating,5,7,14,40,8000,0.372478,5.62212e-05,0.000164505,2.69704e-05,1.02922,5.71911,5.72927,2.89193,nan,0.500183,nan,0.211895,5.31759,5.54262,5.75513,True,0.4375,0.322251,0.322286,0.318707,0.325649,4.64907e-05,4.64934e-05,4.55366e-05,4.74813e-05,0.000270467,0.000264877,0.000199965,0.000354697,2.22586e-05,2.22522e-05,2.18352e-05,2.2721e-05,-0.0305674,3,5.51389,0.604283,0.00908939,0.00693089,1577,2,False,nan,nan,nan,nan,nan,nan,nan,nan,nan,nan,nan,nan,13,13
noise,realistic,alternating,5,7,15,20,8000,0.372478,5.62212e-05,0.000164505,2.59274e-05,1.02922,3.10864,3.07338,2.11199,nan,0.304582,nan,0.101001,2.91675,3.02052,3.13925,True,0.25,0.322256,0.322333,0.318695,0.325727,4.64721e-05,4.64625e-05,4.54844e-05,4.74935e-05,0.000281873,0.000276216,0.000201263,0.000379658,2.12451e-05,2.12394e-05,2.07839e-05,2.17375e-05,-0.0634714,2,5,0.73327,0.00887331,0.00667791,1701,3,False,nan,nan,nan,nan,nan,nan,nan,nan,nan,nan,nan,nan,13,13
noise,realistic,alternating,5,7,16,40,8000,0.372478,5.62212e-05,0.000164505,2.58967e-05,1.02922,5.68403,5.708,2.51213,nan,0.629018,nan,0.20359,5.05574,5.26504,5.46513,False,0.4375,0.321493,0.3215,0.317828,0.324711,4.65552e-05,4.65441e-05,4.55191e-05,4.76041e-05,0.000228673,0.000222441,0.000166484,0.000311902,2.15883e-05,2.15778e-05,2.10553e-05,2.21183e-05,0.0198004,5,5.54509,0.490032,0.0123115,0.00789359,1281,4,False,nan,nan,nan,nan,nan,nan,nan,nan,nan,nan,nan,nan,13,13
noise,realistic,alternating,5,7,17,20,8000,0.372478,5.62212e-05,0.000164505,2.51813e-05,1.02922,3.12914,3.02336,2.03698,nan,0.36091,nan,0.150374,2.83833,2.95649,3.08297,False,0.3125,0.321687,0.321764,0.318101,0.324846,4.65523e-05,4.65515e-05,4.55598e-05,4.75748e-05,0.000228738,0.000222069,0.000159063,0.000319239,2.08094e-05,2.08061e-05,2.02885e-05,2.13465e-05,-0.0825839,2,5,0.690432,0.0116258,0.00740232,1548,3,False,nan,nan,nan,nan,nan,nan,nan,nan,nan,nan,nan,nan,13,13
noise,realistic,alternating,5,7,18,40,8000,0.372478,5.62212e-05,0.000164505,2.47031e-05,1.02922,5.48538,5.43024,2.3039,nan,0.581098,nan,0.211858,4.98469,5.21075,5.42418,False,0.375,0.319624,0.319746,0.315302,0.323045,4.65948e-05,4.65852e-05,4.57285e-05,4.75181e-05,0.000208022,0.00020517,0.00014948,0.000281366,2.04902e-05,2.04917e-05,2.00899e-05,2.09004e-05,-0.068316,3,5.69378,0.552481,0.00835887,0.00813472,1473,5,False,nan,nan,nan,nan,nan,nan,nan,nan,nan,nan,nan,nan,13,13
noise,realistic,alternating,5,7,19,20,8000,0.372478,5.62212e-05,0.000164505,2.35161e-05,1.02922,2.76078,2.88296,1.88831,nan,0.260671,nan,0.154342,2.7236,2.82798,2.92244,True,0.25,0.31994,0.320078,0.316074,0.323279,4.65748e-05,4.6562e-05,4.56987e-05,4.75058e-05,0.00020411,0.000200632,0.000141948,0.000282159,1.99198e-05,1.99091e-05,1.94621e-05,2.04014e-05,-0.0134648,1,5.56191,0.488335,0.00848586,0.00791432,1746,4,False,nan,nan,nan,nan,nan,nan,nan,nan,nan,nan,nan,nan,13,13
noise,realistic,alternating,5,7,20,40,8000,0.372478,5.62212e-05,0.000164505,2.34204e-05,1.02922,5.16065,5.24172,2.16534,nan,0.469317,nan,0.141,4.83015,5.00851,5.20822,True,0.25,0.318239,0.318308,0.314669,0.32183,4.65903e-05,4.65704e-05,4.57388e-05,4.75029e-05,0.000204525,0.000200064,0.000142776,0.000280244,1.96096e-05,1.96002e-05,1.92284e-05,2.00114e-05,-0.0198045,3,5.76182,0.687946,0.00769821,0.00851391,1562,5,True,nan,nan,nan,nan,nan,nan,nan,nan,nan,nan,nan,nan,13,13
noise,realistic,alternating,5,8,1,20,8000,0.848178,5.16568e-05,0.000224518,5.16568e-05,0.985492,5.56515,5.57416,5.85496,nan,3.48496,nan,0.165281,5.23168,7.96227,11.8574,True,1,0.727912,0.72481,0.689848,0.768255,4.11788e-05,4.09188e-05,3.71236e-05,4.58464e-05,0.000222478,0.000216556,0.000124985,0.000338063,4.11788e-05,4.09188e-05,3.71236e-05,4.58464e-05,-0.169204,13,5.57596,0.552416,0.0161955,0.00975122,1762,1,True,nan,nan,nan,nan,nan,nan,nan,nan,nan,nan,nan,nan,13,11
noise,realistic,alternating,5,8,2,40,8000,0.848178,5.16568e-05,0.000224518,4.60665e-05,0.985492,8.65127,8.69599,9.03897,nan,2.42617,nan,0.200356,8.94763,10.4869,12.5925,False,0.375,0.728595,0.727896,0.711315,0.747752,3.8584e-05,3.86527e-05,3.71308e-05,3.99962e-05,0.000511234,0.000511562,0.000398626,0.000610944,3.56677e-05,3.57508e-05,3.45595e-05,3.65975e-05,-0.292147,12,5.57126,0.556438,0.0139778,0.00863697,1835,1,False,nan,nan,nan,nan,nan,nan,nan,nan,nan,nan,nan,nan,13,11
noise,realistic,alternating,5,8,3,20,8000,0.848178,5.16568e-05,0.000224518,3.98559e-05,0.985492,4.35671,4.19714,4.85508,nan,0.367891,nan,0.129853,4.11591,4.45547,4.78871,True,1,0.731661,0.730749,0.715658,0.750134,3.8878e-05,3.89282e-05,3.74917e-05,4.00648e-05,0.000570747,0.000570256,0.000441308,0.000706918,3.07599e-05,3.07247e-05,2.97118e-05,3.19836e-05,-0.0793144,4,5.6534,0.633763,0.0143012,0.00989644,1352,2,False,nan,nan,nan,nan,nan,nan,nan,nan,nan,nan,nan,nan,13,11
noise,realistic,alternating,5,8,4,40,8000,0.848178,5.16568e-05,0.000224518,3.75644e-05,0.985492,7.06306,7.09256,7.88853,nan,0.562207,nan,0.28566,6.54819,7.02492,7.68053,True,1,0.74241,0.742483,0.726105,0.758998,3.87217e-05,3.87497e-05,3.75224e-05,3.98623e-05,0.0005017,0.000501447,0.000405388,0.000602675,2.86283e-05,2.86239e-05,2.78859e-05,2.93853e-05,-0.198455,5,5.66174,0.487863,0.0147002,0.00813936,1279,2,False,nan,nan,nan,nan,nan,nan,nan,nan,nan,nan,nan,nan,13,11
noise,realistic,alternating,5,8,5,20,8000,0.848178,5.16568e-05,0.000224518,3.4289e-05,0.985492,3.74454,3.75894,4.22384,nan,0.356219,nan,0.126163,3.4185,3.63088,3.84777,True,0.625,0.7383,0.738302,0.72163,0.754826,3.87809e-05,3.88017e-05,3.77451e-05,3.97878e-05,0.000474936,0.000472106,0.00036384,0.000590064,2.57352e-05,2.57277e-05,2.50891e-05,2.64533e-05,-0.13799,3,5.78849,0.503567,0.0130932,0.00656987,1450,1,False,nan,nan,nan,nan,nan,nan,nan,nan,nan,nan,nan,nan,13,11
noise,realistic,alternating,5,8,6,40,8000,0.848178,5.16568e-05,0.000224518,3.31166e-05,0.985492,6.43811,6.53051,6.83424,nan,0.642166,nan,0.111265,5.83371,6.12211,6.52726,True,0.625,0.734846,0.735283,0.719864,0.748678,3.88888e-05,3.88756e-05,3.77585e-05,4.00373e-05,0.000455608,0.000450351,0.000356046,0.000570142,2.50967e-05,2.50965e-05,2.44583e-05,2.57598e-05,-0.142758,5,5.74702,0.549765,0.0167309,0.0102141,1277,3,False,nan,nan,nan,nan,nan,nan,nan,nan,nan,nan,nan,nan,13,11
noise,realistic,alternating,5,8,7,20,8000,0.848178,5.16568e-05,0.000224518,3.11556e-05,0.985492,3.42399,3.40543,3.76549,nan,0.420502,nan,0.0964473,3.04007,3.25156,3.43374,True,0.5,0.733525,0.733609,0.718629,0.747455,3.87824e-05,3.87695e-05,3.76179e-05,3.98982e-05,0.000432618,0.000426107,0.000324566,0.000567339,2.3466e-05,2.34521e-05,2.28051e-05,2.41733e-05,-0.151315,3,5.99755,0.632317,0.0176619,0.00787478,1441,8,False,nan,nan,nan,nan,nan,nan,nan,nan,nan,nan,nan,nan,13,11
noise,realistic,alternating,5,8,8,40,8000,0.848178,5.16568e-05,0.000224518,2.99792e-05,0.985492,5.97083,6.14681,6.0195,nan,0.589816,nan,0.103987,5.36956,5.68827,6.02941,True,0.5,0.727537,0.7275,0.714493,0.741299,3.88697e-05,3.8869e-05,3.78454e-05,3.9841e-05,0.000327262,0.000323448,0.000240785,0.000422302,2.29023e-05,2.28964e-05,2.24262e-05,2.34299e-05,-0.214144,5,5.90294,0.729487,0.0137287,0.00586914,1276,5,True,nan,nan,nan,nan,nan,nan,nan,nan,nan,nan,nan,nan,13,11
noise,realistic,alternating,5,8,9,20,8000,0.848178,5.16568e-05,0.000224518,2.8036e-05,0.985492,3.06175,2.98142,3.38281,nan,0.284339,nan,0.0891648,2.93353,3.08302,3.22771,True,0.375,0.726957,0.726889,0.713747,0.740635,3.88932e-05,3.89041e-05,3.78812e-05,3.99324e-05,0.000361686,0.000357005,0.000265369,0.000472705,2.11838e-05,2.1185e-05,2.05884e-05,2.1762e-05,-0.149762,3,5.54403,0.500773,0.0147557,0.00867514,1453,2,True,nan,nan,nan,nan,nan,nan,nan,nan,nan,nan,nan,nan,13,11
noise,realistic,alternating,5,8,10,40,8000,0.848178,5.16568e-05,0.000224518,2.7169e-05,0.985492,5.41271,5.40261,5.42529,nan,0.518522,nan,0.0991154,4.95776,5.25542,5.53901,True,0.5625,0.722413,0.722115,0.711271,0.734155,3.89629e-05,3.89491e-05,3.79752e-05,4.00014e-05,0.000449493,0.000444486,0.00032899,0.000584553,2.07304e-05,2.07281e-05,2.02473e-05,2.1226e-05,-0.198524,4,5.54335,0.500799,0.01609,0.00757191,1401,4,False,nan,nan,nan,nan,nan,nan,nan,nan,nan,nan,nan,nan,13,11
noise,realistic,alternating,5,8,11,20,8000,0.848178,5.16568e-05,0.000224518,2.56382e-05,0.985492,2.8274,2.76736,3.07784,nan,0.313963,nan,0.0677869,2.57759,2.73231,2.86926,True,0.5,0.722442,0.722195,0.711097,0.734024,3.895e-05,3.89307e-05,3.78951e-05,3.99756e-05,0.000417093,0.000412319,0.000296684,0.000557643,1.95825e-05,1.95676e-05,1.90598e-05,2.01503e-05,-0.193417,2,5.77133,0.576551,0.0152894,0.0065414,1615,4,False,nan,nan,nan,nan,nan,nan,nan,nan,nan,nan,nan,nan,13,11
noise,realistic,alternating,5,8,12,40,8000,0.848178,5.16568e-05,0.000224518,2.51698e-05,0.985492,5.00008,4.94801,4.93434,nan,0.509888,nan,0.169008,4.60377,4.83178,5.06925,True,0.5,0.721819,0.721644,0.711353,0.73266,3.91257e-05,3.91312e-05,3.80542e-05,4.02049e-05,0.000481567,0.000473619,0.000331198,0.000659447,1.94743e-05,1.94868e-05,1.89246e-05,1.99777e-05,-0.174177,5,5,0.505318,0.0214229,0.00703252,1353,1,False,nan,nan,nan,nan,nan,nan,nan,nan,nan,nan,nan,nan,13,11
noise,realistic,alternating,5,8,13,20,8000,0.848178,5.16568e-05,0.000224518,2.40235e-05,0.985492,2.69889,2.62255,2.84585,nan,0.336175,nan,0.069169,2.41323,2.5688,2.70845,True,0.5,0.721715,0.721596,0.711204,0.732539,3.90893e-05,3.9118e-05,3.80394e-05,4.01271e-05,0.000452399,0.000443833,0.000301346,0.000642016,1.8643e-05,1.86334e-05,1.80501e-05,1.92597e-05,-0.144576,3,5.55414,0.592276,0.0219841,0.00540172,1531,2,True,nan,nan,nan,nan,nan,nan,nan,nan,nan,nan,nan,nan,13,11
noise,realistic,alternating,5,8,14,40,8000,0.848178,5.16568e-05,0.000224518,2.34243e-05,0.985492,4.64452,4.54227,4.54326,nan,0.447251,nan,0.0966491,4.34106,4.5933,4.8541,True,0.5,0.722331,0.722374,0.711685,0.73289,3.90953e-05,3.9087e-05,3.81021e-05,4.01052e-05,0.000462091,0.000450538,0.000305538,0.000645938,1.81091e-05,1.81076e-05,1.76336e-05,1.85581e-05,-0.118989,3,5.55449,0.592179,0.0219192,0.00498128,1575,2,False,nan,nan,nan,nan,nan,nan,nan,nan,nan,nan,nan,nan,13,11
noise,realistic,alternating,5,8,15,20,8000,0.848178,5.16568e-05,0.000224518,2.24376e-05,0.985492,2.53324,2.48735,2.64068,nan,0.323708,nan,0.0614195,2.26567,2.4169,2.54289,True,0.5,0.722459,0.722414,0.712183,0.7327,3.90604e-05,3.908e-05,3.8112e-05,4.00176e-05,0.000442728,0.000431273,0.000287384,0.000642557,1.73707e-05,1.7364e-05,1.69105e-05,1.7861e-05,-0.138175,3,5,0,0.0213966,0.0043237,1528,3,True,nan,nan,nan,nan,nan,nan,nan,nan,nan,nan,nan,nan,13,11
noise,realistic,alternating,5,8,16,40,8000,0.848178,5.16568e-05,0.000224518,2.18076e-05,0.985492,4.40825,4.44503,4.17763,nan,0.4729,nan,0.112024,4.06488,4.29964,4.51615,True,0.3125,0.722109,0.722067,0.712068,0.732262,3.9009e-05,3.9057e-05,3.80553e-05,3.99136e-05,0.000347866,0.000340575,0.000237513,0.000478426,1.69716e-05,1.69625e-05,1.66161e-05,1.73512e-05,-0.189172,3,5,0.480749,0.0155584,0.00404188,1564,3,True,nan,nan,nan,nan,nan,nan,nan,nan,nan,nan,nan,nan,13,11
noise,realistic,alternating,5,8,17,20,8000,0.848178,5.16568e-05,0.000224518,2.10712e-05,0.985492,2.34206,2.31701,2.45712,nan,0.257102,nan,0.0318809,2.21754,2.31759,2.41693,True,0.25,0.723182,0.723272,0.712777,0.733408,3.89665e-05,3.90065e-05,3.80956e-05,3.98249e-05,0.000313736,0.000306235,0.000217421,0.00044206,1.64475e-05,1.64317e-05,1.60485e-05,1.69012e-05,-0.168958,2,5.59709,0.673747,0.0133356,0.00390808,1649,3,True,nan,nan,nan,nan,nan,nan,nan,nan,nan,nan,nan,nan,13,11
noise,realistic,alternating,5,8,18,40,8000,0.848178,5.16568e-05,0.000224518,2.03748e-05,0.985492,4.04305,3.90141,3.90246,nan,0.393136,nan,0.133325,3.97131,4.14658,4.29984,True,0.375,0.724242,0.724081,0.713889,0.734299,3.89106e-05,3.89033e-05,3.80346e-05,3.98177e-05,0.000306598,0.000300424,0.000214949,0.000418559,1.58239e-05,1.5834e-05,1.5425e-05,1.61997e-05,-0.127717,3,5.59705,0.673665,0.0128946,0.00427954,1641,3,False,nan,nan,nan,nan,nan,nan,nan,nan,nan,nan,nan,nan,13,11
noise,realistic,alternating,5,8,19,20,8000,0.848178,5.16568e-05,0.000224518,1.9962e-05,0.985492,2.23402,2.37954,2.31224,nan,0.255413,nan,0.0925728,2.09257,2.1872,2.26962,True,0.125,0.723204,0.723404,0.712921,0.733787,3.8883e-05,3.88908e-05,3.7981e-05,3.97782e-05,0.000279201,0.000273432,0.000195518,0.000386071,1.5481e-05,1.54814e-05,1.50953e-05,1.58523e-05,-0.136709,2,5.47802,0.567496,0.0115449,0.00435333,1729,4,False,nan,nan,nan,nan,nan,nan,nan,nan,nan,nan,nan,nan,13,11
noise,realistic,alternating,5,8,20,40,8000,0.848178,5.16568e-05,0.000224518,1.93173e-05,0.985492,3.89058,3.91899,3.62304,nan,0.394536,nan,0.103338,3.76446,3.92375,4.09282,True,0.125,0.722827,0.722841,0.712689,0.733436,3.88724e-05,3.88803e-05,3.79876e-05,3.97153e-05,0.000276128,0.000271102,0.000191456,0.000374213,1.51533e-05,1.51558e-05,1.48158e-05,1.54739e-05,-0.177081,2,5.75263,0.546733,0.01079,0.00414708,1762,7,False,nan,nan,nan,nan,nan,nan,nan,nan,nan,nan,nan,nan,13,11
noise,realistic,alternating,5,9,1,20,8000,0.319433,6.36999e-05,0.000224183,6.36999e-05,0.988481,7.06526,7.08176,4.42685,nan,2.23837,nan,0.180947,5.12199,7.83416,11.7179,True,1,0.290405,0.290346,0.279119,0.302902,5.36237e-05,5.37387e-05,4.72428e-05,5.87823e-05,0.000354176,0.000348277,0.000216725,0.000513582,5.36237e-05,5.37387e-05,4.72428e-05,5.87823e-05,-0.0737612,13,5.80713,0.576378,0.00992573,0.0102857,1773,5,True,nan,nan,nan,nan,nan,nan,nan,nan,nan,nan,nan,nan,13,9
noise,realistic,alternating,5,9,2,40,8000,0.319433,6.36999e-05,0.000224183,5.6569e-05,0.988481,11.039,11.0961,5.32727,nan,1.91921,nan,0.168923,10.2584,12.6853,14.7426,True,0.875,0.287305,0.287279,0.281629,0.293174,5.12317e-05,5.11896e-05,4.92776e-05,5.33112e-05,0.000505904,0.000504647,0.000423126,0.000593474,4.60475e-05,4.60323e-05,4.46699e-05,4.73428e-05,-0.214315,9,5.80662,0.579818,0.0148404,0.0110648,1915,4,False,nan,nan,nan,nan,nan,nan,nan,nan,nan,nan,nan,nan,13,9
noise,realistic,alternating,5,9,3,20,8000,0.319433,6.36999e-05,0.000224183,4.74564e-05,0.988481,5.47326,5.61296,3.60698,nan,0.449152,nan,0.157593,4.97277,5.37556,5.78704,True,0.875,0.28557,0.285484,0.280374,0.291302,5.09602e-05,5.09168e-05,4.93861e-05,5.26489e-05,0.000452511,0.000450559,0.000372613,0.000540247,3.93972e-05,3.93738e-05,3.82834e-05,4.05693e-05,-0.177852,4,5.75567,0.602648,0.0131351,0.00865905,1457,3,False,nan,nan,nan,nan,nan,nan,nan,nan,nan,nan,nan,nan,13,9
noise,realistic,alternating,5,9,4,40,8000,0.319433,6.36999e-05,0.000224183,4.43162e-05,0.988481,8.89787,9.00457,4.87755,nan,0.601381,nan,0.241295,8.36931,8.90146,9.47314,True,0.875,0.287253,0.287091,0.282755,0.292253,5.07435e-05,5.07343e-05,4.94239e-05,5.21364e-05,0.000424765,0.000422682,0.000353475,0.00050265,3.64655e-05,3.6465e-05,3.57137e-05,3.7226e-05,-0.163861,4,5.70885,0.629374,0.0112987,0.00612435,1461,3,False,nan,nan,nan,nan,nan,nan,nan,nan,nan,nan,nan,nan,13,9
noise,realistic,alternating,5,9,5,20,8000,0.319433,6.36999e-05,0.000224183,3.98003e-05,0.988481,4.49932,4.46729,3.17365,nan,0.360476,nan,0.150787,4.32569,4.56922,4.79856,True,0.625,0.288016,0.287983,0.283671,0.292872,5.07431e-05,5.07398e-05,4.9545e-05,5.20037e-05,0.000426034,0.000422814,0.000341886,0.000520944,3.23429e-05,3.23413e-05,3.1662e-05,3.30306e-05,-0.13682,2,5.68308,0.526484,0.010218,0.00548701,1680,1,False,nan,nan,nan,nan,nan,nan,nan,nan,nan,nan,nan,nan,13,9
noise,realistic,alternating,5,9,6,40,8000,0.319433,6.36999e-05,0.000224183,3.79194e-05,0.988481,7.88065,7.8396,4.17007,nan,0.652502,nan,0.0930232,7.2004,7.52634,7.87708,False,0.5,0.283672,0.283565,0.279875,0.287851,5.10273e-05,5.09845e-05,4.97273e-05,5.23134e-05,0.000370476,0.000368637,0.000292891,0.000456384,3.08403e-05,3.08405e-05,3.02684e-05,3.13841e-05,-0.0979754,5,5.78943,0.700985,0.0100271,0.0052236,1360,5,True,nan,nan,nan,nan,nan,nan,nan,nan,nan,nan,nan,nan,13,9
noise,realistic,alternating,5,9,7,20,8000,0.319433,6.36999e-05,0.000224183,3.54762e-05,0.988481,4.12153,4.13845,2.78084,nan,0.405949,nan,0.132781,3.82902,3.99318,4.14519,True,0.5,0.283977,0.283864,0.280193,0.288017,5.0892e-05,5.08861e-05,4.96231e-05,5.2211e-05,0.000353864,0.000349922,0.000273744,0.000443357,2.86776e-05,2.8677e-05,2.80903e-05,2.92473e-05,-0.151582,2,5,0.512671,0.00988241,0.0051054,1598,2,True,nan,nan,nan,nan,nan,nan,nan,nan,nan,nan,nan,nan,13,9
noise,realistic,alternating,5,9,8,40,8000,0.319433,6.36999e-05,0.000224183,3.43669e-05,0.988481,7.25079,7.28414,3.58438,nan,0.674618,nan,0.173863,6.57413,6.83971,7.10875,False,0.5,0.281953,0.281714,0.279214,0.285658,5.12596e-05,5.12587e-05,4.98669e-05,5.25257e-05,0.000282154,0.000280218,0.000216073,0.000357253,2.81392e-05,2.81211e-05,2.75966e-05,2.87185e-05,-0.1724,5,5.48065,0.742732,0.0119092,0.00544038,1361,8,True,nan,nan,nan,nan,nan,nan,nan,nan,nan,nan,nan,nan,13,9
noise,realistic,alternating,5,9,9,20,8000,0.319433,6.36999e-05,0.000224183,3.17946e-05,0.988481,3.7396,3.70029,2.4859,nan,0.32897,nan,0.0534597,3.61267,3.76258,3.91365,True,0.25,0.281937,0.281714,0.279054,0.285516,5.12446e-05,5.12556e-05,4.99936e-05,5.25129e-05,0.000295206,0.000293283,0.000222039,0.000381734,2.63456e-05,2.63468e-05,2.57392e-05,2.69415e-05,-0.13074,2,5,0.756885,0.0109606,0.0051498,1625,3,False,nan,nan,nan,nan,nan,nan,nan,nan,nan,nan,nan,nan,13,9
noise,realistic,alternating,5,9,10,40,8000,0.319433,6.36999e-05,0.000224183,3.09041e-05,0.988481,6.71583,6.91028,3.09619,nan,0.612568,nan,0.312677,6.16706,6.41437,6.66498,False,0.4375,0.281128,0.280993,0.278253,0.284382,5.13683e-05,5.13708e-05,5.01308e-05,5.25462e-05,0.000260242,0.00025349,0.000194751,0.000345431,2.64565e-05,2.64461e-05,2.58522e-05,2.71094e-05,-0.154137,5,5.48677,0.587211,0.0154711,0.00561563,1384,4,False,nan,nan,nan,nan,nan,nan,nan,nan,nan,nan,nan,nan,13,9
noise,realistic,alternating,5,9,11,20,8000,0.319433,6.36999e-05,0.000224183,2.89612e-05,0.988481,3.40381,3.55837,2.26189,nan,0.344917,nan,0.082062,3.40322,3.56212,3.7238,True,0.5,0.2808,0.280738,0.277992,0.283742,5.14245e-05,5.14482e-05,5.01847e-05,5.26092e-05,0.000277663,0.000272703,0.000201994,0.000373712,2.47318e-05,2.4736e-05,2.41006e-05,2.53001e-05,-0.0617963,3,5.47744,0.544896,0.0152497,0.00594474,1503,4,False,nan,nan,nan,nan,nan,nan,nan,nan,nan,nan,nan,nan,13,9
noise,realistic,alternating,5,9,12,40,8000,0.319433,6.36999e-05,0.000224183,2.82729e-05,0.988481,6.09149,6.06915,2.84048,nan,0.483613,nan,0.234674,5.80023,6.08267,6.34746,True,0,0.280125,0.280082,0.277545,0.282811,5.13835e-05,5.13986e-05,5.01216e-05,5.25626e-05,0.000277389,0.000274139,0.000195687,0.000369821,2.39913e-05,2.40005e-05,2.35034e-05,2.44691e-05,-0.0864589,2,5.57872,0.538792,0.0141887,0.00584759,1684,3,False,nan,nan,nan,nan,nan,nan,nan,nan,nan,nan,nan,nan,13,9
noise,realistic,alternating,5,9,13,20,8000,0.319433,6.36999e-05,0.000224183,2.6793e-05,0.988481,3.14136,3.16034,2.07935,nan,0.323948,nan,0.0860321,3.09419,3.23344,3.36664,True,0.25,0.280023,0.280056,0.277336,0.282788,5.14124e-05,5.14155e-05,5.01464e-05,5.25993e-05,0.000315202,0.000312722,0.000219664,0.000422676,2.23271e-05,2.2323e-05,2.17163e-05,2.29266e-05,-0.0466208,3,5,0.637374,0.0158254,0.00602661,1615,5,False,nan,nan,nan,nan,nan,nan,nan,nan,nan,nan,nan,nan,13,9
noise,realistic,alternating,5,9,14,40,8000,0.319433,6.36999e-05,0.000224183,2.57505e-05,0.988481,5.38264,5.39263,2.78585,nan,0.521901,nan,0.185059,5.23652,5.49494,5.74795,True,0.3125,0.279687,0.279672,0.276884,0.282363,5.12948e-05,5.13227e-05,4.99681e-05,5.24834e-05,0.000372947,0.000369974,0.000264716,0.00048867,2.11778e-05,2.1177e-05,2.06713e-05,2.17175e-05,-0.0420021,4,5,0.719782,0.0175455,0.00583588,1398,6,True,nan,nan,nan,nan,nan,nan,nan,nan,nan,nan,nan,nan,13,9
noise,realistic,alternating,5,9,15,20,8000,0.319433,6.36999e-05,0.000224183,2.45535e-05,0.988481,2.81563,2.85439,1.93914,nan,0.288647,nan,0.107309,2.67115,2.81599,2.9657,True,0.375,0.279712,0.27972,0.277054,0.282397,5.1249e-05,5.12731e-05,4.99093e-05,5.24837e-05,0.000346056,0.000340193,0.000238766,0.000467952,2.02565e-05,2.02607e-05,1.9713e-05,2.08179e-05,-0.0388252,2,5,0.469079,0.0168683,0.00597637,1635,4,True,nan,nan,nan,nan,nan,nan,nan,nan,nan,nan,nan,nan,13,9
noise,realistic,alternating,5,9,16,40,8000,0.319433,6.36999e-05,0.000224183,2.41989e-05,0.988481,4.94227,5.03634,2.61735,nan,0.442066,nan,0.180436,4.75079,4.96988,5.22139,True,0.125,0.279372,0.279394,0.276828,0.282,5.12643e-05,5.12884e-05,4.99804e-05,5.24943e-05,0.00037743,0.000371007,0.000267597,0.000508683,1.97347e-05,1.97366e-05,1.9276e-05,2.01804e-05,-0.145767,3,5,0.468868,0.0158031,0.00597144,1590,6,False,nan,nan,nan,nan,nan,nan,nan,nan,nan,nan,nan,nan,13,9
noise,realistic,alternating,5,9,17,20,8000,0.319433,6.36999e-05,0.000224183,2.30848e-05,0.988481,2.67775,2.78087,1.79169,nan,0.28259,nan,0.0666418,2.51349,2.63704,2.76337,True,0.0625,0.279531,0.279532,0.276888,0.281993,5.11953e-05,5.12087e-05,4.98892e-05,5.24436e-05,0.000339912,0.00033402,0.000228644,0.000465706,1.92242e-05,1.92023e-05,1.86395e-05,1.98751e-05,-0.0886735,3,5,0.65485,0.0173134,0.00616785,1525,5,False,nan,nan,nan,nan,nan,nan,nan,nan,nan,nan,nan,nan,13,9
noise,realistic,alternating,5,9,18,40,8000,0.319433,6.36999e-05,0.000224183,2.28376e-05,0.988481,4.84571,4.92992,2.26351,nan,0.467125,nan,0.131249,4.51225,4.72502,4.98963,True,0.375,0.279276,0.279282,0.276802,0.281735,5.12593e-05,5.12863e-05,5.00924e-05,5.24319e-05,0.00034363,0.000335755,0.000235481,0.000487949,1.91294e-05,1.91284e-05,1.86316e-05,1.9643e-05,-0.114809,4,5,0.470056,0.0192737,0.00597908,1391,1,False,nan,nan,nan,nan,nan,nan,nan,nan,nan,nan,nan,nan,13,9
noise,realistic,alternating,5,9,19,20,8000,0.319433,6.36999e-05,0.000224183,2.16838e-05,0.988481,2.55018,2.44582,1.67184,nan,0.26771,nan,0.0637423,2.45196,2.58541,2.71923,True,0.25,0.279484,0.279519,0.276892,0.281901,5.12711e-05,5.1298e-05,5.00535e-05,5.25201e-05,0.000366631,0.000355644,0.000240762,0.000533586,1.78474e-05,1.78477e-05,1.72816e-05,1.83813e-05,-0.0806621,2,5,0.650078,0.0192246,0.0061901,1621,6,False,nan,nan,nan,nan,nan,nan,nan,nan,nan,nan,nan,nan,13,9
noise,realistic,alternating,5,9,20,40,8000,0.319433,6.36999e-05,0.000224183,2.15367e-05,0.988481,4.55317,4.65314,2.11809,nan,0.466825,nan,0.116223,4.16636,4.4031,4.63398,True,0.3125,0.278674,0.278675,0.276091,0.281161,5.1252e-05,5.12835e-05,4.99981e-05,5.2407e-05,0.000295719,0.000288381,0.000202887,0.00041431,1.7821e-05,1.78189e-05,1.73937e-05,1.82637e-05,-0.103864,4,5,0.548739,0.0166758,0.00627908,1463,3,False,nan,nan,nan,nan,nan,nan,nan,nan,nan,nan,nan,nan,13,9
noise,realistic,alternating,5,10,1,20,8000,0.0135469,4.15807e-05,0.000223674,4.15807e-05,0.995676,5.78122,5.87801,2.43682,nan,3.92085,nan,0.118742,5.22843,7.92655,12.0323,True,1,0.0114922,0.011473,0.00960362,0.0134104,4.6198e-05,4.60913e-05,4.20098e-05,5.079e-05,0.000390586,0.000377186,0.000198872,0.000629392,4.6198e-05,4.60913e-05,4.20098e-05,5.079e-05,-0.0829297,12,5.81759,0.587578,0.0144948,0.0100019,1808,4,True,nan,nan,nan,nan,nan,nan,nan,nan,nan,nan,nan,nan,13,10
noise,realistic,alternating,5,10,2,40,8000,0.0135469,4.15807e-05,0.000223674,3.65231e-05,0.995676,8.82208,8.86221,6.08049,nan,2.19774,nan,0.298731,9.25185,10.9281,12.889,False,0.0625,0.0127705,0.0127519,0.0118506,0.0137816,4.13732e-05,4.14154e-05,3.9426e-05,4.32985e-05,0.000442019,0.000444229,0.000299726,0.000578215,3.77953e-05,3.77966e-05,3.65517e-05,3.90757e-05,-0.00845866,9,5.82133,0.587757,0.0175294,0.0111555,1873,4,False,nan,nan,nan,nan,nan,nan,nan,nan,nan,nan,nan,nan,13,10
noise,realistic,alternating,5,10,3,20,8000,0.0135469,4.15807e-05,0.000223674,3.13306e-05,0.995676,4.44094,4.50751,2.47253,nan,0.371151,nan,0.0717936,4.32031,4.74266,5.2275,True,0.6875,0.0128785,0.0128655,0.0120262,0.0136942,4.16274e-05,4.16587e-05,3.98285e-05,4.32857e-05,0.000479901,0.000482,0.000338831,0.000613676,3.27578e-05,3.27451e-05,3.15972e-05,3.39737e-05,-0.0580988,4,5.70609,0.611235,0.0202701,0.0113078,1551,5,False,nan,nan,nan,nan,nan,nan,nan,nan,nan,nan,nan,nan,13,10
noise,realistic,alternating,5,10,4,40,8000,0.0135469,4.15807e-05,0.000223674,2.97897e-05,0.995676,7.36468,7.30254,5.42182,nan,0.339777,nan,0.0519039,6.87687,7.32897,7.96215,True,1,0.013148,0.0131277,0.0124311,0.0139238,4.13694e-05,4.14142e-05,3.96634e-05,4.29592e-05,0.000409388,0.000409373,0.000293553,0.00052284,3.04326e-05,3.04078e-05,2.95018e-05,3.14457e-05,-0.0765149,4,5.53223,0.506357,0.024455,0.00942121,1483,1,False,nan,nan,nan,nan,nan,nan,nan,nan,nan,nan,nan,nan,13,10
noise,realistic,alternating,5,10,5,20,8000,0.0135469,4.15807e-05,0.000223674,2.71097e-05,0.995676,3.79295,3.85145,2.21031,nan,0.240034,nan,0.0663026,3.64987,3.9225,4.21898,True,0.6875,0.0130601,0.0130396,0.012392,0.0137629,4.15694e-05,4.15966e-05,4.00642e-05,4.30546e-05,0.000442484,0.000442636,0.000312181,0.000569595,2.73301e-05,2.73168e-05,2.65556e-05,2.81885e-05,-0.0405227,3,5.66812,0,0.0203781,0.00697021,1603,0,True,nan,nan,nan,nan,nan,nan,nan,nan,nan,nan,nan,nan,13,10
noise,realistic,alternating,5,10,6,40,8000,0.0135469,4.15807e-05,0.000223674,2.58833e-05,0.995676,6.59263,6.57991,4.6428,nan,0.480943,nan,0.0803713,5.93286,6.28284,6.75829,True,0.625,0.0126919,0.0126933,0.0120901,0.0133079,4.15766e-05,4.15911e-05,3.99983e-05,4.31324e-05,0.000358335,0.000356327,0.000266576,0.000453984,2.65559e-05,2.65422e-05,2.58671e-05,2.72416e-05,-0.0131014,5,5,0.585371,0.0251199,0.00707197,1344,3,True,nan,nan,nan,nan,nan,nan,nan,nan,nan,nan,nan,nan,13,10
noise,realistic,alternating,5,10,7,20,8000,0.0135469,4.15807e-05,0.000223674,2.40589e-05,0.995676,3.41843,3.33741,1.89487,nan,0.204228,nan,0.0428265,3.27627,3.49127,3.74222,True,0.6875,0.0128243,0.0128275,0.0122676,0.0133858,4.17068e-05,4.16882e-05,4.02298e-05,4.32731e-05,0.000379632,0.000376923,0.000266438,0.000497982,2.41263e-05,2.41352e-05,2.32853e-05,2.4959e-05,-0.00595522,3,5,0.589908,0.0247804,0.00739051,1491,3,False,nan,nan,nan,nan,nan,nan,nan,nan,nan,nan,nan,nan,13,10
noise,realistic,alternating,5,10,8,40,8000,0.0135469,4.15807e-05,0.000223674,2.28606e-05,0.995676,5.91287,5.98625,4.08587,nan,0.391755,nan,0.0614505,5.34524,5.70345,6.10834,True,0.625,0.0126652,0.0126565,0.0121359,0.0132104,4.1837e-05,4.18069e-05,4.01702e-05,4.34904e-05,0.000391417,0.000384361,0.000280855,0.00052263,2.40139e-05,2.40255e-05,2.32279e-05,2.47718e-05,0.0167063,4,5.54996,0.599393,0.0268035,0.00995178,1451,7,False,nan,nan,nan,nan,nan,nan,nan,nan,nan,nan,nan,nan,13,10
noise,realistic,alternating,5,10,9,20,8000,0.0135469,4.15807e-05,0.000223674,2.13464e-05,0.995676,2.98138,2.944,1.76919,nan,0.248202,nan,0.123934,2.92022,3.13644,3.37444,True,0.5,0.0127509,0.0127591,0.0122185,0.0132957,4.19134e-05,4.19353e-05,4.00924e-05,4.36414e-05,0.000393802,0.000388797,0.000266396,0.000525706,2.16338e-05,2.166e-05,2.07341e-05,2.24562e-05,-0.012796,4,5,0.551978,0.0284411,0.012916,1438,4,False,nan,nan,nan,nan,nan,nan,nan,nan,nan,nan,nan,nan,13,10
noise,realistic,alternating,5,10,10,40,8000,0.0135469,4.15807e-05,0.000223674,2.05962e-05,0.995676,5.24512,5.29043,3.76157,nan,0.32665,nan,0.111307,4.80953,5.18964,5.61542,True,0.875,0.0126719,0.0126534,0.0121822,0.0131904,4.18784e-05,4.19255e-05,4.01795e-05,4.35501e-05,0.000394142,0.00038943,0.000274457,0.000523326,2.10551e-05,2.10655e-05,2.03361e-05,2.17359e-05,-0.0218081,2,5.49097,0.766874,0.0251895,0.0123755,1633,1,True,nan,nan,nan,nan,nan,nan,nan,nan,nan,nan,nan,nan,13,10
noise,realistic,alternating,5,10,11,20,8000,0.0135469,4.15807e-05,0.000223674,1.9488e-05,0.995676,2.85307,2.96897,1.47399,nan,0.20812,nan,0.0776829,2.56082,2.76013,2.95334,True,0.625,0.0125944,0.0125882,0.0121181,0.0131031,4.17854e-05,4.18237e-05,4.00497e-05,4.33636e-05,0.000367435,0.000362958,0.000250882,0.000508582,2.03622e-05,2.03252e-05,1.96026e-05,2.12109e-05,0.00728166,3,5,0.570646,0.025465,0.0122105,1578,3,True,nan,nan,nan,nan,nan,nan,nan,nan,nan,nan,nan,nan,13,10
noise,realistic,alternating,5,10,12,40,8000,0.0135469,4.15807e-05,0.000223674,1.89173e-05,0.995676,4.8513,4.79183,3.34975,nan,0.299286,nan,0.0516588,4.59234,4.90323,5.30614,True,0.75,0.0126405,0.0126379,0.012194,0.0131071,4.17249e-05,4.17119e-05,4.01219e-05,4.33749e-05,0.000364084,0.000358564,0.000252792,0.000492706,1.93616e-05,1.93577e-05,1.87789e-05,1.99475e-05,-0.00860591,4,5,0.567167,0.0208369,0.0121022,1477,3,False,nan,nan,nan,nan,nan,nan,nan,nan,nan,nan,nan,nan,13,10
noise,realistic,alternating,5,10,13,20,8000,0.0135469,4.15807e-05,0.000223674,1.81709e-05,0.995676,2.54794,2.58282,1.39559,nan,0.171078,nan,0.0426121,2.41577,2.58503,2.75117,True,0.625,0.0126535,0.0126439,0.0122033,0.0131263,4.17073e-05,4.17109e-05,4.01485e-05,4.32508e-05,0.000369539,0.000363907,0.000253246,0.00050205,1.83167e-05,1.83116e-05,1.76301e-05,1.90223e-05,-0.00752055,1,5,0.600386,0.018887,0.0116896,1774,7,False,nan,nan,nan,nan,nan,nan,nan,nan,nan,nan,nan,nan,13,10
noise,realistic,alternating,5,10,14,40,8000,0.0135469,4.15807e-05,0.000223674,1.80448e-05,0.995676,4.6073,4.66598,2.9368,nan,0.366139,nan,0.0812899,4.1496,4.43709,4.72834,True,0.75,0.0126888,0.0126942,0.0122658,0.01311,4.17463e-05,4.17662e-05,3.99879e-05,4.33188e-05,0.00033719,0.000328716,0.000228922,0.000466372,1.83284e-05,1.83138e-05,1.77223e-05,1.89589e-05,0.0276366,4,5,0.689504,0.0212447,0.0120155,1542,4,False,nan,nan,nan,nan,nan,nan,nan,nan,nan,nan,nan,nan,13,10
noise,realistic,alternating,5,10,15,20,8000,0.0135469,4.15807e-05,0.000223674,1.73512e-05,0.995676,2.50164,2.56304,1.15533,nan,0.187143,nan,0.0666682,2.30446,2.45928,2.63059,True,0.5,0.012664,0.0126611,0.0122384,0.0131009,4.17023e-05,4.17371e-05,4.00791e-05,4.31542e-05,0.000315203,0.000306519,0.000215802,0.000448894,1.78703e-05,1.78451e-05,1.71556e-05,1.86361e-05,0.0567385,2,5,0.619568,0.0219318,0.011561,1718,5,False,nan,nan,nan,nan,nan,nan,nan,nan,nan,nan,nan,nan,13,10
noise,realistic,alternating,5,10,16,40,8000,0.0135469,4.15807e-05,0.000223674,1.70164e-05,0.995676,4.37763,4.2974,2.60504,nan,0.29476,nan,0.0295153,4.09642,4.35743,4.6598,True,0.5,0.0125761,0.0125644,0.0121776,0.0130323,4.17035e-05,4.17392e-05,4.01435e-05,4.31669e-05,0.00032827,0.000320219,0.000221446,0.000460935,1.72122e-05,1.72047e-05,1.67043e-05,1.7746e-05,0.00914338,3,5,0.472787,0.0189255,0.0105961,1589,4,False,nan,nan,nan,nan,nan,nan,nan,nan,nan,nan,nan,nan,13,10
noise,realistic,alternating,5,10,17,20,8000,0.0135469,4.15807e-05,0.000223674,1.63048e-05,0.995676,2.33643,2.34151,1.05006,nan,0.16028,nan,0.0219159,2.18949,2.3297,2.46463,True,0.5,0.012598,0.0125819,0.0121954,0.0130382,4.17125e-05,4.17589e-05,4.01887e-05,4.31377e-05,0.000333437,0.000323928,0.000221426,0.000470208,1.65356e-05,1.65286e-05,1.59773e-05,1.71029e-05,-0.00114471,2,5,0.409009,0.017694,0.00956229,1667,5,False,nan,nan,nan,nan,nan,nan,nan,nan,nan,nan,nan,nan,13,10
noise,realistic,alternating,5,10,18,40,8000,0.0135469,4.15807e-05,0.000223674,1.6109e-05,0.995676,4.06298,4.10586,2.42661,nan,0.290076,nan,0.0983408,3.80721,4.03876,4.28798,True,0.5,0.0125223,0.012508,0.0121264,0.0129539,4.17076e-05,4.17196e-05,4.02351e-05,4.31228e-05,0.00033751,0.000326847,0.000222036,0.000486232,1.63063e-05,1.62904e-05,1.58342e-05,1.68126e-05,0.0141153,2,5,0.45121,0.0167161,0.00948008,1741,5,False,nan,nan,nan,nan,nan,nan,nan,nan,nan,nan,nan,nan,13,10
noise,realistic,alternating,5,10,19,20,8000,0.0135469,4.15807e-05,0.000223674,1.5304e-05,0.995676,2.17398,2.07163,0.977783,nan,0.154793,nan,0.0510393,2.08829,2.20729,2.33756,True,0.5,0.0125108,0.0124947,0.0121376,0.01294,4.17041e-05,4.17748e-05,4.01604e-05,4.30783e-05,0.000359494,0.000348902,0.000228654,0.000519407,1.53879e-05,1.54073e-05,1.47569e-05,1.59385e-05,-0.00679093,2,5.60356,0.586872,0.0172598,0.00997025,1749,6,False,nan,nan,nan,nan,nan,nan,nan,nan,nan,nan,nan,nan,13,10
noise,realistic,alternating,5,10,20,40,8000,0.0135469,4.15807e-05,0.000223674,1.50202e-05,0.995676,3.8229,3.77419,2.24008,nan,0.284813,nan,0.0934475,3.53814,3.77209,3.99009,True,0.625,0.0126051,0.0126042,0.0121952,0.0130112,4.17054e-05,4.17735e-05,4.01737e-05,4.30138e-05,0.000334816,0.000326963,0.000218588,0.000475342,1.5079e-05,1.5089e-05,1.46036e-05,1.55393e-05,-0.0347153,3,5,0.584696,0.0153588,0.00965968,1656,7,False,nan,nan,nan,nan,nan,nan,nan,nan,nan,nan,nan,nan,13,10
noise,realistic,alternating,5,11,1,20,8000,1.65584,5.43367e-05,0.00021849,5.43367e-05,0.997474,5.56737,5.67375,6.90531,nan,4.31766,nan,0.274246,5.34176,7.92451,12.0153,True,1,1.37427,1.37536,1.32552,1.4247,4.16688e-05,4.15788e-05,3.77584e-05,4.57279e-05,0.000277844,0.000273926,0.000163475,0.000412091,4.16688e-05,4.15788e-05,3.77584e-05,4.57279e-05,-0.154062,14,5,0.508201,0.0212052,0.00764906,1701,2,True,nan,nan,nan,nan,nan,nan,nan,nan,nan,nan,nan,nan,13,11
noise,realistic,alternating,5,11,2,40,8000,1.65584,5.43367e-05,0.00021849,4.88179e-05,0.997474,9.04091,9.02974,10.754,nan,2.18695,nan,0.290559,9.0657,10.5214,12.344,False,0.5,1.39118,1.39035,1.3557,1.42693,3.83604e-05,3.82335e-05,3.70976e-05,4.01121e-05,0.00033388,0.000333786,0.000247333,0.000423392,3.60594e-05,3.60523e-05,3.50367e-05,3.70814e-05,-0.157497,9,6.00287,0.657984,0.0176365,0.00884306,1878,2,True,nan,nan,nan,nan,nan,nan,nan,nan,nan,nan,nan,nan,13,11
noise,realistic,alternating,5,11,3,20,8000,1.65584,5.43367e-05,0.00021849,4.23997e-05,0.997474,4.55233,4.55199,5.71837,nan,0.521115,nan,0.198821,4.35861,4.77673,5.12204,True,0.875,1.37323,1.37308,1.34427,1.40604,3.88406e-05,3.88659e-05,3.71101e-05,4.05766e-05,0.000324145,0.000321647,0.000233059,0.000424374,3.23155e-05,3.21599e-05,3.09229e-05,3.41924e-05,-0.116105,6,5.51205,0.440115,0.0287987,0.0180786,1248,2,True,nan,nan,nan,nan,nan,nan,nan,nan,nan,nan,nan,nan,13,11
noise,realistic,alternating,5,11,4,40,8000,1.65584,5.43367e-05,0.00021849,3.97661e-05,0.997474,7.56157,7.52685,9.19081,nan,0.795781,nan,0.16303,7.29962,7.92257,8.87765,True,0.625,1.38121,1.38159,1.35545,1.40831,3.86985e-05,3.8731e-05,3.71067e-05,4.02302e-05,0.000384927,0.000382034,0.000291551,0.000484188,2.98879e-05,2.98671e-05,2.89571e-05,3.08618e-05,-0.0939902,6,5.5113,0.440064,0.0242773,0.0106313,1284,1,False,nan,nan,nan,nan,nan,nan,nan,nan,nan,nan,nan,nan,13,11
noise,realistic,alternating,5,11,5,20,8000,1.65584,5.43367e-05,0.00021849,3.58998e-05,0.997474,3.81002,3.71173,4.90343,nan,0.394605,nan,0.181966,3.65663,3.9278,4.23762,True,0.75,1.38416,1.3842,1.3587,1.41045,3.89273e-05,3.89592e-05,3.75794e-05,4.01732e-05,0.000456406,0.000454517,0.000330337,0.000587412,2.67717e-05,2.67437e-05,2.59647e-05,2.76483e-05,-0.156454,4,5.85817,0.56902,0.0216272,0.00849168,1407,6,False,nan,nan,nan,nan,nan,nan,nan,nan,nan,nan,nan,nan,13,11
noise,realistic,alternating,5,11,6,40,8000,1.65584,5.43367e-05,0.00021849,3.36294e-05,0.997474,6.51784,6.68166,8.02438,nan,0.60082,nan,0.171825,6.08544,6.44361,6.92839,True,0.625,1.3854,1.38553,1.36302,1.40728,3.89603e-05,3.89806e-05,3.77006e-05,4.01567e-05,0.000379756,0.000378442,0.00028886,0.000478359,2.56079e-05,2.56008e-05,2.49916e-05,2.62758e-05,-0.145096,4,5.93293,0.498557,0.0241075,0.00709049,1452,4,False,nan,nan,nan,nan,nan,nan,nan,nan,nan,nan,nan,nan,13,11
noise,realistic,alternating,5,11,7,20,8000,1.65584,5.43367e-05,0.00021849,3.16582e-05,0.997474,3.4311,3.46022,4.35583,nan,0.369953,nan,0.118435,3.1808,3.39654,3.60792,True,0.75,1.38273,1.38284,1.36152,1.40435,3.89603e-05,3.89994e-05,3.78032e-05,3.99702e-05,0.000432097,0.000429249,0.000319026,0.000556217,2.37059e-05,2.37005e-05,2.31177e-05,2.432e-05,-0.111137,3,6.02771,0.564461,0.0188599,0.00626915,1536,4,False,nan,nan,nan,nan,nan,nan,nan,nan,nan,nan,nan,nan,13,11
noise,realistic,alternating,5,11,8,40,8000,1.65584,5.43367e-05,0.00021849,3.00195e-05,0.997474,5.78925,5.64424,7.15764,nan,0.524203,nan,0.211908,5.49716,5.79965,6.15949,True,0.625,1.38565,1.38605,1.36461,1.4062,3.8922e-05,3.89513e-05,3.78416e-05,3.98942e-05,0.000393152,0.000389502,0.000295562,0.000501169,2.23572e-05,2.23593e-05,2.18399e-05,2.28285e-05,-0.108554,4,5.55211,0.60864,0.0190341,0.00522678,1461,3,False,nan,nan,nan,nan,nan,nan,nan,nan,nan,nan,nan,nan,13,11
noise,realistic,alternating,5,11,9,20,8000,1.65584,5.43367e-05,0.00021849,2.80642e-05,0.997474,3.0597,3.09642,3.89742,nan,0.364171,nan,0.119082,2.8513,2.99723,3.17214,True,0.5,1.38414,1.38426,1.36359,1.40465,3.88334e-05,3.88668e-05,3.7775e-05,3.97349e-05,0.00036378,0.000360986,0.000264276,0.000468833,2.13637e-05,2.13502e-05,2.08264e-05,2.19969e-05,-0.113562,3,5.73408,0.589218,0.0197884,0.00581663,1554,3,False,nan,nan,nan,nan,nan,nan,nan,nan,nan,nan,nan,nan,13,11
noise,realistic,alternating,5,11,10,40,8000,1.65584,5.43367e-05,0.00021849,2.7171e-05,0.997474,5.37849,5.17429,6.45505,nan,0.549969,nan,0.174117,5.03812,5.30696,5.62857,True,0.5,1.38502,1.38556,1.36579,1.40402,3.8789e-05,3.88166e-05,3.78942e-05,3.96198e-05,0.000398931,0.000399212,0.000296616,0.000507695,2.02674e-05,2.02618e-05,1.98676e-05,2.06846e-05,-0.151994,4,5,0.482138,0.015969,0.00560126,1522,1,False,nan,nan,nan,nan,nan,nan,nan,nan,nan,nan,nan,nan,13,11
noise,realistic,alternating,5,11,11,20,8000,1.65584,5.43367e-05,0.00021849,2.59751e-05,0.997474,2.78962,2.75892,3.55657,nan,0.321652,nan,0.0824229,2.62958,2.74643,2.87927,True,0.3125,1.38972,1.3899,1.37053,1.40833,3.87739e-05,3.87901e-05,3.80119e-05,3.95141e-05,0.000404794,0.000399633,0.000292247,0.000531845,1.91637e-05,1.91689e-05,1.87269e-05,1.96256e-05,-0.143173,2,5,0.540362,0.0148145,0.0051016,1712,3,False,nan,nan,nan,nan,nan,nan,nan,nan,nan,nan,nan,nan,13,11
noise,realistic,alternating,5,11,12,40,8000,1.65584,5.43367e-05,0.00021849,2.57608e-05,0.997474,5.02023,5.02298,5.94312,nan,0.615735,nan,0.172088,4.54698,4.76323,4.98539,False,0.5,1.38674,1.38671,1.36846,1.4052,3.88594e-05,3.88748e-05,3.79076e-05,3.9734e-05,0.00033933,0.000335345,0.000239415,0.000459554,1.94006e-05,1.94103e-05,1.88695e-05,1.98709e-05,-0.175314,6,5,0.571931,0.0226751,0.00612665,1260,1,False,nan,nan,nan,nan,nan,nan,nan,nan,nan,nan,nan,nan,13,11
noise,realistic,alternating,5,11,13,20,8000,1.65584,5.43367e-05,0.00021849,2.48487e-05,0.997474,2.75193,2.79651,3.3661,nan,0.349135,nan,0.121065,2.50866,2.66021,2.81084,True,0.5625,1.38635,1.38592,1.36906,1.40517,3.88305e-05,3.88561e-05,3.79451e-05,3.96404e-05,0.000318422,0.000312393,0.000218648,0.000439016,1.90115e-05,1.90123e-05,1.83943e-05,1.96364e-05,-0.0370615,3,5.55354,0.619977,0.0250558,0.00510487,1487,1,False,nan,nan,nan,nan,nan,nan,nan,nan,nan,nan,nan,nan,13,11
noise,realistic,alternating,5,11,14,40,8000,1.65584,5.43367e-05,0.00021849,2.41287e-05,0.997474,4.80967,4.81388,5.48749,nan,0.489295,nan,0.17453,4.52223,4.7874,5.08015,True,0.5,1.38202,1.38198,1.36525,1.40004,3.88577e-05,3.88748e-05,3.80328e-05,3.96386e-05,0.000278313,0.000273055,0.00019178,0.000380771,1.85641e-05,1.85561e-05,1.81843e-05,1.89383e-05,-0.11049,4,5.6381,0,0.0213936,0.00495061,1423,6,True,nan,nan,nan,nan,nan,nan,nan,nan,nan,nan,nan,nan,13,11
noise,realistic,alternating,5,11,15,20,8000,1.65584,5.43367e-05,0.00021849,2.28281e-05,0.997474,2.50848,2.44332,3.08834,nan,0.320979,nan,0.060079,2.45514,2.58474,2.71575,True,0.375,1.3827,1.38263,1.36461,1.39876,3.89058e-05,3.89499e-05,3.77369e-05,3.98812e-05,0.000314641,0.000310186,0.000212441,0.000442433,1.68127e-05,1.68121e-05,1.62366e-05,1.73728e-05,-0.109354,5,5,0.620811,0.0298916,0.00613653,1222,3,True,nan,nan,nan,nan,nan,nan,nan,nan,nan,nan,nan,nan,13,11
noise,realistic,alternating,5,11,16,40,8000,1.65584,5.43367e-05,0.00021849,2.22974e-05,0.997474,4.28474,4.21423,5.06455,nan,0.501529,nan,0.142217,3.9849,4.27801,4.56859,True,0.5,1.38014,1.38056,1.36088,1.3975,3.89435e-05,3.89937e-05,3.78079e-05,3.98713e-05,0.00037367,0.000370319,0.00024703,0.000505284,1.63018e-05,1.63036e-05,1.58934e-05,1.67284e-05,-0.108149,4,5,0.622724,0.0283496,0.00571434,1353,1,False,nan,nan,nan,nan,nan,nan,nan,nan,nan,nan,nan,nan,13,11
noise,realistic,alternating,5,11,17,20,8000,1.65584,5.43367e-05,0.00021849,2.1327e-05,0.997474,2.28351,2.38855,2.85562,nan,0.274162,nan,0.106474,2.09897,2.24308,2.38308,True,0.5,1.38038,1.38061,1.36261,1.39779,3.88326e-05,3.88925e-05,3.76221e-05,3.9729e-05,0.000346738,0.000341656,0.000223684,0.00047724,1.59591e-05,1.59593e-05,1.54591e-05,1.64557e-05,-0.0097503,3,5.55257,0.605004,0.0268619,0.00645273,1454,11,False,nan,nan,nan,nan,nan,nan,nan,nan,nan,nan,nan,nan,13,11
noise,realistic,alternating,5,11,18,40,8000,1.65584,5.43367e-05,0.00021849,2.10109e-05,0.997474,4.09839,4.22511,4.7351,nan,0.455478,nan,0.116738,3.80278,4.04134,4.31621,True,0.5,1.38001,1.38009,1.36233,1.39671,3.88554e-05,3.89123e-05,3.77035e-05,3.97154e-05,0.000366184,0.000360345,0.000246611,0.000514138,1.56714e-05,1.56755e-05,1.52267e-05,1.60974e-05,-0.0477798,2,6.27118,0.684377,0.0259759,0.00606248,1590,1,True,nan,nan,nan,nan,nan,nan,nan,nan,nan,nan,nan,nan,13,11
noise,realistic,alternating,5,11,19,20,8000,1.65584,5.43367e-05,0.00021849,2.0509e-05,0.997474,2.21823,2.25795,2.72198,nan,0.298984,nan,0.0594795,2.03932,2.16381,2.29846,True,0.4375,1.37986,1.37996,1.36223,1.39623,3.88784e-05,3.89388e-05,3.77865e-05,3.97357e-05,0.000381147,0.000371507,0.000249957,0.000543627,1.50689e-05,1.50656e-05,1.45978e-05,1.5538e-05,-0.112613,3,5.49426,0.47504,0.0252992,0.00583255,1547,8,True,nan,nan,nan,nan,nan,nan,nan,nan,nan,nan,nan,nan,13,11
noise,realistic,alternating,5,11,20,40,8000,1.65584,5.43367e-05,0.00021849,2.03246e-05,0.997474,3.96765,3.94928,4.47615,nan,0.486118,nan,0.15723,3.5872,3.81416,4.05363,True,0.5,1.37952,1.37992,1.36088,1.39696,3.89094e-05,3.89607e-05,3.78472e-05,3.97826e-05,0.000305876,0.000300219,0.0001962,0.000429111,1.51676e-05,1.51754e-05,1.47641e-05,1.55541e-05,-0.0919354,4,5.49482,0.473243,0.0260295,0.00533385,1471,2,False,nan,nan,nan,nan,nan,nan,nan,nan,nan,nan,nan,nan,13,11
noise,realistic,alternating,5,12,1,20,8000,3.12005,7.02256e-05,0.000223104,7.02256e-05,1.0079,6.95382,7.05579,9.7832,nan,6.82477,nan,0.189168,5.22148,7.90216,11.7723,True,1,2.15093,2.14728,2.0659,2.23959,5.15587e-05,5.16323e-05,4.68643e-05,5.64863e-05,0.000201782,0.000197194,0.000124641,0.000302548,5.15587e-05,5.16323e-05,4.68643e-05,5.64863e-05,-0.0221317,13,7.52786,0.461678,0.0134747,0.0113898,1767,1,True,nan,nan,nan,nan,nan,nan,nan,nan,nan,nan,nan,nan,13,9
noise,realistic,alternating,5,12,2,40,8000,3.12005,7.02256e-05,0.000223104,6.10702e-05,1.0079,10.8104,10.9169,13.561,nan,3.61593,nan,0.468808,11.3682,13.3896,15.3797,False,0.125,2.44261,2.44163,2.401,2.48905,4.78553e-05,4.78223e-05,4.61999e-05,4.9614e-05,0.00054671,0.000547101,0.000485723,0.000607683,4.39397e-05,4.39749e-05,4.24418e-05,4.54097e-05,-0.178154,22,6.05113,0.563545,0.0144661,0.0224452,1899,1,True,nan,nan,nan,nan,nan,nan,nan,nan,nan,nan,nan,nan,13,9
noise,realistic,alternating,5,12,3,20,8000,3.12005,7.02256e-05,0.000223104,5.2408e-05,1.0079,5.30664,5.30255,7.62167,nan,0.776741,nan,0.132314,4.87611,5.20787,5.56937,True,1,2.43503,2.43467,2.39722,2.47393,4.81112e-05,4.8058e-05,4.65401e-05,4.98651e-05,0.000584844,0.000582088,0.000488098,0.000688064,3.72827e-05,3.73281e-05,3.58247e-05,3.8513e-05,-0.203979,4,6.03021,0.563358,0.0142924,0.0182285,1429,3,False,nan,nan,nan,nan,nan,nan,nan,nan,nan,nan,nan,nan,13,9
noise,realistic,alternating,5,12,4,40,8000,3.12005,7.02256e-05,0.000223104,4.84361e-05,1.0079,8.97614,9.06681,11.3503,nan,1.24177,nan,0.242573,7.85436,8.4813,9.02483,True,0.5,2.47025,2.47009,2.43143,2.50978,4.7926e-05,4.79665e-05,4.63201e-05,4.94065e-05,0.000420635,0.000419739,0.000359001,0.000484325,3.50407e-05,3.50898e-05,3.39773e-05,3.58202e-05,-0.24576,9,5.57334,0.680584,0.0146602,0.010495,977,5,False,nan,nan,nan,nan,nan,nan,nan,nan,nan,nan,nan,nan,13,9
noise,realistic,alternating,5,12,5,20,8000,3.12005,7.02256e-05,0.000223104,4.45261e-05,1.0079,4.54636,4.62464,6.55545,nan,0.678916,nan,0.120541,4.19756,4.45895,4.70076,True,0.625,2.46405,2.4646,2.4244,2.50066,4.7922e-05,4.7976e-05,4.63255e-05,4.92066e-05,0.00038215,0.000379992,0.000309223,0.000463718,3.1309e-05,3.13508e-05,3.04506e-05,3.19985e-05,-0.193958,4,5.76468,0.645933,0.0120591,0.00941524,1133,2,False,nan,nan,nan,nan,nan,nan,nan,nan,nan,nan,nan,nan,13,9
noise,realistic,alternating,5,12,6,40,8000,3.12005,7.02256e-05,0.000223104,4.27637e-05,1.0079,7.9494,7.93829,10.059,nan,0.917356,nan,0.271917,7.30389,7.6939,8.02674,True,0.5,2.5009,2.5021,2.47015,2.5282,4.76435e-05,4.78779e-05,4.55604e-05,4.90708e-05,0.000285956,0.000284578,0.000229885,0.000343787,3.02937e-05,3.03351e-05,2.94573e-05,3.09583e-05,-0.231143,7,6.09032,0.49115,0.014865,0.00964678,895,2,False,nan,nan,nan,nan,nan,nan,nan,nan,nan,nan,nan,nan,13,9
noise,realistic,alternating,5,12,7,20,8000,3.12005,7.02256e-05,0.000223104,3.84612e-05,1.0079,3.96331,4.00624,5.73434,nan,0.544805,nan,0.268679,3.83086,4.04187,4.27699,True,0.5,2.47952,2.48079,2.4462,2.51165,4.80297e-05,4.81504e-05,4.611e-05,4.94927e-05,0.000375582,0.000371593,0.000286637,0.000476999,2.76484e-05,2.76674e-05,2.70043e-05,2.82474e-05,-0.258167,6,5.49379,0.699847,0.0132441,0.0126334,1052,3,False,nan,nan,nan,nan,nan,nan,nan,nan,nan,nan,nan,nan,13,9
noise,realistic,alternating,5,12,8,40,8000,3.12005,7.02256e-05,0.000223104,3.67141e-05,1.0079,7.0561,7.12071,8.87396,nan,0.780239,nan,0.214653,6.55692,6.91458,7.27261,True,0.5,2.48418,2.48564,2.44888,2.51486,4.80546e-05,4.82292e-05,4.6019e-05,4.93203e-05,0.000364721,0.000359555,0.000285025,0.000460763,2.69296e-05,2.69415e-05,2.62824e-05,2.75026e-05,-0.0996883,5,6.229,0.683464,0.0134329,0.0114894,1092,4,False,nan,nan,nan,nan,nan,nan,nan,nan,nan,nan,nan,nan,13,9
noise,realistic,alternating,5,12,9,20,8000,3.12005,7.02256e-05,0.000223104,3.42947e-05,1.0079,3.51092,3.66686,5.10379,nan,0.506115,nan,0.17123,3.36079,3.53872,3.71876,True,0.3125,2.46398,2.46551,2.43122,2.49706,4.83612e-05,4.85002e-05,4.66131e-05,4.95704e-05,0.000366081,0.000362049,0.000276845,0.000463329,2.45445e-05,2.45648e-05,2.38822e-05,2.51453e-05,-0.244724,4,5.82662,0.685038,0.0103599,0.0120503,1152,1,False,nan,nan,nan,nan,nan,nan,nan,nan,nan,nan,nan,nan,13,9
noise,realistic,alternating,5,12,10,40,8000,3.12005,7.02256e-05,0.000223104,3.36553e-05,1.0079,6.41487,6.48384,8.086,nan,0.884534,nan,0.39057,5.9171,6.2352,6.51396,True,0.5,2.45649,2.4559,2.42753,2.4881,4.84573e-05,4.85651e-05,4.69308e-05,4.95408e-05,0.000362915,0.000363526,0.000282639,0.000453917,2.38461e-05,2.38525e-05,2.3395e-05,2.42776e-05,-0.0710217,4,5.98077,0.460138,0.00926866,0.0103548,1148,5,False,nan,nan,nan,nan,nan,nan,nan,nan,nan,nan,nan,nan,13,9
noise,realistic,alternating,5,12,11,20,8000,3.12005,7.02256e-05,0.000223104,3.21736e-05,1.0079,3.32776,3.12184,4.79396,nan,0.632848,nan,0.14456,3.01681,3.14953,3.29599,False,0.5,2.43571,2.4351,2.41264,2.45985,4.87245e-05,4.87675e-05,4.77884e-05,4.9596e-05,0.000425247,0.000421181,0.000322595,0.000548483,2.20956e-05,2.21085e-05,2.16205e-05,2.25538e-05,0.0624269,4,6.15152,0.625961,0.00799971,0.00898952,1150,3,False,nan,nan,nan,nan,nan,nan,nan,nan,nan,nan,nan,nan,13,9
noise,realistic,alternating,5,12,12,40,8000,3.12005,7.02256e-05,0.000223104,3.19542e-05,1.0079,5.94423,5.79958,7.48278,nan,1.0125,nan,0.235593,5.35671,5.59846,5.81796,False,0.25,2.45786,2.46,2.43131,2.48039,4.86241e-05,4.87228e-05,4.72695e-05,4.9649e-05,0.000304824,0.000303884,0.000235039,0.000387093,2.20153e-05,2.1989e-05,2.15531e-05,2.25723e-05,0.0307661,7,5.75537,0.537124,0.00985065,0.014884,981,6,True,nan,nan,nan,nan,nan,nan,nan,nan,nan,nan,nan,nan,13,9
noise,realistic,alternating,5,12,13,20,8000,3.12005,7.02256e-05,0.000223104,3.04965e-05,1.0079,3.23063,3.379,4.57959,nan,0.756921,nan,0.147869,2.80746,2.94737,3.10195,False,0.375,2.46524,2.46586,2.44191,2.48364,4.72882e-05,4.70615e-05,4.55472e-05,4.96332e-05,0.00027794,0.000276252,0.000206195,0.00035563,2.18272e-05,2.16711e-05,2.10831e-05,2.30218e-05,-0.0647664,7,5.75623,0.540839,0.0104933,0.0300739,859,5,False,nan,nan,nan,nan,nan,nan,nan,nan,nan,nan,nan,nan,13,9
noise,realistic,alternating,5,12,14,40,8000,3.12005,7.02256e-05,0.000223104,2.93582e-05,1.0079,5.55794,5.46259,6.91849,nan,0.692157,nan,0.161945,5.21723,5.60748,6.12293,True,0.75,2.47039,2.47031,2.45328,2.48718,4.69662e-05,4.64994e-05,4.53674e-05,4.91159e-05,0.000339675,0.000335471,0.000248384,0.000447478,2.09147e-05,2.09065e-05,2.04213e-05,2.14345e-05,-0.153423,5,5,0.563322,0.00835409,0.031051,961,1,False,nan,nan,nan,nan,nan,nan,nan,nan,nan,nan,nan,nan,13,9
noise,realistic,alternating,5,12,15,20,8000,3.12005,7.02256e-05,0.000223104,2.82701e-05,1.0079,2.96334,2.95234,4.22636,nan,0.549981,nan,0.143999,2.65561,2.83707,3.02403,True,0.5,2.46894,2.46947,2.45034,2.4862,4.6971e-05,4.65646e-05,4.54019e-05,4.90956e-05,0.000321854,0.000317403,0.000234478,0.000432389,1.99459e-05,1.99308e-05,1.93742e-05,2.0551e-05,-0.0321467,3,5.55342,0.562755,0.00839444,0.0308889,1197,3,False,nan,nan,nan,nan,nan,nan,nan,nan,nan,nan,nan,nan,13,9
noise,realistic,alternating,5,12,16,40,8000,3.12005,7.02256e-05,0.000223104,2.73218e-05,1.0079,5.06725,4.93031,6.38416,nan,0.697853,nan,0.3002,4.77,5.11335,5.46802,True,0.5625,2.46941,2.46972,2.45073,2.48662,4.69746e-05,4.6669e-05,4.53781e-05,4.90313e-05,0.000365181,0.000359335,0.000259803,0.000494218,1.91651e-05,1.91589e-05,1.85944e-05,1.9737e-05,0.0378772,4,6.13088,0.655478,0.00829604,0.0307651,1171,2,True,nan,nan,nan,nan,nan,nan,nan,nan,nan,nan,nan,nan,13,9
noise,realistic,alternating,5,12,17,20,8000,3.12005,7.02256e-05,0.000223104,2.6002e-05,1.0079,2.71958,2.64862,3.88144,nan,0.501629,nan,0.0684997,2.44117,2.61115,2.7917,True,0.5,2.47354,2.47339,2.45417,2.49309,4.70819e-05,4.69297e-05,4.53418e-05,4.91697e-05,0.000326564,0.00032063,0.000232263,0.00044198,1.85456e-05,1.85571e-05,1.79024e-05,1.92036e-05,0.0561014,4,6.13102,0.655463,0.00892387,0.0302791,1212,3,False,nan,nan,nan,nan,nan,nan,nan,nan,nan,nan,nan,nan,13,9
noise,realistic,alternating,5,12,18,40,8000,3.12005,7.02256e-05,0.000223104,2.57969e-05,1.0079,4.81887,4.87795,6.01796,nan,0.683338,nan,0.142524,4.42825,4.76058,5.10734,True,0.5,2.4756,2.47517,2.4567,2.49543,4.72348e-05,4.72827e-05,4.54307e-05,4.91911e-05,0.000319176,0.000313912,0.000228641,0.000428573,1.82294e-05,1.82337e-05,1.76365e-05,1.88059e-05,0.00871289,4,5.56883,0.606208,0.00977413,0.029106,1167,0,False,nan,nan,nan,nan,nan,nan,nan,nan,nan,nan,nan,nan,13,9
noise,realistic,alternating,5,12,19,20,8000,3.12005,7.02256e-05,0.000223104,2.46884e-05,1.0079,2.57057,2.57908,3.66898,nan,0.470937,nan,0.104056,2.35125,2.50811,2.67444,True,0.4375,2.47134,2.47149,2.45097,2.49078,4.72077e-05,4.7148e-05,4.54544e-05,4.91683e-05,0.000354397,0.000346161,0.00024177,0.00049953,1.73847e-05,1.73913e-05,1.67654e-05,1.79707e-05,0.0422864,3,5.53503,0.415858,0.00980462,0.0286246,1332,2,True,nan,nan,nan,nan,nan,nan,nan,nan,nan,nan,nan,nan,13,9
noise,realistic,alternating,5,12,20,40,8000,3.12005,7.02256e-05,0.000223104,2.44687e-05,1.0079,4.60791,4.61002,5.70743,nan,0.679459,nan,0.101742,4.17255,4.46251,4.77491,True,0.5,2.47347,2.47384,2.45364,2.49372,4.734e-05,4.72687e-05,4.55363e-05,4.92325e-05,0.000313644,0.000308428,0.000218827,0.000428876,1.72126e-05,1.72037e-05,1.66798e-05,1.77451e-05,-0.00200541,4,5.53481,0.415012,0.00964186,0.0277554,1277,5,False,nan,nan,nan,nan,nan,nan,nan,nan,nan,nan,nan,nan,13,9
noise,realistic,alternating,5,13,1,20,8000,0.842023,8.66968e-05,0.000173562,8.66968e-05,1.00019,9.13677,8.99084,8.72184,nan,5.89251,nan,0.216682,5.18303,7.75848,11.5326,True,1,0.682597,0.681723,0.653186,0.711594,6.62493e-05,6.59308e-05,6.00244e-05,7.37995e-05,0.000253537,0.000251024,0.000161269,0.000359532,6.62493e-05,6.59308e-05,6.00244e-05,7.37995e-05,-0.109214,13,7.22801,0.701227,0.0146083,0.0107814,1774,2,True,nan,nan,nan,nan,nan,nan,nan,nan,nan,nan,nan,nan,13,9
noise,realistic,alternating,5,13,2,40,8000,0.842023,8.66968e-05,0.000173562,7.45523e-05,1.00019,14.3954,14.2789,10.5074,nan,1.96532,nan,0.266949,13.3382,15.6289,18.9041,True,1,0.696217,0.695945,0.680046,0.713069,6.31664e-05,6.30808e-05,6.06156e-05,6.58403e-05,0.000305787,0.000304857,0.000251856,0.000360876,5.80118e-05,5.80375e-05,5.62209e-05,5.98259e-05,-0.185529,8,7.22337,0.706089,0.0180911,0.0122326,1897,1,False,nan,nan,nan,nan,nan,nan,nan,nan,nan,nan,nan,nan,13,9
noise,realistic,alternating,5,13,3,20,8000,0.842023,8.66968e-05,0.000173562,6.33907e-05,1.00019,6.95485,6.97464,6.59587,nan,0.649694,nan,0.236415,6.54326,7.16734,7.7056,True,0.875,0.695733,0.695803,0.681028,0.709895,6.38923e-05,6.39102e-05,6.20445e-05,6.57082e-05,0.000412914,0.000410661,0.0003321,0.000497352,5.01814e-05,5.01679e-05,4.89301e-05,5.14884e-05,-0.183404,7,6.27652,0.713413,0.0136575,0.0083546,1198,3,False,nan,nan,nan,nan,nan,nan,nan,nan,nan,nan,nan,nan,13,9
noise,realistic,alternating,5,13,4,40,8000,0.842023,8.66968e-05,0.000173562,5.90122e-05,1.00019,11.4561,11.4872,8.64688,nan,1.07858,nan,0.429497,10.66,11.2875,12.0572,True,0.625,0.700194,0.700233,0.687739,0.71238,6.32144e-05,6.3337e-05,6.11485e-05,6.49301e-05,0.000306068,0.000305884,0.00025447,0.000358503,4.58668e-05,4.58494e-05,4.47711e-05,4.69835e-05,-0.160252,6,6.00703,0.767802,0.0162259,0.00820163,1172,4,False,nan,nan,nan,nan,nan,nan,nan,nan,nan,nan,nan,nan,13,9
noise,realistic,alternating,5,13,5,20,8000,0.842023,8.66968e-05,0.000173562,5.30876e-05,1.00019,5.76218,5.88937,5.52732,nan,0.490421,nan,0.228212,5.51983,5.82922,6.21985,True,0.625,0.698088,0.6982,0.685774,0.710198,6.348e-05,6.35735e-05,6.13462e-05,6.52431e-05,0.000280107,0.000279287,0.000219049,0.000346132,4.05233e-05,4.05161e-05,3.93722e-05,4.17411e-05,-0.101151,5,6.2244,0.752701,0.0221401,0.00903365,1339,1,False,nan,nan,nan,nan,nan,nan,nan,nan,nan,nan,nan,nan,13,9
noise,realistic,alternating,5,13,6,40,8000,0.842023,8.66968e-05,0.000173562,5.06395e-05,1.00019,10.1359,10.1593,7.57155,nan,0.9582,nan,0.278268,9.17849,9.76361,10.4567,True,0.75,0.698241,0.698091,0.688107,0.709014,6.34857e-05,6.36319e-05,6.10898e-05,6.54024e-05,0.000260381,0.000258281,0.000208531,0.00031728,3.97725e-05,3.97655e-05,3.86584e-05,4.09465e-05,-0.123689,5,6.86417,0.505499,0.0247038,0.0130392,1361,6,False,nan,nan,nan,nan,nan,nan,nan,nan,nan,nan,nan,nan,13,9
noise,realistic,alternating,5,13,7,20,8000,0.842023,8.66968e-05,0.000173562,4.73134e-05,1.00019,5.30289,5.2512,5.02587,nan,0.566902,nan,0.191674,4.80516,5.14454,5.51455,True,0.625,0.695216,0.695433,0.684874,0.70514,6.35268e-05,6.36321e-05,6.1289e-05,6.53722e-05,0.000233293,0.000230946,0.000179245,0.000296658,3.69909e-05,3.69687e-05,3.59943e-05,3.80298e-05,-0.073379,4,5.51781,0.444387,0.0215482,0.0122861,1393,4,True,nan,nan,nan,nan,nan,nan,nan,nan,nan,nan,nan,nan,13,9
noise,realistic,alternating,5,13,8,40,8000,0.842023,8.66968e-05,0.000173562,4.56822e-05,1.00019,9.34275,9.32856,6.85761,nan,0.896162,nan,0.339162,8.57781,9.12439,9.72772,True,0.75,0.691993,0.692056,0.682986,0.700314,6.35583e-05,6.37467e-05,6.13386e-05,6.53276e-05,0.000179666,0.000178515,0.000135031,0.000225817,3.56582e-05,3.56702e-05,3.47985e-05,3.64782e-05,-0.162498,5,5.51931,0.443625,0.020658,0.0120132,1370,6,False,nan,nan,nan,nan,nan,nan,nan,nan,nan,nan,nan,nan,13,9
noise,realistic,alternating,5,13,9,20,8000,0.842023,8.66968e-05,0.000173562,4.22063e-05,1.00019,4.75203,4.8447,4.50196,nan,0.475548,nan,0.0819914,4.54247,4.79957,5.07388,True,0.5,0.690601,0.690618,0.681461,0.699203,6.35499e-05,6.37031e-05,6.13738e-05,6.52666e-05,0.000177909,0.000176354,0.000131472,0.00023369,3.40898e-05,3.40761e-05,3.32475e-05,3.49353e-05,-0.0496031,3,5.82029,0.642823,0.0181028,0.0105142,1472,3,False,nan,nan,nan,nan,nan,nan,nan,nan,nan,nan,nan,nan,13,9
noise,realistic,alternating,5,13,10,40,8000,0.842023,8.66968e-05,0.000173562,4.08761e-05,1.00019,8.06838,8.08016,6.13325,nan,0.944701,nan,0.226648,8.15178,8.56577,9.05014,False,0.5,0.698541,0.699125,0.689355,0.706058,6.32403e-05,6.31794e-05,6.16864e-05,6.48464e-05,0.000324795,0.000325059,0.000247374,0.000402403,3.24259e-05,3.24029e-05,3.18288e-05,3.30725e-05,-0.0404472,9,5,0.683537,0.0212627,0.00934681,1052,7,False,nan,nan,nan,nan,nan,nan,nan,nan,nan,nan,nan,nan,13,9
noise,realistic,alternating,5,13,11,20,8000,0.842023,8.66968e-05,0.000173562,3.90451e-05,1.00019,4.40162,4.64904,4.17729,nan,0.535026,nan,0.121497,4.00954,4.21593,4.43035,True,0.5,0.697289,0.697604,0.688886,0.705257,6.30755e-05,6.30457e-05,6.14385e-05,6.4729e-05,0.000297331,0.000296158,0.000211514,0.000389764,3.1693e-05,3.1709e-05,3.06973e-05,3.26577e-05,-0.0319516,6,5,0.434802,0.0261617,0.0116729,1041,3,True,nan,nan,nan,nan,nan,nan,nan,nan,nan,nan,nan,nan,13,9
noise,realistic,alternating,5,13,12,40,8000,0.842023,8.66968e-05,0.000173562,3.80871e-05,1.00019,7.73236,7.81783,5.7344,nan,0.794853,nan,0.228804,7.27461,7.73406,8.23216,True,0.5,0.697961,0.698078,0.689852,0.705458,6.30913e-05,6.31159e-05,6.1468e-05,6.46854e-05,0.000301836,0.000300793,0.000222217,0.000382568,3.03697e-05,3.0371e-05,2.96104e-05,3.11384e-05,-0.0458024,4,6.11256,0.68278,0.0246981,0.0113076,1277,4,True,nan,nan,nan,nan,nan,nan,nan,nan,nan,nan,nan,nan,13,9
noise,realistic,alternating,5,13,13,20,8000,0.842023,8.66968e-05,0.000173562,3.64647e-05,1.00019,4.13168,3.97638,3.91863,nan,0.500131,nan,0.14864,3.78418,4.0209,4.24568,True,0.375,0.698011,0.698204,0.690118,0.705553,6.31261e-05,6.31275e-05,6.14713e-05,6.47238e-05,0.000285607,0.000282351,0.000204988,0.000375005,2.84586e-05,2.84455e-05,2.76909e-05,2.92143e-05,-0.126745,2,6.11004,0.68443,0.022612,0.0115305,1591,5,False,nan,nan,nan,nan,nan,nan,nan,nan,nan,nan,nan,nan,13,9
noise,realistic,alternating,5,13,14,40,8000,0.842023,8.66968e-05,0.000173562,3.61932e-05,1.00019,7.3387,7.4232,5.4421,nan,0.832073,nan,0.265721,6.62592,7.01206,7.43314,True,0.5,0.695945,0.69603,0.688988,0.703122,6.31791e-05,6.32001e-05,6.1545e-05,6.47755e-05,0.000224376,0.000221459,0.000164605,0.000294517,2.79745e-05,2.79898e-05,2.73061e-05,2.86232e-05,-0.132419,5,5.81223,0.854014,0.0194096,0.0119858,1344,0,True,nan,nan,nan,nan,nan,nan,nan,nan,nan,nan,nan,nan,13,9
noise,realistic,alternating,5,13,15,20,8000,0.842023,8.66968e-05,0.000173562,3.4426e-05,1.00019,3.88736,3.88656,3.70468,nan,0.450305,nan,0.0902251,3.60693,3.80265,3.99639,True,0.375,0.695387,0.695301,0.688629,0.702267,6.31886e-05,6.32236e-05,6.15977e-05,6.47372e-05,0.000204414,0.00020013,0.000149991,0.000274065,2.67777e-05,2.67817e-05,2.61049e-05,2.74579e-05,-0.140169,2,5.74848,0.573563,0.0173801,0.012119,1555,3,True,nan,nan,nan,nan,nan,nan,nan,nan,nan,nan,nan,nan,13,9
noise,realistic,alternating,5,13,16,40,8000,0.842023,8.66968e-05,0.000173562,3.37004e-05,1.00019,6.67304,6.69906,5.03232,nan,0.709274,nan,0.210041,6.40921,6.72648,7.06164,True,0.3125,0.696576,0.696594,0.689518,0.703924,6.31736e-05,6.32046e-05,6.16442e-05,6.4637e-05,0.000210931,0.000206428,0.000153122,0.000285836,2.61061e-05,2.61106e-05,2.55213e-05,2.66494e-05,-0.144384,3,5.74863,0.573013,0.0161394,0.0118496,1528,5,False,nan,nan,nan,nan,nan,nan,nan,nan,nan,nan,nan,nan,13,9
noise,realistic,alternating,5,13,17,20,8000,0.842023,8.66968e-05,0.000173562,3.23571e-05,1.00019,3.59241,3.7372,3.44553,nan,0.442921,nan,0.121659,3.4067,3.57661,3.73767,True,0.1875,0.695591,0.695686,0.688761,0.702719,6.32042e-05,6.323e-05,6.16542e-05,6.4675e-05,0.00022403,0.000217489,0.000153853,0.000312172,2.51202e-05,2.51284e-05,2.45368e-05,2.57085e-05,-0.151933,3,5.49837,0.629884,0.0159191,0.0118276,1582,7,False,nan,nan,nan,nan,nan,nan,nan,nan,nan,nan,nan,nan,13,9
noise,realistic,alternating,5,13,18,40,8000,0.842023,8.66968e-05,0.000173562,3.15253e-05,1.00019,6.31716,6.19964,4.73421,nan,0.688773,nan,0.234855,6.00524,6.32379,6.6088,True,0.25,0.696007,0.695826,0.689741,0.703331,6.31915e-05,6.31974e-05,6.16305e-05,6.47158e-05,0.000265393,0.000260052,0.000181223,0.00037005,2.42291e-05,2.42294e-05,2.36852e-05,2.47876e-05,-0.118615,3,5.69771,0.600147,0.0164695,0.0119073,1550,2,False,nan,nan,nan,nan,nan,nan,nan,nan,nan,nan,nan,nan,13,9
noise,realistic,alternating,5,13,19,20,8000,0.842023,8.66968e-05,0.000173562,3.0114e-05,1.00019,3.33585,3.22755,3.20707,nan,0.408164,nan,0.107833,3.13205,3.29186,3.44717,True,0.25,0.696682,0.696464,0.689978,0.70392,6.31777e-05,6.32134e-05,6.15626e-05,6.46885e-05,0.000247218,0.000242514,0.000172769,0.000341822,2.32924e-05,2.32949e-05,2.27215e-05,2.38656e-05,-0.032346,2,5,0.66547,0.0150462,0.011272,1666,8,True,nan,nan,nan,nan,nan,nan,nan,nan,nan,nan,nan,nan,13,9
noise,realistic,alternating,5,13,20,40,8000,0.842023,8.66968e-05,0.000173562,2.93633e-05,1.00019,6.06053,6.02358,4.46217,nan,0.725086,nan,0.152296,5.5722,5.83367,6.1071,True,0.25,0.696672,0.696627,0.689862,0.703591,6.3263e-05,6.32588e-05,6.1753e-05,6.47371e-05,0.000206476,0.00020377,0.000147669,0.000275343,2.3019e-05,2.30195e-05,2.25269e-05,2.34881e-05,-0.0973023,4,5,0.667521,0.014208,0.0107805,1469,5,False,nan,nan,nan,nan,nan,nan,nan,nan,nan,nan,nan,nan,13,9
noise,realistic,alternating,5,14,1,20,8000,0.00105566,6.50552e-05,0.000251873,6.50552e-05,1.0663,10.3769,10.4087,3.40431,nan,4.19025,nan,0.141328,5.18393,7.78291,11.9644,True,1,0.00124557,0.00124302,0.00114283,0.00138229,8.15139e-05,8.13276e-05,7.3324e-05,9.12316e-05,0.000432597,0.000433622,0.000332006,0.000535755,8.15139e-05,8.13276e-05,7.3324e-05,9.12316e-05,-0.0015653,14,5,0.695429,0.01804,0.00759161,1717,5,True,nan,nan,nan,nan,nan,nan,nan,nan,nan,nan,nan,nan,13,7
noise,realistic,alternating,5,14,2,40,8000,0.00105566,6.50552e-05,0.000251873,5.43916e-05,1.0663,15.6647,15.8509,3.95177,nan,1.42462,nan,0.247051,14.4104,16.8555,20.046,True,1,0.00129204,0.00128942,0.00120025,0.00139097,7.6231e-05,7.60396e-05,7.35225e-05,7.94595e-05,0.00035252,0.000352278,0.000309008,0.000398491,6.73119e-05,6.73419e-05,6.53691e-05,6.92394e-05,0.00900145,8,5,0.696785,0.0152758,0.00945366,1871,3,False,nan,nan,nan,nan,nan,nan,nan,nan,nan,nan,nan,nan,13,7
noise,realistic,alternating,5,14,3,20,8000,0.00105566,6.50552e-05,0.000251873,4.41608e-05,1.0663,7.42315,7.37934,2.00804,nan,0.509514,nan,0.0636529,7.17163,7.86655,8.40678,True,0.75,0.00119304,0.00119048,0.001125,0.00126909,7.74971e-05,7.76125e-05,7.45844e-05,8.01648e-05,0.000385938,0.000384855,0.000318031,0.000461045,5.53679e-05,5.52842e-05,5.34291e-05,5.77176e-05,-0.121863,6,5,0.796166,0.021897,0.0130409,1208,6,False,nan,nan,nan,nan,nan,nan,nan,nan,nan,nan,nan,nan,13,7
noise,realistic,alternating,5,14,4,40,8000,0.00105566,6.50552e-05,0.000251873,4.01662e-05,1.0663,11.8383,11.6832,3.12768,nan,0.710113,nan,0.316891,11.4349,12.2832,13.4031,True,0.75,0.00117207,0.00117218,0.00110353,0.00123811,7.70433e-05,7.71047e-05,7.41908e-05,7.96944e-05,0.00033824,0.000336407,0.000276014,0.000403217,4.86518e-05,4.83772e-05,4.67123e-05,5.1694e-05,-0.0247275,7,5.62332,0.578458,0.0325104,0.0103851,1310,2,False,nan,nan,nan,nan,nan,nan,nan,nan,nan,nan,nan,nan,13,7
noise,realistic,alternating,5,14,5,20,8000,0.00105566,6.50552e-05,0.000251873,3.56964e-05,1.0663,6.07797,5.96785,1.61297,nan,0.279154,nan,0.0696843,5.46456,5.93524,6.49504,True,1,0.00115224,0.00115305,0.0010856,0.00121481,7.70651e-05,7.70422e-05,7.4515e-05,7.97266e-05,0.000349995,0.000347468,0.000275924,0.000434462,4.34058e-05,4.3243e-05,4.1959e-05,4.55312e-05,-0.269824,4,5.48761,0.486076,0.0293689,0.00914753,1307,3,False,nan,nan,nan,nan,nan,nan,nan,nan,nan,nan,nan,nan,13,7
noise,realistic,alternating,5,14,6,40,8000,0.00105566,6.50552e-05,0.000251873,3.31265e-05,1.0663,9.9822,10.0466,2.81684,nan,0.424534,nan,0.260575,9.30619,9.97744,10.9774,True,1,0.0011618,0.00116186,0.00110784,0.00121315,7.6991e-05,7.70243e-05,7.46681e-05,7.92263e-05,0.000282027,0.000279863,0.000221938,0.000347592,4.05478e-05,4.05274e-05,3.95251e-05,4.16684e-05,0.031834,5,5,0.586354,0.0304712,0.00677895,1251,6,False,nan,nan,nan,nan,nan,nan,nan,nan,nan,nan,nan,nan,13,7
noise,realistic,alternating,5,14,7,20,8000,0.00105566,6.50552e-05,0.000251873,2.9704e-05,1.0663,5.14172,5.16439,1.39608,nan,0.234944,nan,0.0434572,4.83642,5.19892,5.58209,True,1,0.00115969,0.00115931,0.00110784,0.00121223,7.70415e-05,7.70553e-05,7.47522e-05,7.92052e-05,0.000268977,0.000266394,0.000201179,0.000343517,3.71273e-05,3.71014e-05,3.60067e-05,3.83031e-05,-0.0460359,3,5,0.608429,0.0296741,0.00615967,1376,1,False,nan,nan,nan,nan,nan,nan,nan,nan,nan,nan,nan,nan,13,7
noise,realistic,alternating,5,14,8,40,8000,0.00105566,6.50552e-05,0.000251873,2.84963e-05,1.0663,8.68441,8.73493,2.5304,nan,0.415575,nan,0.0631428,8.30926,8.86936,9.5919,True,0.875,0.0011511,0.00115104,0.00109546,0.00120264,7.69874e-05,7.70104e-05,7.4917e-05,7.90996e-05,0.000262269,0.000258849,0.000195545,0.000332366,3.51457e-05,3.51472e-05,3.42712e-05,3.60134e-05,0.0177111,3,5,0.805491,0.0273551,0.00583872,1462,2,True,nan,nan,nan,nan,nan,nan,nan,nan,nan,nan,nan,nan,13,7
noise,realistic,alternating,5,14,9,20,8000,0.00105566,6.50552e-05,0.000251873,2.61506e-05,1.0663,4.54428,4.7324,1.24886,nan,0.217925,nan,0.0443645,4.32487,4.60452,4.89591,True,0.75,0.00113611,0.00113781,0.00107966,0.00118841,7.68787e-05,7.68725e-05,7.48995e-05,7.89545e-05,0.000246385,0.000242399,0.000181536,0.00032642,3.33846e-05,3.33555e-05,3.24705e-05,3.43516e-05,-0.0286246,3,5,0.477066,0.0261433,0.00606377,1503,5,True,nan,nan,nan,nan,nan,nan,nan,nan,nan,nan,nan,nan,13,7
noise,realistic,alternating,5,14,10,40,8000,0.00105566,6.50552e-05,0.000251873,2.53957e-05,1.0663,7.96668,7.98736,2.28473,nan,0.369102,nan,0.189322,7.63728,8.06859,8.63368,True,0.875,0.00112046,0.00112151,0.00106879,0.00117105,7.68044e-05,7.68079e-05,7.49258e-05,7.86249e-05,0.000249319,0.000245704,0.000181415,0.000329703,3.19618e-05,3.19718e-05,3.12162e-05,3.26802e-05,0.068853,4,5.78391,0.68191,0.023255,0.00617245,1370,2,True,nan,nan,nan,nan,nan,nan,nan,nan,nan,nan,nan,nan,13,7
noise,realistic,alternating,5,14,11,20,8000,0.00105566,6.50552e-05,0.000251873,2.32473e-05,1.0663,4.03978,4.04581,1.11896,nan,0.272474,nan,0.0685653,4.00305,4.24746,4.47697,True,0.5,0.00112066,0.00112139,0.00106684,0.00116986,7.6953e-05,7.69528e-05,7.48607e-05,7.894e-05,0.000256057,0.000252433,0.000176763,0.000351063,2.92756e-05,2.92891e-05,2.82472e-05,3.0198e-05,0.0121138,3,5.78437,0.681852,0.0256733,0.00624385,1480,6,False,nan,nan,nan,nan,nan,nan,nan,nan,nan,nan,nan,nan,13,7
noise,realistic,alternating,5,14,12,40,8000,0.00105566,6.50552e-05,0.000251873,2.26034e-05,1.0663,6.91268,6.87119,2.15637,nan,0.38533,nan,0.0929079,6.71876,7.13668,7.60139,True,0.5,0.00112434,0.00112507,0.00107044,0.00117448,7.69141e-05,7.69034e-05,7.49409e-05,7.88854e-05,0.000295923,0.000292637,0.000201429,0.000399546,2.7679e-05,2.76805e-05,2.7011e-05,2.83643e-05,0.0395511,4,5,0.633994,0.0248592,0.00598536,1441,3,False,nan,nan,nan,nan,nan,nan,nan,nan,nan,nan,nan,nan,13,7
noise,realistic,alternating,5,14,13,20,8000,0.00105566,6.50552e-05,0.000251873,2.13758e-05,1.0663,3.68728,3.7848,1.04289,nan,0.191617,nan,0.0495146,3.45741,3.6591,3.8667,True,0.6875,0.00111054,0.00111146,0.00105392,0.00116016,7.68247e-05,7.68307e-05,7.48805e-05,7.87251e-05,0.000292398,0.00028862,0.0001962,0.000399361,2.65165e-05,2.65094e-05,2.57686e-05,2.72927e-05,-0.0508714,3,5,0.452715,0.0238776,0.00640871,1575,3,False,nan,nan,nan,nan,nan,nan,nan,nan,nan,nan,nan,nan,13,7
noise,realistic,alternating,5,14,14,40,8000,0.00105566,6.50552e-05,0.000251873,2.14778e-05,1.0663,6.68375,6.68702,1.88699,nan,0.411522,nan,0.231774,6.09099,6.43634,6.82035,True,0.5,0.00112947,0.0011295,0.00107646,0.00117875,7.69131e-05,7.69336e-05,7.50301e-05,7.88031e-05,0.000252987,0.000248071,0.000174203,0.000347221,2.64409e-05,2.64394e-05,2.585e-05,2.70235e-05,0.0296824,4,5,0.460612,0.0259494,0.00617718,1455,4,False,nan,nan,nan,nan,nan,nan,nan,nan,nan,nan,nan,nan,13,7
noise,realistic,alternating,5,14,15,20,8000,0.00105566,6.50552e-05,0.000251873,2.04746e-05,1.0663,3.66409,3.59605,0.997555,nan,0.232474,nan,0.183211,3.34802,3.55144,3.75247,True,0.625,0.00112953,0.00113033,0.00107799,0.00117836,7.68946e-05,7.68879e-05,7.50664e-05,7.87565e-05,0.00025199,0.000247657,0.000171136,0.000348209,2.52249e-05,2.52254e-05,2.44398e-05,2.60173e-05,-0.00194301,2,5,0.573664,0.0250054,0.00604842,1665,3,False,nan,nan,nan,nan,nan,nan,nan,nan,nan,nan,nan,nan,13,7
noise,realistic,alternating,5,14,16,40,8000,0.00105566,6.50552e-05,0.000251873,2.01121e-05,1.0663,6.17899,6.27772,1.73826,nan,0.29171,nan,0.0519591,5.85704,6.19635,6.58603,True,1,0.00112973,0.00112994,0.00107788,0.00117861,7.69037e-05,7.69193e-05,7.50453e-05,7.87155e-05,0.000224498,0.000220971,0.000152894,0.000304098,2.48574e-05,2.48559e-05,2.42956e-05,2.54134e-05,0.0119589,3,5,0.561236,0.0234882,0.0059251,1605,5,False,nan,nan,nan,nan,nan,nan,nan,nan,nan,nan,nan,nan,13,7
noise,realistic,alternating,5,14,17,20,8000,0.00105566,6.50552e-05,0.000251873,1.88041e-05,1.0663,3.26242,3.16906,0.882899,nan,0.187681,nan,0.0347728,3.19766,3.37462,3.56366,True,0.5,0.00112907,0.00112949,0.00107818,0.00117595,7.69428e-05,7.6998e-05,7.50688e-05,7.88028e-05,0.000254456,0.00025159,0.000168687,0.000358003,2.29797e-05,2.29925e-05,2.21737e-05,2.37385e-05,0.0245314,3,5,0.616212,0.0245471,0.00656136,1568,1,False,nan,nan,nan,nan,nan,nan,nan,nan,nan,nan,nan,nan,13,7
noise,realistic,alternating,5,14,18,40,8000,0.00105566,6.50552e-05,0.000251873,1.89035e-05,1.0663,5.81239,5.60117,1.60108,nan,0.315368,nan,0.0770272,5.33177,5.69474,6.01061,True,0.5,0.00112429,0.0011242,0.00107255,0.00117346,7.69347e-05,7.69875e-05,7.4994e-05,7.87997e-05,0.000279085,0.000274849,0.000182512,0.000392203,2.2296e-05,2.22911e-05,2.17661e-05,2.28346e-05,0.0380595,3,5,0.494936,0.0239355,0.00624963,1565,7,False,nan,nan,nan,nan,nan,nan,nan,nan,nan,nan,nan,nan,13,7
noise,realistic,alternating,5,14,19,20,8000,0.00105566,6.50552e-05,0.000251873,1.78822e-05,1.0663,3.06325,3.16445,0.826348,nan,0.171756,nan,0.072145,2.83699,3.00197,3.17042,True,0.5625,0.00112483,0.00112564,0.00107255,0.00117178,7.68547e-05,7.68557e-05,7.49409e-05,7.87518e-05,0.000255153,0.000250049,0.000168819,0.000361016,2.18419e-05,2.18293e-05,2.11482e-05,2.25976e-05,-0.00773291,3,5,0.538269,0.0243637,0.0065419,1597,3,False,nan,nan,nan,nan,nan,nan,nan,nan,nan,nan,nan,nan,13,7
noise,realistic,alternating,5,14,20,40,8000,0.00105566,6.50552e-05,0.000251873,1.76147e-05,1.0663,5.49771,5.49776,1.49722,nan,0.289715,nan,0.0304634,5.09129,5.40014,5.73632,True,0.875,0.00112035,0.00112106,0.00106838,0.00116919,7.68488e-05,7.6856e-05,7.49506e-05,7.86648e-05,0.000227861,0.000223491,0.000143805,0.000321954,2.15074e-05,2.1519e-05,2.09579e-05,2.20228e-05,0.0222399,3,5,0.519911,0.0235985,0.00647626,1560,6,False,nan,nan,nan,nan,nan,nan,nan,nan,nan,nan,nan,nan,13,7
noise,realistic,alternating,5,15,1,20,8000,0.203389,4.93178e-05,0.000391678,4.93178e-05,0.978646,5.33234,5.20968,3.57211,nan,3.19781,nan,0.181872,5.21012,7.82729,11.8557,True,0.625,0.195641,0.195494,0.187971,0.203755,4.06393e-05,4.06868e-05,3.56997e-05,4.55263e-05,0.000596474,0.000590886,0.000318975,0.000897558,4.06393e-05,4.06868e-05,3.56997e-05,4.55263e-05,-0.0911373,15,5,0.579065,0.0147936,0.0101212,1789,8,True,nan,nan,nan,nan,nan,nan,nan,nan,nan,nan,nan,nan,13,7
noise,realistic,alternating,5,15,2,40,8000,0.203389,4.93178e-05,0.000391678,4.18601e-05,0.978646,8.27738,8.24345,6.45307,nan,1.23773,nan,0.259405,7.55286,9.31439,11.1111,True,1,0.183689,0.183691,0.179453,0.188135,4.06537e-05,4.06775e-05,3.88159e-05,4.23547e-05,0.000943333,0.000945252,0.000801976,0.00106839,3.48836e-05,3.48902e-05,3.38413e-05,3.59503e-05,-0.111171,12,5,0.585769,0.0193278,0.00852128,1888,2,False,nan,nan,nan,nan,nan,nan,nan,nan,nan,nan,nan,nan,13,7
noise,realistic,alternating,5,15,3,20,8000,0.203389,4.93178e-05,0.000391678,3.41724e-05,0.978646,3.92117,3.96548,3.33923,nan,0.483665,nan,0.0983685,3.261,3.56643,3.87739,False,0.5,0.184437,0.184446,0.180263,0.188798,3.97768e-05,3.95597e-05,3.80773e-05,4.21484e-05,0.000820417,0.000813466,0.000665329,0.000999455,2.92294e-05,2.91512e-05,2.81574e-05,3.05094e-05,-0.14223,5,5,0.695444,0.0208125,0.0140304,1310,1,False,nan,nan,nan,nan,nan,nan,nan,nan,nan,nan,nan,nan,13,7
noise,realistic,alternating,5,15,4,40,8000,0.203389,4.93178e-05,0.000391678,3.17638e-05,0.978646,6.60245,6.58367,6.04857,nan,0.522306,nan,0.171422,5.9521,6.40745,6.98989,True,0.875,0.185091,0.185085,0.181311,0.189066,3.93867e-05,3.92339e-05,3.79301e-05,4.13684e-05,0.00074706,0.000741873,0.000615907,0.000892654,2.65622e-05,2.65784e-05,2.57573e-05,2.73299e-05,-0.134956,4,5.51355,0.683907,0.0151389,0.0104907,1380,1,False,nan,nan,nan,nan,nan,nan,nan,nan,nan,nan,nan,nan,13,7
noise,realistic,alternating,5,15,5,20,8000,0.203389,4.93178e-05,0.000391678,2.82036e-05,0.978646,3.37125,3.34923,2.88831,nan,0.361023,nan,0.12017,2.88729,3.12522,3.33914,False,0.5,0.184325,0.18433,0.180627,0.188017,3.91477e-05,3.90319e-05,3.78276e-05,4.10765e-05,0.000693261,0.000689339,0.000541077,0.000867706,2.36853e-05,2.36554e-05,2.28773e-05,2.45777e-05,-0.093039,4,5.77833,0.538249,0.0152661,0.00956896,1380,3,False,nan,nan,nan,nan,nan,nan,nan,nan,nan,nan,nan,nan,13,7
noise,realistic,alternating,5,15,6,40,8000,0.203389,4.93178e-05,0.000391678,2.65288e-05,0.978646,5.53794,5.50483,5.54287,nan,0.437336,nan,0.126477,5.08668,5.42389,5.78923,True,0.5,0.184028,0.184131,0.180838,0.187149,3.89593e-05,3.89171e-05,3.77834e-05,4.03915e-05,0.000579218,0.000572565,0.000471756,0.000707545,2.214e-05,2.21356e-05,2.1584e-05,2.26681e-05,-0.0918209,3,5,0.630799,0.0111351,0.0074704,1513,4,False,nan,nan,nan,nan,nan,nan,nan,nan,nan,nan,nan,nan,13,7
noise,realistic,alternating,5,15,7,20,8000,0.203389,4.93178e-05,0.000391678,2.41411e-05,0.978646,2.78518,2.77957,2.72629,nan,0.236659,nan,0.0949308,2.64787,2.80333,2.95359,True,0.5,0.183541,0.18355,0.18031,0.186629,3.90635e-05,3.90048e-05,3.78523e-05,4.03445e-05,0.000594458,0.000588574,0.000459787,0.00074855,1.98819e-05,1.98996e-05,1.92826e-05,2.04538e-05,-0.0442985,3,5,0.454475,0.0116457,0.0077261,1542,6,False,nan,nan,nan,nan,nan,nan,nan,nan,nan,nan,nan,nan,13,7
noise,realistic,alternating,5,15,8,40,8000,0.203389,4.93178e-05,0.000391678,2.33243e-05,0.978646,4.87562,4.78468,4.98532,nan,0.405125,nan,0.0946058,4.45834,4.71463,4.97214,True,0.5,0.183653,0.183673,0.180694,0.186485,3.90697e-05,3.90357e-05,3.78957e-05,4.03252e-05,0.000582032,0.000577143,0.000448029,0.000738797,1.90611e-05,1.9064e-05,1.85806e-05,1.95299e-05,-0.0290819,2,5,0.591462,0.0103664,0.0069345,1664,2,False,nan,nan,nan,nan,nan,nan,nan,nan,nan,nan,nan,nan,13,7
noise,realistic,alternating,5,15,9,20,8000,0.203389,4.93178e-05,0.000391678,2.16649e-05,0.978646,2.59752,2.54366,2.35309,nan,0.2867,nan,0.0606937,2.32291,2.43904,2.56776,False,0.5,0.18407,0.18416,0.181231,0.186928,3.9024e-05,3.89845e-05,3.78995e-05,4.02562e-05,0.00055138,0.00054477,0.000408195,0.000719708,1.77978e-05,1.7783e-05,1.72408e-05,1.83857e-05,-0.042144,2,5.56466,0.692003,0.0101493,0.00700005,1723,5,False,nan,nan,nan,nan,nan,nan,nan,nan,nan,nan,nan,nan,13,7
noise,realistic,alternating,5,15,10,40,8000,0.203389,4.93178e-05,0.000391678,2.09258e-05,0.978646,4.42052,4.49866,4.47331,nan,0.402032,nan,0.0791383,4.05194,4.27501,4.50343,True,0.375,0.183074,0.183086,0.180298,0.185731,3.91169e-05,3.90902e-05,3.78558e-05,4.0459e-05,0.000591103,0.000579117,0.000428116,0.000804586,1.75579e-05,1.75495e-05,1.69754e-05,1.81629e-05,-0.158345,5,5,0.55588,0.0151619,0.0077006,1429,4,False,nan,nan,nan,nan,nan,nan,nan,nan,nan,nan,nan,nan,13,7
noise,realistic,alternating,5,15,11,20,8000,0.203389,4.93178e-05,0.000391678,1.96917e-05,0.978646,2.29668,2.3391,2.1856,nan,0.218337,nan,0.0575432,2.12598,2.26829,2.39631,True,0.4375,0.182986,0.182984,0.180213,0.185681,3.90372e-05,3.90306e-05,3.78135e-05,4.03222e-05,0.00057758,0.000562421,0.000401136,0.00081343,1.64538e-05,1.64398e-05,1.59019e-05,1.70927e-05,-0.0943717,2,5.6775,0.486242,0.0162096,0.00679308,1641,3,False,nan,nan,nan,nan,nan,nan,nan,nan,nan,nan,nan,nan,13,7
noise,realistic,alternating,5,15,12,40,8000,0.203389,4.93178e-05,0.000391678,1.915e-05,0.978646,4.07882,4.06693,4.01023,nan,0.380829,nan,0.101814,3.72294,3.96221,4.19359,True,0.5,0.18299,0.182976,0.180265,0.185664,3.90491e-05,3.90252e-05,3.78974e-05,4.03035e-05,0.000573506,0.000558769,0.000404269,0.000810543,1.60223e-05,1.59978e-05,1.55638e-05,1.65269e-05,-0.0679644,2,5,0.57285,0.0163758,0.00591409,1733,0,False,nan,nan,nan,nan,nan,nan,nan,nan,nan,nan,nan,nan,13,7
noise,realistic,alternating,5,15,13,20,8000,0.203389,4.93178e-05,0.000391678,1.77996e-05,0.978646,2.10864,2.11645,1.98832,nan,0.212881,nan,0.0616874,1.97323,2.09341,2.20777,True,0.1875,0.183075,0.183075,0.180406,0.185603,3.90316e-05,3.90131e-05,3.79395e-05,4.01703e-05,0.000533504,0.000518465,0.000378581,0.000746706,1.50684e-05,1.50778e-05,1.45933e-05,1.55045e-05,-0.0356744,2,5,0,0.0136845,0.00540884,1757,3,True,nan,nan,nan,nan,nan,nan,nan,nan,nan,nan,nan,nan,13,7
noise,realistic,alternating,5,15,14,40,8000,0.203389,4.93178e-05,0.000391678,1.73793e-05,0.978646,3.7528,3.79722,3.66711,nan,0.351004,nan,0.0838182,3.47238,3.67966,3.8454,True,0.3125,0.182811,0.18277,0.180152,0.185343,3.9081e-05,3.90628e-05,3.80105e-05,4.02616e-05,0.000531829,0.00051519,0.000368809,0.000739886,1.47429e-05,1.47318e-05,1.43226e-05,1.52006e-05,-0.0801333,2,5.50843,0.687841,0.0136057,0.0051086,1737,6,True,nan,nan,nan,nan,nan,nan,nan,nan,nan,nan,nan,nan,13,7
noise,realistic,alternating,5,15,15,20,8000,0.203389,4.93178e-05,0.000391678,1.6597e-05,0.978646,1.95957,1.93872,1.81966,nan,0.198381,nan,0.0477302,1.85066,1.94848,2.04355,True,0.0625,0.182746,0.182728,0.180145,0.185206,3.91153e-05,3.90875e-05,3.80366e-05,4.02902e-05,0.000523118,0.000508121,0.000358714,0.000742582,1.38423e-05,1.38494e-05,1.33465e-05,1.43137e-05,-0.0489777,1,5.50484,0.692963,0.0125629,0.00507473,1883,2,False,nan,nan,nan,nan,nan,nan,nan,nan,nan,nan,nan,nan,13,7
noise,realistic,alternating,5,15,16,40,8000,0.203389,4.93178e-05,0.000391678,1.64262e-05,0.978646,3.51684,3.36221,3.34695,nan,0.361242,nan,0.110268,3.20113,3.40165,3.56339,True,0.375,0.182762,0.182796,0.180157,0.185173,3.91274e-05,3.91016e-05,3.81092e-05,4.02902e-05,0.000487104,0.000475289,0.000352197,0.000659131,1.33972e-05,1.34005e-05,1.30071e-05,1.37786e-05,-0.0410074,3,5,0.62289,0.0114989,0.00507541,1679,3,False,nan,nan,nan,nan,nan,nan,nan,nan,nan,nan,nan,nan,13,7
noise,realistic,alternating,5,15,17,20,8000,0.203389,4.93178e-05,0.000391678,1.56248e-05,0.978646,1.84916,1.87179,1.66203,nan,0.206214,nan,0.0528799,1.70522,1.79191,1.87574,True,0.25,0.182689,0.182711,0.180194,0.185101,3.91038e-05,3.90755e-05,3.80747e-05,4.02461e-05,0.000470809,0.000461068,0.000327886,0.000640533,1.28592e-05,1.28555e-05,1.2439e-05,1.32836e-05,-0.0760111,1,5,0.421138,0.0107918,0.00504803,1878,4,False,nan,nan,nan,nan,nan,nan,nan,nan,nan,nan,nan,nan,13,7
noise,realistic,alternating,5,15,18,40,8000,0.203389,4.93178e-05,0.000391678,1.50816e-05,0.978646,3.16205,3.16759,3.21403,nan,0.29644,nan,0.135297,3.02218,3.17863,3.33522,True,0.125,0.182702,0.182732,0.180222,0.185088,3.91011e-05,3.90853e-05,3.80395e-05,4.02126e-05,0.000503351,0.000491512,0.000350946,0.00067866,1.25212e-05,1.25243e-05,1.21561e-05,1.28648e-05,-0.0762356,2,5,0.653646,0.0102857,0.00485894,1798,4,False,nan,nan,nan,nan,nan,nan,nan,nan,nan,nan,nan,nan,13,7
noise,realistic,alternating,5,15,19,20,8000,0.203389,4.93178e-05,0.000391678,1.48561e-05,0.978646,1.77148,1.86004,1.51466,nan,0.216381,nan,0.0682413,1.60145,1.67972,1.75847,False,0.375,0.18243,0.182472,0.179904,0.184819,3.90889e-05,3.90636e-05,3.80756e-05,4.02007e-05,0.000479068,0.000468694,0.000330574,0.000670388,1.2047e-05,1.20528e-05,1.16303e-05,1.24421e-05,-0.0724598,1,5,0.54974,0.00984082,0.00489161,1929,1,False,nan,nan,nan,nan,nan,nan,nan,nan,nan,nan,nan,nan,13,7
noise,realistic,alternating,5,15,20,40,8000,0.203389,4.93178e-05,0.000391678,1.47635e-05,0.978646,3.154,3.19241,2.812,nan,0.362148,nan,0.0780077,2.83257,2.98876,3.13296,False,0.375,0.18191,0.181904,0.179406,0.184312,3.91776e-05,3.91238e-05,3.81711e-05,4.02297e-05,0.000391958,0.000384016,0.00027519,0.000541911,1.21049e-05,1.20946e-05,1.17719e-05,1.24868e-05,-0.04907,4,5,0.455617,0.00988705,0.00480559,1551,3,False,nan,nan,nan,nan,nan,nan,nan,nan,nan,nan,nan,nan,13,7
noise,realistic,alternating,5,16,1,20,8000,0.00817383,6.34585e-05,0.000129333,6.34585e-05,1.04233,9.20821,9.29589,2.16491,nan,3.3148,nan,0.16825,5.19604,7.91946,11.8577,True,1,0.00715367,0.00716747,0.00644532,0.00782755,7.18442e-05,7.17613e-05,6.46916e-05,7.93163e-05,0.000277438,0.000274224,0.000179247,0.000390388,7.18442e-05,7.17613e-05,6.46916e-05,7.93163e-05,-0.0190195,12,5.55416,0.415269,0.0149475,0.00987783,1746,2,True,nan,nan,nan,nan,nan,nan,nan,nan,nan,nan,nan,nan,13,13
noise,realistic,alternating,5,16,2,40,8000,0.00817383,6.34585e-05,0.000129333,5.7738e-05,1.04233,14.9467,14.947,2.83454,nan,1.67787,nan,0.302822,13.9639,16.4492,19.4891,True,1,0.00749542,0.00749727,0.00710734,0.00788178,6.70909e-05,6.71354e-05,6.46663e-05,6.93743e-05,0.000237142,0.000236949,0.00019113,0.00028316,6.20353e-05,6.20644e-05,6.00712e-05,6.37807e-05,-0.0533177,8,5.5514,0.685311,0.0178242,0.0110123,1879,5,True,nan,nan,nan,nan,nan,nan,nan,nan,nan,nan,nan,nan,13,13
noise,realistic,alternating,5,16,3,20,8000,0.00817383,6.34585e-05,0.000129333,5.04497e-05,1.04233,7.64823,7.67071,1.75889,nan,0.381675,nan,0.154822,7.08506,7.72215,8.26345,True,0.875,0.00729039,0.00729304,0.00693781,0.00765676,6.73153e-05,6.72994e-05,6.53548e-05,6.9237e-05,0.000251095,0.000250273,0.000198686,0.000309323,5.52659e-05,5.52442e-05,5.39118e-05,5.67968e-05,-0.0114463,4,5.55096,0.685583,0.015215,0.00828616,1541,6,False,nan,nan,nan,nan,nan,nan,nan,nan,nan,nan,nan,nan,13,13
noise,realistic,alternating,5,16,4,40,8000,0.00817383,6.34585e-05,0.000129333,4.74076e-05,1.04233,12.572,12.7646,2.43345,nan,0.592455,nan,0.462865,12.0334,12.7143,13.5566,True,0.75,0.00735034,0.0073505,0.00704803,0.00765676,6.82102e-05,6.80946e-05,6.62693e-05,7.067e-05,0.000321887,0.000322198,0.00026628,0.000375859,5.26908e-05,5.27168e-05,5.14124e-05,5.39028e-05,-0.0104792,6,5.61736,0.469617,0.0145986,0.0129383,1099,6,False,nan,nan,nan,nan,nan,nan,nan,nan,nan,nan,nan,nan,13,13
noise,realistic,alternating,5,16,5,20,8000,0.00817383,6.34585e-05,0.000129333,4.26883e-05,1.04233,6.49724,6.46148,1.4676,nan,0.421544,nan,0.18011,5.95719,6.37265,6.78468,True,0.5,0.00715929,0.00716493,0.00686236,0.00745534,6.78921e-05,6.78215e-05,6.6262e-05,6.97032e-05,0.000292406,0.000290567,0.00023133,0.000356369,4.67863e-05,4.68013e-05,4.56259e-05,4.7847e-05,-0.019121,4,5,0.653416,0.0131721,0.00844344,1288,2,False,nan,nan,nan,nan,nan,nan,nan,nan,nan,nan,nan,nan,13,13
noise,realistic,alternating,5,16,6,40,8000,0.00817383,6.34585e-05,0.000129333,4.10934e-05,1.04233,11.1093,11.127,2.15403,nan,0.616743,nan,0.285646,10.2451,10.8179,11.3554,True,0.5,0.00718482,0.00718825,0.00691273,0.00744007,6.79053e-05,6.78747e-05,6.63489e-05,6.94945e-05,0.000249452,0.000246796,0.000202603,0.000302763,4.50941e-05,4.51406e-05,4.40855e-05,4.59881e-05,-0.0904262,5,5.77254,0.60618,0.0120897,0.00769985,1256,4,False,nan,nan,nan,nan,nan,nan,nan,nan,nan,nan,nan,nan,13,13
noise,realistic,alternating,5,16,7,20,8000,0.00817383,6.34585e-05,0.000129333,3.84257e-05,1.04233,5.92743,5.85072,1.40394,nan,0.375754,nan,0.153101,5.43657,5.74168,5.98075,True,0.5,0.00719506,0.00719592,0.006938,0.00744628,6.77122e-05,6.76796e-05,6.62804e-05,6.91743e-05,0.000242551,0.00024025,0.000186232,0.000305559,4.2015e-05,4.20052e-05,4.10784e-05,4.29826e-05,0.0520132,3,5,0.530404,0.0116146,0.00618774,1402,6,False,nan,nan,nan,nan,nan,nan,nan,nan,nan,nan,nan,nan,13,13
noise,realistic,alternating,5,16,8,40,8000,0.00817383,6.34585e-05,0.000129333,3.71355e-05,1.04233,10.1786,10.3589,2.03168,nan,0.574709,nan,0.0521981,9.52714,9.96227,10.3913,True,0.5625,0.00711822,0.00711308,0.00690853,0.00734107,6.78346e-05,6.7808e-05,6.63271e-05,6.94212e-05,0.000195885,0.000192676,0.000150396,0.000251812,4.1377e-05,4.13778e-05,4.05553e-05,4.21673e-05,0.0177899,6,5,0.542787,0.0129516,0.00568057,1230,7,False,nan,nan,nan,nan,nan,nan,nan,nan,nan,nan,nan,nan,13,13
noise,realistic,alternating,5,16,9,20,8000,0.00817383,6.34585e-05,0.000129333,3.54208e-05,1.04233,5.2878,5.33787,1.24815,nan,0.340401,nan,0.0884504,5.17951,5.42426,5.62069,True,0.3125,0.00713861,0.00714174,0.00692538,0.00735266,6.78982e-05,6.78938e-05,6.64348e-05,6.94185e-05,0.000190156,0.000187567,0.000145487,0.000247277,3.87094e-05,3.87374e-05,3.78934e-05,3.94698e-05,-0.0266041,2,5.67221,0.559396,0.0117158,0.00572667,1550,3,False,nan,nan,nan,nan,nan,nan,nan,nan,nan,nan,nan,nan,13,13
noise,realistic,alternating,5,16,10,40,8000,0.00817383,6.34585e-05,0.000129333,3.47973e-05,1.04233,9.49507,9.46988,1.96951,nan,0.521878,nan,0.0632287,9.00521,9.41771,9.7732,True,0.375,0.00711503,0.00711388,0.00691622,0.00731253,6.78542e-05,6.78507e-05,6.64151e-05,6.92661e-05,0.000185505,0.000183394,0.000141996,0.000235039,3.77948e-05,3.77956e-05,3.71853e-05,3.83931e-05,-0.0304717,3,5,0.631803,0.0104837,0.00523097,1537,5,False,nan,nan,nan,nan,nan,nan,nan,nan,nan,nan,nan,nan,13,13
noise,realistic,alternating,5,16,11,20,8000,0.00817383,6.34585e-05,0.000129333,3.2338e-05,1.04233,4.91179,4.95915,1.21069,nan,0.317176,nan,0.138937,4.80902,4.99446,5.16255,True,0.375,0.00711676,0.00711587,0.00692215,0.00731261,6.78667e-05,6.78739e-05,6.64595e-05,6.92503e-05,0.000203529,0.000200168,0.000150034,0.000270334,3.56775e-05,3.56772e-05,3.48776e-05,3.6475e-05,-0.0535884,2,5,0.872999,0.0106578,0.00505269,1673,2,False,nan,nan,nan,nan,nan,nan,nan,nan,nan,nan,nan,nan,13,13
noise,realistic,alternating,5,16,12,40,8000,0.00817383,6.34585e-05,0.000129333,3.1743e-05,1.04233,8.75331,8.69327,1.86474,nan,0.53303,nan,0.0997397,8.32969,8.68939,9.0311,True,0.5,0.00710789,0.00711,0.0069221,0.00728591,6.78069e-05,6.78235e-05,6.64275e-05,6.90713e-05,0.000201391,0.000198916,0.00015219,0.000258211,3.46802e-05,3.46814e-05,3.41306e-05,3.52351e-05,-0.0213463,2,5,0.641478,0.00981388,0.00492267,1737,3,False,nan,nan,nan,nan,nan,nan,nan,nan,nan,nan,nan,nan,13,13
noise,realistic,alternating,5,16,13,20,8000,0.00817383,6.34585e-05,0.000129333,2.9795e-05,1.04233,4.61228,4.65299,1.19906,nan,0.280419,nan,0.080502,4.42588,4.57788,4.72604,True,0.125,0.00708598,0.00709255,0.0068953,0.00726251,6.7799e-05,6.78121e-05,6.64479e-05,6.91457e-05,0.000190929,0.000188218,0.000141888,0.000251482,3.30698e-05,3.30626e-05,3.23846e-05,3.37783e-05,0.00441863,2,5,0.786339,0.00917778,0.00486008,1757,5,False,nan,nan,nan,nan,nan,nan,nan,nan,nan,nan,nan,nan,13,13
noise,realistic,alternating,5,16,14,40,8000,0.00817383,6.34585e-05,0.000129333,2.91124e-05,1.04233,8.02545,8.06763,1.72005,nan,0.510674,nan,0.111245,7.83171,8.09783,8.38933,True,0.3125,0.00708799,0.00709364,0.00689747,0.00725194,6.7761e-05,6.78002e-05,6.63962e-05,6.90904e-05,0.00019262,0.000190658,0.000143449,0.000247451,3.20659e-05,3.2073e-05,3.15246e-05,3.2578e-05,-0.00445003,2,5,0.656185,0.00881655,0.00445472,1787,2,False,nan,nan,nan,nan,nan,nan,nan,nan,nan,nan,nan,nan,13,13
noise,realistic,alternating,5,16,15,20,8000,0.00817383,6.34585e-05,0.000129333,2.7517e-05,1.04233,4.32554,4.2153,1.1702,nan,0.286857,nan,0.0770009,4.12921,4.27274,4.39979,True,0.25,0.00707897,0.00708027,0.00689708,0.00725014,6.77832e-05,6.77954e-05,6.64021e-05,6.90941e-05,0.000206048,0.000203364,0.00014974,0.000271685,3.03253e-05,3.0341e-05,2.96502e-05,3.09301e-05,0.00489245,3,5,0.670289,0.00890048,0.004451,1671,6,False,nan,nan,nan,nan,nan,nan,nan,nan,nan,nan,nan,nan,13,13
noise,realistic,alternating,5,16,16,40,8000,0.00817383,6.34585e-05,0.000129333,2.70444e-05,1.04233,7.4704,7.50088,1.6089,nan,0.445001,nan,0.139609,7.17625,7.4416,7.68898,True,0,0.00710279,0.00710598,0.00693381,0.00725724,6.78118e-05,6.77996e-05,6.65259e-05,6.90679e-05,0.000190128,0.000188257,0.000139529,0.000245293,2.97333e-05,2.97339e-05,2.92612e-05,3.02202e-05,0.0550817,2,5.58173,0.454553,0.00855252,0.00438597,1759,2,False,nan,nan,nan,nan,nan,nan,nan,nan,nan,nan,nan,nan,13,13
noise,realistic,alternating,5,16,17,20,8000,0.00817383,6.34585e-05,0.000129333,2.60284e-05,1.04233,4.0028,4.03523,1.0826,nan,0.270473,nan,0.0730202,3.85656,3.9744,4.0955,True,0.25,0.00711739,0.00711916,0.00695748,0.00727478,6.77954e-05,6.7799e-05,6.65676e-05,6.90365e-05,0.000182253,0.000180091,0.000130359,0.000243394,2.86494e-05,2.86506e-05,2.80763e-05,2.92201e-05,-0.0120966,2,5,0.629275,0.00843651,0.00435593,1771,3,False,nan,nan,nan,nan,nan,nan,nan,nan,nan,nan,nan,nan,13,13
noise,realistic,alternating,5,16,18,40,8000,0.00817383,6.34585e-05,0.000129333,2.61567e-05,1.04233,7.31991,7.28038,1.74745,nan,0.528094,nan,0.214934,6.8493,7.07206,7.30719,False,0.375,0.00711457,0.00711788,0.00695755,0.00727577,6.78237e-05,6.78257e-05,6.65766e-05,6.90424e-05,0.000167469,0.000164692,0.000117562,0.000228256,2.85545e-05,2.85443e-05,2.80231e-05,2.91196e-05,0.00164153,4,5.73402,0.781589,0.00954904,0.00437248,1485,3,True,nan,nan,nan,nan,nan,nan,nan,nan,nan,nan,nan,nan,13,13
noise,realistic,alternating,5,16,19,20,8000,0.00817383,6.34585e-05,0.000129333,2.54564e-05,1.04233,3.99212,3.96647,1.2341,nan,0.329512,nan,0.154509,3.71612,3.84865,3.97225,False,0.25,0.00710708,0.00710668,0.00694595,0.0072659,6.77885e-05,6.78007e-05,6.65278e-05,6.89771e-05,0.000162785,0.000159402,0.000110656,0.000225905,2.77378e-05,2.77316e-05,2.71115e-05,2.83775e-05,0.0200301,2,5.73411,0.784392,0.0100586,0.00432264,1696,5,False,nan,nan,nan,nan,nan,nan,nan,nan,nan,nan,nan,nan,13,13
noise,realistic,alternating,5,16,20,40,8000,0.00817383,6.34585e-05,0.000129333,2.5204e-05,1.04233,6.9432,6.81449,1.71934,nan,0.475253,nan,0.105693,6.65683,6.89415,7.14746,True,0.25,0.0070785,0.00707945,0.00691171,0.00723205,6.77699e-05,6.77604e-05,6.65305e-05,6.89723e-05,0.000150629,0.000149039,0.000104258,0.000205565,2.69971e-05,2.69988e-05,2.65039e-05,2.74783e-05,-0.0045206,2,5,0.667892,0.00904933,0.00439076,1787,1,False,nan,nan,nan,nan,nan,nan,nan,nan,nan,nan,nan,nan,13,13
noise,realistic,alternating,5,17,1,20,8000,0.844872,3.43188e-05,0.000198144,3.43188e-05,1.03763,3.9449,3.89663,5.53863,nan,4.33223,nan,0.102297,5.30914,7.87223,11.816,False,0,0.713227,0.709283,0.661362,0.765004,2.96281e-05,2.95009e-05,2.67271e-05,3.29671e-05,0.000368941,0.000345918,0.000184588,0.000642912,2.96281e-05,2.95009e-05,2.67271e-05,3.29671e-05,-0.0901867,15,5.51373,0.542994,0.0186608,0.0109746,1798,2,True,nan,nan,nan,nan,nan,nan,nan,nan,nan,nan,nan,nan,13,17
noise,realistic,alternating,5,17,2,40,8000,0.844872,3.43188e-05,0.000198144,3.1879e-05,1.03763,6.42371,6.42552,9.6619,nan,1.59853,nan,0.172404,6.44437,7.58274,9.12004,False,0.375,0.685528,0.684004,0.662065,0.711015,2.7252e-05,2.71502e-05,2.61265e-05,2.8693e-05,0.000479601,0.000475866,0.000311805,0.000676684,2.56044e-05,2.55631e-05,2.46733e-05,2.66673e-05,-0.186964,9,5.5094,0.547057,0.0162573,0.0108375,1870,7,False,nan,nan,nan,nan,nan,nan,nan,nan,nan,nan,nan,nan,13,17
noise,realistic,alternating,5,17,3,20,8000,0.844872,3.43188e-05,0.000198144,2.88485e-05,1.03763,3.31033,3.35031,4.71751,nan,0.228305,nan,0.0668421,2.97694,3.28909,3.57413,True,1,0.681741,0.681326,0.659949,0.704442,2.71822e-05,2.71236e-05,2.61958e-05,2.83397e-05,0.000458768,0.000458109,0.000310958,0.000616278,2.33375e-05,2.33025e-05,2.25785e-05,2.42698e-05,-0.190824,3,5.77197,0.632486,0.0153188,0.00910345,1575,4,False,nan,nan,nan,nan,nan,nan,nan,nan,nan,nan,nan,nan,13,17
noise,realistic,alternating,5,17,4,40,8000,0.844872,3.43188e-05,0.000198144,2.69263e-05,1.03763,5.32134,5.45007,8.43072,nan,0.462726,nan,0.402413,5.28654,5.62223,6.07069,True,0.5,0.684833,0.684481,0.667082,0.704773,2.67704e-05,2.68092e-05,2.56619e-05,2.77717e-05,0.000363971,0.000359744,0.000229675,0.000514023,2.14695e-05,2.14366e-05,2.07319e-05,2.23691e-05,-0.203075,6,5,0.651336,0.0298802,0.0113459,1341,6,False,nan,nan,nan,nan,nan,nan,nan,nan,nan,nan,nan,nan,13,17
noise,realistic,alternating,5,17,5,20,8000,0.844872,3.43188e-05,0.000198144,2.52237e-05,1.03763,2.91146,2.69027,4.09415,nan,0.237854,nan,0.0558969,2.68777,2.90309,3.14334,True,1,0.684385,0.684092,0.666389,0.704193,2.69782e-05,2.70063e-05,2.59218e-05,2.79247e-05,0.000425927,0.000420033,0.000268251,0.00060224,1.97074e-05,1.967e-05,1.89791e-05,2.05638e-05,-0.187321,3,5.84072,0.508653,0.0269866,0.00824882,1593,0,False,nan,nan,nan,nan,nan,nan,nan,nan,nan,nan,nan,nan,13,17
noise,realistic,alternating,5,17,6,40,8000,0.844872,3.43188e-05,0.000198144,2.42564e-05,1.03763,4.97427,5.03842,7.20548,nan,0.375743,nan,0.113801,4.5024,4.81953,5.25261,True,0.875,0.68748,0.68696,0.670108,0.706138,2.69449e-05,2.69746e-05,2.58107e-05,2.80008e-05,0.000423476,0.000421917,0.000283573,0.000567581,1.93533e-05,1.93651e-05,1.87417e-05,1.99122e-05,-0.265423,4,5,0.543568,0.0255728,0.00975123,1492,2,False,nan,nan,nan,nan,nan,nan,nan,nan,nan,nan,nan,nan,13,17
noise,realistic,alternating,5,17,7,20,8000,0.844872,3.43188e-05,0.000198144,2.28758e-05,1.03763,2.63151,2.7192,3.61767,nan,0.233074,nan,0.0737968,2.38963,2.57977,2.76694,True,0.8125,0.688357,0.687671,0.671505,0.707066,2.68805e-05,2.68936e-05,2.58357e-05,2.78479e-05,0.000397723,0.000392936,0.000260774,0.00054654,1.84778e-05,1.84601e-05,1.78504e-05,1.91467e-05,-0.211245,3,5.72355,0.573464,0.025457,0.00783291,1549,1,False,nan,nan,nan,nan,nan,nan,nan,nan,nan,nan,nan,nan,13,17
noise,realistic,alternating,5,17,8,40,8000,0.844872,3.43188e-05,0.000198144,2.24539e-05,1.03763,4.55867,4.50192,6.37775,nan,0.368824,nan,0.188629,4.2776,4.55818,4.91754,True,0.75,0.694884,0.694962,0.677881,0.711968,2.67851e-05,2.68134e-05,2.57438e-05,2.76731e-05,0.000340583,0.000336112,0.000223868,0.000470896,1.80029e-05,1.80075e-05,1.74979e-05,1.85227e-05,-0.204742,3,5.48493,0.548841,0.0265611,0.00696716,1546,1,False,nan,nan,nan,nan,nan,nan,nan,nan,nan,nan,nan,nan,13,17
noise,realistic,alternating,5,17,9,20,8000,0.844872,3.43188e-05,0.000198144,2.15725e-05,1.03763,2.45254,2.62891,3.24787,nan,0.222721,nan,0.0647064,2.29474,2.45738,2.62348,True,0.875,0.690752,0.690438,0.674644,0.707023,2.68909e-05,2.69149e-05,2.59238e-05,2.78375e-05,0.000343397,0.000340633,0.000217728,0.000479646,1.69169e-05,1.69073e-05,1.63618e-05,1.74572e-05,-0.110793,3,5,0.577466,0.0253878,0.00668528,1610,4,False,nan,nan,nan,nan,nan,nan,nan,nan,nan,nan,nan,nan,13,17
noise,realistic,alternating,5,17,10,40,8000,0.844872,3.43188e-05,0.000198144,2.11701e-05,1.03763,4.32305,4.14233,5.66314,nan,0.372838,nan,0.0998154,3.976,4.24117,4.54367,True,0.75,0.692236,0.692192,0.676929,0.707949,2.68605e-05,2.68748e-05,2.59267e-05,2.77172e-05,0.00034232,0.000338457,0.000217045,0.000482784,1.64169e-05,1.64279e-05,1.59697e-05,1.68827e-05,-0.182961,3,5.64749,0.64228,0.0238116,0.00632643,1607,3,False,nan,nan,nan,nan,nan,nan,nan,nan,nan,nan,nan,nan,13,17
noise,realistic,alternating,5,17,11,20,8000,0.844872,3.43188e-05,0.000198144,2.04274e-05,1.03763,2.33867,2.33068,2.94106,nan,0.248684,nan,0.0586463,2.11922,2.24961,2.38883,True,0.625,0.68988,0.689366,0.675363,0.705202,2.68558e-05,2.687e-05,2.5994e-05,2.76977e-05,0.000334935,0.00033133,0.000206113,0.000470788,1.60074e-05,1.59968e-05,1.54861e-05,1.65822e-05,-0.151044,2,5.61463,0.579382,0.0231624,0.00589608,1713,3,False,nan,nan,nan,nan,nan,nan,nan,nan,nan,nan,nan,nan,13,17
noise,realistic,alternating,5,17,12,40,8000,0.844872,3.43188e-05,0.000198144,1.98932e-05,1.03763,4.06551,4.08601,5.11138,nan,0.404903,nan,0.210851,3.78092,4.01157,4.28883,True,0.5625,0.692866,0.693382,0.678842,0.706669,2.6844e-05,2.68632e-05,2.60472e-05,2.76205e-05,0.000321044,0.000316461,0.000206387,0.000455039,1.56654e-05,1.56543e-05,1.5265e-05,1.60952e-05,-0.207231,3,5.51446,0.6111,0.0218242,0.00572928,1585,5,False,nan,nan,nan,nan,nan,nan,nan,nan,nan,nan,nan,nan,13,17
noise,realistic,alternating,5,17,13,20,8000,0.844872,3.43188e-05,0.000198144,1.90275e-05,1.03763,2.191,2.11461,2.68929,nan,0.198512,nan,0.088849,2.04509,2.1615,2.28628,True,0.625,0.694193,0.694258,0.680211,0.708531,2.68648e-05,2.68695e-05,2.60876e-05,2.76331e-05,0.000348811,0.000339967,0.000225227,0.000498035,1.48921e-05,1.48914e-05,1.44242e-05,1.53545e-05,-0.158168,2,5.55886,0.519526,0.0201833,0.00556421,1699,3,False,nan,nan,nan,nan,nan,nan,nan,nan,nan,nan,nan,nan,13,17
noise,realistic,alternating,5,17,14,40,8000,0.844872,3.43188e-05,0.000198144,1.87965e-05,1.03763,3.89307,3.95431,4.61428,nan,0.393785,nan,0.0899603,3.538,3.74084,3.96995,True,0.5625,0.690336,0.690799,0.676071,0.703326,2.69363e-05,2.69405e-05,2.61434e-05,2.77702e-05,0.000328911,0.000321663,0.000212756,0.000475963,1.50595e-05,1.50615e-05,1.465e-05,1.54462e-05,-0.151456,4,5,0.428535,0.0213259,0.00575883,1479,4,False,nan,nan,nan,nan,nan,nan,nan,nan,nan,nan,nan,nan,13,17
noise,realistic,alternating,5,17,15,20,8000,0.844872,3.43188e-05,0.000198144,1.79623e-05,1.03763,2.12033,2.01003,2.47775,nan,0.233423,nan,0.0737937,1.95261,2.07051,2.18137,True,0.5,0.69127,0.691661,0.677461,0.704357,2.69343e-05,2.69447e-05,2.61695e-05,2.77195e-05,0.000326684,0.000317257,0.000206382,0.000481109,1.44516e-05,1.4442e-05,1.40283e-05,1.48931e-05,-0.143825,2,5,0.546877,0.019859,0.00533812,1676,7,False,nan,nan,nan,nan,nan,nan,nan,nan,nan,nan,nan,nan,13,17
noise,realistic,alternating,5,17,16,40,8000,0.844872,3.43188e-05,0.000198144,1.74669e-05,1.03763,3.56452,3.54885,4.28683,nan,0.313116,nan,0.17078,3.46019,3.653,3.85705,True,0.5,0.69305,0.692955,0.680256,0.706208,2.69157e-05,2.69154e-05,2.60923e-05,2.7706e-05,0.000374872,0.000362403,0.000240769,0.000550571,1.38997e-05,1.39006e-05,1.35344e-05,1.4249e-05,-0.159766,3,5.50401,0.531947,0.0198439,0.00564966,1585,4,False,nan,nan,nan,nan,nan,nan,nan,nan,nan,nan,nan,nan,13,17
noise,realistic,alternating,5,17,17,20,8000,0.844872,3.43188e-05,0.000198144,1.71046e-05,1.03763,1.96309,1.8949,2.31151,nan,0.213792,nan,0.0677961,1.80817,1.911,2.01358,True,0.5,0.692128,0.692179,0.679568,0.704863,2.69092e-05,2.69239e-05,2.6124e-05,2.7656e-05,0.000359343,0.000348799,0.000226725,0.000525981,1.34538e-05,1.3457e-05,1.30223e-05,1.38506e-05,-0.121759,2,5,0.422307,0.018547,0.0054782,1709,3,True,nan,nan,nan,nan,nan,nan,nan,nan,nan,nan,nan,nan,13,17
noise,realistic,alternating,5,17,18,40,8000,0.844872,3.43188e-05,0.000198144,1.71508e-05,1.03763,3.64707,3.69562,3.86283,nan,0.462416,nan,0.203432,3.20802,3.39977,3.57568,False,0.375,0.691284,0.691413,0.680153,0.703337,2.69078e-05,2.6929e-05,2.59933e-05,2.77119e-05,0.000262665,0.0002564,0.000173716,0.000378278,1.36997e-05,1.36978e-05,1.33352e-05,1.4075e-05,-0.117022,4,5,0.422306,0.0191099,0.005301,1421,4,False,nan,nan,nan,nan,nan,nan,nan,nan,nan,nan,nan,nan,13,17
noise,realistic,alternating,5,17,19,20,8000,0.844872,3.43188e-05,0.000198144,1.67175e-05,1.03763,1.95737,2.02274,2.16907,nan,0.213447,nan,0.0682327,1.80793,1.90715,2.00715,True,0.5,0.689374,0.689425,0.67767,0.700794,2.68867e-05,2.69189e-05,2.59633e-05,2.77119e-05,0.000251578,0.000244461,0.000160058,0.000373358,1.34419e-05,1.34355e-05,1.30141e-05,1.38809e-05,-0.150028,2,5,0.583572,0.0185898,0.00510623,1587,4,False,nan,nan,nan,nan,nan,nan,nan,nan,nan,nan,nan,nan,13,17
noise,realistic,alternating,5,17,20,40,8000,0.844872,3.43188e-05,0.000198144,1.6442e-05,1.03763,3.48201,3.46966,3.59462,nan,0.319355,nan,0.0623889,3.25771,3.43357,3.62123,True,0.3125,0.689365,0.689277,0.677589,0.70103,2.69003e-05,2.69217e-05,2.60398e-05,2.7707e-05,0.000236829,0.000230168,0.000150026,0.000346433,1.32169e-05,1.32088e-05,1.29017e-05,1.35572e-05,-0.161526,3,5,0.503823,0.0168706,0.00498422,1538,4,False,nan,nan,nan,nan,nan,nan,nan,nan,nan,nan,nan,nan,13,17
noise,realistic,alternating,5,18,1,20,8000,0.0111182,5.93734e-05,0.00026007,5.93734e-05,0.956001,7.60145,7.60012,1.40761,nan,2.90045,nan,0.109533,5.25322,7.96117,11.8992,True,1,0.0095046,0.00950333,0.00848935,0.0105258,6.29696e-05,6.35154e-05,5.53844e-05,6.86716e-05,0.00066805,0.000673918,0.000469033,0.000858696,6.29696e-05,6.35154e-05,5.53844e-05,6.86716e-05,-0.0608587,14,5.74192,0.708552,0.0238876,0.00883868,1785,8,True,nan,nan,nan,nan,nan,nan,nan,nan,nan,nan,nan,nan,13,7
noise,realistic,alternating,5,18,2,40,8000,0.0111182,5.93734e-05,0.00026007,5.03939e-05,0.956001,11.683,11.7693,3.70016,nan,1.3451,nan,0.164141,10.6106,12.875,14.8966,True,1,0.00981267,0.0098026,0.00920461,0.0104546,5.66147e-05,5.65652e-05,5.45269e-05,5.8914e-05,0.000466267,0.000467957,0.000387454,0.000539185,5.02498e-05,5.02371e-05,4.88507e-05,5.17463e-05,-0.0122433,9,5.74628,0.708598,0.0146766,0.0106882,1905,2,False,nan,nan,nan,nan,nan,nan,nan,nan,nan,nan,nan,nan,13,7
noise,realistic,alternating,5,18,3,20,8000,0.0111182,5.93734e-05,0.00026007,4.1409e-05,0.956001,5.69717,5.7451,1.54106,nan,0.3356,nan,0.0920552,5.39665,5.83071,6.27556,True,0.8125,0.00969582,0.00968666,0.00911671,0.0102526,5.66595e-05,5.67001e-05,5.44644e-05,5.87918e-05,0.000446734,0.00044736,0.000355117,0.000539409,4.20011e-05,4.19516e-05,4.07312e-05,4.3576e-05,-0.0979931,3,5,0.652994,0.014258,0.0104614,1614,4,False,nan,nan,nan,nan,nan,nan,nan,nan,nan,nan,nan,nan,13,7
noise,realistic,alternating,5,18,4,40,8000,0.0111182,5.93734e-05,0.00026007,3.89593e-05,0.956001,9.31153,9.40662,3.73156,nan,0.485604,nan,0.0830714,8.74275,9.32763,10.0995,True,1,0.0101054,0.0101094,0.00961475,0.0105827,5.6593e-05,5.66433e-05,5.45898e-05,5.84558e-05,0.000430962,0.000430564,0.000359475,0.00050349,3.90974e-05,3.90564e-05,3.82272e-05,4.00832e-05,0.0169249,5,5,0.526273,0.0138924,0.00822721,1374,6,False,nan,nan,nan,nan,nan,nan,nan,nan,nan,nan,nan,nan,13,7
noise,realistic,alternating,5,18,5,20,8000,0.0111182,5.93734e-05,0.00026007,3.43607e-05,0.956001,4.76767,4.79063,1.45891,nan,0.280894,nan,0.0626262,4.50693,4.74834,5.05151,True,0.625,0.0101732,0.0101651,0.00970119,0.0106335,5.65397e-05,5.65931e-05,5.47393e-05,5.83115e-05,0.000419777,0.000416656,0.000337848,0.000514018,3.47455e-05,3.47284e-05,3.38972e-05,3.56247e-05,0.00530538,3,5,0.61704,0.012664,0.00653581,1407,3,False,nan,nan,nan,nan,nan,nan,nan,nan,nan,nan,nan,nan,13,7
noise,realistic,alternating,5,18,6,40,8000,0.0111182,5.93734e-05,0.00026007,3.20955e-05,0.956001,7.77844,7.74528,3.61462,nan,0.534221,nan,0.301648,7.5623,7.95762,8.39263,True,0.625,0.01008,0.0100654,0.00965399,0.0105342,5.6508e-05,5.65071e-05,5.48021e-05,5.82054e-05,0.00045728,0.000453603,0.000369125,0.000554091,3.21824e-05,3.21775e-05,3.14779e-05,3.2934e-05,-0.0437802,3,5.60445,0.596163,0.0114498,0.00686221,1487,1,False,nan,nan,nan,nan,nan,nan,nan,nan,nan,nan,nan,nan,13,7
noise,realistic,alternating,5,18,7,20,8000,0.0111182,5.93734e-05,0.00026007,2.89779e-05,0.956001,4.06325,4.01709,1.3913,nan,0.253597,nan,0.0444272,3.80645,4.00114,4.20519,True,0.5,0.00996401,0.00997034,0.00951293,0.0104039,5.65275e-05,5.65057e-05,5.50092e-05,5.81478e-05,0.000453812,0.000449558,0.000356206,0.000564856,2.88513e-05,2.8842e-05,2.81407e-05,2.96281e-05,-0.015574,2,5.53336,0.61192,0.0104224,0.00630279,1648,7,False,nan,nan,nan,nan,nan,nan,nan,nan,nan,nan,nan,nan,13,7
noise,realistic,alternating,5,18,8,40,8000,0.0111182,5.93734e-05,0.00026007,2.75893e-05,0.956001,6.99864,6.91108,3.15507,nan,0.571299,nan,0.128744,6.3541,6.66817,6.98559,False,0.4375,0.00999486,0.00999989,0.00954831,0.0104039,5.66109e-05,5.66388e-05,5.49329e-05,5.81986e-05,0.000366928,0.000364612,0.000290005,0.000452188,2.79146e-05,2.7924e-05,2.73439e-05,2.84673e-05,-0.0263698,5,5,0.449514,0.0110371,0.00562855,1405,1,False,nan,nan,nan,nan,nan,nan,nan,nan,nan,nan,nan,nan,13,7
noise,realistic,alternating,5,18,9,20,8000,0.0111182,5.93734e-05,0.00026007,2.52051e-05,0.956001,3.46779,3.26668,1.37315,nan,0.250997,nan,0.0968987,3.44097,3.60388,3.76408,True,0.5,0.00994682,0.00996237,0.00955001,0.0103275,5.68261e-05,5.69014e-05,5.47503e-05,5.87479e-05,0.000419072,0.000415888,0.000310188,0.000532459,2.48993e-05,2.49501e-05,2.39707e-05,2.56745e-05,-0.0144536,4,5.48479,0.536914,0.0127875,0.0105826,1340,5,False,nan,nan,nan,nan,nan,nan,nan,nan,nan,nan,nan,nan,13,7
noise,realistic,alternating,5,18,10,40,8000,0.0111182,5.93734e-05,0.00026007,2.41869e-05,0.956001,6.11228,6.09028,2.99621,nan,0.45752,nan,0.102013,5.54608,5.92832,6.24701,True,0.5,0.00998099,0.00998686,0.00962333,0.010355,5.68939e-05,5.68751e-05,5.50026e-05,5.87402e-05,0.000383797,0.000378145,0.00028862,0.000491065,2.42822e-05,2.43035e-05,2.36184e-05,2.4872e-05,-0.0182637,3,5.80781,0.701434,0.0111432,0.0108569,1487,7,False,nan,nan,nan,nan,nan,nan,nan,nan,nan,nan,nan,nan,13,7
noise,realistic,alternating,5,18,11,20,8000,0.0111182,5.93734e-05,0.00026007,2.25978e-05,0.956001,3.1615,3.21185,1.2427,nan,0.225472,nan,0.0298309,2.95863,3.13237,3.29653,True,0.5,0.00996215,0.00996001,0.00960183,0.0103486,5.67971e-05,5.67724e-05,5.5016e-05,5.86889e-05,0.000372417,0.000367034,0.000277172,0.000487295,2.28728e-05,2.28676e-05,2.22155e-05,2.35069e-05,-0.0312296,3,5.70464,0,0.0105378,0.01011,1503,4,True,nan,nan,nan,nan,nan,nan,nan,nan,nan,nan,nan,nan,13,7
noise,realistic,alternating,5,18,12,40,8000,0.0111182,5.93734e-05,0.00026007,2.17882e-05,0.956001,5.3599,5.20304,2.90678,nan,0.410906,nan,0.178228,5.22305,5.50002,5.78975,True,0.375,0.0100089,0.0100038,0.00968205,0.0103581,5.66635e-05,5.66896e-05,5.4875e-05,5.84744e-05,0.000448132,0.000445246,0.00032359,0.00057652,2.14514e-05,2.14529e-05,2.08713e-05,2.20133e-05,-0.00732633,4,5,0.598287,0.0102126,0.0141718,1340,3,True,nan,nan,nan,nan,nan,nan,nan,nan,nan,nan,nan,nan,13,7
noise,realistic,alternating,5,18,13,20,8000,0.0111182,5.93734e-05,0.00026007,2.04473e-05,0.956001,2.86163,2.89126,1.15191,nan,0.228829,nan,0.0408447,2.632,2.77993,2.94002,True,0.5,0.00999722,0.00999345,0.00966688,0.0103423,5.65026e-05,5.6541e-05,5.46472e-05,5.83179e-05,0.000408445,0.000403899,0.000292075,0.000541232,2.03394e-05,2.03248e-05,1.97157e-05,2.1039e-05,0.00524098,2,5,0.598619,0.00996723,0.0147157,1574,3,False,nan,nan,nan,nan,nan,nan,nan,nan,nan,nan,nan,nan,13,7
noise,realistic,alternating,5,18,14,40,8000,0.0111182,5.93734e-05,0.00026007,2.02479e-05,0.956001,4.99389,4.96968,2.6002,nan,0.387413,nan,0.0791688,4.6146,4.87905,5.16784,True,0.5,0.0100405,0.0100373,0.00970261,0.0103931,5.65466e-05,5.65489e-05,5.48237e-05,5.83417e-05,0.000385897,0.000384401,0.000279289,0.000503247,1.98431e-05,1.98438e-05,1.93062e-05,2.03888e-05,0.00864374,3,5,0.546015,0.00986105,0.0142096,1535,4,False,nan,nan,nan,nan,nan,nan,nan,nan,nan,nan,nan,nan,13,7
noise,realistic,alternating,5,18,15,20,8000,0.0111182,5.93734e-05,0.00026007,1.95981e-05,0.956001,2.7197,2.56329,1.00066,nan,0.239136,nan,0.0640196,2.48144,2.6156,2.75854,True,0.375,0.0100493,0.0100408,0.00971397,0.0104223,5.65897e-05,5.65803e-05,5.49016e-05,5.83856e-05,0.000405854,0.000401613,0.000289093,0.000538873,1.85459e-05,1.85532e-05,1.79563e-05,1.91248e-05,-0.0242729,2,5,0.54715,0.00935538,0.0135867,1618,3,False,nan,nan,nan,nan,nan,nan,nan,nan,nan,nan,nan,nan,13,7
noise,realistic,alternating,5,18,16,40,8000,0.0111182,5.93734e-05,0.00026007,1.89551e-05,0.956001,4.68011,4.66342,2.33918,nan,0.414303,nan,0.194007,4.25211,4.48821,4.73201,True,0.5,0.0101268,0.010115,0.00978929,0.0105054,5.6665e-05,5.66447e-05,5.48948e-05,5.84358e-05,0.000354972,0.000349723,0.000254727,0.000471325,1.83592e-05,1.83572e-05,1.78529e-05,1.88699e-05,0.0164717,3,5.52736,0.583009,0.0100539,0.0133903,1551,4,False,nan,nan,nan,nan,nan,nan,nan,nan,nan,nan,nan,nan,13,7
noise,realistic,alternating,5,18,17,20,8000,0.0111182,5.93734e-05,0.00026007,1.80105e-05,0.956001,2.54028,2.57267,0.909533,nan,0.224495,nan,0.0390628,2.31574,2.44432,2.56775,True,0.375,0.0101748,0.0101661,0.00982073,0.0105715,5.67033e-05,5.67053e-05,5.49454e-05,5.84791e-05,0.000324563,0.000319451,0.000220763,0.000455897,1.78608e-05,1.78403e-05,1.72265e-05,1.85344e-05,0.0578743,3,5,0.596253,0.0112033,0.0119326,1500,5,False,nan,nan,nan,nan,nan,nan,nan,nan,nan,nan,nan,nan,13,7
noise,realistic,alternating,5,18,18,40,8000,0.0111182,5.93734e-05,0.00026007,1.77376e-05,0.956001,4.35087,4.38042,2.18278,nan,0.343382,nan,0.126853,4.13945,4.37354,4.62594,True,0.375,0.0101731,0.0101584,0.00982073,0.0105722,5.67162e-05,5.67053e-05,5.50498e-05,5.84579e-05,0.000322718,0.000318292,0.000220768,0.000445602,1.74342e-05,1.743e-05,1.69286e-05,1.79202e-05,0.0631461,2,5.48007,0.664267,0.0109903,0.0107908,1622,7,False,nan,nan,nan,nan,nan,nan,nan,nan,nan,nan,nan,nan,13,7
noise,realistic,alternating,5,18,19,20,8000,0.0111182,5.93734e-05,0.00026007,1.68843e-05,0.956001,2.37302,2.62174,0.840618,nan,0.191729,nan,0.0657936,2.22079,2.34241,2.46601,True,0.125,0.0102043,0.0101872,0.00985365,0.0105872,5.66449e-05,5.67032e-05,5.45509e-05,5.84499e-05,0.000281666,0.000270721,0.000184317,0.000415162,1.75302e-05,1.74727e-05,1.67689e-05,1.84896e-05,0.088703,5,5,0.672946,0.0153449,0.0131336,1233,5,False,nan,nan,nan,nan,nan,nan,nan,nan,nan,nan,nan,nan,13,7
noise,realistic,alternating,5,18,20,40,8000,0.0111182,5.93734e-05,0.00026007,1.683e-05,0.956001,4.22267,4.13034,1.90497,nan,0.339408,nan,0.0821906,4.03649,4.30738,4.62261,True,0.5,0.0102258,0.0102154,0.00988999,0.0105965,5.65536e-05,5.65978e-05,5.45163e-05,5.85148e-05,0.000283447,0.000272557,0.00018529,0.00041248,1.6765e-05,1.67562e-05,1.62745e-05,1.72848e-05,0.141837,2,5,0.721598,0.0120744,0.0154925,1503,6,False,nan,nan,nan,nan,nan,nan,nan,nan,nan,nan,nan,nan,13,7
noise,realistic,alternating,5,19,1,20,8000,0.0320614,5.7304e-05,0.000232591,5.7304e-05,1.01632,7.43612,7.45385,1.04371,nan,3.75216,nan,0.214158,5.26012,7.92029,11.6142,True,1,0.0300298,0.0301695,0.027407,0.0325488,6.06073e-05,6.0953e-05,5.26126e-05,6.65086e-05,0.000882395,0.000880203,0.000693599,0.00107854,6.06073e-05,6.0953e-05,5.26126e-05,6.65086e-05,-0.180772,16,5.50725,0.530198,0.0122743,0.00979956,1823,5,True,nan,nan,nan,nan,nan,nan,nan,nan,nan,nan,nan,nan,13,9
noise,realistic,alternating,5,19,2,40,8000,0.0320614,5.7304e-05,0.000232591,4.8975e-05,1.01632,11.3997,11.5477,3.46045,nan,0.682594,nan,0.262121,9.24629,11.1893,13.0093,True,1,0.0294299,0.0294599,0.0277636,0.0309834,5.77762e-05,5.77407e-05,5.5631e-05,6.0041e-05,0.000587542,0.000587615,0.000515528,0.000660151,4.93301e-05,4.93561e-05,4.80239e-05,5.0606e-05,0.0255304,9,5.50749,0.530122,0.0155075,0.0077812,1901,5,False,nan,nan,nan,nan,nan,nan,nan,nan,nan,nan,nan,nan,13,9
noise,realistic,alternating,5,19,3,20,8000,0.0320614,5.7304e-05,0.000232591,4.16554e-05,1.01632,5.46879,5.48023,1.41517,nan,0.351978,nan,0.106336,4.939,5.34485,5.70627,True,0.9375,0.0294178,0.0294368,0.0279273,0.0308173,5.74862e-05,5.73685e-05,5.56199e-05,5.95369e-05,0.000578017,0.000573933,0.000480497,0.000684415,4.07256e-05,4.0666e-05,3.96446e-05,4.20109e-05,-0.0103156,3,5.71333,0.607963,0.013807,0.00714988,1641,7,False,nan,nan,nan,nan,nan,nan,nan,nan,nan,nan,nan,nan,13,9
noise,realistic,alternating,5,19,4,40,8000,0.0320614,5.7304e-05,0.000232591,3.92492e-05,1.01632,9.32204,9.2615,3.35736,nan,0.697992,nan,0.132263,8.3723,8.83277,9.40012,True,0.5625,0.0287742,0.0287613,0.0277011,0.029918,5.72317e-05,5.71872e-05,5.54583e-05,5.91227e-05,0.000464428,0.000460915,0.000393544,0.000543072,3.79331e-05,3.79526e-05,3.69431e-05,3.882e-05,0.0601844,6,5,0.59785,0.0133511,0.00620789,1325,2,False,nan,nan,nan,nan,nan,nan,nan,nan,nan,nan,nan,nan,13,9
noise,realistic,alternating,5,19,5,20,8000,0.0320614,5.7304e-05,0.000232591,3.5531e-05,1.01632,4.73859,4.77347,1.26901,nan,0.4124,nan,0.11548,4.2617,4.53503,4.76872,True,0.625,0.0289532,0.0289138,0.0279096,0.0300633,5.69097e-05,5.68545e-05,5.53221e-05,5.8674e-05,0.000433896,0.00043069,0.000350056,0.0005364,3.41506e-05,3.41108e-05,3.32706e-05,3.52266e-05,0.0161922,3,5,0.631066,0.0138405,0.00592571,1514,2,False,nan,nan,nan,nan,nan,nan,nan,nan,nan,nan,nan,nan,13,9
noise,realistic,alternating,5,19,6,40,8000,0.0320614,5.7304e-05,0.000232591,3.33748e-05,1.01632,8.0748,8.16447,3.05067,nan,0.531667,nan,0.201479,7.46081,7.84951,8.22877,True,0.5,0.0289237,0.0289124,0.0279721,0.0298613,5.68083e-05,5.67208e-05,5.53253e-05,5.87039e-05,0.000334495,0.000330967,0.000270518,0.000407701,3.28848e-05,3.2878e-05,3.22471e-05,3.35536e-05,-0.00187504,6,5,0.454719,0.0131349,0.00552703,1325,5,False,nan,nan,nan,nan,nan,nan,nan,nan,nan,nan,nan,nan,13,9
noise,realistic,alternating,5,19,7,20,8000,0.0320614,5.7304e-05,0.000232591,3.0616e-05,1.01632,4.21688,4.11242,1.10354,nan,0.319329,nan,0.0793869,3.98074,4.18529,4.36244,True,0.5,0.0290453,0.0290451,0.0281475,0.0298963,5.68786e-05,5.68006e-05,5.53808e-05,5.85649e-05,0.000349461,0.000345499,0.000267954,0.000445051,3.00784e-05,3.00827e-05,2.93861e-05,3.07236e-05,-0.0151514,2,5,0.448502,0.0122328,0.00525292,1573,1,False,nan,nan,nan,nan,nan,nan,nan,nan,nan,nan,nan,nan,13,9
noise,realistic,alternating,5,19,8,40,8000,0.0320614,5.7304e-05,0.000232591,2.9523e-05,1.01632,7.43834,7.58054,2.53177,nan,0.587155,nan,0.245426,6.84179,7.14436,7.44879,True,0.375,0.0284404,0.0284252,0.0276694,0.0293119,5.70357e-05,5.69849e-05,5.55093e-05,5.87422e-05,0.000280837,0.000278662,0.000213998,0.000357455,2.97724e-05,2.97588e-05,2.91448e-05,3.04479e-05,-0.0803172,6,5,0.589745,0.0136798,0.00506993,1327,6,False,nan,nan,nan,nan,nan,nan,nan,nan,nan,nan,nan,nan,13,9
noise,realistic,alternating,5,19,9,20,8000,0.0320614,5.7304e-05,0.000232591,2.72176e-05,1.01632,3.73693,3.67603,0.997814,nan,0.279158,nan,0.0791758,3.68217,3.86008,4.02141,True,0.5,0.028262,0.0282537,0.0274981,0.0290736,5.70744e-05,5.70669e-05,5.54385e-05,5.88104e-05,0.000302322,0.000298034,0.000225978,0.000390615,2.7351e-05,2.73766e-05,2.64844e-05,2.81093e-05,0.00315255,3,5,0.725685,0.0149838,0.00602854,1553,5,False,nan,nan,nan,nan,nan,nan,nan,nan,nan,nan,nan,nan,13,9
noise,realistic,alternating,5,19,10,40,8000,0.0320614,5.7304e-05,0.000232591,2.65308e-05,1.01632,6.4941,6.66989,2.4561,nan,0.487818,nan,0.105411,6.29044,6.64811,6.96399,True,0.3125,0.0285301,0.0285121,0.0277828,0.0293593,5.70958e-05,5.70989e-05,5.5491e-05,5.87008e-05,0.000284292,0.000281285,0.000214215,0.000366079,2.64983e-05,2.65045e-05,2.59186e-05,2.7043e-05,-0.013169,3,5,0.638281,0.0130282,0.00557099,1589,3,False,nan,nan,nan,nan,nan,nan,nan,nan,nan,nan,nan,nan,13,9
noise,realistic,alternating,5,19,11,20,8000,0.0320614,5.7304e-05,0.000232591,2.48073e-05,1.01632,3.38855,3.48285,0.916653,nan,0.267142,nan,0.0753154,3.2908,3.45209,3.59038,True,0.3125,0.0284695,0.0284622,0.0277386,0.0292978,5.70642e-05,5.70778e-05,5.54448e-05,5.863e-05,0.000281932,0.000277982,0.000205906,0.000374201,2.50528e-05,2.50721e-05,2.44363e-05,2.56325e-05,-0.00765676,1,5,0.530673,0.0120676,0.0054058,1816,3,False,nan,nan,nan,nan,nan,nan,nan,nan,nan,nan,nan,nan,13,9
noise,realistic,alternating,5,19,12,40,8000,0.0320614,5.7304e-05,0.000232591,2.44285e-05,1.01632,5.93236,5.78199,2.19477,nan,0.45889,nan,0.0676804,5.87117,6.13765,6.39792,True,0.375,0.0283962,0.0283697,0.027664,0.0291831,5.69908e-05,5.69792e-05,5.52519e-05,5.86576e-05,0.000313042,0.000309702,0.000224037,0.000415769,2.34394e-05,2.34428e-05,2.27526e-05,2.4062e-05,-0.0984473,5,5.5285,0.717667,0.015815,0.00587524,1301,2,True,nan,nan,nan,nan,nan,nan,nan,nan,nan,nan,nan,nan,13,9
noise,realistic,alternating,5,19,13,20,8000,0.0320614,5.7304e-05,0.000232591,2.29767e-05,1.01632,3.17741,3.34033,0.778055,nan,0.28256,nan,0.0215802,2.91218,3.06709,3.21812,True,0.4375,0.02834,0.0283105,0.0276249,0.0291438,5.67597e-05,5.67905e-05,5.48053e-05,5.85871e-05,0.000271696,0.000266672,0.000187661,0.000367822,2.29604e-05,2.29382e-05,2.22054e-05,2.37895e-05,-0.0399385,3,5.5292,0.718375,0.0164254,0.00777208,1393,3,False,nan,nan,nan,nan,nan,nan,nan,nan,nan,nan,nan,nan,13,9
noise,realistic,alternating,5,19,14,40,8000,0.0320614,5.7304e-05,0.000232591,2.26354e-05,1.01632,5.72634,5.69763,1.80733,nan,0.47935,nan,0.239886,5.34075,5.62599,6.00431,True,0.4375,0.0284401,0.0284312,0.0277034,0.0291941,5.68349e-05,5.68681e-05,5.49683e-05,5.86169e-05,0.000319219,0.000316732,0.000223566,0.000421677,2.24264e-05,2.24215e-05,2.18439e-05,2.2993e-05,-0.00185451,4,5,0.664297,0.0160336,0.00800744,1350,3,False,nan,nan,nan,nan,nan,nan,nan,nan,nan,nan,nan,nan,13,9
noise,realistic,alternating,5,19,15,20,8000,0.0320614,5.7304e-05,0.000232591,2.15838e-05,1.01632,2.98147,2.94051,0.673484,nan,0.248375,nan,0.0308072,2.79759,2.9436,3.09509,True,0.375,0.0284263,0.0284111,0.0277211,0.0291837,5.68653e-05,5.69171e-05,5.50243e-05,5.85377e-05,0.000322001,0.000316032,0.000220251,0.00044583,2.11812e-05,2.11831e-05,2.0527e-05,2.18228e-05,-0.0425726,1,5.58429,0.54231,0.0151266,0.00783419,1681,3,False,nan,nan,nan,nan,nan,nan,nan,nan,nan,nan,nan,nan,13,9
noise,realistic,alternating,5,19,16,40,8000,0.0320614,5.7304e-05,0.000232591,2.1297e-05,1.01632,5.23469,5.23463,1.69651,nan,0.416376,nan,0.0585833,4.90244,5.18353,5.4313,True,0.375,0.0282236,0.0282098,0.0275104,0.028948,5.69047e-05,5.69475e-05,5.51924e-05,5.85597e-05,0.000273732,0.000271795,0.000193975,0.000362982,2.07257e-05,2.07239e-05,2.02527e-05,2.12048e-05,-0.019786,3,5,0.528943,0.0134608,0.00714318,1576,5,False,nan,nan,nan,nan,nan,nan,nan,nan,nan,nan,nan,nan,13,9
noise,realistic,alternating,5,19,17,20,8000,0.0320614,5.7304e-05,0.000232591,2.02259e-05,1.01632,2.85657,2.80784,0.569943,nan,0.268721,nan,0.0635423,2.63221,2.7548,2.89136,True,0.3125,0.0281944,0.0281873,0.0274753,0.0289345,5.69111e-05,5.6924e-05,5.51941e-05,5.85538e-05,0.000266567,0.000262816,0.000184127,0.00036153,1.99642e-05,1.99553e-05,1.93666e-05,2.05362e-05,0.0285627,2,5,0.575816,0.0128128,0.00674592,1666,4,False,nan,nan,nan,nan,nan,nan,nan,nan,nan,nan,nan,nan,13,9
noise,realistic,alternating,5,19,18,40,8000,0.0320614,5.7304e-05,0.000232591,1.98833e-05,1.01632,4.9653,4.9982,1.4996,nan,0.409976,nan,0.0914764,4.72291,4.93589,5.16785,True,0.25,0.0280289,0.0280148,0.027349,0.0287141,5.69338e-05,5.69453e-05,5.52448e-05,5.8588e-05,0.000244565,0.000239503,0.000174508,0.000329509,1.95678e-05,1.95604e-05,1.90737e-05,2.00649e-05,0.00942968,2,5,0.825374,0.0119235,0.00656652,1680,0,True,nan,nan,nan,nan,nan,nan,nan,nan,nan,nan,nan,nan,13,9
noise,realistic,alternating,5,19,19,20,8000,0.0320614,5.7304e-05,0.000232591,1.86489e-05,1.01632,2.59484,2.53574,0.580922,nan,0.239358,nan,0.0754953,2.51624,2.62746,2.74589,True,0.125,0.0280629,0.0280487,0.0274059,0.0287671,5.69719e-05,5.69787e-05,5.52068e-05,5.86182e-05,0.000257035,0.000250599,0.00017706,0.000355512,1.86603e-05,1.86584e-05,1.81038e-05,1.92034e-05,-0.00217627,2,5,0.495738,0.0116659,0.00643027,1674,2,True,nan,nan,nan,nan,nan,nan,nan,nan,nan,nan,nan,nan,13,9
noise,realistic,alternating,5,19,20,40,8000,0.0320614,5.7304e-05,0.000232591,1.84817e-05,1.01632,4.63521,4.6162,1.40288,nan,0.385699,nan,0.0800885,4.42484,4.64239,4.853,True,0.125,0.0280268,0.0280233,0.0273695,0.0286844,5.69609e-05,5.69829e-05,5.52859e-05,5.85808e-05,0.000261267,0.000256658,0.000180913,0.000357162,1.81984e-05,1.82004e-05,1.77769e-05,1.86152e-05,-0.0528218,2,5,0.493866,0.0110886,0.00621336,1683,6,False,nan,nan,nan,nan,nan,nan,nan,nan,nan,nan,nan,nan,13,9
noise,realistic,alternating,10,0,1,20,8000,0.0514127,6.54201e-05,0.000167524,6.54201e-05,1.0154,8.19667,8.3882,0.742533,nan,3.78968,nan,0.235287,5.173,7.76025,11.7867,True,1,0.0343847,0.0341701,0.0283255,0.0411704,6.4438e-05,6.45463e-05,5.82479e-05,7.04527e-05,0.000245716,0.000238481,0.000135278,0.000371012,6.4438e-05,6.45463e-05,5.82479e-05,7.04527e-05,-0.0792536,10,10,0,0.0143943,0.0104318,1815,0,False,nan,nan,nan,nan,nan,nan,nan,nan,nan,nan,nan,nan,13,10
noise,realistic,alternating,10,0,2,40,8000,0.0514127,6.54201e-05,0.000167524,5.8326e-05,1.0154,12.9315,12.7626,1.59702,nan,2.59938,nan,0.345333,13.0268,15.254,17.7454,False,0.375,0.0452516,0.0451644,0.0425733,0.0482175,5.89531e-05,5.89686e-05,5.62986e-05,6.14904e-05,0.000311227,0.000310832,0.000209512,0.000415273,5.41152e-05,5.41733e-05,5.23861e-05,5.56993e-05,-0.100562,11,10,0.831169,0.0169174,0.00933802,1882,0,True,nan,nan,nan,nan,nan,nan,nan,nan,nan,nan,nan,nan,13,10
noise,realistic,alternating,10,0,3,20,8000,0.0514127,6.54201e-05,0.000167524,4.99889e-05,1.0154,6.62509,6.57481,0.593203,nan,0.451644,nan,0.204894,6.16615,6.75914,7.41327,True,0.875,0.0450726,0.0450124,0.0425339,0.0478984,5.9568e-05,5.96869e-05,5.69116e-05,6.17428e-05,0.000349294,0.000350415,0.000253379,0.000448345,4.71808e-05,4.71632e-05,4.57219e-05,4.86994e-05,0.00979995,3,10,0,0.0158778,0.00937168,1706,0,True,nan,nan,nan,nan,nan,nan,nan,nan,nan,nan,nan,nan,13,10
noise,realistic,alternating,10,0,4,40,8000,0.0514127,6.54201e-05,0.000167524,4.72865e-05,1.0154,11.1421,11.0777,1.43296,nan,0.888376,nan,0.251083,9.86832,10.5253,11.4436,True,0.625,0.0452585,0.0451739,0.0430247,0.0476269,5.8766e-05,5.89053e-05,5.56813e-05,6.1468e-05,0.000257381,0.000258116,0.000183998,0.000328817,4.52522e-05,4.52292e-05,4.38779e-05,4.67751e-05,-0.0123745,6,10,0,0.0192208,0.0169372,1413,0,False,nan,nan,nan,nan,nan,nan,nan,nan,nan,nan,nan,nan,13,10
noise,realistic,alternating,10,0,5,20,8000,0.0514127,6.54201e-05,0.000167524,4.26119e-05,1.0154,5.73976,5.86129,0.577881,nan,0.452856,nan,0.171577,5.37408,5.81121,6.29465,True,0.75,0.0450514,0.0450787,0.0427764,0.047202,5.88387e-05,5.89614e-05,5.60927e-05,6.13043e-05,0.00026237,0.000260975,0.000192319,0.000336566,4.1738e-05,4.16859e-05,4.04327e-05,4.32678e-05,-0.0294945,2,10,0,0.0178045,0.0145529,1698,0,False,nan,nan,nan,nan,nan,nan,nan,nan,nan,nan,nan,nan,13,10
noise,realistic,alternating,10,0,6,40,8000,0.0514127,6.54201e-05,0.000167524,4.05884e-05,1.0154,9.65088,9.77142,1.40195,nan,0.672418,nan,0.20816,9.10276,9.73738,10.4521,True,0.75,0.0452302,0.0452284,0.0432469,0.0472387,5.90451e-05,5.91123e-05,5.6433e-05,6.13433e-05,0.000281582,0.000277513,0.000204502,0.000365727,3.99205e-05,3.99276e-05,3.87915e-05,4.11077e-05,0.00829391,4,11.0221,0,0.01642,0.0135695,1559,0,False,nan,nan,nan,nan,nan,nan,nan,nan,nan,nan,nan,nan,13,10
noise,realistic,alternating,10,0,7,20,8000,0.0514127,6.54201e-05,0.000167524,3.69469e-05,1.0154,4.98021,4.58243,0.539594,nan,0.45398,nan,0.141394,4.77537,5.16004,5.48634,True,0.75,0.0445256,0.0444404,0.0426997,0.0465339,5.89802e-05,5.91288e-05,5.61896e-05,6.18917e-05,0.000320857,0.000318748,0.00022973,0.000415559,3.48012e-05,3.48069e-05,3.3164e-05,3.64496e-05,0.00227587,6,10,0,0.0184404,0.0278235,1198,0,False,nan,nan,nan,nan,nan,nan,nan,nan,nan,nan,nan,nan,13,10
noise,realistic,alternating,10,0,8,40,8000,0.0514127,6.54201e-05,0.000167524,3.52874e-05,1.0154,8.48235,8.55767,1.32931,nan,0.640969,nan,0.0937666,7.52847,8.20578,8.98495,True,0.75,0.0445557,0.0444852,0.0429233,0.0465241,5.86165e-05,5.84665e-05,5.59565e-05,6.18376e-05,0.000290707,0.000288236,0.000212381,0.000379821,3.41263e-05,3.4151e-05,3.2736e-05,3.54434e-05,0.0085568,4,10.9634,0,0.0128518,0.0309091,1241,1,False,nan,nan,nan,nan,nan,nan,nan,nan,nan,nan,nan,nan,13,10
noise,realistic,alternating,10,0,9,20,8000,0.0514127,6.54201e-05,0.000167524,3.31034e-05,1.0154,4.36026,4.5242,0.435551,nan,0.290874,nan,0.112792,3.99432,4.38228,4.76025,True,1,0.0445242,0.0444802,0.0429177,0.0463173,5.85483e-05,5.84311e-05,5.59143e-05,6.16022e-05,0.000282584,0.000279444,0.000201357,0.000377697,3.20664e-05,3.20886e-05,3.06763e-05,3.34101e-05,0.0505997,2,10,0,0.0133429,0.0296224,1559,0,False,nan,nan,nan,nan,nan,nan,nan,nan,nan,nan,nan,nan,13,10
noise,realistic,alternating,10,0,10,40,8000,0.0514127,6.54201e-05,0.000167524,3.19753e-05,1.0154,7.78081,7.66993,1.1347,nan,0.605211,nan,0.194408,7.06898,7.67435,8.32149,True,0.875,0.0445133,0.0444699,0.0429233,0.0461722,5.84859e-05,5.83741e-05,5.57949e-05,6.13391e-05,0.000268721,0.000265599,0.000191538,0.000358192,3.088e-05,3.08977e-05,2.97217e-05,3.19692e-05,-0.00185557,3,10,0,0.0127662,0.0281471,1500,0,False,nan,nan,nan,nan,nan,nan,nan,nan,nan,nan,nan,nan,13,10
noise,realistic,alternating,10,0,11,20,8000,0.0514127,6.54201e-05,0.000167524,2.98955e-05,1.0154,3.93906,3.89342,0.451798,nan,0.338415,nan,0.145014,3.71959,4.02893,4.35457,True,0.75,0.0442511,0.0442294,0.0426589,0.0459217,5.86166e-05,5.85162e-05,5.598e-05,6.1538e-05,0.000282706,0.00027938,0.000196546,0.000378453,2.84706e-05,2.84939e-05,2.71923e-05,2.96315e-05,0.00633315,3,10,0,0.0123284,0.0279585,1561,2,False,nan,nan,nan,nan,nan,nan,nan,nan,nan,nan,nan,nan,13,10
noise,realistic,alternating,10,0,12,40,8000,0.0514127,6.54201e-05,0.000167524,2.89885e-05,1.0154,7.00005,6.85436,1.05427,nan,0.521614,nan,0.133258,6.34503,6.89214,7.45802,True,0.875,0.0442339,0.0442249,0.0426136,0.0459013,5.87066e-05,5.86326e-05,5.60826e-05,6.15558e-05,0.000287033,0.000283406,0.000199962,0.000385749,2.74399e-05,2.74555e-05,2.63912e-05,2.84045e-05,-0.0620351,3,10,0,0.0122011,0.0267329,1552,0,False,nan,nan,nan,nan,nan,nan,nan,nan,nan,nan,nan,nan,13,10
noise,realistic,alternating,10,0,13,20,8000,0.0514127,6.54201e-05,0.000167524,2.75795e-05,1.0154,3.67227,3.65975,0.382505,nan,0.300081,nan,0.0583111,3.33249,3.59482,3.87491,True,0.8125,0.0440677,0.0440705,0.0425707,0.0456675,5.86878e-05,5.86597e-05,5.60575e-05,6.14956e-05,0.00028555,0.000280659,0.00019295,0.000391277,2.60705e-05,2.60515e-05,2.50528e-05,2.71188e-05,-0.0298131,2,10,0,0.0118751,0.0259126,1638,1,False,nan,nan,nan,nan,nan,nan,nan,nan,nan,nan,nan,nan,13,10
noise,realistic,alternating,10,0,14,40,8000,0.0514127,6.54201e-05,0.000167524,2.71588e-05,1.0154,6.51164,6.57384,0.882516,nan,0.524473,nan,0.132747,5.86193,6.32418,6.81183,True,0.625,0.0440748,0.0440225,0.0426215,0.0456015,5.86991e-05,5.86876e-05,5.61465e-05,6.15139e-05,0.000248191,0.000245097,0.00017236,0.000337251,2.57493e-05,2.57619e-05,2.4823e-05,2.66605e-05,-0.00947316,3,10,0,0.0123597,0.0260362,1555,0,False,nan,nan,nan,nan,nan,nan,nan,nan,nan,nan,nan,nan,13,10
noise,realistic,alternating,10,0,15,20,8000,0.0514127,6.54201e-05,0.000167524,2.55831e-05,1.0154,3.36663,3.1727,0.356612,nan,0.277844,nan,0.142115,3.16893,3.41101,3.66355,True,0.6875,0.0441466,0.04414,0.0426215,0.0457394,5.86475e-05,5.85817e-05,5.60773e-05,6.14613e-05,0.000265848,0.000261115,0.000177829,0.000365138,2.40542e-05,2.40672e-05,2.3111e-05,2.50137e-05,0.000783971,3,10,0,0.0110039,0.0273281,1552,0,False,nan,nan,nan,nan,nan,nan,nan,nan,nan,nan,nan,nan,13,10
noise,realistic,alternating,10,0,16,40,8000,0.0514127,6.54201e-05,0.000167524,2.52552e-05,1.0154,6.14799,6.07156,0.770646,nan,0.557547,nan,0.148599,5.49456,5.91275,6.35607,True,0.625,0.0441065,0.0440503,0.0426274,0.0456313,5.86512e-05,5.85817e-05,5.60726e-05,6.14484e-05,0.000245567,0.000241717,0.00016672,0.000336232,2.37659e-05,2.37556e-05,2.29061e-05,2.46265e-05,0.0100759,3,10,0,0.0106548,0.0263985,1547,0,False,nan,nan,nan,nan,nan,nan,nan,nan,nan,nan,nan,nan,13,10
noise,realistic,alternating,10,0,17,20,8000,0.0514127,6.54201e-05,0.000167524,2.43123e-05,1.0154,3.21147,2.90226,0.33983,nan,0.283303,nan,0.0579479,2.93082,3.14878,3.37891,True,0.625,0.0440271,0.0439893,0.0425998,0.0455171,5.87209e-05,5.87736e-05,5.61157e-05,6.14177e-05,0.00026872,0.000263573,0.000180129,0.000373327,2.22025e-05,2.21849e-05,2.12705e-05,2.31533e-05,-0.0287469,3,10,0,0.0103058,0.0284965,1530,0,False,nan,nan,nan,nan,nan,nan,nan,nan,nan,nan,nan,nan,13,10
noise,realistic,alternating,10,0,18,40,8000,0.0514127,6.54201e-05,0.000167524,2.37982e-05,1.0154,5.60279,5.39353,0.763545,nan,0.47869,nan,0.214742,5.07662,5.48818,5.91067,True,0.75,0.0443021,0.044266,0.0428621,0.0458014,5.87217e-05,5.86669e-05,5.6112e-05,6.16158e-05,0.000256732,0.000251866,0.000171223,0.000356888,2.1557e-05,2.15344e-05,2.07157e-05,2.2399e-05,-0.0624408,3,10,0,0.0108668,0.0275931,1570,1,False,nan,nan,nan,nan,nan,nan,nan,nan,nan,nan,nan,nan,13,10
noise,realistic,alternating,10,0,19,20,8000,0.0514127,6.54201e-05,0.000167524,2.3459e-05,1.0154,3.13344,3.52528,0.344201,nan,0.382292,nan,0.10085,2.67385,2.86876,3.07766,False,0.5,0.0443647,0.0443858,0.0428014,0.0456964,5.86668e-05,5.8497e-05,5.58567e-05,6.16999e-05,0.000216167,0.000209543,0.000131846,0.000310751,2.19749e-05,2.18446e-05,2.07343e-05,2.37201e-05,0.148766,6,10,0.769322,0.010987,0.0341014,1098,0,False,nan,nan,nan,nan,nan,nan,nan,nan,nan,nan,nan,nan,13,10
noise,realistic,alternating,10,0,20,40,8000,0.0514127,6.54201e-05,0.000167524,2.27159e-05,1.0154,5.47034,5.27526,0.582777,nan,0.453532,nan,0.128986,4.97055,5.43348,6.03268,True,1,0.0444845,0.0444791,0.0429352,0.0458559,5.84312e-05,5.83831e-05,5.60365e-05,6.11086e-05,0.000235035,0.000228975,0.000152059,0.000341921,2.10854e-05,2.11336e-05,2.0219e-05,2.18059e-05,0.143113,3,10,0,0.00826191,0.0362001,1289,0,False,nan,nan,nan,nan,nan,nan,nan,nan,nan,nan,nan,nan,13,10
noise,realistic,alternating,10,1,1,20,8000,0.00263825,6.65061e-05,0.00017117,6.65061e-05,0.898797,9.00005,8.98293,2.26061,nan,3.55439,nan,0.128665,5.15002,8.01884,12.0142,True,1,0.00282654,0.0027895,0.00229695,0.0034618,6.88624e-05,6.86326e-05,6.20985e-05,7.56819e-05,0.000263977,0.000253557,0.000148927,0.000412077,6.88624e-05,6.86326e-05,6.20985e-05,7.56819e-05,0.0389003,10,10,0,0.0160551,0.0096154,1771,0,False,nan,nan,nan,nan,nan,nan,nan,nan,nan,nan,nan,nan,13,9
noise,realistic,alternating,10,1,2,40,8000,0.00263825,6.65061e-05,0.00017117,5.78696e-05,0.898797,13.9076,13.8131,3.35152,nan,2.21021,nan,0.502982,13.5222,15.9396,18.8326,True,0.875,0.00294899,0.00294263,0.00257173,0.0033408,6.32173e-05,6.31558e-05,6.04929e-05,6.61186e-05,0.000267649,0.000264665,0.00017853,0.000363883,5.82872e-05,5.83233e-05,5.65301e-05,5.99592e-05,-0.0233825,8,10,0,0.0156621,0.0108033,1903,0,False,nan,nan,nan,nan,nan,nan,nan,nan,nan,nan,nan,nan,13,9
noise,realistic,alternating,10,1,3,20,8000,0.00263825,6.65061e-05,0.00017117,4.9343e-05,0.898797,6.9132,6.95464,1.61548,nan,0.542467,nan,0.0806927,6.73322,7.41829,8.01769,True,0.6875,0.00307821,0.0030795,0.00272278,0.00343448,6.41512e-05,6.4176e-05,6.16207e-05,6.6644e-05,0.000317139,0.000320405,0.000220716,0.000411671,5.06649e-05,5.06147e-05,4.89366e-05,5.25363e-05,-0.000797851,4,10,0,0.0172768,0.00987592,1493,0,False,nan,nan,nan,nan,nan,nan,nan,nan,nan,nan,nan,nan,13,9
noise,realistic,alternating,10,1,4,40,8000,0.00263825,6.65061e-05,0.00017117,4.62422e-05,0.898797,11.19,11.0463,3.04753,nan,0.484074,nan,0.480385,10.6241,11.3542,12.3822,True,0.875,0.00298397,0.00297206,0.00269494,0.00331439,6.38729e-05,6.38681e-05,6.14859e-05,6.61426e-05,0.000299774,0.000300495,0.000209669,0.000387716,4.63296e-05,4.63424e-05,4.48352e-05,4.78405e-05,-0.0234126,4,10,0.908565,0.0205635,0.00961858,1452,0,True,nan,nan,nan,nan,nan,nan,nan,nan,nan,nan,nan,nan,13,9
noise,realistic,alternating,10,1,5,20,8000,0.00263825,6.65061e-05,0.00017117,4.12861e-05,0.898797,5.89777,5.96931,1.41576,nan,0.306551,nan,0.0888553,5.51508,5.9021,6.35722,True,0.875,0.00293938,0.00292973,0.0026645,0.00323864,6.3844e-05,6.38528e-05,6.16219e-05,6.59373e-05,0.00029424,0.000294001,0.000208384,0.000380598,4.19243e-05,4.18638e-05,4.05782e-05,4.33889e-05,0.0470415,3,10,0,0.0190859,0.00808224,1541,0,True,nan,nan,nan,nan,nan,nan,nan,nan,nan,nan,nan,nan,13,9
noise,realistic,alternating,10,1,6,40,8000,0.00263825,6.65061e-05,0.00017117,3.98345e-05,0.898797,10.0729,10.1716,2.63356,nan,0.62043,nan,0.0582367,9.06734,9.61054,10.3666,True,0.75,0.00305057,0.00304111,0.00278432,0.00334152,6.38597e-05,6.3929e-05,6.12924e-05,6.62048e-05,0.000248984,0.000248405,0.000178373,0.000326761,4.13737e-05,4.14009e-05,4.00009e-05,4.25895e-05,0.041272,5,10,0,0.0275851,0.0135568,1290,0,False,nan,nan,nan,nan,nan,nan,nan,nan,nan,nan,nan,nan,13,9
noise,realistic,alternating,10,1,7,20,8000,0.00263825,6.65061e-05,0.00017117,3.60781e-05,0.898797,5.10005,5.15542,1.21972,nan,0.390082,nan,0.128545,5.03239,5.42289,5.83558,True,0.5,0.00303265,0.00302266,0.00277229,0.00332135,6.40267e-05,6.40141e-05,6.15209e-05,6.64656e-05,0.000272208,0.000268367,0.00019211,0.000365449,3.7217e-05,3.72018e-05,3.57464e-05,3.88217e-05,0.0585784,3,10,0,0.0260938,0.016134,1396,0,False,nan,nan,nan,nan,nan,nan,nan,nan,nan,nan,nan,nan,13,9
noise,realistic,alternating,10,1,8,40,8000,0.00263825,6.65061e-05,0.00017117,3.52404e-05,0.898797,8.8254,8.43742,2.35617,nan,0.378611,nan,0.188199,8.12551,8.77518,9.49965,True,1,0.00312497,0.00312073,0.00288436,0.00337371,6.39656e-05,6.40055e-05,6.14592e-05,6.62037e-05,0.000316339,0.000314719,0.000223516,0.000421277,3.4855e-05,3.48462e-05,3.37298e-05,3.59573e-05,0.0050219,4,10,0,0.0232584,0.0151749,1365,0,False,nan,nan,nan,nan,nan,nan,nan,nan,nan,nan,nan,nan,13,9
noise,realistic,alternating,10,1,9,20,8000,0.00263825,6.65061e-05,0.00017117,3.28103e-05,0.898797,4.72762,4.75482,1.13168,nan,0.326928,nan,0.065982,4.20663,4.52752,4.86493,True,0.75,0.0030742,0.00306757,0.0028324,0.00332136,6.38065e-05,6.38421e-05,6.15138e-05,6.60267e-05,0.00031305,0.000308065,0.000214221,0.000424113,3.27132e-05,3.27081e-05,3.14073e-05,3.40204e-05,0.0353046,3,10,0.898194,0.0214338,0.0157321,1453,0,True,nan,nan,nan,nan,nan,nan,nan,nan,nan,nan,nan,nan,13,9
noise,realistic,alternating,10,1,10,40,8000,0.00263825,6.65061e-05,0.00017117,3.20118e-05,0.898797,8.22538,8.20626,2.10549,nan,0.685656,nan,0.0399306,7.14315,7.67251,8.29422,True,0.5,0.00302628,0.0030211,0.00281376,0.00325216,6.39005e-05,6.38999e-05,6.14526e-05,6.64111e-05,0.000268313,0.000263467,0.000188578,0.000362494,3.26848e-05,3.26854e-05,3.13993e-05,3.40135e-05,0.00761842,4,10,0.900567,0.0259077,0.0160258,1312,0,False,nan,nan,nan,nan,nan,nan,nan,nan,nan,nan,nan,nan,13,9
noise,realistic,alternating,10,1,11,20,8000,0.00263825,6.65061e-05,0.00017117,2.98881e-05,0.898797,4.27074,4.26424,1.02013,nan,0.22633,nan,0.031711,3.99501,4.32457,4.69252,True,0.9375,0.00300871,0.00299963,0.0028051,0.00323452,6.39058e-05,6.39165e-05,6.14471e-05,6.62881e-05,0.000270495,0.000266178,0.000188284,0.000374674,3.03558e-05,3.03677e-05,2.9183e-05,3.15569e-05,0.0245772,2,10,0,0.0243408,0.0159991,1543,0,True,nan,nan,nan,nan,nan,nan,nan,nan,nan,nan,nan,nan,13,9
noise,realistic,alternating,10,1,12,40,8000,0.00263825,6.65061e-05,0.00017117,2.98046e-05,0.898797,7.56829,7.59158,1.912,nan,0.507265,nan,0.139061,6.74761,7.26988,7.77675,True,0.625,0.00299245,0.00298866,0.00279709,0.00320536,6.40249e-05,6.40401e-05,6.15104e-05,6.64817e-05,0.00026042,0.00025381,0.000180709,0.000362171,3.0189e-05,3.02184e-05,2.90236e-05,3.12893e-05,-0.0408694,4,10,0,0.0263423,0.015101,1396,0,False,nan,nan,nan,nan,nan,nan,nan,nan,nan,nan,nan,nan,13,9
noise,realistic,alternating,10,1,13,20,8000,0.00263825,6.65061e-05,0.00017117,2.81419e-05,0.898797,4.02932,4.10917,0.969773,nan,0.227037,nan,0.0464429,3.73362,4.0285,4.32547,True,0.875,0.0030083,0.00300167,0.00281002,0.00322614,6.39927e-05,6.40615e-05,6.142e-05,6.63822e-05,0.000253109,0.000246551,0.000171084,0.000358297,2.86849e-05,2.86858e-05,2.75116e-05,2.98348e-05,0.0194039,2,10,0,0.0249042,0.013666,1585,0,False,nan,nan,nan,nan,nan,nan,nan,nan,nan,nan,nan,nan,13,9
noise,realistic,alternating,10,1,14,40,8000,0.00263825,6.65061e-05,0.00017117,2.83548e-05,0.898797,7.15657,7.14158,1.75588,nan,0.449925,nan,0.0327291,6.42262,6.91105,7.44214,True,0.75,0.00299942,0.00299267,0.00281132,0.0031996,6.41756e-05,6.42189e-05,6.16692e-05,6.65419e-05,0.000235945,0.000229167,0.000155164,0.000338012,2.84311e-05,2.84434e-05,2.74532e-05,2.93336e-05,0.0200279,3,10,0,0.0248388,0.0128463,1551,0,False,nan,nan,nan,nan,nan,nan,nan,nan,nan,nan,nan,nan,13,9
noise,realistic,alternating,10,1,15,20,8000,0.00263825,6.65061e-05,0.00017117,2.64848e-05,0.898797,3.84112,3.63542,0.944861,nan,0.211626,nan,0.0556774,3.57103,3.82242,4.08605,True,1,0.00300774,0.00300132,0.00282599,0.00319677,6.42441e-05,6.42944e-05,6.17515e-05,6.66354e-05,0.000249959,0.00024287,0.000164677,0.000356723,2.63388e-05,2.63606e-05,2.52455e-05,2.73458e-05,0.0358786,3,10,0,0.0244915,0.0143956,1561,0,False,nan,nan,nan,nan,nan,nan,nan,nan,nan,nan,nan,nan,13,9
noise,realistic,alternating,10,1,16,40,8000,0.00263825,6.65061e-05,0.00017117,2.61341e-05,0.898797,6.57987,6.48521,1.59891,nan,0.382904,nan,0.227881,5.94826,6.40932,6.87034,True,0.75,0.00303931,0.0030335,0.00286714,0.00322526,6.43589e-05,6.43871e-05,6.19348e-05,6.68268e-05,0.000244511,0.000238541,0.000158914,0.000350177,2.58791e-05,2.58843e-05,2.50444e-05,2.66674e-05,-0.00260535,3,10,0,0.0226779,0.0137863,1550,0,False,nan,nan,nan,nan,nan,nan,nan,nan,nan,nan,nan,nan,13,9
noise,realistic,alternating,10,1,17,20,8000,0.00263825,6.65061e-05,0.00017117,2.4733e-05,0.898797,3.56063,3.61261,0.886454,nan,0.232787,nan,0.0411184,3.26163,3.48287,3.72068,True,0.75,0.00304088,0.00303774,0.00286865,0.00322396,6.42939e-05,6.43417e-05,6.18445e-05,6.67123e-05,0.00023388,0.000226935,0.000149855,0.000347121,2.50218e-05,2.49985e-05,2.40674e-05,2.61064e-05,0.0161976,2,10,0,0.0216823,0.0136774,1670,0,False,nan,nan,nan,nan,nan,nan,nan,nan,nan,nan,nan,nan,13,9
noise,realistic,alternating,10,1,18,40,8000,0.00263825,6.65061e-05,0.00017117,2.49674e-05,0.898797,6.3684,6.37178,1.5405,nan,0.439643,nan,0.0365724,5.70988,6.12084,6.52217,True,0.625,0.00301985,0.00302099,0.00285188,0.00319693,6.43555e-05,6.44295e-05,6.18541e-05,6.66763e-05,0.000223387,0.000215091,0.000138615,0.000338538,2.50723e-05,2.50611e-05,2.42151e-05,2.59633e-05,-0.0356408,3,10,0,0.0218878,0.013234,1528,0,False,nan,nan,nan,nan,nan,nan,nan,nan,nan,nan,nan,nan,13,9
noise,realistic,alternating,10,1,19,20,8000,0.00263825,6.65061e-05,0.00017117,2.33783e-05,0.898797,3.38753,3.25564,0.859483,nan,0.203617,nan,0.0222657,3.19624,3.39932,3.6202,True,0.5625,0.00302594,0.00302532,0.00285581,0.00320463,6.43244e-05,6.43768e-05,6.16622e-05,6.66904e-05,0.000237804,0.000230989,0.00014445,0.000358128,2.36352e-05,2.36513e-05,2.26902e-05,2.45426e-05,0.0131358,2,10,0,0.0213275,0.0140761,1626,0,False,nan,nan,nan,nan,nan,nan,nan,nan,nan,nan,nan,nan,13,9
noise,realistic,alternating,10,1,20,40,8000,0.00263825,6.65061e-05,0.00017117,2.31604e-05,0.898797,6.00224,6.16427,1.45165,nan,0.412156,nan,0.136696,5.39369,5.80455,6.19845,True,0.625,0.00304679,0.00304429,0.00287046,0.00322711,6.43608e-05,6.44444e-05,6.17599e-05,6.67412e-05,0.000216992,0.000207135,0.000130121,0.000338806,2.39987e-05,2.4002e-05,2.31081e-05,2.4892e-05,-0.00873204,4,10,0,0.0210357,0.0146833,1451,0,False,nan,nan,nan,nan,nan,nan,nan,nan,nan,nan,nan,nan,13,9
noise,realistic,alternating,10,2,1,20,8000,0.000920037,5.18764e-05,0.000379041,5.18764e-05,0.988462,7.88271,8.10679,2.06242,nan,3.57885,nan,0.127511,5.33971,8.01244,12.0187,True,1,0.00160685,0.00159864,0.00116953,0.00214966,6.26485e-05,6.25153e-05,5.64314e-05,6.93206e-05,0.000350012,0.000339334,0.000183876,0.00055483,6.26485e-05,6.25153e-05,5.64314e-05,6.93206e-05,0.000598157,10,10,0,0.0171737,0.0104231,1802,0,False,nan,nan,nan,nan,nan,nan,nan,nan,nan,nan,nan,nan,13,6
noise,realistic,alternating,10,2,2,40,8000,0.000920037,5.18764e-05,0.000379041,4.151e-05,0.988462,11.229,11.1634,4.59394,nan,3.12592,nan,0.108683,12.0251,14.2272,16.8936,False,0,0.0012564,0.00124141,0.00105994,0.00151468,5.74314e-05,5.72022e-05,5.46747e-05,6.05267e-05,0.000567125,0.000563903,0.000415449,0.000726164,4.9716e-05,4.97084e-05,4.81593e-05,5.12588e-05,-0.0741967,10,10,0,0.0155899,0.00921336,1860,0,False,nan,nan,nan,nan,nan,nan,nan,nan,nan,nan,nan,nan,13,6
noise,realistic,alternating,10,2,3,20,8000,0.000920037,5.18764e-05,0.000379041,3.30542e-05,0.988462,5.30065,5.17589,2.16822,nan,0.609142,nan,0.15676,5.28346,5.86382,6.4644,True,0.5,0.0011858,0.00117425,0.00101153,0.00138643,5.96144e-05,5.96029e-05,5.66071e-05,6.26871e-05,0.000719235,0.000713078,0.000552233,0.000899096,3.86966e-05,3.86803e-05,3.70124e-05,4.04482e-05,-0.078676,5,10,0,0.020856,0.0152206,1371,0,False,nan,nan,nan,nan,nan,nan,nan,nan,nan,nan,nan,nan,13,6
noise,realistic,alternating,10,2,4,40,8000,0.000920037,5.18764e-05,0.000379041,3.04128e-05,0.988462,8.46216,8.2684,4.82123,nan,0.554152,nan,0.0632938,7.39259,8.03383,8.78202,True,0.8125,0.00117159,0.00116458,0.00101367,0.00135744,5.92239e-05,5.92932e-05,5.62921e-05,6.2116e-05,0.000617907,0.000615651,0.000483497,0.000759394,3.50197e-05,3.50023e-05,3.37372e-05,3.62322e-05,-0.00647824,4,10,0,0.0248723,0.0155853,1479,1,False,nan,nan,nan,nan,nan,nan,nan,nan,nan,nan,nan,nan,13,6
noise,realistic,alternating,10,2,5,20,8000,0.000920037,5.18764e-05,0.000379041,2.66927e-05,0.988462,4.32146,4.10892,2.05679,nan,0.223334,nan,0.0511894,3.87727,4.19825,4.55586,True,0.75,0.00114896,0.00114274,0.00100971,0.00130816,5.9272e-05,5.9352e-05,5.63137e-05,6.2047e-05,0.00064085,0.000639506,0.000481243,0.000806775,2.97687e-05,2.97329e-05,2.86063e-05,3.09837e-05,-0.00624882,2,10,0,0.0214291,0.0144779,1622,0,False,nan,nan,nan,nan,nan,nan,nan,nan,nan,nan,nan,nan,13,6
noise,realistic,alternating,10,2,6,40,8000,0.000920037,5.18764e-05,0.000379041,2.54151e-05,0.988462,7.22635,7.37854,4.38882,nan,0.740131,nan,0.120181,6.09686,6.56789,7.13547,False,0.5,0.0011175,0.001115,0.000992578,0.00125682,5.92445e-05,5.92728e-05,5.56084e-05,6.25834e-05,0.000574835,0.000568531,0.000421532,0.000746342,2.96124e-05,2.96504e-05,2.81473e-05,3.10609e-05,0.0854339,7,10,0,0.0350655,0.0271191,1140,0,False,nan,nan,nan,nan,nan,nan,nan,nan,nan,nan,nan,nan,13,6
noise,realistic,alternating,10,2,7,20,8000,0.000920037,5.18764e-05,0.000379041,2.2756e-05,0.988462,3.6212,3.69323,1.94819,nan,0.146031,nan,0.0915382,3.27951,3.64729,4.01993,True,1,0.00112185,0.00111961,0.00099357,0.00125639,5.92402e-05,5.93289e-05,5.56142e-05,6.24996e-05,0.000550779,0.000541826,0.00039651,0.000730936,2.62531e-05,2.63154e-05,2.47506e-05,2.76585e-05,0.067049,2,10,0,0.0350939,0.0227477,1506,0,False,nan,nan,nan,nan,nan,nan,nan,nan,nan,nan,nan,nan,13,6
noise,realistic,alternating,10,2,8,40,8000,0.000920037,5.18764e-05,0.000379041,2.16813e-05,0.988462,6.12151,6.08563,4.14052,nan,0.300282,nan,0.181412,5.42351,6.0487,6.65115,True,1,0.00115148,0.00114766,0.00101178,0.00131336,5.92532e-05,5.93743e-05,5.56215e-05,6.23312e-05,0.000503737,0.000497203,0.000362967,0.000667506,2.47559e-05,2.47611e-05,2.37849e-05,2.57187e-05,0.00806979,3,10,0,0.0332367,0.0193496,1525,0,False,nan,nan,nan,nan,nan,nan,nan,nan,nan,nan,nan,nan,13,6
noise,realistic,alternating,10,2,9,20,8000,0.000920037,5.18764e-05,0.000379041,2.02613e-05,0.988462,3.26981,3.30293,1.73826,nan,0.195415,nan,0.0615632,2.88826,3.16208,3.45075,True,0.875,0.00114526,0.00113879,0.00100741,0.00130919,5.91133e-05,5.92562e-05,5.55245e-05,6.22158e-05,0.000477619,0.00047301,0.000337901,0.000641844,2.29349e-05,2.289e-05,2.17452e-05,2.42005e-05,0.035089,2,10,0.938077,0.0323488,0.0185475,1671,1,True,nan,nan,nan,nan,nan,nan,nan,nan,nan,nan,nan,nan,13,6
noise,realistic,alternating,10,2,10,40,8000,0.000920037,5.18764e-05,0.000379041,1.97097e-05,0.988462,5.59361,5.40607,3.6702,nan,0.316614,nan,0.0863259,4.95732,5.40638,5.91891,True,1,0.00118941,0.00118039,0.0010418,0.0013772,5.91173e-05,5.92891e-05,5.57487e-05,6.19895e-05,0.000459928,0.000452235,0.000323322,0.000621879,2.19223e-05,2.19267e-05,2.10091e-05,2.28427e-05,0.0217615,3,10,0,0.0310974,0.0171901,1581,0,True,nan,nan,nan,nan,nan,nan,nan,nan,nan,nan,nan,nan,13,6
noise,realistic,alternating,10,2,11,20,8000,0.000920037,5.18764e-05,0.000379041,1.80602e-05,0.988462,3.0431,2.89581,1.52443,nan,0.232938,nan,0.0756936,2.62408,2.87569,3.12151,True,0.75,0.00117879,0.00117122,0.00103903,0.00135521,5.91348e-05,5.92643e-05,5.5732e-05,6.21349e-05,0.00045876,0.000449017,0.000317816,0.000630677,2.04383e-05,2.04295e-05,1.94607e-05,2.14836e-05,0.00148203,2,10,0,0.029103,0.0165206,1682,0,False,nan,nan,nan,nan,nan,nan,nan,nan,nan,nan,nan,nan,13,6
noise,realistic,alternating,10,2,12,40,8000,0.000920037,5.18764e-05,0.000379041,1.76951e-05,0.988462,5.21596,5.16102,3.24852,nan,0.421231,nan,0.141835,4.4783,4.89301,5.2998,True,0.625,0.00114357,0.00113773,0.00101164,0.00129738,5.9186e-05,5.93761e-05,5.57983e-05,6.22315e-05,0.00041013,0.000402373,0.000274857,0.000574015,2.0328e-05,2.03079e-05,1.94201e-05,2.12877e-05,0.00726003,3,10,0.788561,0.0282981,0.0179753,1603,0,False,nan,nan,nan,nan,nan,nan,nan,nan,nan,nan,nan,nan,13,6
noise,realistic,alternating,10,2,13,20,8000,0.000920037,5.18764e-05,0.000379041,1.63598e-05,0.988462,2.68811,2.70701,1.44906,nan,0.123497,nan,0.0116949,2.4745,2.69506,2.93832,True,1,0.00114375,0.00113828,0.00100876,0.00130159,5.92832e-05,5.94219e-05,5.59292e-05,6.21886e-05,0.000412789,0.000404806,0.000272397,0.000593441,1.90925e-05,1.9075e-05,1.81145e-05,2.01116e-05,0.017399,2,11.1628,0,0.0276377,0.016044,1660,0,False,nan,nan,nan,nan,nan,nan,nan,nan,nan,nan,nan,nan,13,6
noise,realistic,alternating,10,2,14,40,8000,0.000920037,5.18764e-05,0.000379041,1.62261e-05,0.988462,4.71948,4.90541,3.03012,nan,0.2445,nan,0.0763573,4.23935,4.63257,5.02758,True,1,0.0011242,0.0011235,0.00100267,0.00126059,5.93653e-05,5.95034e-05,5.59341e-05,6.23052e-05,0.000349936,0.000338058,0.000236766,0.000495943,1.91477e-05,1.91255e-05,1.8335e-05,2.00085e-05,0.0524912,3,10,0,0.0265548,0.0145694,1523,0,False,nan,nan,nan,nan,nan,nan,nan,nan,nan,nan,nan,nan,13,6
noise,realistic,alternating,10,2,15,20,8000,0.000920037,5.18764e-05,0.000379041,1.50611e-05,0.988462,2.50566,2.4827,1.31356,nan,0.139101,nan,0.0317937,2.37744,2.57839,2.78236,True,0.875,0.00112591,0.00112212,0.00100478,0.00126108,5.94036e-05,5.95543e-05,5.59916e-05,6.23049e-05,0.000354242,0.00034492,0.000235632,0.000509801,1.79805e-05,1.79829e-05,1.70989e-05,1.88389e-05,0.0558837,2,10,0,0.0244964,0.0145694,1653,0,False,nan,nan,nan,nan,nan,nan,nan,nan,nan,nan,nan,nan,13,6
noise,realistic,alternating,10,2,16,40,8000,0.000920037,5.18764e-05,0.000379041,1.48139e-05,0.988462,4.23383,4.21498,2.90445,nan,0.269384,nan,0.0803561,4.07596,4.42012,4.75612,True,0.6875,0.00110907,0.00110601,0.00098761,0.00124829,5.93033e-05,5.94186e-05,5.59376e-05,6.21874e-05,0.000377374,0.000372053,0.000245721,0.000535035,1.69989e-05,1.70145e-05,1.62193e-05,1.77276e-05,0.074206,3,10,0,0.0246246,0.0168361,1583,0,False,nan,nan,nan,nan,nan,nan,nan,nan,nan,nan,nan,nan,13,6
noise,realistic,alternating,10,2,17,20,8000,0.000920037,5.18764e-05,0.000379041,1.38501e-05,0.988462,2.27953,1.96883,1.24495,nan,0.106207,nan,0.0160277,2.11144,2.29979,2.47884,True,1,0.00110585,0.00109799,0.000987522,0.00124656,5.97071e-05,5.9873e-05,5.63144e-05,6.25427e-05,0.000433359,0.000419734,0.000264268,0.000640552,1.52825e-05,1.52761e-05,1.42658e-05,1.62273e-05,0.00518226,4,10,0,0.0326563,0.0136092,1414,0,False,nan,nan,nan,nan,nan,nan,nan,nan,nan,nan,nan,nan,13,6
noise,realistic,alternating,10,2,18,40,8000,0.000920037,5.18764e-05,0.000379041,1.3577e-05,0.988462,4.00779,4.24062,2.63271,nan,0.324903,nan,0.0395222,3.39401,3.7584,4.12645,True,0.625,0.00110854,0.0011022,0.000990531,0.00123834,5.90865e-05,5.92377e-05,5.49643e-05,6.22851e-05,0.000366153,0.000357145,0.000229435,0.00053194,1.59546e-05,1.59554e-05,1.51707e-05,1.67274e-05,-0.0181683,4,10,0,0.0242056,0.0279049,1382,1,False,nan,nan,nan,nan,nan,nan,nan,nan,nan,nan,nan,nan,13,6
noise,realistic,alternating,10,2,19,20,8000,0.000920037,5.18764e-05,0.000379041,1.28208e-05,0.988462,2.10541,1.95548,1.17691,nan,0.110757,nan,0.00764907,1.9518,2.14891,2.34811,True,1,0.00110114,0.00109962,0.000987322,0.00122542,5.90584e-05,5.91932e-05,5.52468e-05,6.21125e-05,0.000390692,0.000379244,0.000235089,0.000582331,1.48495e-05,1.48752e-05,1.39675e-05,1.56705e-05,0.0585953,3,10,0,0.0233696,0.0299746,1491,0,False,nan,nan,nan,nan,nan,nan,nan,nan,nan,nan,nan,nan,13,6
noise,realistic,alternating,10,2,20,40,8000,0.000920037,5.18764e-05,0.000379041,1.24631e-05,0.988462,3.59043,3.63894,2.58513,nan,0.201324,nan,0.114684,3.36764,3.69405,4.0394,True,1,0.00110145,0.00110097,0.000987859,0.00121814,5.90506e-05,5.91851e-05,5.54757e-05,6.22265e-05,0.000395087,0.000386998,0.000241701,0.000586611,1.44282e-05,1.44548e-05,1.37284e-05,1.50983e-05,0.0477933,2,10,0,0.0220189,0.0291714,1659,0,False,nan,nan,nan,nan,nan,nan,nan,nan,nan,nan,nan,nan,13,6
noise,realistic,alternating,10,3,1,20,8000,1.25621,5.0914e-05,0.000416065,5.0914e-05,1.04232,5.40116,5.43572,6.32856,nan,3.88689,nan,0.0925468,5.22723,7.86345,12.0172,True,0.625,1.0274,1.02503,0.947826,1.10547,4.14285e-05,4.13498e-05,3.70959e-05,4.6148e-05,0.000338334,0.000317058,0.000174086,0.000569056,4.14285e-05,4.13498e-05,3.70959e-05,4.6148e-05,-0.10021,12,10,0,0.0147983,0.0108447,1810,0,False,nan,nan,nan,nan,nan,nan,nan,nan,nan,nan,nan,nan,13,7
noise,realistic,alternating,10,3,2,40,8000,1.25621,5.0914e-05,0.000416065,4.21745e-05,1.04232,7.76072,7.95777,10.0221,nan,3.31936,nan,0.215262,8.67632,10.2972,12.3474,False,0,1.05082,1.0518,1.0095,1.08922,3.60575e-05,3.59338e-05,3.45224e-05,3.7975e-05,0.000451993,0.000450372,0.000277479,0.000627499,3.31094e-05,3.30797e-05,3.19631e-05,3.43401e-05,-0.194127,10,10,0,0.0201426,0.0098802,1896,0,False,nan,nan,nan,nan,nan,nan,nan,nan,nan,nan,nan,nan,13,7
noise,realistic,alternating,10,3,3,20,8000,1.25621,5.0914e-05,0.000416065,3.49487e-05,1.04232,3.79167,3.75706,5.09338,nan,1.01566,nan,0.109055,4.02644,4.48217,4.88988,False,0.0625,1.01575,1.01504,0.980847,1.0564,3.83505e-05,3.85351e-05,3.57362e-05,4.04505e-05,0.000623472,0.00061814,0.000429039,0.000845863,2.64989e-05,2.63992e-05,2.50946e-05,2.84365e-05,-0.218808,9,10,0,0.044016,0.0161418,1312,0,False,nan,nan,nan,nan,nan,nan,nan,nan,nan,nan,nan,nan,13,7
noise,realistic,alternating,10,3,4,40,8000,1.25621,5.0914e-05,0.000416065,3.20349e-05,1.04232,6.09217,6.13973,8.7264,nan,0.65849,nan,0.291928,5.59614,6.19241,6.93149,True,0.875,1.04667,1.0465,1.01333,1.07965,3.84138e-05,3.84707e-05,3.61363e-05,4.04772e-05,0.000741834,0.000738772,0.000540623,0.000952473,2.47877e-05,2.47828e-05,2.37679e-05,2.58581e-05,-0.192346,5,10,0,0.0415856,0.0183064,1491,1,False,nan,nan,nan,nan,nan,nan,nan,nan,nan,nan,nan,nan,13,7
noise,realistic,alternating,10,3,5,20,8000,1.25621,5.0914e-05,0.000416065,2.82575e-05,1.04232,3.12789,2.92326,4.38534,nan,0.36335,nan,0.117377,2.71567,3.02094,3.34342,True,0.875,1.04448,1.04384,1.01165,1.07715,3.85392e-05,3.86209e-05,3.62193e-05,4.0585e-05,0.000777973,0.000772518,0.000560955,0.0010157,2.13806e-05,2.13646e-05,2.04e-05,2.23943e-05,-0.156872,3,10,0,0.0405266,0.0174256,1642,0,False,nan,nan,nan,nan,nan,nan,nan,nan,nan,nan,nan,nan,13,7
noise,realistic,alternating,10,3,6,40,8000,1.25621,5.0914e-05,0.000416065,2.65846e-05,1.04232,5.29653,5.32333,7.61139,nan,0.668671,nan,0.130337,4.58727,5.01762,5.51496,True,0.75,1.0407,1.04035,1.01025,1.07149,3.86234e-05,3.87732e-05,3.61104e-05,4.06005e-05,0.000719503,0.000714263,0.000518602,0.000934596,2.07994e-05,2.08056e-05,1.9903e-05,2.16584e-05,-0.113076,4,10,0,0.0416692,0.016228,1593,0,False,nan,nan,nan,nan,nan,nan,nan,nan,nan,nan,nan,nan,13,7
noise,realistic,alternating,10,3,7,20,8000,1.25621,5.0914e-05,0.000416065,2.45542e-05,1.04232,2.75945,2.7643,3.87135,nan,0.41455,nan,0.105042,2.32363,2.58757,2.85321,True,0.625,1.04252,1.04225,1.01148,1.07226,3.84849e-05,3.86729e-05,3.61206e-05,4.03181e-05,0.00068649,0.000675312,0.000485927,0.000921037,1.94109e-05,1.94162e-05,1.83603e-05,2.03559e-05,-0.105208,3,10,0,0.0418457,0.0138854,1655,0,False,nan,nan,nan,nan,nan,nan,nan,nan,nan,nan,nan,nan,13,7
noise,realistic,alternating,10,3,8,40,8000,1.25621,5.0914e-05,0.000416065,2.31582e-05,1.04232,4.61201,4.66342,6.80623,nan,0.514522,nan,0.171744,4.20984,4.66487,5.10258,True,0.875,1.03883,1.03903,1.01182,1.06802,3.8524e-05,3.87016e-05,3.60309e-05,4.04068e-05,0.000623474,0.000611479,0.000450421,0.000831821,1.84032e-05,1.84175e-05,1.76515e-05,1.9149e-05,-0.0963833,3,10,0,0.0412068,0.0122928,1656,0,False,nan,nan,nan,nan,nan,nan,nan,nan,nan,nan,nan,nan,13,7
noise,realistic,alternating,10,3,9,20,8000,1.25621,5.0914e-05,0.000416065,2.1623e-05,1.04232,2.44189,2.59741,3.46462,nan,0.309906,nan,0.0736395,2.17118,2.37293,2.59983,True,0.75,1.03386,1.03354,1.0068,1.06352,3.85868e-05,3.8725e-05,3.62982e-05,4.03094e-05,0.000631691,0.000614884,0.000448345,0.000864744,1.70754e-05,1.70544e-05,1.62439e-05,1.79338e-05,-0.105992,2,10,0,0.040387,0.0113743,1727,0,False,nan,nan,nan,nan,nan,nan,nan,nan,nan,nan,nan,nan,13,7
noise,realistic,alternating,10,3,10,40,8000,1.25621,5.0914e-05,0.000416065,2.11243e-05,1.04232,4.25258,4.4494,6.11191,nan,0.514165,nan,0.114511,3.8144,4.16777,4.58107,True,0.875,1.02595,1.02522,1.00045,1.05298,3.85733e-05,3.86873e-05,3.62041e-05,4.02889e-05,0.000574761,0.000565272,0.000406437,0.000783472,1.6471e-05,1.64626e-05,1.58129e-05,1.71043e-05,-0.128295,4,10,0,0.0394319,0.0108117,1579,0,False,nan,nan,nan,nan,nan,nan,nan,nan,nan,nan,nan,nan,13,7
noise,realistic,alternating,10,3,11,20,8000,1.25621,5.0914e-05,0.000416065,1.98351e-05,1.04232,2.2598,2.21877,3.14416,nan,0.309375,nan,0.0471565,1.99142,2.17226,2.37001,True,0.625,1.02537,1.02465,1,1.05269,3.86612e-05,3.88005e-05,3.62951e-05,4.03882e-05,0.000603651,0.000585569,0.000417824,0.000856847,1.50041e-05,1.50088e-05,1.42146e-05,1.57726e-05,-0.088222,2,11.3863,0,0.0396809,0.0110936,1741,0,False,nan,nan,nan,nan,nan,nan,nan,nan,nan,nan,nan,nan,13,7
noise,realistic,alternating,10,3,12,40,8000,1.25621,5.0914e-05,0.000416065,1.91662e-05,1.04232,3.82889,3.85731,5.58611,nan,0.499688,nan,0.135068,3.3803,3.72178,4.06638,True,0.75,1.02234,1.02182,0.996465,1.04888,3.86784e-05,3.88597e-05,3.62626e-05,4.0394e-05,0.00051044,0.000501249,0.000354807,0.0007002,1.48029e-05,1.47943e-05,1.42194e-05,1.54343e-05,-0.124551,3,10,0,0.0385259,0.0110254,1658,0,False,nan,nan,nan,nan,nan,nan,nan,nan,nan,nan,nan,nan,13,7
noise,realistic,alternating,10,3,13,20,8000,1.25621,5.0914e-05,0.000416065,1.82399e-05,1.04232,2.09131,2.07567,2.87752,nan,0.323509,nan,0.0888476,1.81441,1.97733,2.16303,True,0.625,1.02405,1.02358,0.998086,1.05035,3.85555e-05,3.8713e-05,3.61368e-05,4.02697e-05,0.000483253,0.000470935,0.000320586,0.00067908,1.44513e-05,1.44571e-05,1.37016e-05,1.52281e-05,-0.0604433,2,10,0,0.0383589,0.010309,1773,0,False,nan,nan,nan,nan,nan,nan,nan,nan,nan,nan,nan,nan,13,7
noise,realistic,alternating,10,3,14,40,8000,1.25621,5.0914e-05,0.000416065,1.77694e-05,1.04232,3.60378,3.78879,5.08654,nan,0.43268,nan,0.0998663,3.32172,3.62801,3.98531,True,0.8125,1.02048,1.0204,0.995541,1.04539,3.86465e-05,3.87955e-05,3.62559e-05,4.03125e-05,0.0004699,0.000459327,0.000302858,0.000670042,1.40558e-05,1.40517e-05,1.34624e-05,1.46608e-05,-0.0634522,3,10,0,0.0373706,0.00928367,1659,0,False,nan,nan,nan,nan,nan,nan,nan,nan,nan,nan,nan,nan,13,7
noise,realistic,alternating,10,3,15,20,8000,1.25621,5.0914e-05,0.000416065,1.704e-05,1.04232,1.92777,2.03717,2.65781,nan,0.259432,nan,0.0668233,1.75303,1.90396,2.06161,True,0.6875,1.01931,1.0192,0.993522,1.04441,3.86447e-05,3.88028e-05,3.63334e-05,4.02036e-05,0.00046595,0.00045475,0.000294735,0.000682839,1.34289e-05,1.34093e-05,1.27721e-05,1.41356e-05,-0.0652569,2,10,0,0.0365357,0.00855832,1769,0,False,nan,nan,nan,nan,nan,nan,nan,nan,nan,nan,nan,nan,13,7
noise,realistic,alternating,10,3,16,40,8000,1.25621,5.0914e-05,0.000416065,1.66135e-05,1.04232,3.37083,3.50952,4.69653,nan,0.414424,nan,0.0981334,3.11098,3.38733,3.70532,True,0.8125,1.01699,1.01732,0.992601,1.04097,3.86658e-05,3.87991e-05,3.65137e-05,4.02472e-05,0.000435719,0.000423591,0.000269217,0.000656548,1.32138e-05,1.32144e-05,1.26632e-05,1.37756e-05,-0.083234,2,10,0,0.0356494,0.00864808,1802,0,False,nan,nan,nan,nan,nan,nan,nan,nan,nan,nan,nan,nan,13,7
noise,realistic,alternating,10,3,17,20,8000,1.25621,5.0914e-05,0.000416065,1.60363e-05,1.04232,1.79454,1.58654,2.47177,nan,0.245933,nan,0.038114,1.66729,1.80069,1.95193,True,0.5625,1.02018,1.02046,0.99681,1.04406,3.87156e-05,3.88113e-05,3.65342e-05,4.02553e-05,0.000446618,0.000429487,0.000276404,0.000681164,1.24238e-05,1.24325e-05,1.1788e-05,1.30657e-05,-0.0567299,2,10,0,0.0352787,0.00841844,1807,1,False,nan,nan,nan,nan,nan,nan,nan,nan,nan,nan,nan,nan,13,7
noise,realistic,alternating,10,3,18,40,8000,1.25621,5.0914e-05,0.000416065,1.54379e-05,1.04232,3.14481,3.31866,4.36192,nan,0.397714,nan,0.103926,2.8882,3.15891,3.43811,True,0.75,1.02236,1.02229,0.998514,1.0465,3.86906e-05,3.87794e-05,3.66616e-05,4.02756e-05,0.000415181,0.00040115,0.000255991,0.00062709,1.22208e-05,1.22234e-05,1.16527e-05,1.27666e-05,-0.110653,2,10,0.812432,0.0338488,0.00874062,1808,0,False,nan,nan,nan,nan,nan,nan,nan,nan,nan,nan,nan,nan,13,7
noise,realistic,alternating,10,3,19,20,8000,1.25621,5.0914e-05,0.000416065,1.48833e-05,1.04232,1.69685,1.67883,2.30081,nan,0.230441,nan,0.0510279,1.54353,1.67426,1.81924,True,0.6875,1.02294,1.02274,0.998898,1.04709,3.87086e-05,3.87833e-05,3.67287e-05,4.0276e-05,0.000413151,0.000393623,0.00025454,0.00063417,1.16775e-05,1.16807e-05,1.10113e-05,1.23154e-05,-0.078726,1,11.4435,0,0.0329989,0.00845871,1928,0,False,nan,nan,nan,nan,nan,nan,nan,nan,nan,nan,nan,nan,13,7
noise,realistic,alternating,10,3,20,40,8000,1.25621,5.0914e-05,0.000416065,1.46131e-05,1.04232,2.92622,2.80983,4.08787,nan,0.362628,nan,0.0789541,2.7389,2.98268,3.23151,True,0.5,1.02609,1.02629,1.00284,1.05087,3.86838e-05,3.87716e-05,3.67268e-05,4.02285e-05,0.000436623,0.000421189,0.000258904,0.000681668,1.11052e-05,1.10943e-05,1.06036e-05,1.16199e-05,-0.0472427,3,10,0,0.0337229,0.00787781,1732,1,False,nan,nan,nan,nan,nan,nan,nan,nan,nan,nan,nan,nan,13,7
noise,realistic,alternating,10,4,1,20,8000,0.163498,0.000104092,0.000257282,0.000104092,0.986914,11.1609,10.9493,4.92317,nan,3.64845,nan,0.35411,5.36858,7.89056,11.553,True,0.75,0.145693,0.145416,0.140056,0.151443,8.65723e-05,8.66553e-05,7.67629e-05,9.52569e-05,0.000436843,0.00043427,0.000302123,0.000588082,8.65723e-05,8.66553e-05,7.67629e-05,9.52569e-05,-0.0421542,14,10,0,0.0156244,0.0094356,1746,0,False,nan,nan,nan,nan,nan,nan,nan,nan,nan,nan,nan,nan,13,6
noise,realistic,alternating,10,4,2,40,8000,0.163498,0.000104092,0.000257282,8.34682e-05,0.986914,16.5734,16.7265,3.16028,nan,1.75171,nan,0.375743,14.873,17.7503,21.2117,True,1,0.139537,0.139536,0.136201,0.143191,8.30622e-05,8.27422e-05,7.93412e-05,8.72924e-05,0.000423759,0.000423378,0.00035653,0.000489636,7.17842e-05,7.16717e-05,6.93673e-05,7.44012e-05,-0.108963,8,10,1.0047,0.01638,0.0104001,1854,0,True,nan,nan,nan,nan,nan,nan,nan,nan,nan,nan,nan,nan,13,6
noise,realistic,alternating,10,4,3,20,8000,0.163498,0.000104092,0.000257282,6.53795e-05,0.986914,7.63571,7.74077,2.65153,nan,0.575884,nan,0.203519,7.16294,7.80533,8.44227,True,0.875,0.140068,0.140039,0.136893,0.143475,8.33684e-05,8.32407e-05,8.03904e-05,8.68002e-05,0.00045359,0.000451881,0.000371253,0.000541384,5.76007e-05,5.75529e-05,5.58812e-05,5.93166e-05,-0.0808989,3,10,0,0.0140747,0.00873938,1711,0,True,nan,nan,nan,nan,nan,nan,nan,nan,nan,nan,nan,nan,13,6
noise,realistic,alternating,10,4,4,40,8000,0.163498,0.000104092,0.000257282,5.95358e-05,0.986914,12.4507,12.3297,1.74319,nan,0.838386,nan,0.280804,11.57,12.375,13.237,True,0.875,0.141492,0.141538,0.138236,0.144517,8.31353e-05,8.30794e-05,8.04167e-05,8.61485e-05,0.000441046,0.00044024,0.000366392,0.000513075,5.14007e-05,5.13505e-05,5.01487e-05,5.28288e-05,-0.0149605,4,10,1.01459,0.0124404,0.00643669,1557,0,True,nan,nan,nan,nan,nan,nan,nan,nan,nan,nan,nan,nan,13,6
noise,realistic,alternating,10,4,5,20,8000,0.163498,0.000104092,0.000257282,5.20603e-05,0.986914,6.24966,6.20998,2.05138,nan,0.614251,nan,0.172066,5.57129,5.93305,6.3149,True,0.625,0.141811,0.141792,0.138891,0.144816,8.26274e-05,8.25731e-05,8.00455e-05,8.54343e-05,0.000400434,0.00039827,0.000319999,0.00049296,4.46454e-05,4.45941e-05,4.34877e-05,4.59461e-05,-0.0312696,4,10,0,0.0128594,0.00683712,1448,0,True,nan,nan,nan,nan,nan,nan,nan,nan,nan,nan,nan,nan,13,6
noise,realistic,alternating,10,4,6,40,8000,0.163498,0.000104092,0.000257282,4.76925e-05,0.986914,10.0166,9.91882,1.66777,nan,0.781269,nan,0.390297,9.5676,10.076,10.7074,True,0.5,0.140633,0.140575,0.138018,0.143532,8.25267e-05,8.24919e-05,8.01424e-05,8.50856e-05,0.000400792,0.000399616,0.000324607,0.000481279,4.096e-05,4.09494e-05,4.00896e-05,4.18334e-05,-0.0383699,3,10,0,0.0113228,0.00562211,1551,1,False,nan,nan,nan,nan,nan,nan,nan,nan,nan,nan,nan,nan,13,6
noise,realistic,alternating,10,4,7,20,8000,0.163498,0.000104092,0.000257282,4.32315e-05,0.986914,5.15243,5.16091,1.69933,nan,0.450705,nan,0.0774005,4.78743,5.02746,5.28025,True,0.375,0.14095,0.140893,0.138385,0.143852,8.23552e-05,8.22875e-05,8.00976e-05,8.48095e-05,0.00038395,0.000381311,0.000300296,0.00047822,3.67543e-05,3.67197e-05,3.5769e-05,3.77963e-05,-0.0112826,2,11.0133,0,0.0114076,0.00557789,1710,0,False,nan,nan,nan,nan,nan,nan,nan,nan,nan,nan,nan,nan,13,6
noise,realistic,alternating,10,4,8,40,8000,0.163498,0.000104092,0.000257282,4.14314e-05,0.986914,8.95684,9.01173,1.48069,nan,0.922827,nan,0.240243,8.0861,8.50519,8.96954,True,0.375,0.139833,0.139801,0.137539,0.142456,8.24393e-05,8.24097e-05,8.00181e-05,8.46884e-05,0.00031309,0.000308811,0.000243928,0.000394192,3.58425e-05,3.58191e-05,3.49682e-05,3.67998e-05,-0.107911,5,10,0,0.0136164,0.00695376,1354,0,False,nan,nan,nan,nan,nan,nan,nan,nan,nan,nan,nan,nan,13,6
noise,realistic,alternating,10,4,9,20,8000,0.163498,0.000104092,0.000257282,3.82538e-05,0.986914,4.7268,5.04409,1.49385,nan,0.461964,nan,0.181175,4.37204,4.60417,4.83473,True,0.5,0.139318,0.13919,0.137047,0.141971,8.2269e-05,8.22982e-05,7.99362e-05,8.44431e-05,0.000286099,0.000283635,0.000211723,0.0003701,3.42379e-05,3.42087e-05,3.30705e-05,3.54715e-05,-0.037362,5,10,0,0.0182549,0.00673777,1246,0,False,nan,nan,nan,nan,nan,nan,nan,nan,nan,nan,nan,nan,13,6
noise,realistic,alternating,10,4,10,40,8000,0.163498,0.000104092,0.000257282,3.651e-05,0.986914,7.97077,7.98355,1.36905,nan,0.753757,nan,0.140931,7.72998,8.14569,8.65643,True,0.25,0.139187,0.139101,0.136927,0.141809,8.22546e-05,8.2267e-05,7.993e-05,8.45514e-05,0.000284015,0.000279907,0.000212766,0.000371681,3.23015e-05,3.22957e-05,3.14723e-05,3.31539e-05,-0.0505765,2,10,0.896884,0.0151993,0.00698914,1545,0,True,nan,nan,nan,nan,nan,nan,nan,nan,nan,nan,nan,nan,13,6
noise,realistic,alternating,10,4,11,20,8000,0.163498,0.000104092,0.000257282,3.44208e-05,0.986914,4.24365,4.00139,1.355,nan,0.395867,nan,0.152026,4.03116,4.25143,4.47512,True,0.25,0.139198,0.139159,0.136883,0.141768,8.23427e-05,8.23275e-05,7.99838e-05,8.46109e-05,0.000303577,0.000297598,0.000220822,0.000408481,2.97466e-05,2.97733e-05,2.87282e-05,3.0783e-05,-0.0910176,2,10,0.89696,0.0156665,0.00625858,1633,0,False,nan,nan,nan,nan,nan,nan,nan,nan,nan,nan,nan,nan,13,6
noise,realistic,alternating,10,4,12,40,8000,0.163498,0.000104092,0.000257282,3.40925e-05,0.986914,7.37881,7.52204,1.23535,nan,0.763421,nan,0.257723,6.72266,7.13701,7.55078,True,0.375,0.139129,0.139099,0.136833,0.141732,8.24167e-05,8.23879e-05,8.01855e-05,8.47174e-05,0.000255509,0.000251857,0.000185523,0.000337545,2.96092e-05,2.96137e-05,2.87983e-05,3.03995e-05,-0.0836276,4,10.9608,0,0.0139807,0.00725109,1418,0,False,nan,nan,nan,nan,nan,nan,nan,nan,nan,nan,nan,nan,13,6
noise,realistic,alternating,10,4,13,20,8000,0.163498,0.000104092,0.000257282,3.20849e-05,0.986914,3.90516,3.57846,1.27924,nan,0.391293,nan,0.068335,3.73526,3.94482,4.14099,True,0.25,0.139194,0.139132,0.136888,0.141695,8.26248e-05,8.25893e-05,8.01053e-05,8.52052e-05,0.000286195,0.000280477,0.000200192,0.000390145,2.7124e-05,2.71316e-05,2.60095e-05,2.80749e-05,-0.0802002,3,10,0.786719,0.0146049,0.00980629,1517,0,False,nan,nan,nan,nan,nan,nan,nan,nan,nan,nan,nan,nan,13,6
noise,realistic,alternating,10,4,14,40,8000,0.163498,0.000104092,0.000257282,3.11546e-05,0.986914,6.77958,7.03839,1.14937,nan,0.710469,nan,0.162833,6.19078,6.60778,6.99652,True,0.4375,0.138452,0.138418,0.136192,0.140801,8.26107e-05,8.2652e-05,8.01771e-05,8.50415e-05,0.000234603,0.000229794,0.000173461,0.00031144,2.72187e-05,2.72174e-05,2.63755e-05,2.79965e-05,-0.0364435,4,10,0,0.011984,0.0114585,1374,0,False,nan,nan,nan,nan,nan,nan,nan,nan,nan,nan,nan,nan,13,6
noise,realistic,alternating,10,4,15,20,8000,0.163498,0.000104092,0.000257282,3.01395e-05,0.986914,3.63534,3.50499,1.21588,nan,0.378146,nan,0.0912244,3.43903,3.64763,3.83203,True,0.1875,0.138409,0.138358,0.136185,0.140762,8.26582e-05,8.26626e-05,8.02654e-05,8.50609e-05,0.000241619,0.000236553,0.000174633,0.000329196,2.57595e-05,2.57615e-05,2.49251e-05,2.65793e-05,-0.0416313,2,10,0,0.0114216,0.0119351,1562,1,False,nan,nan,nan,nan,nan,nan,nan,nan,nan,nan,nan,nan,13,6
noise,realistic,alternating,10,4,16,40,8000,0.163498,0.000104092,0.000257282,2.99296e-05,0.986914,6.47956,6.3694,1.03269,nan,0.661946,nan,0.227921,6.0013,6.3551,6.71907,True,0.125,0.138304,0.138274,0.136018,0.140717,8.27555e-05,8.27727e-05,8.04174e-05,8.49948e-05,0.000245725,0.000240152,0.000172929,0.000336943,2.51595e-05,2.51629e-05,2.4471e-05,2.58261e-05,-0.0252232,2,10,0,0.0111547,0.0107453,1641,0,False,nan,nan,nan,nan,nan,nan,nan,nan,nan,nan,nan,nan,13,6
noise,realistic,alternating,10,4,17,20,8000,0.163498,0.000104092,0.000257282,2.84498e-05,0.986914,3.46415,3.69815,1.15746,nan,0.38299,nan,0.0592412,3.18873,3.3764,3.5476,True,0.25,0.138781,0.138803,0.13655,0.141222,8.2496e-05,8.25072e-05,8.01541e-05,8.49513e-05,0.000219458,0.0002141,0.000151504,0.000308576,2.45741e-05,2.45558e-05,2.37565e-05,2.54664e-05,0.0094988,3,10,0.816479,0.0109267,0.0112604,1548,1,False,nan,nan,nan,nan,nan,nan,nan,nan,nan,nan,nan,nan,13,6
noise,realistic,alternating,10,4,18,40,8000,0.163498,0.000104092,0.000257282,2.7904e-05,0.986914,6.03942,6.21355,0.961125,nan,0.622025,nan,0.0540157,5.77294,6.07714,6.42808,True,0.125,0.138851,0.138803,0.136655,0.141291,8.25679e-05,8.25506e-05,8.02582e-05,8.49863e-05,0.000195977,0.000191461,0.000137491,0.000267035,2.42773e-05,2.42799e-05,2.36373e-05,2.49358e-05,0.0316972,2,10,0,0.0103736,0.0109545,1635,0,False,nan,nan,nan,nan,nan,nan,nan,nan,nan,nan,nan,nan,13,6
noise,realistic,alternating,10,4,19,20,8000,0.163498,0.000104092,0.000257282,2.64142e-05,0.986914,3.19652,3.10928,1.08029,nan,0.351548,nan,0.065304,3.1462,3.30446,3.47196,True,0.375,0.139067,0.139019,0.13685,0.141374,8.26147e-05,8.25695e-05,8.01944e-05,8.50601e-05,0.000208218,0.000204047,0.000142341,0.0002894,2.31842e-05,2.31826e-05,2.24765e-05,2.38915e-05,0.0316628,2,10,0,0.0102683,0.011292,1664,0,False,nan,nan,nan,nan,nan,nan,nan,nan,nan,nan,nan,nan,13,6
noise,realistic,alternating,10,4,20,40,8000,0.163498,0.000104092,0.000257282,2.59921e-05,0.986914,5.60654,5.68106,0.914748,nan,0.60215,nan,0.0902443,5.49314,5.77085,6.06724,True,0.25,0.13899,0.138974,0.136808,0.141324,8.26874e-05,8.26831e-05,8.02868e-05,8.50447e-05,0.000223562,0.000219124,0.000150434,0.000308683,2.24388e-05,2.24319e-05,2.18422e-05,2.30481e-05,-0.0172248,3,10,0,0.0101909,0.0105588,1561,0,False,nan,nan,nan,nan,nan,nan,nan,nan,nan,nan,nan,nan,13,6
noise,realistic,alternating,10,5,1,20,8000,0.134883,6.06557e-05,0.000305899,6.06557e-05,0.977434,7.01517,6.98869,1.87706,nan,2.22218,nan,0.240965,5.24038,7.83109,11.7197,True,1,0.111047,0.111513,0.104044,0.118752,5.38081e-05,5.37673e-05,4.85541e-05,5.9499e-05,0.000315986,0.000299168,0.000164017,0.000526741,5.38081e-05,5.37673e-05,4.85541e-05,5.9499e-05,0.0218467,11,10,0,0.0179188,0.0115058,1811,0,False,nan,nan,nan,nan,nan,nan,nan,nan,nan,nan,nan,nan,13,7
noise,realistic,alternating,10,5,2,40,8000,0.134883,6.06557e-05,0.000305899,5.08818e-05,0.977434,10.0936,10.1097,4.4734,nan,2.86251,nan,0.290655,10.8,12.7587,15.1281,False,0,0.115233,0.115067,0.109762,0.12157,4.90721e-05,4.88574e-05,4.65383e-05,5.22496e-05,0.000510363,0.000503654,0.00035277,0.000689377,4.37864e-05,4.37831e-05,4.21523e-05,4.53823e-05,-0.0818118,9,10,0.991143,0.017554,0.0117158,1852,0,True,nan,nan,nan,nan,nan,nan,nan,nan,nan,nan,nan,nan,13,7
noise,realistic,alternating,10,5,3,20,8000,0.134883,6.06557e-05,0.000305899,4.17153e-05,0.977434,4.89058,4.80684,2.23991,nan,0.582613,nan,0.157002,4.74161,5.30061,5.82364,True,0.75,0.119493,0.119559,0.113855,0.124964,5.01503e-05,5.01258e-05,4.72519e-05,5.32133e-05,0.000593905,0.000590555,0.000432621,0.000757851,3.59265e-05,3.58304e-05,3.42784e-05,3.80457e-05,-0.0265178,6,10,0,0.024752,0.0200845,1217,0,True,nan,nan,nan,nan,nan,nan,nan,nan,nan,nan,nan,nan,13,7
noise,realistic,alternating,10,5,4,40,8000,0.134883,6.06557e-05,0.000305899,3.90719e-05,0.977434,8.25565,8.36276,4.25727,nan,0.696779,nan,0.269629,7.22213,7.85684,8.73495,True,0.75,0.119049,0.119136,0.114268,0.123927,5.01998e-05,5.01984e-05,4.71072e-05,5.34028e-05,0.000536773,0.000531967,0.000404038,0.000684447,3.41419e-05,3.41317e-05,3.27692e-05,3.5516e-05,-0.0894805,4,10,0,0.0269853,0.0268201,1309,0,False,nan,nan,nan,nan,nan,nan,nan,nan,nan,nan,nan,nan,13,7
noise,realistic,alternating,10,5,5,20,8000,0.134883,6.06557e-05,0.000305899,3.44389e-05,0.977434,4.0676,3.92276,2.07129,nan,0.292207,nan,0.12485,3.70748,4.10075,4.5069,True,1,0.119281,0.119424,0.114716,0.123929,5.03159e-05,5.0321e-05,4.73373e-05,5.32365e-05,0.000540908,0.000536774,0.000395045,0.000702774,2.92489e-05,2.92122e-05,2.78906e-05,3.07385e-05,-0.0409346,3,11.129,0,0.0256205,0.0264058,1393,0,False,nan,nan,nan,nan,nan,nan,nan,nan,nan,nan,nan,nan,13,7
noise,realistic,alternating,10,5,6,40,8000,0.134883,6.06557e-05,0.000305899,3.30887e-05,0.977434,7.12405,6.98513,3.84085,nan,0.641785,nan,0.185011,6.14547,6.73205,7.39131,True,0.625,0.117728,0.11778,0.113267,0.12202,5.01913e-05,5.03246e-05,4.70169e-05,5.29899e-05,0.000464918,0.000462023,0.000338496,0.000600328,2.80171e-05,2.80053e-05,2.69319e-05,2.9236e-05,-0.0431045,4,10,0,0.0270991,0.0237261,1364,0,True,nan,nan,nan,nan,nan,nan,nan,nan,nan,nan,nan,nan,13,7
noise,realistic,alternating,10,5,7,20,8000,0.134883,6.06557e-05,0.000305899,2.99256e-05,0.977434,3.64317,3.77564,1.78699,nan,0.352071,nan,0.152348,3.17186,3.48558,3.82675,True,0.625,0.117381,0.117412,0.113389,0.121437,4.9628e-05,4.97802e-05,4.63787e-05,5.23389e-05,0.000419673,0.000409842,0.000310965,0.000557223,2.64094e-05,2.64059e-05,2.51376e-05,2.77209e-05,-0.0214923,3,10,0,0.0287599,0.0233714,1473,0,False,nan,nan,nan,nan,nan,nan,nan,nan,nan,nan,nan,nan,13,7
noise,realistic,alternating,10,5,8,40,8000,0.134883,6.06557e-05,0.000305899,2.85569e-05,0.977434,6.17702,6.06024,3.57534,nan,0.4458,nan,0.0943766,5.74082,6.24808,6.88059,True,1,0.116717,0.116721,0.112526,0.120776,4.95552e-05,4.97023e-05,4.64509e-05,5.2191e-05,0.000426299,0.000418848,0.00030789,0.000572071,2.4717e-05,2.47126e-05,2.3757e-05,2.56999e-05,-0.0499485,3,10,0,0.025645,0.0226058,1523,0,False,nan,nan,nan,nan,nan,nan,nan,nan,nan,nan,nan,nan,13,7
noise,realistic,alternating,10,5,9,20,8000,0.134883,6.06557e-05,0.000305899,2.68182e-05,0.977434,3.25228,3.15341,1.61316,nan,0.291106,nan,0.0996595,2.91347,3.18521,3.4754,True,0.5625,0.116399,0.116367,0.112362,0.120387,4.95996e-05,4.97662e-05,4.65697e-05,5.21299e-05,0.000435073,0.000427328,0.000301883,0.000590426,2.27095e-05,2.27052e-05,2.16795e-05,2.38038e-05,-0.0123942,2,10,0,0.0247819,0.020289,1673,0,False,nan,nan,nan,nan,nan,nan,nan,nan,nan,nan,nan,nan,13,7
noise,realistic,alternating,10,5,10,40,8000,0.134883,6.06557e-05,0.000305899,2.59533e-05,0.977434,5.59548,5.50665,3.20151,nan,0.468568,nan,0.092814,5.0004,5.42795,5.90915,True,0.625,0.116448,0.116484,0.112613,0.120245,4.9559e-05,4.96751e-05,4.65472e-05,5.20461e-05,0.000395517,0.000392004,0.00027387,0.000531669,2.19608e-05,2.19599e-05,2.11489e-05,2.28025e-05,-0.00732851,3,10,0,0.0219508,0.0201126,1615,0,False,nan,nan,nan,nan,nan,nan,nan,nan,nan,nan,nan,nan,13,7
noise,realistic,alternating,10,5,11,20,8000,0.134883,6.06557e-05,0.000305899,2.42293e-05,0.977434,2.90828,3.23553,1.49749,nan,0.259795,nan,0.0646446,2.65284,2.88248,3.10569,True,0.6875,0.116279,0.116343,0.11229,0.120084,4.91381e-05,4.93102e-05,4.61289e-05,5.17111e-05,0.000356966,0.000349729,0.00024062,0.000494542,2.14813e-05,2.14404e-05,2.04469e-05,2.26776e-05,-0.0776556,4,10,0,0.0235978,0.0249387,1481,0,False,nan,nan,nan,nan,nan,nan,nan,nan,nan,nan,nan,nan,13,7
noise,realistic,alternating,10,5,12,40,8000,0.134883,6.06557e-05,0.000305899,2.40747e-05,0.977434,5.28529,5.29933,2.72962,nan,0.460938,nan,0.189922,4.77512,5.18968,5.70409,True,0.875,0.116645,0.116615,0.112977,0.120295,4.91942e-05,4.93102e-05,4.63082e-05,5.18608e-05,0.000352139,0.000344185,0.000238059,0.000489331,2.11442e-05,2.11445e-05,2.01865e-05,2.20858e-05,-0.0695238,3,10,0,0.0253367,0.0242808,1556,0,False,nan,nan,nan,nan,nan,nan,nan,nan,nan,nan,nan,nan,13,7
noise,realistic,alternating,10,5,13,20,8000,0.134883,6.06557e-05,0.000305899,2.25476e-05,0.977434,2.75788,2.86481,1.28369,nan,0.264425,nan,0.0860767,2.57144,2.80802,3.0581,True,0.75,0.116588,0.116524,0.113168,0.120245,4.91554e-05,4.93208e-05,4.62732e-05,5.17021e-05,0.000344829,0.000335636,0.000226933,0.000490182,2.00396e-05,2.00141e-05,1.90811e-05,2.10727e-05,-0.062485,2,10,0,0.0246777,0.0226482,1688,0,False,nan,nan,nan,nan,nan,nan,nan,nan,nan,nan,nan,nan,13,7
noise,realistic,alternating,10,5,14,40,8000,0.134883,6.06557e-05,0.000305899,2.21835e-05,0.977434,4.87838,4.84399,2.47937,nan,0.447583,nan,0.184611,4.48285,4.88579,5.31486,True,0.5625,0.11663,0.116487,0.113341,0.120245,4.91873e-05,4.92819e-05,4.64703e-05,5.14753e-05,0.000348923,0.000338874,0.000230535,0.000498548,1.94411e-05,1.94443e-05,1.86842e-05,2.02001e-05,-0.0355484,2,10,0,0.0239716,0.0211828,1744,0,False,nan,nan,nan,nan,nan,nan,nan,nan,nan,nan,nan,nan,13,7
noise,realistic,alternating,10,5,15,20,8000,0.134883,6.06557e-05,0.000305899,2.05465e-05,0.977434,2.48967,2.30689,1.22369,nan,0.261632,nan,0.0825584,2.39493,2.61276,2.82224,True,0.5,0.116234,0.116193,0.112822,0.119622,4.93328e-05,4.94269e-05,4.65839e-05,5.1821e-05,0.000414149,0.00040001,0.000268532,0.000602441,1.75543e-05,1.75642e-05,1.65703e-05,1.85363e-05,-0.00618765,4,10,0,0.0271208,0.0253165,1474,1,False,nan,nan,nan,nan,nan,nan,nan,nan,nan,nan,nan,nan,13,7
noise,realistic,alternating,10,5,16,40,8000,0.134883,6.06557e-05,0.000305899,1.96837e-05,0.977434,4.34874,4.24656,2.43274,nan,0.391551,nan,0.0885957,3.91517,4.28667,4.69419,True,0.875,0.115833,0.115818,0.112147,0.11945,4.94049e-05,4.95542e-05,4.66625e-05,5.18261e-05,0.000415365,0.00040366,0.000271841,0.000593305,1.70603e-05,1.70665e-05,1.62923e-05,1.78313e-05,-0.00236734,2,10,0,0.0264598,0.0235387,1642,0,False,nan,nan,nan,nan,nan,nan,nan,nan,nan,nan,nan,nan,13,7
noise,realistic,alternating,10,5,17,20,8000,0.134883,6.06557e-05,0.000305899,1.9251e-05,0.977434,2.3659,2.38318,1.08277,nan,0.257663,nan,0.11887,2.06549,2.26452,2.46624,True,0.625,0.116723,0.116764,0.113173,0.120122,4.93177e-05,4.94222e-05,4.64582e-05,5.17465e-05,0.00039449,0.000383848,0.000253015,0.000568237,1.64583e-05,1.64319e-05,1.56448e-05,1.7362e-05,-0.0248853,2,10,0,0.0247982,0.0229511,1714,0,False,nan,nan,nan,nan,nan,nan,nan,nan,nan,nan,nan,nan,13,7
noise,realistic,alternating,10,5,18,40,8000,0.134883,6.06557e-05,0.000305899,1.8773e-05,0.977434,4.19458,4.22654,2.11289,nan,0.429322,nan,0.12329,3.70208,4.03036,4.39706,True,0.625,0.116569,0.11664,0.113352,0.119705,4.93687e-05,4.95439e-05,4.6506e-05,5.17183e-05,0.000376715,0.000364805,0.000240591,0.000554441,1.64513e-05,1.64435e-05,1.56917e-05,1.72649e-05,-0.0480463,3,10,0,0.0251577,0.0234847,1612,0,False,nan,nan,nan,nan,nan,nan,nan,nan,nan,nan,nan,nan,13,7
noise,realistic,alternating,10,5,19,20,8000,0.134883,6.06557e-05,0.000305899,1.7814e-05,0.977434,2.24522,2.18871,0.976538,nan,0.247174,nan,0.0985662,2.01978,2.20746,2.40278,True,0.5,0.116562,0.116551,0.113318,0.119648,4.94263e-05,4.95748e-05,4.6645e-05,5.18024e-05,0.000388482,0.000376475,0.000245007,0.000584681,1.56071e-05,1.56042e-05,1.48048e-05,1.64491e-05,0.0243108,2,10,0,0.0239824,0.0233753,1690,1,False,nan,nan,nan,nan,nan,nan,nan,nan,nan,nan,nan,nan,13,7
noise,realistic,alternating,10,5,20,40,8000,0.134883,6.06557e-05,0.000305899,1.73197e-05,0.977434,3.7952,3.79659,2.10017,nan,0.368012,nan,0.100019,3.52634,3.84454,4.1933,True,0.625,0.116488,0.116501,0.113361,0.119652,4.94202e-05,4.96007e-05,4.66417e-05,5.17245e-05,0.000399701,0.000384544,0.000253127,0.000596974,1.51123e-05,1.51184e-05,1.4434e-05,1.57647e-05,-0.0223286,2,10,0,0.0229869,0.0224803,1732,0,False,nan,nan,nan,nan,nan,nan,nan,nan,nan,nan,nan,nan,13,7
noise,realistic,alternating,10,6,1,20,8000,0.352031,3.04858e-05,0.000304466,3.04858e-05,0.994076,3.43871,3.41001,5.12074,nan,5.00258,nan,0.0703979,5.2952,7.92589,11.7388,False,0,0.27162,0.271262,0.235604,0.305265,2.63516e-05,2.61453e-05,2.37787e-05,2.94867e-05,0.000268799,0.000251889,0.000140049,0.000456337,2.63516e-05,2.61453e-05,2.37787e-05,2.94867e-05,-0.176136,14,10,0,0.0172834,0.010727,1856,0,False,nan,nan,nan,nan,nan,nan,nan,nan,nan,nan,nan,nan,13,15
noise,realistic,alternating,10,6,2,40,8000,0.352031,3.04858e-05,0.000304466,2.79733e-05,0.994076,5.70795,5.62454,9.24115,nan,1.34575,nan,0.143978,5.93241,6.84528,8.22182,False,0.0625,0.29662,0.296665,0.276072,0.317446,2.34615e-05,2.33903e-05,2.23847e-05,2.47856e-05,0.000342967,0.000315249,0.000172696,0.000601988,2.24433e-05,2.2424e-05,2.15664e-05,2.33436e-05,-0.216534,8,10,0,0.0169642,0.00849458,1895,0,False,nan,nan,nan,nan,nan,nan,nan,nan,nan,nan,nan,nan,13,15
noise,realistic,alternating,10,6,3,20,8000,0.352031,3.04858e-05,0.000304466,2.45639e-05,0.994076,2.86557,2.96005,4.3774,nan,0.255307,nan,0.0622378,2.68188,2.97345,3.26907,True,0.875,0.295808,0.295729,0.277816,0.313987,2.34118e-05,2.33435e-05,2.23955e-05,2.46629e-05,0.000348492,0.00033073,0.000179922,0.000566868,2.10146e-05,2.1005e-05,2.01467e-05,2.18889e-05,-0.211601,2,10,0,0.0168537,0.00788246,1818,0,False,nan,nan,nan,nan,nan,nan,nan,nan,nan,nan,nan,nan,13,15
noise,realistic,alternating,10,6,4,40,8000,0.352031,3.04858e-05,0.000304466,2.33071e-05,0.994076,4.93156,4.9714,7.91147,nan,0.460425,nan,0.165854,4.79105,5.20519,5.61709,True,0.75,0.294096,0.294153,0.278832,0.309312,2.35832e-05,2.35732e-05,2.2499e-05,2.47902e-05,0.00044747,0.000437324,0.000251029,0.000674218,1.98468e-05,1.98617e-05,1.91199e-05,2.05231e-05,-0.15405,4,10,0,0.0156507,0.00637002,1459,0,False,nan,nan,nan,nan,nan,nan,nan,nan,nan,nan,nan,nan,13,15
noise,realistic,alternating,10,6,5,20,8000,0.352031,3.04858e-05,0.000304466,2.17354e-05,0.994076,2.54821,2.47177,3.75873,nan,0.194423,nan,0.105842,2.39859,2.60586,2.83695,True,0.875,0.293635,0.293567,0.279082,0.307941,2.38069e-05,2.37996e-05,2.26963e-05,2.49267e-05,0.000508823,0.000506767,0.000280976,0.000746628,1.80763e-05,1.80658e-05,1.72626e-05,1.88983e-05,-0.124244,2,10,0,0.0162904,0.00573408,1632,0,False,nan,nan,nan,nan,nan,nan,nan,nan,nan,nan,nan,nan,13,15
noise,realistic,alternating,10,6,6,40,8000,0.352031,3.04858e-05,0.000304466,2.10509e-05,0.994076,4.32444,4.45782,6.95646,nan,0.341232,nan,0.0809034,4.10084,4.40442,4.75647,True,0.75,0.289774,0.289428,0.276566,0.303713,2.38363e-05,2.3835e-05,2.27437e-05,2.49506e-05,0.000508354,0.00050559,0.000298454,0.000721267,1.73738e-05,1.73768e-05,1.67065e-05,1.80197e-05,-0.151715,3,10,0,0.0150978,0.0053759,1564,0,False,nan,nan,nan,nan,nan,nan,nan,nan,nan,nan,nan,nan,13,15
noise,realistic,alternating,10,6,7,20,8000,0.352031,3.04858e-05,0.000304466,1.98041e-05,0.994076,2.29273,2.27044,3.30389,nan,0.204659,nan,0.0730717,2.10046,2.26559,2.45547,True,1,0.289352,0.289214,0.276263,0.302928,2.38639e-05,2.38438e-05,2.28471e-05,2.48865e-05,0.000520783,0.000519837,0.000319489,0.000738517,1.62103e-05,1.62056e-05,1.5532e-05,1.68993e-05,-0.134035,1,10,0,0.0141681,0.00519363,1807,0,False,nan,nan,nan,nan,nan,nan,nan,nan,nan,nan,nan,nan,13,15
noise,realistic,alternating,10,6,8,40,8000,0.352031,3.04858e-05,0.000304466,1.9306e-05,0.994076,4.08887,4.25236,5.96854,nan,0.344437,nan,0.106212,3.71308,3.9764,4.26616,True,0.75,0.287973,0.287596,0.275952,0.300196,2.37593e-05,2.37454e-05,2.27868e-05,2.47626e-05,0.000454829,0.000452322,0.000286489,0.000627393,1.6019e-05,1.60067e-05,1.54572e-05,1.66354e-05,-0.136148,3,10,0,0.0147382,0.00531297,1638,0,False,nan,nan,nan,nan,nan,nan,nan,nan,nan,nan,nan,nan,13,15
noise,realistic,alternating,10,6,9,20,8000,0.352031,3.04858e-05,0.000304466,1.8473e-05,0.994076,2.16314,1.95379,2.90488,nan,0.2264,nan,0.0697685,1.97182,2.10654,2.26927,True,0.625,0.293003,0.292966,0.281148,0.304543,2.36901e-05,2.36703e-05,2.2734e-05,2.46946e-05,0.000454769,0.000448404,0.000289531,0.000634216,1.51105e-05,1.50989e-05,1.44917e-05,1.57787e-05,-0.157791,2,10,0,0.0133392,0.00520033,1727,0,False,nan,nan,nan,nan,nan,nan,nan,nan,nan,nan,nan,nan,13,15
noise,realistic,alternating,10,6,10,40,8000,0.352031,3.04858e-05,0.000304466,1.78664e-05,0.994076,3.72771,3.73906,5.34815,nan,0.304642,nan,0.0859051,3.53506,3.75673,4.02261,True,0.6875,0.289308,0.289272,0.278317,0.300618,2.3742e-05,2.3737e-05,2.27868e-05,2.47212e-05,0.000453989,0.00045063,0.000298473,0.000619854,1.46029e-05,1.46034e-05,1.40646e-05,1.51108e-05,-0.159727,2,10.9576,0,0.0119692,0.00512265,1760,0,False,nan,nan,nan,nan,nan,nan,nan,nan,nan,nan,nan,nan,13,15
noise,realistic,alternating,10,6,11,20,8000,0.352031,3.04858e-05,0.000304466,1.71161e-05,0.994076,1.99973,2.02491,2.60728,nan,0.206909,nan,0.0374827,1.82394,1.93662,2.0613,True,0.75,0.289905,0.289817,0.279341,0.300901,2.36953e-05,2.36945e-05,2.27362e-05,2.46603e-05,0.000434403,0.000428253,0.000285348,0.000612621,1.40435e-05,1.40422e-05,1.34423e-05,1.46549e-05,-0.136196,1,10,0,0.0116654,0.00507964,1893,0,False,nan,nan,nan,nan,nan,nan,nan,nan,nan,nan,nan,nan,13,15
noise,realistic,alternating,10,6,12,40,8000,0.352031,3.04858e-05,0.000304466,1.67284e-05,0.994076,3.57472,3.40122,4.70383,nan,0.303124,nan,0.0845087,3.29756,3.50113,3.72055,True,0.625,0.290337,0.290162,0.280291,0.301172,2.37028e-05,2.36716e-05,2.27846e-05,2.46304e-05,0.000446836,0.000438765,0.000299998,0.000627282,1.35338e-05,1.35387e-05,1.30224e-05,1.40231e-05,-0.108154,2,10,0,0.0108778,0.00505265,1798,0,False,nan,nan,nan,nan,nan,nan,nan,nan,nan,nan,nan,nan,13,15
noise,realistic,alternating,10,6,13,20,8000,0.352031,3.04858e-05,0.000304466,1.57838e-05,0.994076,1.84912,1.93432,2.36964,nan,0.1854,nan,0.0518192,1.70289,1.81449,1.91981,True,0.625,0.290291,0.289955,0.280374,0.300764,2.36907e-05,2.36686e-05,2.27729e-05,2.46151e-05,0.000429476,0.000417595,0.000290041,0.000610122,1.30379e-05,1.30395e-05,1.25092e-05,1.35937e-05,-0.104376,1,10,0,0.0102833,0.00510897,1916,0,False,nan,nan,nan,nan,nan,nan,nan,nan,nan,nan,nan,nan,13,15
noise,realistic,alternating,10,6,14,40,8000,0.352031,3.04858e-05,0.000304466,1.54597e-05,0.994076,3.26167,3.24525,4.34028,nan,0.278045,nan,0.0672798,3.06829,3.25906,3.44926,True,0.6875,0.290617,0.290449,0.280828,0.300741,2.36903e-05,2.36718e-05,2.27714e-05,2.46156e-05,0.000431215,0.00042006,0.00029098,0.000606493,1.26729e-05,1.26827e-05,1.22198e-05,1.31322e-05,-0.119457,2,10,0,0.00998196,0.00496683,1801,0,False,nan,nan,nan,nan,nan,nan,nan,nan,nan,nan,nan,nan,13,15
noise,realistic,alternating,10,6,15,20,8000,0.352031,3.04858e-05,0.000304466,1.47175e-05,0.994076,1.72159,1.63737,2.17481,nan,0.169578,nan,0.0547462,1.61102,1.71119,1.80614,True,0.5,0.290885,0.290863,0.281128,0.300672,2.37089e-05,2.36801e-05,2.27596e-05,2.47032e-05,0.000453877,0.000442077,0.000293453,0.00066169,1.19992e-05,1.20093e-05,1.14633e-05,1.25228e-05,-0.103299,2,10,0,0.0100862,0.00488039,1787,0,False,nan,nan,nan,nan,nan,nan,nan,nan,nan,nan,nan,nan,13,15
noise,realistic,alternating,10,6,16,40,8000,0.352031,3.04858e-05,0.000304466,1.4427e-05,0.994076,3.0512,2.84368,3.97605,nan,0.266631,nan,0.062877,2.82765,3.01054,3.18865,True,0.5,0.289644,0.289319,0.280179,0.299603,2.36866e-05,2.36683e-05,2.27956e-05,2.4658e-05,0.000524695,0.000510707,0.000337577,0.000750616,1.14173e-05,1.14328e-05,1.09102e-05,1.19079e-05,-0.105584,2,10,0,0.0110322,0.00483474,1799,0,False,nan,nan,nan,nan,nan,nan,nan,nan,nan,nan,nan,nan,13,15
noise,realistic,alternating,10,6,17,20,8000,0.352031,3.04858e-05,0.000304466,1.3973e-05,0.994076,1.65813,1.69391,1.97795,nan,0.230425,nan,0.0484746,1.42801,1.53482,1.62724,False,0.5,0.289828,0.289534,0.280437,0.300262,2.36866e-05,2.36637e-05,2.27789e-05,2.46815e-05,0.000445846,0.000434989,0.000280417,0.000647532,1.12648e-05,1.12639e-05,1.07531e-05,1.17593e-05,-0.131174,2,10,0,0.0104108,0.0051395,1786,0,False,nan,nan,nan,nan,nan,nan,nan,nan,nan,nan,nan,nan,13,15
noise,realistic,alternating,10,6,18,40,8000,0.352031,3.04858e-05,0.000304466,1.37655e-05,0.994076,2.89295,2.90599,3.65314,nan,0.278701,nan,0.0396876,2.64731,2.81578,2.99276,True,0.5,0.290218,0.29,0.280875,0.300438,2.36823e-05,2.36736e-05,2.2767e-05,2.46704e-05,0.000432627,0.000424397,0.00027723,0.000616798,1.10901e-05,1.10943e-05,1.0647e-05,1.15381e-05,-0.115865,2,10,0,0.0102907,0.00518567,1775,1,False,nan,nan,nan,nan,nan,nan,nan,nan,nan,nan,nan,nan,13,15
noise,realistic,alternating,10,6,19,20,8000,0.352031,3.04858e-05,0.000304466,1.34245e-05,0.994076,1.55784,1.7641,1.84133,nan,0.171335,nan,0.0458114,1.42413,1.51098,1.60504,True,0.5,0.289698,0.28949,0.28054,0.300099,2.36742e-05,2.36505e-05,2.27307e-05,2.46876e-05,0.000392429,0.00038232,0.000253068,0.000561915,1.09179e-05,1.09165e-05,1.0424e-05,1.14206e-05,-0.0904342,2,10,0,0.0107321,0.00545931,1743,0,False,nan,nan,nan,nan,nan,nan,nan,nan,nan,nan,nan,nan,13,15
noise,realistic,alternating,10,6,20,40,8000,0.352031,3.04858e-05,0.000304466,1.32959e-05,0.994076,2.83576,2.66612,3.28917,nan,0.277469,nan,0.0704426,2.58502,2.7424,2.92213,True,0.5,0.288315,0.288054,0.279451,0.298304,2.36902e-05,2.36788e-05,2.27444e-05,2.46405e-05,0.000430934,0.000419276,0.000281491,0.000624639,1.05325e-05,1.05332e-05,1.00743e-05,1.09695e-05,-0.0859884,2,10,0.77066,0.0104163,0.00555215,1782,0,False,nan,nan,nan,nan,nan,nan,nan,nan,nan,nan,nan,nan,13,15
noise,realistic,alternating,10,7,1,20,8000,0.372478,5.62212e-05,0.000164505,5.62212e-05,1.02922,6.4964,6.50829,4.54363,nan,2.52132,nan,0.0917235,5.33908,7.94064,11.889,True,1,0.319476,0.321009,0.297498,0.341992,5.00263e-05,4.98383e-05,4.53321e-05,5.50335e-05,0.00031342,0.000298852,0.000166649,0.000506764,5.00263e-05,4.98383e-05,4.53321e-05,5.50335e-05,0.00522191,11,10,0,0.0147889,0.011607,1809,1,True,nan,nan,nan,nan,nan,nan,nan,nan,nan,nan,nan,nan,13,13
noise,realistic,alternating,10,7,2,40,8000,0.372478,5.62212e-05,0.000164505,5.16239e-05,1.02922,10.5407,10.6599,5.93303,nan,1.82159,nan,0.267309,10.2731,12.0708,14.1486,True,0.75,0.3185,0.318323,0.307267,0.32995,4.7258e-05,4.72122e-05,4.50822e-05,4.968e-05,0.000391045,0.00039002,0.000259916,0.000528114,4.354e-05,4.35332e-05,4.21643e-05,4.49788e-05,-0.17658,7,10,0,0.0169408,0.00961668,1901,1,False,nan,nan,nan,nan,nan,nan,nan,nan,nan,nan,nan,nan,13,13
noise,realistic,alternating,10,7,3,20,8000,0.372478,5.62212e-05,0.000164505,4.44825e-05,1.02922,5.33736,5.36152,3.77835,nan,0.387331,nan,0.116337,4.84091,5.33255,5.84357,True,1,0.318107,0.317952,0.307328,0.329011,4.71039e-05,4.71021e-05,4.51569e-05,4.91378e-05,0.000380268,0.000376573,0.000273025,0.000499076,3.85595e-05,3.85113e-05,3.72803e-05,4.00528e-05,-0.142642,3,11.3726,0,0.0147612,0.0093571,1675,0,False,nan,nan,nan,nan,nan,nan,nan,nan,nan,nan,nan,nan,13,13
noise,realistic,alternating,10,7,4,40,8000,0.372478,5.62212e-05,0.000164505,4.24624e-05,1.02922,8.91262,9.03365,5.15696,nan,0.561171,nan,0.172003,8.3717,8.9499,9.68907,True,1,0.315741,0.315666,0.306778,0.324749,4.73554e-05,4.73186e-05,4.56642e-05,4.91357e-05,0.000412499,0.00041077,0.000313064,0.000527984,3.6312e-05,3.63196e-05,3.5355e-05,3.72934e-05,-0.176648,4,11.3069,0,0.0123555,0.00880525,1403,0,False,nan,nan,nan,nan,nan,nan,nan,nan,nan,nan,nan,nan,13,13
noise,realistic,alternating,10,7,5,20,8000,0.372478,5.62212e-05,0.000164505,3.87494e-05,1.02922,4.55143,4.80411,3.32168,nan,0.342409,nan,0.185706,4.20347,4.52719,4.83487,True,0.875,0.31494,0.315021,0.30599,0.323859,4.68701e-05,4.68944e-05,4.52804e-05,4.84249e-05,0.000360574,0.000354948,0.000274205,0.000462126,3.332e-05,3.32788e-05,3.23827e-05,3.43441e-05,-0.129534,3,10,0,0.0118584,0.00745805,1513,0,False,nan,nan,nan,nan,nan,nan,nan,nan,nan,nan,nan,nan,13,13
noise,realistic,alternating,10,7,6,40,8000,0.372478,5.62212e-05,0.000164505,3.71753e-05,1.02922,7.69998,7.79876,4.64997,nan,0.612024,nan,0.337989,7.44923,7.86483,8.34509,True,0.75,0.320133,0.32012,0.312326,0.327624,4.65366e-05,4.65444e-05,4.49792e-05,4.80504e-05,0.000311411,0.000311705,0.000222722,0.000395873,3.14567e-05,3.14688e-05,3.06265e-05,3.22341e-05,-0.117618,4,10,0.849995,0.0112789,0.00689949,1457,0,True,nan,nan,nan,nan,nan,nan,nan,nan,nan,nan,nan,nan,13,13
noise,realistic,alternating,10,7,7,20,8000,0.372478,5.62212e-05,0.000164505,3.52802e-05,1.02922,4.2764,4.27811,2.95519,nan,0.380046,nan,0.141186,3.93534,4.13984,4.37762,True,0.625,0.32157,0.321771,0.313714,0.329197,4.63583e-05,4.63219e-05,4.50284e-05,4.78788e-05,0.000290591,0.000288223,0.000210977,0.000375762,2.96405e-05,2.96104e-05,2.87909e-05,3.05909e-05,-0.138734,2,10,0,0.0110371,0.00643402,1663,0,True,nan,nan,nan,nan,nan,nan,nan,nan,nan,nan,nan,nan,13,13
noise,realistic,alternating,10,7,8,40,8000,0.372478,5.62212e-05,0.000164505,3.44627e-05,1.02922,7.43427,7.38096,3.79658,nan,0.576003,nan,0.152085,6.81871,7.15281,7.56896,True,0.5,0.321515,0.321631,0.314508,0.328168,4.63194e-05,4.63099e-05,4.49063e-05,4.77473e-05,0.000263993,0.000260695,0.000195302,0.000344739,2.89504e-05,2.89433e-05,2.83053e-05,2.96393e-05,-0.12711,3,10,0,0.0106256,0.00626763,1579,0,False,nan,nan,nan,nan,nan,nan,nan,nan,nan,nan,nan,nan,13,13
noise,realistic,alternating,10,7,9,20,8000,0.372478,5.62212e-05,0.000164505,3.2458e-05,1.02922,3.92891,4.06328,2.68747,nan,0.340137,nan,0.0842269,3.69805,3.88845,4.06922,True,0.5,0.321468,0.321522,0.315042,0.32824,4.62363e-05,4.62257e-05,4.49089e-05,4.76055e-05,0.000251604,0.000247686,0.000181094,0.000333969,2.76591e-05,2.76368e-05,2.69057e-05,2.84901e-05,-0.112553,3,10,0,0.0107646,0.00559542,1560,1,False,nan,nan,nan,nan,nan,nan,nan,nan,nan,nan,nan,nan,13,13
noise,realistic,alternating,10,7,10,40,8000,0.372478,5.62212e-05,0.000164505,3.0506e-05,1.02922,6.57636,6.53681,3.49592,nan,0.592998,nan,0.32926,6.44958,6.75233,7.08032,True,0.4375,0.323629,0.323637,0.317188,0.330064,4.61695e-05,4.61484e-05,4.49639e-05,4.74658e-05,0.000290702,0.000287867,0.00021034,0.000379116,2.64031e-05,2.64083e-05,2.57869e-05,2.6987e-05,-0.127697,3,10,0,0.0103919,0.00511149,1565,0,False,nan,nan,nan,nan,nan,nan,nan,nan,nan,nan,nan,nan,13,13
noise,realistic,alternating,10,7,11,20,8000,0.372478,5.62212e-05,0.000164505,2.94279e-05,1.02922,3.46705,3.39917,2.45273,nan,0.345286,nan,0.0999619,3.39715,3.56174,3.72033,True,0.25,0.323844,0.323942,0.317446,0.330131,4.62317e-05,4.6212e-05,4.49859e-05,4.75829e-05,0.000315409,0.000311975,0.000224065,0.000423205,2.44988e-05,2.45209e-05,2.37341e-05,2.52032e-05,-0.0852199,2,10,0,0.0115019,0.00524372,1709,1,False,nan,nan,nan,nan,nan,nan,nan,nan,nan,nan,nan,nan,13,13
noise,realistic,alternating,10,7,12,40,8000,0.372478,5.62212e-05,0.000164505,2.87654e-05,1.02922,6.28436,6.11924,3.04568,nan,0.573908,nan,0.126829,5.68216,5.97167,6.27799,False,0.5,0.323451,0.323439,0.317596,0.32947,4.63274e-05,4.62894e-05,4.50691e-05,4.7644e-05,0.000282849,0.000278759,0.000202946,0.000380775,2.40329e-05,2.40305e-05,2.34119e-05,2.46211e-05,-0.12597,2,10,0.862181,0.0100406,0.00518247,1761,0,True,nan,nan,nan,nan,nan,nan,nan,nan,nan,nan,nan,nan,13,13
noise,realistic,alternating,10,7,13,20,8000,0.372478,5.62212e-05,0.000164505,2.76463e-05,1.02922,3.35861,3.27956,2.26182,nan,0.321233,nan,0.0653815,3.10534,3.25708,3.4009,True,0.5,0.323025,0.323047,0.316934,0.328911,4.6368e-05,4.63037e-05,4.5138e-05,4.77303e-05,0.000304617,0.000301666,0.000212585,0.000412921,2.2508e-05,2.25021e-05,2.17686e-05,2.31862e-05,-0.131262,2,10,0,0.010159,0.00563373,1763,1,True,nan,nan,nan,nan,nan,nan,nan,nan,nan,nan,nan,nan,13,13
noise,realistic,alternating,10,7,14,40,8000,0.372478,5.62212e-05,0.000164505,2.69704e-05,1.02922,5.71911,5.79625,2.89193,nan,0.501195,nan,0.211895,5.26729,5.53244,5.79809,True,0.5,0.323505,0.323424,0.317854,0.329148,4.64335e-05,4.64179e-05,4.51078e-05,4.78066e-05,0.000270532,0.000265676,0.000189505,0.000367954,2.2371e-05,2.23683e-05,2.17298e-05,2.29913e-05,-0.104365,3,10,0.827335,0.0101104,0.00652504,1634,1,True,nan,nan,nan,nan,nan,nan,nan,nan,nan,nan,nan,nan,13,13
noise,realistic,alternating,10,7,15,20,8000,0.372478,5.62212e-05,0.000164505,2.59274e-05,1.02922,3.10864,3.10708,2.11199,nan,0.299396,nan,0.101001,2.88791,3.04023,3.18363,True,0.5,0.323497,0.32349,0.317873,0.329004,4.64152e-05,4.64021e-05,4.51508e-05,4.77942e-05,0.000266051,0.000258818,0.000183444,0.000372357,2.1457e-05,2.1449e-05,2.07935e-05,2.21475e-05,-0.0795849,1,10,0,0.00980892,0.00599188,1860,0,True,nan,nan,nan,nan,nan,nan,nan,nan,nan,nan,nan,nan,13,13
noise,realistic,alternating,10,7,16,40,8000,0.372478,5.62212e-05,0.000164505,2.58967e-05,1.02922,5.68403,5.63542,2.51213,nan,0.584998,nan,0.20359,5.06777,5.32455,5.57734,False,0.5,0.322685,0.322749,0.31706,0.328072,4.65212e-05,4.65237e-05,4.51265e-05,4.79379e-05,0.00022877,0.000222037,0.000154862,0.000323115,2.15265e-05,2.15105e-05,2.09327e-05,2.21707e-05,-0.0611579,4,10,0,0.0108944,0.00679475,1496,1,False,nan,nan,nan,nan,nan,nan,nan,nan,nan,nan,nan,nan,13,13
noise,realistic,alternating,10,7,17,20,8000,0.372478,5.62212e-05,0.000164505,2.51813e-05,1.02922,3.12914,3.01901,2.03698,nan,0.364357,nan,0.150374,2.80958,2.95075,3.09378,False,0.5,0.323026,0.323015,0.317536,0.328415,4.65207e-05,4.65142e-05,4.51598e-05,4.79204e-05,0.000223015,0.000217301,0.000148463,0.00031782,2.08267e-05,2.08115e-05,2.01936e-05,2.15159e-05,-0.0960074,1,10,0,0.0106924,0.00635462,1775,0,False,nan,nan,nan,nan,nan,nan,nan,nan,nan,nan,nan,nan,13,13
noise,realistic,alternating,10,7,18,40,8000,0.372478,5.62212e-05,0.000164505,2.47031e-05,1.02922,5.48538,5.39143,2.3039,nan,0.57966,nan,0.211858,4.97318,5.21539,5.45891,False,0.4375,0.321024,0.321114,0.315447,0.326442,4.65883e-05,4.65888e-05,4.52437e-05,4.79532e-05,0.000215759,0.000209807,0.000144697,0.000308468,2.05294e-05,2.05228e-05,1.99875e-05,2.10841e-05,-0.0541301,3,10,0,0.0102171,0.00616144,1609,0,False,nan,nan,nan,nan,nan,nan,nan,nan,nan,nan,nan,nan,13,13
noise,realistic,alternating,10,7,19,20,8000,0.372478,5.62212e-05,0.000164505,2.35161e-05,1.02922,2.76078,2.92011,1.88831,nan,0.26179,nan,0.154342,2.69713,2.83113,2.95514,True,0.25,0.321557,0.32156,0.316226,0.326835,4.65476e-05,4.65318e-05,4.52334e-05,4.78253e-05,0.000203093,0.000198561,0.000132738,0.00029232,2.00474e-05,2.00422e-05,1.94372e-05,2.06675e-05,-0.0422082,2,10,0,0.010047,0.00579205,1686,0,False,nan,nan,nan,nan,nan,nan,nan,nan,nan,nan,nan,nan,13,13
noise,realistic,alternating,10,7,20,40,8000,0.372478,5.62212e-05,0.000164505,2.34204e-05,1.02922,5.16065,5.27425,2.16534,nan,0.462484,nan,0.141,4.82237,5.04427,5.26466,True,0.25,0.319337,0.319345,0.31418,0.32468,4.65898e-05,4.66022e-05,4.52665e-05,4.78135e-05,0.000192228,0.000188464,0.000121866,0.000276254,1.98888e-05,1.988e-05,1.93839e-05,2.04251e-05,-0.0381919,2,10,0,0.010302,0.00538476,1731,0,False,nan,nan,nan,nan,nan,nan,nan,nan,nan,nan,nan,nan,13,13
noise,realistic,alternating,10,8,1,20,8000,0.848178,5.16568e-05,0.000224518,5.16568e-05,0.985492,5.56515,5.57402,5.85496,nan,3.48496,nan,0.165281,5.23168,7.96227,11.8574,True,1,0.753816,0.751326,0.68696,0.824827,4.1256e-05,4.11268e-05,3.74982e-05,4.53294e-05,0.000243617,0.000235481,0.000131511,0.000384144,4.1256e-05,4.11268e-05,3.74982e-05,4.53294e-05,-0.104257,12,10,0,0.0167158,0.00921935,1797,0,False,nan,nan,nan,nan,nan,nan,nan,nan,nan,nan,nan,nan,13,11
noise,realistic,alternating,10,8,2,40,8000,0.848178,5.16568e-05,0.000224518,4.60665e-05,0.985492,8.65127,8.63407,9.03897,nan,2.41024,nan,0.200356,8.9712,10.4607,12.2886,False,0.375,0.739748,0.738237,0.70566,0.775637,3.86621e-05,3.86686e-05,3.68885e-05,4.05504e-05,0.000490968,0.000491718,0.000320969,0.000664202,3.56006e-05,3.55911e-05,3.44153e-05,3.68577e-05,-0.241402,10,10,0,0.0170268,0.010102,1888,0,False,nan,nan,nan,nan,nan,nan,nan,nan,nan,nan,nan,nan,13,11
noise,realistic,alternating,10,8,3,20,8000,0.848178,5.16568e-05,0.000224518,3.98559e-05,0.985492,4.35671,4.07555,4.85508,nan,0.382278,nan,0.129853,4.07555,4.45581,4.89728,True,1,0.744967,0.744818,0.712684,0.777797,3.90954e-05,3.90621e-05,3.75301e-05,4.07653e-05,0.000584567,0.000583461,0.000417271,0.000750012,3.04359e-05,3.04295e-05,2.9348e-05,3.15894e-05,-0.250259,3,10,0.760236,0.0163022,0.00883723,1593,0,False,nan,nan,nan,nan,nan,nan,nan,nan,nan,nan,nan,nan,13,11
noise,realistic,alternating,10,8,4,40,8000,0.848178,5.16568e-05,0.000224518,3.75644e-05,0.985492,7.06306,7.03699,7.88853,nan,0.565551,nan,0.28566,6.52971,6.95466,7.54886,True,0.9375,0.762244,0.762539,0.732943,0.791844,3.86657e-05,3.868e-05,3.71339e-05,4.01395e-05,0.000511877,0.000512319,0.000375139,0.00064421,2.84414e-05,2.84396e-05,2.76197e-05,2.92435e-05,-0.242071,4,10,0,0.0168791,0.00791737,1439,0,False,nan,nan,nan,nan,nan,nan,nan,nan,nan,nan,nan,nan,13,11
noise,realistic,alternating,10,8,5,20,8000,0.848178,5.16568e-05,0.000224518,3.4289e-05,0.985492,3.74454,3.79443,4.22384,nan,0.360001,nan,0.126163,3.3771,3.61184,3.87735,True,0.75,0.75435,0.754431,0.72482,0.783561,3.86662e-05,3.8686e-05,3.72437e-05,3.99713e-05,0.000488125,0.00048316,0.00036067,0.00062712,2.56676e-05,2.56603e-05,2.48459e-05,2.65014e-05,-0.224755,3,10,0,0.0152914,0.00706722,1552,0,False,nan,nan,nan,nan,nan,nan,nan,nan,nan,nan,nan,nan,13,11
noise,realistic,alternating,10,8,6,40,8000,0.848178,5.16568e-05,0.000224518,3.31166e-05,0.985492,6.43811,6.59258,6.83424,nan,0.655002,nan,0.111265,5.76062,6.08831,6.53181,True,0.625,0.743759,0.743548,0.719323,0.769218,3.87682e-05,3.8802e-05,3.71251e-05,4.03157e-05,0.000435376,0.000428505,0.000323813,0.000560626,2.5329e-05,2.53244e-05,2.45519e-05,2.61164e-05,-0.181533,4,10,0,0.0227664,0.00869749,1428,0,False,nan,nan,nan,nan,nan,nan,nan,nan,nan,nan,nan,nan,13,11
noise,realistic,alternating,10,8,7,20,8000,0.848178,5.16568e-05,0.000224518,3.11556e-05,0.985492,3.42399,3.349,3.76549,nan,0.381816,nan,0.0964473,3.06878,3.29427,3.54477,True,0.75,0.741303,0.741361,0.718343,0.764328,3.87834e-05,3.88225e-05,3.71724e-05,4.02548e-05,0.000428912,0.000424484,0.000311807,0.000564419,2.33795e-05,2.33765e-05,2.25709e-05,2.42186e-05,-0.175531,2,10,0,0.0203385,0.00810871,1667,1,False,nan,nan,nan,nan,nan,nan,nan,nan,nan,nan,nan,nan,13,11
noise,realistic,alternating,10,8,8,40,8000,0.848178,5.16568e-05,0.000224518,2.99792e-05,0.985492,5.97083,6.18104,6.0195,nan,0.591712,nan,0.103987,5.32373,5.6759,6.04981,True,0.5,0.732415,0.732155,0.712396,0.753603,3.88097e-05,3.88485e-05,3.73419e-05,4.01932e-05,0.000359595,0.000355232,0.000245876,0.000474292,2.29341e-05,2.2921e-05,2.22465e-05,2.36827e-05,-0.147968,4,10,0.824672,0.0204383,0.00762582,1480,0,True,nan,nan,nan,nan,nan,nan,nan,nan,nan,nan,nan,nan,13,11
noise,realistic,alternating,10,8,9,20,8000,0.848178,5.16568e-05,0.000224518,2.8036e-05,0.985492,3.06175,2.97112,3.38281,nan,0.284336,nan,0.0891648,2.86341,3.05654,3.26333,True,0.75,0.731432,0.731066,0.711632,0.753075,3.8878e-05,3.89254e-05,3.74172e-05,4.02207e-05,0.00038596,0.000382356,0.000269823,0.000516932,2.11236e-05,2.11267e-05,2.03639e-05,2.18501e-05,-0.115636,3,10,0,0.0188972,0.00822258,1591,0,True,nan,nan,nan,nan,nan,nan,nan,nan,nan,nan,nan,nan,13,11
noise,realistic,alternating,10,8,10,40,8000,0.848178,5.16568e-05,0.000224518,2.7169e-05,0.985492,5.41271,5.37975,5.42529,nan,0.531717,nan,0.0991154,4.90281,5.22744,5.55509,True,0.625,0.725496,0.72506,0.706006,0.746165,3.9007e-05,3.90295e-05,3.75688e-05,4.03298e-05,0.000441335,0.000429115,0.000309283,0.000611627,2.06131e-05,2.05915e-05,2.00006e-05,2.12709e-05,-0.153814,3,10,0,0.0177018,0.00820484,1564,0,False,nan,nan,nan,nan,nan,nan,nan,nan,nan,nan,nan,nan,13,11
noise,realistic,alternating,10,8,11,20,8000,0.848178,5.16568e-05,0.000224518,2.56382e-05,0.985492,2.8274,2.69907,3.07784,nan,0.323017,nan,0.0677869,2.53785,2.71713,2.88281,True,0.5,0.725249,0.724705,0.706682,0.745558,3.89611e-05,3.89948e-05,3.75351e-05,4.02398e-05,0.000422743,0.0004109,0.000292428,0.000588328,1.93817e-05,1.93783e-05,1.86953e-05,2.00719e-05,-0.106197,2,10,0,0.0161502,0.00741639,1674,0,False,nan,nan,nan,nan,nan,nan,nan,nan,nan,nan,nan,nan,13,11
noise,realistic,alternating,10,8,12,40,8000,0.848178,5.16568e-05,0.000224518,2.51698e-05,0.985492,5.00008,4.97575,4.93434,nan,0.53072,nan,0.169008,4.50936,4.79289,5.08049,True,0.5,0.726196,0.725894,0.707164,0.746678,3.90291e-05,3.90512e-05,3.74788e-05,4.04818e-05,0.00040794,0.000392584,0.000271689,0.000598091,1.93494e-05,1.93438e-05,1.87262e-05,2.00073e-05,-0.132891,3,10,0,0.0195761,0.00700421,1611,0,False,nan,nan,nan,nan,nan,nan,nan,nan,nan,nan,nan,nan,13,11
noise,realistic,alternating,10,8,13,20,8000,0.848178,5.16568e-05,0.000224518,2.40235e-05,0.985492,2.69889,2.54997,2.84585,nan,0.330065,nan,0.069169,2.41777,2.57462,2.72454,True,0.5,0.726002,0.725511,0.707469,0.746097,3.90317e-05,3.90661e-05,3.75955e-05,4.03333e-05,0.000385561,0.000374766,0.000250515,0.000570233,1.85118e-05,1.85048e-05,1.78308e-05,1.92639e-05,-0.110772,2,10,0,0.0191809,0.00632055,1757,0,False,nan,nan,nan,nan,nan,nan,nan,nan,nan,nan,nan,nan,13,11
noise,realistic,alternating,10,8,14,40,8000,0.848178,5.16568e-05,0.000224518,2.34243e-05,0.985492,4.64452,4.46262,4.54326,nan,0.441148,nan,0.0966491,4.33347,4.61106,4.8975,True,0.625,0.726698,0.726401,0.709023,0.746206,3.90118e-05,3.90155e-05,3.7684e-05,4.03195e-05,0.000416238,0.000408388,0.00027321,0.000599432,1.78505e-05,1.78515e-05,1.73108e-05,1.84063e-05,-0.0960318,3,10,0,0.0182292,0.00621274,1666,0,False,nan,nan,nan,nan,nan,nan,nan,nan,nan,nan,nan,nan,13,11
noise,realistic,alternating,10,8,15,20,8000,0.848178,5.16568e-05,0.000224518,2.24376e-05,0.985492,2.53324,2.4456,2.64068,nan,0.337817,nan,0.0614195,2.24668,2.39291,2.53454,True,0.5,0.727498,0.727344,0.709997,0.746178,3.89438e-05,3.89552e-05,3.76962e-05,4.02281e-05,0.000397389,0.00038179,0.000259361,0.000588965,1.71548e-05,1.71376e-05,1.65512e-05,1.78196e-05,-0.105227,2,10,0,0.0169518,0.00609368,1756,0,False,nan,nan,nan,nan,nan,nan,nan,nan,nan,nan,nan,nan,13,11
noise,realistic,alternating,10,8,16,40,8000,0.848178,5.16568e-05,0.000224518,2.18076e-05,0.985492,4.40825,4.44575,4.17763,nan,0.475582,nan,0.112024,4.03748,4.28282,4.53159,True,0.375,0.727681,0.727374,0.710614,0.746101,3.89335e-05,3.89342e-05,3.76653e-05,4.02109e-05,0.000347029,0.000335473,0.000233527,0.000496536,1.68941e-05,1.68891e-05,1.63998e-05,1.74167e-05,-0.117514,2,10,0,0.0147056,0.00597912,1761,0,False,nan,nan,nan,nan,nan,nan,nan,nan,nan,nan,nan,nan,13,11
noise,realistic,alternating,10,8,17,20,8000,0.848178,5.16568e-05,0.000224518,2.10712e-05,0.985492,2.34206,2.34798,2.45712,nan,0.261795,nan,0.0318809,2.17048,2.3012,2.41244,True,0.25,0.729697,0.72914,0.712763,0.748175,3.88672e-05,3.89145e-05,3.76241e-05,4.00735e-05,0.000312979,0.00030258,0.000211718,0.000451298,1.65015e-05,1.64744e-05,1.59252e-05,1.71653e-05,-0.17593,3,10,0.865936,0.0145058,0.00610986,1613,1,True,nan,nan,nan,nan,nan,nan,nan,nan,nan,nan,nan,nan,13,11
noise,realistic,alternating,10,8,18,40,8000,0.848178,5.16568e-05,0.000224518,2.03748e-05,0.985492,4.04305,3.82366,3.90246,nan,0.403824,nan,0.133325,3.94614,4.16766,4.40647,True,0.5,0.731218,0.730691,0.713769,0.749353,3.88081e-05,3.88766e-05,3.74326e-05,4.00735e-05,0.000325307,0.000318373,0.000212717,0.000457361,1.57222e-05,1.57284e-05,1.52228e-05,1.62053e-05,-0.0958815,3,10,0,0.0133113,0.00624206,1604,0,True,nan,nan,nan,nan,nan,nan,nan,nan,nan,nan,nan,nan,13,11
noise,realistic,alternating,10,8,19,20,8000,0.848178,5.16568e-05,0.000224518,1.9962e-05,0.985492,2.23402,2.40989,2.31224,nan,0.264526,nan,0.0925728,2.04814,2.16564,2.27499,True,0.5,0.730241,0.729915,0.713543,0.748429,3.86972e-05,3.87698e-05,3.73103e-05,3.99326e-05,0.00029587,0.000290702,0.000190579,0.000422679,1.54527e-05,1.54485e-05,1.49131e-05,1.59754e-05,-0.079262,2,10,0,0.0120238,0.00659865,1716,0,False,nan,nan,nan,nan,nan,nan,nan,nan,nan,nan,nan,nan,13,11
noise,realistic,alternating,10,8,20,40,8000,0.848178,5.16568e-05,0.000224518,1.93173e-05,0.985492,3.89058,3.95416,3.62304,nan,0.394408,nan,0.103338,3.7087,3.9079,4.11337,True,0.25,0.729898,0.729679,0.713492,0.747087,3.86981e-05,3.87698e-05,3.72917e-05,3.99213e-05,0.000286427,0.000280814,0.000184746,0.000410279,1.51883e-05,1.51845e-05,1.47075e-05,1.56717e-05,-0.0949352,2,10,0.778874,0.0113165,0.00647118,1696,0,False,nan,nan,nan,nan,nan,nan,nan,nan,nan,nan,nan,nan,13,11
noise,realistic,alternating,10,9,1,20,8000,0.319433,6.36999e-05,0.000224183,6.36999e-05,0.988481,7.06526,6.99438,4.42685,nan,2.23837,nan,0.180947,5.12199,7.83416,11.7179,True,1,0.29633,0.296193,0.275918,0.316477,5.28155e-05,5.2717e-05,4.75115e-05,5.86563e-05,0.000329792,0.000314938,0.000179228,0.000539984,5.28155e-05,5.2717e-05,4.75115e-05,5.86563e-05,-0.178424,11,10,0,0.0120503,0.0102363,1794,0,False,nan,nan,nan,nan,nan,nan,nan,nan,nan,nan,nan,nan,13,9
noise,realistic,alternating,10,9,2,40,8000,0.319433,6.36999e-05,0.000224183,5.6569e-05,0.988481,11.039,11.0729,5.32727,nan,1.83413,nan,0.168923,10.4798,12.4593,14.8465,True,0.875,0.29085,0.290814,0.280789,0.300568,5.00706e-05,4.99685e-05,4.79782e-05,5.26909e-05,0.000419028,0.000413337,0.000290923,0.000559864,4.58502e-05,4.58351e-05,4.45144e-05,4.72837e-05,-0.222637,7,10,0,0.0143933,0.00922823,1898,0,False,nan,nan,nan,nan,nan,nan,nan,nan,nan,nan,nan,nan,13,9
noise,realistic,alternating,10,9,3,20,8000,0.319433,6.36999e-05,0.000224183,4.74564e-05,0.988481,5.47326,5.72339,3.60698,nan,0.482967,nan,0.157593,5.07719,5.5985,6.05698,True,1,0.289032,0.288807,0.280242,0.298356,4.9796e-05,4.97967e-05,4.79845e-05,5.15833e-05,0.000390939,0.000389558,0.00029159,0.000497076,4.01998e-05,4.01512e-05,3.90123e-05,4.1588e-05,-0.152758,4,10,0,0.0122665,0.00821959,1493,0,False,nan,nan,nan,nan,nan,nan,nan,nan,nan,nan,nan,nan,13,9
noise,realistic,alternating,10,9,4,40,8000,0.319433,6.36999e-05,0.000224183,4.43162e-05,0.988481,8.89787,9.14835,4.87755,nan,0.699302,nan,0.241295,8.63965,9.17147,9.83318,True,0.6875,0.289624,0.289466,0.282081,0.297773,4.97243e-05,4.97068e-05,4.8114e-05,5.13842e-05,0.000387032,0.00038714,0.000297394,0.000479877,3.73443e-05,3.73666e-05,3.64018e-05,3.82325e-05,-0.0917204,3,10,0,0.0112071,0.00716409,1553,0,False,nan,nan,nan,nan,nan,nan,nan,nan,nan,nan,nan,nan,13,9
noise,realistic,alternating,10,9,5,20,8000,0.319433,6.36999e-05,0.000224183,3.98003e-05,0.988481,4.49932,4.45182,3.17365,nan,0.458423,nan,0.150787,4.49185,4.74838,5.05346,True,0.5,0.289761,0.289748,0.28233,0.29731,5.00406e-05,5.00888e-05,4.83862e-05,5.16253e-05,0.000416097,0.000413408,0.000306639,0.000527303,3.27575e-05,3.27484e-05,3.16742e-05,3.38603e-05,-0.10015,3,10,0,0.0134208,0.00830899,1629,0,False,nan,nan,nan,nan,nan,nan,nan,nan,nan,nan,nan,nan,13,9
noise,realistic,alternating,10,9,6,40,8000,0.319433,6.36999e-05,0.000224183,3.79194e-05,0.988481,7.88065,7.85874,4.17007,nan,0.610541,nan,0.0930232,7.17801,7.61214,8.13633,True,0.625,0.282097,0.28233,0.273581,0.289869,5.02202e-05,5.02258e-05,4.84845e-05,5.20053e-05,0.00036824,0.000370336,0.000273578,0.000457949,3.12402e-05,3.12389e-05,3.0487e-05,3.20112e-05,-0.0145295,5,10,0,0.0117477,0.00899966,1384,0,False,nan,nan,nan,nan,nan,nan,nan,nan,nan,nan,nan,nan,13,9
noise,realistic,alternating,10,9,7,20,8000,0.319433,6.36999e-05,0.000224183,3.54762e-05,0.988481,4.12153,4.09612,2.78084,nan,0.390698,nan,0.132781,3.82641,4.03474,4.26596,True,0.5625,0.28296,0.282973,0.274886,0.290289,5.01573e-05,5.01607e-05,4.85726e-05,5.1721e-05,0.00036587,0.000363728,0.000266771,0.000470021,2.8821e-05,2.87958e-05,2.79603e-05,2.97487e-05,-0.0626126,2,11.377,0,0.011538,0.00768085,1566,0,False,nan,nan,nan,nan,nan,nan,nan,nan,nan,nan,nan,nan,13,9
noise,realistic,alternating,10,9,8,40,8000,0.319433,6.36999e-05,0.000224183,3.43669e-05,0.988481,7.25079,7.33891,3.58438,nan,0.658884,nan,0.173863,6.51779,6.85807,7.25168,True,0.5,0.281627,0.281521,0.274789,0.28862,5.01131e-05,5.01282e-05,4.83892e-05,5.17854e-05,0.000304032,0.000298277,0.000223507,0.000401104,2.85162e-05,2.84835e-05,2.76529e-05,2.94559e-05,-0.0344941,4,10,0.837353,0.0168823,0.00927674,1384,2,True,nan,nan,nan,nan,nan,nan,nan,nan,nan,nan,nan,nan,13,9
noise,realistic,alternating,10,9,9,20,8000,0.319433,6.36999e-05,0.000224183,3.17946e-05,0.988481,3.7396,3.68392,2.4859,nan,0.330527,nan,0.0534597,3.54333,3.77083,4.0298,True,0.75,0.281536,0.28154,0.275044,0.288175,5.0209e-05,5.02111e-05,4.84939e-05,5.18353e-05,0.000317241,0.000312441,0.000229647,0.000422384,2.6396e-05,2.63845e-05,2.55271e-05,2.72893e-05,-0.124558,2,10,0,0.0149343,0.00902244,1613,0,True,nan,nan,nan,nan,nan,nan,nan,nan,nan,nan,nan,nan,13,9
noise,realistic,alternating,10,9,10,40,8000,0.319433,6.36999e-05,0.000224183,3.09041e-05,0.988481,6.71583,6.98284,3.09619,nan,0.616113,nan,0.312677,6.03452,6.40627,6.79174,True,0.5,0.281458,0.281397,0.276065,0.287342,5.02251e-05,5.0332e-05,4.79221e-05,5.22214e-05,0.000275156,0.000271336,0.000196793,0.000366549,2.67473e-05,2.67318e-05,2.57685e-05,2.77629e-05,-0.0949841,5,10,0,0.0209384,0.0136039,1326,0,False,nan,nan,nan,nan,nan,nan,nan,nan,nan,nan,nan,nan,13,9
noise,realistic,alternating,10,9,11,20,8000,0.319433,6.36999e-05,0.000224183,2.89612e-05,0.988481,3.40381,3.62708,2.26189,nan,0.343861,nan,0.082062,3.31474,3.55871,3.81351,True,0.5,0.280555,0.280465,0.27496,0.286191,5.03061e-05,5.03907e-05,4.81688e-05,5.22527e-05,0.000275964,0.000271055,0.000189105,0.000383841,2.51544e-05,2.51486e-05,2.42198e-05,2.60823e-05,-0.0754582,2,10,0,0.0192401,0.0129318,1594,0,False,nan,nan,nan,nan,nan,nan,nan,nan,nan,nan,nan,nan,13,9
noise,realistic,alternating,10,9,12,40,8000,0.319433,6.36999e-05,0.000224183,2.82729e-05,0.988481,6.09149,6.02768,2.84048,nan,0.503493,nan,0.234674,5.78448,6.21124,6.62421,True,0.5625,0.279662,0.279628,0.274538,0.284869,5.02621e-05,5.03632e-05,4.8159e-05,5.21145e-05,0.000284849,0.000278712,0.000199069,0.000387429,2.40871e-05,2.40839e-05,2.33567e-05,2.48134e-05,-0.0931997,3,10,0,0.0182572,0.0128402,1546,0,False,nan,nan,nan,nan,nan,nan,nan,nan,nan,nan,nan,nan,13,9
noise,realistic,alternating,10,9,13,20,8000,0.319433,6.36999e-05,0.000224183,2.6793e-05,0.988481,3.14136,3.30732,2.07935,nan,0.322131,nan,0.0860321,3.02264,3.22999,3.42811,True,0.4375,0.279231,0.279198,0.274069,0.284518,5.02733e-05,5.03392e-05,4.82825e-05,5.20196e-05,0.000290698,0.000285627,0.0001948,0.000408605,2.28647e-05,2.2859e-05,2.20352e-05,2.36765e-05,-0.036495,1,10,0,0.0177844,0.0123904,1788,0,False,nan,nan,nan,nan,nan,nan,nan,nan,nan,nan,nan,nan,13,9
noise,realistic,alternating,10,9,14,40,8000,0.319433,6.36999e-05,0.000224183,2.57505e-05,0.988481,5.38264,5.39643,2.78585,nan,0.584265,nan,0.185059,5.28783,5.64631,6.00934,True,0.5,0.278601,0.278626,0.273535,0.283516,5.02811e-05,5.03069e-05,4.83669e-05,5.19863e-05,0.000330589,0.0003224,0.000223978,0.000454967,2.16176e-05,2.1619e-05,2.08579e-05,2.23394e-05,-0.0899786,4,10,0,0.0189972,0.0119948,1445,0,False,nan,nan,nan,nan,nan,nan,nan,nan,nan,nan,nan,nan,13,9
noise,realistic,alternating,10,9,15,20,8000,0.319433,6.36999e-05,0.000224183,2.45535e-05,0.988481,2.81563,2.91802,1.93914,nan,0.294241,nan,0.107309,2.71755,2.89661,3.08343,True,0.5,0.278592,0.278621,0.273769,0.283579,5.02744e-05,5.03036e-05,4.84082e-05,5.20136e-05,0.000317866,0.000312296,0.000212826,0.000440388,2.06244e-05,2.06273e-05,1.98207e-05,2.13959e-05,-0.0960492,2,10,0,0.017967,0.0115844,1558,0,False,nan,nan,nan,nan,nan,nan,nan,nan,nan,nan,nan,nan,13,9
noise,realistic,alternating,10,9,16,40,8000,0.319433,6.36999e-05,0.000224183,2.41989e-05,0.988481,4.94227,4.99539,2.61735,nan,0.462827,nan,0.180436,4.77892,5.08488,5.41534,True,0.5,0.278209,0.278293,0.273495,0.282789,5.03221e-05,5.03307e-05,4.86749e-05,5.19509e-05,0.00035026,0.000345981,0.000232449,0.000478842,1.98344e-05,1.98349e-05,1.91822e-05,2.04647e-05,-0.0481514,2,10,0,0.0171922,0.0106094,1650,1,False,nan,nan,nan,nan,nan,nan,nan,nan,nan,nan,nan,nan,13,9
noise,realistic,alternating,10,9,17,20,8000,0.319433,6.36999e-05,0.000224183,2.30848e-05,0.988481,2.67775,2.82013,1.79169,nan,0.277138,nan,0.0666418,2.50638,2.66596,2.82502,True,0.3125,0.278443,0.278499,0.273697,0.283127,5.02279e-05,5.02589e-05,4.83705e-05,5.18977e-05,0.000316407,0.000307422,0.000212778,0.000449135,1.94098e-05,1.93835e-05,1.86453e-05,2.02378e-05,-0.0859318,3,10,0,0.0174796,0.0123732,1514,0,False,nan,nan,nan,nan,nan,nan,nan,nan,nan,nan,nan,nan,13,9
noise,realistic,alternating,10,9,18,40,8000,0.319433,6.36999e-05,0.000224183,2.28376e-05,0.988481,4.84571,4.9658,2.26351,nan,0.458001,nan,0.131249,4.50382,4.7841,5.12647,True,0.375,0.278202,0.278203,0.273536,0.282951,5.02912e-05,5.03082e-05,4.84689e-05,5.19742e-05,0.000304086,0.000296293,0.0001991,0.00043969,1.92619e-05,1.92499e-05,1.85933e-05,1.99631e-05,-0.0873629,3,10,0,0.0180376,0.012266,1476,0,False,nan,nan,nan,nan,nan,nan,nan,nan,nan,nan,nan,nan,13,9
noise,realistic,alternating,10,9,19,20,8000,0.319433,6.36999e-05,0.000224183,2.16838e-05,0.988481,2.55018,2.42972,1.67184,nan,0.27383,nan,0.0637423,2.45981,2.61376,2.785,True,0.4375,0.278563,0.278579,0.273782,0.283237,5.03019e-05,5.03161e-05,4.85058e-05,5.19019e-05,0.000333847,0.000324559,0.00021202,0.000486292,1.79966e-05,1.79947e-05,1.72482e-05,1.87423e-05,-0.0318284,2,10,0,0.0166147,0.0138524,1641,0,False,nan,nan,nan,nan,nan,nan,nan,nan,nan,nan,nan,nan,13,9
noise,realistic,alternating,10,9,20,40,8000,0.319433,6.36999e-05,0.000224183,2.15367e-05,0.988481,4.55317,4.67184,2.11809,nan,0.452036,nan,0.116223,4.15579,4.46363,4.76708,True,0.5,0.277766,0.277724,0.273015,0.282649,5.02881e-05,5.02998e-05,4.84187e-05,5.20476e-05,0.000283924,0.000277119,0.000180972,0.000411396,1.79577e-05,1.79487e-05,1.7357e-05,1.85997e-05,-0.107854,3,10,0,0.0162491,0.0134102,1574,0,False,nan,nan,nan,nan,nan,nan,nan,nan,nan,nan,nan,nan,13,9
noise,realistic,alternating,10,10,1,20,8000,0.0135469,4.15807e-05,0.000223674,4.15807e-05,0.995676,5.78122,5.87421,2.43682,nan,3.92085,nan,0.118742,5.22843,7.92655,12.0323,True,1,0.0106299,0.0107155,0.00569952,0.0146316,4.54637e-05,4.52556e-05,4.07408e-05,5.07587e-05,0.00031079,0.000288486,0.000159663,0.000529928,4.54637e-05,4.52556e-05,4.07408e-05,5.07587e-05,-0.061988,9,11.2046,0,0.0188152,0.00930188,1818,1,True,nan,nan,nan,nan,nan,nan,nan,nan,nan,nan,nan,nan,13,10
noise,realistic,alternating,10,10,2,40,8000,0.0135469,4.15807e-05,0.000223674,3.65231e-05,0.995676,8.82208,8.89763,6.08049,nan,2.23425,nan,0.298731,9.15097,10.9404,12.9862,False,0.25,0.0134558,0.0134502,0.0115145,0.0153361,4.11425e-05,4.09901e-05,3.88661e-05,4.39947e-05,0.000421434,0.000409209,0.000226777,0.000651274,3.78667e-05,3.78011e-05,3.65243e-05,3.95065e-05,-0.0480598,9,11.2037,0,0.0167216,0.011774,1870,0,False,nan,nan,nan,nan,nan,nan,nan,nan,nan,nan,nan,nan,13,10
noise,realistic,alternating,10,10,3,20,8000,0.0135469,4.15807e-05,0.000223674,3.13306e-05,0.995676,4.44094,4.5493,2.47253,nan,0.409662,nan,0.0717936,4.23434,4.78058,5.35125,True,0.875,0.0135864,0.0135893,0.0120378,0.0151323,4.16437e-05,4.1592e-05,3.93483e-05,4.39506e-05,0.000476337,0.000473168,0.000306537,0.000660003,3.30835e-05,3.30202e-05,3.17436e-05,3.46077e-05,-0.0535008,3,10,0,0.0173474,0.011556,1604,0,False,nan,nan,nan,nan,nan,nan,nan,nan,nan,nan,nan,nan,13,10
noise,realistic,alternating,10,10,4,40,8000,0.0135469,4.15807e-05,0.000223674,2.97897e-05,0.995676,7.36468,7.26523,5.42182,nan,0.356745,nan,0.0519039,6.8621,7.4153,8.20488,True,1,0.0139017,0.0139154,0.0125811,0.0152553,4.13353e-05,4.13669e-05,3.92369e-05,4.32345e-05,0.000455186,0.00045502,0.000317187,0.000591334,3.05223e-05,3.05189e-05,2.94716e-05,3.1535e-05,-0.0236508,4,10,0,0.0154687,0.00934785,1502,0,False,nan,nan,nan,nan,nan,nan,nan,nan,nan,nan,nan,nan,13,10
noise,realistic,alternating,10,10,5,20,8000,0.0135469,4.15807e-05,0.000223674,2.71097e-05,0.995676,3.79295,3.85323,2.21031,nan,0.239752,nan,0.0663026,3.61273,3.8938,4.24142,True,0.875,0.0137359,0.0137366,0.0124655,0.015034,4.15024e-05,4.15599e-05,3.96031e-05,4.32533e-05,0.000482745,0.000483113,0.000342244,0.000629826,2.72967e-05,2.72798e-05,2.63008e-05,2.83687e-05,-0.0210124,2,10,0,0.0142833,0.00757621,1661,0,False,nan,nan,nan,nan,nan,nan,nan,nan,nan,nan,nan,nan,13,10
noise,realistic,alternating,10,10,6,40,8000,0.0135469,4.15807e-05,0.000223674,2.58833e-05,0.995676,6.59263,6.5902,4.6428,nan,0.531993,nan,0.0803713,5.83326,6.21941,6.70176,True,0.625,0.0131399,0.01311,0.0121396,0.0143284,4.1266e-05,4.12975e-05,3.9224e-05,4.31721e-05,0.00039743,0.000395711,0.000276554,0.000532224,2.66244e-05,2.66139e-05,2.57966e-05,2.75075e-05,-0.0976578,4,10,0,0.0214912,0.00913229,1518,1,False,nan,nan,nan,nan,nan,nan,nan,nan,nan,nan,nan,nan,13,10
noise,realistic,alternating,10,10,7,20,8000,0.0135469,4.15807e-05,0.000223674,2.40589e-05,0.995676,3.41843,3.22503,1.89487,nan,0.201481,nan,0.0428265,3.21987,3.47489,3.74184,True,0.875,0.0134254,0.0133963,0.0123043,0.0145583,4.15293e-05,4.1525e-05,3.9552e-05,4.34696e-05,0.00043896,0.000429933,0.000298698,0.000599902,2.38859e-05,2.39096e-05,2.28197e-05,2.48834e-05,-0.00752273,3,10,0,0.0202394,0.010889,1592,1,False,nan,nan,nan,nan,nan,nan,nan,nan,nan,nan,nan,nan,13,10
noise,realistic,alternating,10,10,8,40,8000,0.0135469,4.15807e-05,0.000223674,2.28606e-05,0.995676,5.91287,6.07811,4.08587,nan,0.458803,nan,0.0614505,5.20946,5.6112,6.03281,True,0.5,0.0131432,0.013144,0.0121422,0.0141899,4.1582e-05,4.16407e-05,3.91536e-05,4.38491e-05,0.00039747,0.000388316,0.00027201,0.000559202,2.4032e-05,2.40484e-05,2.29755e-05,2.50532e-05,-0.0376332,5,10,0,0.0254639,0.0189445,1329,0,False,nan,nan,nan,nan,nan,nan,nan,nan,nan,nan,nan,nan,13,10
noise,realistic,alternating,10,10,9,20,8000,0.0135469,4.15807e-05,0.000223674,2.13464e-05,0.995676,2.98138,2.88009,1.76919,nan,0.233546,nan,0.123934,2.82423,3.1113,3.39512,True,0.875,0.0132478,0.0132249,0.0123484,0.0142422,4.16807e-05,4.17439e-05,3.91521e-05,4.40141e-05,0.000429624,0.000417391,0.000293964,0.000604932,2.1558e-05,2.15742e-05,2.04772e-05,2.26145e-05,-0.0433196,3,10,0,0.0234828,0.0252876,1442,1,False,nan,nan,nan,nan,nan,nan,nan,nan,nan,nan,nan,nan,13,10
noise,realistic,alternating,10,10,10,40,8000,0.0135469,4.15807e-05,0.000223674,2.05962e-05,0.995676,5.24512,5.28149,3.76157,nan,0.332604,nan,0.111307,4.73132,5.16927,5.6283,True,1,0.0130986,0.0130675,0.0122304,0.0140595,4.16548e-05,4.17035e-05,3.90554e-05,4.40033e-05,0.000418399,0.000410985,0.000281667,0.000575916,2.09605e-05,2.09783e-05,1.99894e-05,2.1854e-05,-0.0424547,2,10,0.824694,0.0215378,0.0234955,1616,0,True,nan,nan,nan,nan,nan,nan,nan,nan,nan,nan,nan,nan,13,10
noise,realistic,alternating,10,10,11,20,8000,0.0135469,4.15807e-05,0.000223674,1.9488e-05,0.995676,2.85307,2.98054,1.47399,nan,0.233952,nan,0.0776829,2.47245,2.71664,2.9513,True,0.625,0.0129982,0.0129656,0.0121682,0.0139322,4.14421e-05,4.1479e-05,3.90414e-05,4.38038e-05,0.000390526,0.000382169,0.000265238,0.000557171,2.02455e-05,2.02025e-05,1.92651e-05,2.13552e-05,-0.00038447,3,10,0,0.0223314,0.0213683,1527,0,True,nan,nan,nan,nan,nan,nan,nan,nan,nan,nan,nan,nan,13,10
noise,realistic,alternating,10,10,12,40,8000,0.0135469,4.15807e-05,0.000223674,1.89173e-05,0.995676,4.8513,4.75642,3.34975,nan,0.297943,nan,0.0516588,4.49941,4.88211,5.32923,True,0.9375,0.0130389,0.0130004,0.0122473,0.0139544,4.13471e-05,4.13798e-05,3.90194e-05,4.36e-05,0.000393864,0.000388824,0.000266624,0.000547576,1.92467e-05,1.92367e-05,1.84852e-05,2.00107e-05,0.0194929,2,10,0,0.0183235,0.0209617,1651,1,False,nan,nan,nan,nan,nan,nan,nan,nan,nan,nan,nan,nan,13,10
noise,realistic,alternating,10,10,13,20,8000,0.0135469,4.15807e-05,0.000223674,1.81709e-05,0.995676,2.54794,2.58397,1.39559,nan,0.170119,nan,0.0426121,2.34194,2.53743,2.73504,True,0.8125,0.013015,0.0129893,0.01221,0.0139016,4.13494e-05,4.135e-05,3.90328e-05,4.35233e-05,0.000392828,0.000383745,0.00026063,0.000551126,1.82447e-05,1.82375e-05,1.73577e-05,1.91669e-05,-0.00458948,2,10,0.912835,0.0166974,0.0201289,1688,0,True,nan,nan,nan,nan,nan,nan,nan,nan,nan,nan,nan,nan,13,10
noise,realistic,alternating,10,10,14,40,8000,0.0135469,4.15807e-05,0.000223674,1.80448e-05,0.995676,4.6073,4.60807,2.9368,nan,0.372246,nan,0.0812899,4.07647,4.42711,4.78844,True,0.75,0.0130844,0.013057,0.0122956,0.0139903,4.13591e-05,4.13486e-05,3.90065e-05,4.3613e-05,0.000362534,0.000357051,0.000245029,0.000508921,1.80512e-05,1.80377e-05,1.73376e-05,1.88072e-05,0.0120586,2,10,0,0.0155014,0.019335,1698,0,True,nan,nan,nan,nan,nan,nan,nan,nan,nan,nan,nan,nan,13,10
noise,realistic,alternating,10,10,15,20,8000,0.0135469,4.15807e-05,0.000223674,1.73512e-05,0.995676,2.50164,2.63715,1.15533,nan,0.213124,nan,0.0666682,2.21295,2.39968,2.59175,True,0.625,0.0130503,0.0130198,0.0122386,0.0139554,4.12051e-05,4.12165e-05,3.90184e-05,4.33549e-05,0.000331548,0.000319747,0.000220958,0.000489955,1.77416e-05,1.77381e-05,1.68381e-05,1.87434e-05,-0.06551,3,10,0,0.0184241,0.018279,1589,1,False,nan,nan,nan,nan,nan,nan,nan,nan,nan,nan,nan,nan,13,10
noise,realistic,alternating,10,10,16,40,8000,0.0135469,4.15807e-05,0.000223674,1.70164e-05,0.995676,4.37763,4.24555,2.60504,nan,0.299561,nan,0.0295153,4.01082,4.32701,4.73322,True,1,0.0129599,0.0129217,0.0121651,0.0138317,4.12047e-05,4.1141e-05,3.91866e-05,4.33802e-05,0.000349003,0.00033576,0.000230573,0.000506753,1.70393e-05,1.70453e-05,1.63121e-05,1.7726e-05,-0.0264,2,10,0,0.0149587,0.0179309,1679,0,False,nan,nan,nan,nan,nan,nan,nan,nan,nan,nan,nan,nan,13,10
noise,realistic,alternating,10,10,17,20,8000,0.0135469,4.15807e-05,0.000223674,1.63048e-05,0.995676,2.33643,2.38094,1.05006,nan,0.169091,nan,0.0219159,2.12343,2.2934,2.46595,True,0.75,0.0129891,0.0129545,0.0122084,0.0138859,4.10945e-05,4.10427e-05,3.90707e-05,4.33926e-05,0.000337697,0.000326278,0.000218163,0.000491898,1.64799e-05,1.64716e-05,1.57133e-05,1.72595e-05,-0.00572488,2,10,0,0.0144213,0.0175079,1682,0,False,nan,nan,nan,nan,nan,nan,nan,nan,nan,nan,nan,nan,13,10
noise,realistic,alternating,10,10,18,40,8000,0.0135469,4.15807e-05,0.000223674,1.6109e-05,0.995676,4.06298,4.06092,2.42661,nan,0.292826,nan,0.0983408,3.75067,4.02605,4.32839,True,0.5625,0.01286,0.0128334,0.0120604,0.0137294,4.10932e-05,4.10689e-05,3.90714e-05,4.32437e-05,0.000345393,0.000333414,0.000220295,0.000500644,1.61306e-05,1.6122e-05,1.54949e-05,1.67586e-05,0.0130308,2,10,0,0.0139752,0.016484,1708,0,False,nan,nan,nan,nan,nan,nan,nan,nan,nan,nan,nan,nan,13,10
noise,realistic,alternating,10,10,19,20,8000,0.0135469,4.15807e-05,0.000223674,1.5304e-05,0.995676,2.17398,2.01924,0.977783,nan,0.153282,nan,0.0510393,2.03207,2.17922,2.32963,True,0.6875,0.0128331,0.0128103,0.0120578,0.0137107,4.11759e-05,4.11334e-05,3.90814e-05,4.32939e-05,0.000366584,0.000355134,0.000232264,0.000534107,1.52262e-05,1.52414e-05,1.44511e-05,1.59334e-05,-0.00687199,2,10.9833,0,0.0141543,0.0167115,1748,1,False,nan,nan,nan,nan,nan,nan,nan,nan,nan,nan,nan,nan,13,10
noise,realistic,alternating,10,10,20,40,8000,0.0135469,4.15807e-05,0.000223674,1.50202e-05,0.995676,3.8229,3.81759,2.24008,nan,0.297912,nan,0.0934475,3.45002,3.72745,3.99752,True,0.75,0.0130231,0.0130044,0.0122121,0.0139284,4.11284e-05,4.10799e-05,3.90814e-05,4.33012e-05,0.000341363,0.000329741,0.000219799,0.000497162,1.50765e-05,1.50725e-05,1.4488e-05,1.56711e-05,0.0145234,2,10,0,0.0128669,0.0162404,1745,0,False,nan,nan,nan,nan,nan,nan,nan,nan,nan,nan,nan,nan,13,10
noise,realistic,alternating,10,11,1,20,8000,1.65584,5.43367e-05,0.00021849,5.43367e-05,0.997474,5.56737,5.71065,6.90531,nan,4.31766,nan,0.274246,5.34176,7.92451,12.0153,True,1,1.32982,1.33032,1.23699,1.42427,4.28191e-05,4.23531e-05,3.89013e-05,4.80981e-05,0.000295985,0.00028299,0.000159936,0.000476815,4.28191e-05,4.23531e-05,3.89013e-05,4.80981e-05,-0.120571,12,10,0,0.0188486,0.00783601,1761,0,False,nan,nan,nan,nan,nan,nan,nan,nan,nan,nan,nan,nan,13,11
noise,realistic,alternating,10,11,2,40,8000,1.65584,5.43367e-05,0.00021849,4.88179e-05,0.997474,9.04091,9.00321,10.754,nan,2.49972,nan,0.290559,9.21084,10.6795,13.217,False,0.25,1.3915,1.39312,1.33191,1.44614,3.86158e-05,3.85643e-05,3.70094e-05,4.04926e-05,0.000326223,0.000321779,0.000208575,0.000458484,3.61732e-05,3.61969e-05,3.49557e-05,3.73149e-05,-0.184105,9,10,0,0.0184636,0.00776353,1904,0,False,nan,nan,nan,nan,nan,nan,nan,nan,nan,nan,nan,nan,13,11
noise,realistic,alternating,10,11,3,20,8000,1.65584,5.43367e-05,0.00021849,4.23997e-05,0.997474,4.55233,4.56565,5.71837,nan,0.550582,nan,0.198821,4.35743,4.80138,5.18957,True,0.875,1.36759,1.36658,1.31112,1.42523,3.91706e-05,3.92193e-05,3.72595e-05,4.09064e-05,0.000356942,0.000352412,0.000230393,0.000500886,3.22872e-05,3.2295e-05,3.09187e-05,3.36156e-05,-0.115453,4,10.9577,0,0.0266608,0.0106437,1443,0,False,nan,nan,nan,nan,nan,nan,nan,nan,nan,nan,nan,nan,13,11
noise,realistic,alternating,10,11,4,40,8000,1.65584,5.43367e-05,0.00021849,3.97661e-05,0.997474,7.56157,7.4777,9.19081,nan,0.704658,nan,0.16303,7.25356,7.8506,8.63414,True,0.625,1.38122,1.38095,1.33588,1.42883,3.91276e-05,3.9118e-05,3.75164e-05,4.06324e-05,0.000425646,0.000427642,0.000295832,0.000558644,2.99868e-05,2.99742e-05,2.90835e-05,3.08997e-05,-0.0848572,4,10,0,0.0202661,0.00630516,1473,0,False,nan,nan,nan,nan,nan,nan,nan,nan,nan,nan,nan,nan,13,11
noise,realistic,alternating,10,11,5,20,8000,1.65584,5.43367e-05,0.00021849,3.58998e-05,0.997474,3.81002,3.64074,4.90343,nan,0.377577,nan,0.181966,3.6386,3.89478,4.19551,True,0.75,1.38538,1.38555,1.34033,1.43052,3.94017e-05,3.94289e-05,3.79975e-05,4.07028e-05,0.000479915,0.000476291,0.000332423,0.000629293,2.66537e-05,2.66437e-05,2.57162e-05,2.76497e-05,-0.126115,4,10.9847,0,0.0181133,0.00510411,1409,1,False,nan,nan,nan,nan,nan,nan,nan,nan,nan,nan,nan,nan,13,11
noise,realistic,alternating,10,11,6,40,8000,1.65584,5.43367e-05,0.00021849,3.36294e-05,0.997474,6.51784,6.75876,8.02438,nan,0.616667,nan,0.171825,6.01831,6.3899,6.87199,True,0.625,1.3923,1.39171,1.35115,1.43271,3.93063e-05,3.93155e-05,3.79418e-05,4.06958e-05,0.000418964,0.000416848,0.000301583,0.000541134,2.58378e-05,2.58328e-05,2.50874e-05,2.65544e-05,-0.144326,3,11.219,0,0.0210958,0.0059873,1562,0,False,nan,nan,nan,nan,nan,nan,nan,nan,nan,nan,nan,nan,13,11
noise,realistic,alternating,10,11,7,20,8000,1.65584,5.43367e-05,0.00021849,3.16582e-05,0.997474,3.4311,3.4893,4.35583,nan,0.370823,nan,0.118435,3.16452,3.38381,3.6117,True,0.75,1.39051,1.39017,1.34989,1.43125,3.92856e-05,3.92983e-05,3.79519e-05,4.05317e-05,0.000441956,0.00043743,0.000314625,0.000582303,2.38547e-05,2.38399e-05,2.30854e-05,2.46931e-05,-0.160832,2,10.9813,0,0.0176943,0.00569051,1708,0,False,nan,nan,nan,nan,nan,nan,nan,nan,nan,nan,nan,nan,13,11
noise,realistic,alternating,10,11,8,40,8000,1.65584,5.43367e-05,0.00021849,3.00195e-05,0.997474,5.78925,5.63872,7.15764,nan,0.525354,nan,0.211908,5.47091,5.83138,6.2375,True,0.875,1.39699,1.3965,1.35967,1.43339,3.91945e-05,3.92257e-05,3.78707e-05,4.04324e-05,0.000435583,0.000434367,0.000315334,0.000561161,2.24793e-05,2.2483e-05,2.1858e-05,2.30486e-05,-0.16274,4,10,0,0.0153267,0.00539035,1516,0,False,nan,nan,nan,nan,nan,nan,nan,nan,nan,nan,nan,nan,13,11
noise,realistic,alternating,10,11,9,20,8000,1.65584,5.43367e-05,0.00021849,2.80642e-05,0.997474,3.0597,3.09285,3.89742,nan,0.367373,nan,0.119082,2.82164,2.99087,3.15543,True,0.5,1.39387,1.39386,1.35718,1.43086,3.9133e-05,3.91588e-05,3.77878e-05,4.03692e-05,0.000397397,0.00039205,0.000284818,0.000526717,2.12992e-05,2.12828e-05,2.0659e-05,2.20104e-05,-0.155091,2,10,0,0.0152209,0.0056765,1662,1,False,nan,nan,nan,nan,nan,nan,nan,nan,nan,nan,nan,nan,13,11
noise,realistic,alternating,10,11,10,40,8000,1.65584,5.43367e-05,0.00021849,2.7171e-05,0.997474,5.37849,5.09968,6.45505,nan,0.55799,nan,0.174117,5.00955,5.27404,5.60581,True,0.5,1.39522,1.39442,1.35921,1.43222,3.90594e-05,3.9065e-05,3.78014e-05,4.02863e-05,0.000434657,0.000432023,0.000303374,0.000574378,2.01351e-05,2.01207e-05,1.96291e-05,2.06528e-05,-0.152756,3,10,0,0.0132691,0.00521822,1593,0,False,nan,nan,nan,nan,nan,nan,nan,nan,nan,nan,nan,nan,13,11
noise,realistic,alternating,10,11,11,20,8000,1.65584,5.43367e-05,0.00021849,2.59751e-05,0.997474,2.78962,2.65344,3.55657,nan,0.334269,nan,0.0824229,2.58221,2.71822,2.86249,True,0.5,1.40391,1.4039,1.36742,1.44093,3.90348e-05,3.90306e-05,3.78472e-05,4.02369e-05,0.000442874,0.000440238,0.000306735,0.000592231,1.88348e-05,1.88197e-05,1.82782e-05,1.94473e-05,-0.114856,2,10,0,0.0124148,0.00508847,1680,0,False,nan,nan,nan,nan,nan,nan,nan,nan,nan,nan,nan,nan,13,11
noise,realistic,alternating,10,11,12,40,8000,1.65584,5.43367e-05,0.00021849,2.57608e-05,0.997474,5.02023,5.09599,5.94312,nan,0.697839,nan,0.172088,4.42531,4.65755,4.92222,False,0.5,1.39615,1.39521,1.36646,1.42861,3.90863e-05,3.9105e-05,3.76057e-05,4.04756e-05,0.000363818,0.00035371,0.000239135,0.000516406,1.93584e-05,1.93533e-05,1.85502e-05,2.01547e-05,-0.0875313,6,10,0,0.0234547,0.00932969,1191,0,False,nan,nan,nan,nan,nan,nan,nan,nan,nan,nan,nan,nan,13,11
noise,realistic,alternating,10,11,13,20,8000,1.65584,5.43367e-05,0.00021849,2.48487e-05,0.997474,2.75193,2.84092,3.3661,nan,0.362104,nan,0.121065,2.43718,2.63514,2.83935,True,0.75,1.39647,1.39612,1.36488,1.42843,3.9031e-05,3.90781e-05,3.75965e-05,4.03363e-05,0.000326746,0.000317652,0.000194132,0.000488287,1.91589e-05,1.9151e-05,1.83362e-05,1.99797e-05,-0.0736691,3,10,0,0.0298863,0.00611788,1400,0,False,nan,nan,nan,nan,nan,nan,nan,nan,nan,nan,nan,nan,13,11
noise,realistic,alternating,10,11,14,40,8000,1.65584,5.43367e-05,0.00021849,2.41287e-05,0.997474,4.80967,4.80034,5.48749,nan,0.491327,nan,0.17453,4.48738,4.80584,5.21459,True,0.875,1.38987,1.38957,1.35839,1.42173,3.90513e-05,3.90843e-05,3.77199e-05,4.03257e-05,0.000308171,0.000299293,0.000192621,0.00045628,1.86127e-05,1.86063e-05,1.80255e-05,1.9204e-05,-0.185784,3,10,0,0.0272246,0.00582578,1522,0,False,nan,nan,nan,nan,nan,nan,nan,nan,nan,nan,nan,nan,13,11
noise,realistic,alternating,10,11,15,20,8000,1.65584,5.43367e-05,0.00021849,2.28281e-05,0.997474,2.50848,2.41934,3.08834,nan,0.321996,nan,0.060079,2.41409,2.58864,2.75284,True,0.625,1.3917,1.39129,1.36014,1.42339,3.91707e-05,3.91917e-05,3.77687e-05,4.05717e-05,0.000350855,0.00034095,0.00021003,0.000524171,1.69076e-05,1.69092e-05,1.61806e-05,1.76595e-05,-0.10933,4,10,0,0.0306243,0.00727854,1444,0,False,nan,nan,nan,nan,nan,nan,nan,nan,nan,nan,nan,nan,13,11
noise,realistic,alternating,10,11,16,40,8000,1.65584,5.43367e-05,0.00021849,2.22974e-05,0.997474,4.28474,4.19832,5.06455,nan,0.500785,nan,0.142217,3.95927,4.28636,4.61825,True,0.75,1.38534,1.38569,1.35059,1.41756,3.92485e-05,3.92586e-05,3.79201e-05,4.05609e-05,0.000395589,0.000383603,0.000239417,0.000596586,1.63872e-05,1.63836e-05,1.58137e-05,1.69799e-05,-0.0981048,3,10,0,0.0303544,0.00699089,1501,0,False,nan,nan,nan,nan,nan,nan,nan,nan,nan,nan,nan,nan,13,11
noise,realistic,alternating,10,11,17,20,8000,1.65584,5.43367e-05,0.00021849,2.1327e-05,0.997474,2.28351,2.49655,2.85562,nan,0.268342,nan,0.106474,2.08798,2.25307,2.41922,True,0.8125,1.38581,1.38625,1.35325,1.41709,3.91308e-05,3.91725e-05,3.78007e-05,4.03758e-05,0.00035165,0.000337734,0.000210716,0.00053173,1.6321e-05,1.63067e-05,1.56293e-05,1.70782e-05,-0.0637208,3,10,0,0.0304768,0.00723446,1527,1,False,nan,nan,nan,nan,nan,nan,nan,nan,nan,nan,nan,nan,13,11
noise,realistic,alternating,10,11,18,40,8000,1.65584,5.43367e-05,0.00021849,2.10109e-05,0.997474,4.09839,4.27501,4.7351,nan,0.444759,nan,0.116738,3.81687,4.11081,4.45359,True,0.75,1.38453,1.38445,1.35172,1.41519,3.91337e-05,3.91654e-05,3.77661e-05,4.03742e-05,0.000349268,0.000338367,0.000212101,0.000522536,1.6031e-05,1.60313e-05,1.55032e-05,1.65792e-05,-0.0671452,3,10,0,0.0290604,0.00698098,1555,0,False,nan,nan,nan,nan,nan,nan,nan,nan,nan,nan,nan,nan,13,11
noise,realistic,alternating,10,11,19,20,8000,1.65584,5.43367e-05,0.00021849,2.0509e-05,0.997474,2.21823,2.3055,2.72198,nan,0.281534,nan,0.0594795,2.0804,2.22438,2.38751,True,0.5,1.38493,1.385,1.35279,1.41563,3.91271e-05,3.9172e-05,3.77885e-05,4.0311e-05,0.000358311,0.00034568,0.000211228,0.000552716,1.53026e-05,1.53116e-05,1.46367e-05,1.59849e-05,-0.046594,1,11.2997,0,0.0286799,0.00675423,1801,1,False,nan,nan,nan,nan,nan,nan,nan,nan,nan,nan,nan,nan,13,11
noise,realistic,alternating,10,11,20,40,8000,1.65584,5.43367e-05,0.00021849,2.03246e-05,0.997474,3.96765,3.87316,4.47615,nan,0.449632,nan,0.15723,3.60571,3.87446,4.16169,True,0.625,1.38433,1.3844,1.35354,1.41329,3.91028e-05,3.91514e-05,3.7745e-05,4.03231e-05,0.000314527,0.000306871,0.0001937,0.000469439,1.51163e-05,1.51142e-05,1.46119e-05,1.56452e-05,-0.0967207,3,10,0,0.0264258,0.00725854,1610,1,False,nan,nan,nan,nan,nan,nan,nan,nan,nan,nan,nan,nan,13,11
noise,realistic,alternating,10,12,1,20,8000,3.12005,7.02256e-05,0.000223104,7.02256e-05,1.0079,6.95382,7.13152,9.7832,nan,6.82477,nan,0.189168,5.22148,7.90216,11.7723,True,1,2.11332,2.11315,2.01061,2.22079,5.14343e-05,5.14661e-05,4.65271e-05,5.66477e-05,0.000228047,0.000219174,0.000131288,0.000351575,5.14343e-05,5.14661e-05,4.65271e-05,5.66477e-05,-0.0859989,12,10,0,0.0144669,0.00906067,1766,0,False,nan,nan,nan,nan,nan,nan,nan,nan,nan,nan,nan,nan,13,9
noise,realistic,alternating,10,12,2,40,8000,3.12005,7.02256e-05,0.000223104,6.10702e-05,1.0079,10.8104,10.9191,13.561,nan,3.23144,nan,0.468808,11.0031,13.0947,15.229,False,0.375,2.33502,2.33255,2.27299,2.40444,4.8328e-05,4.8261e-05,4.65616e-05,5.04633e-05,0.00046003,0.000460216,0.000343605,0.000572787,4.42135e-05,4.42071e-05,4.31044e-05,4.53462e-05,-0.152945,14,11.9491,0,0.0150152,0.00948337,1907,0,False,nan,nan,nan,nan,nan,nan,nan,nan,nan,nan,nan,nan,13,9
noise,realistic,alternating,10,12,3,20,8000,3.12005,7.02256e-05,0.000223104,5.2408e-05,1.0079,5.30664,5.36358,7.62167,nan,0.809227,nan,0.132314,4.92113,5.40258,5.80047,True,1,2.33514,2.33516,2.27791,2.39712,4.85036e-05,4.85189e-05,4.69502e-05,5.0083e-05,0.000491452,0.000490231,0.000387962,0.000605315,3.80511e-05,3.80319e-05,3.70039e-05,3.91488e-05,-0.26957,3,10,0.833164,0.0128769,0.0091112,1640,0,True,nan,nan,nan,nan,nan,nan,nan,nan,nan,nan,nan,nan,13,9
noise,realistic,alternating,10,12,4,40,8000,3.12005,7.02256e-05,0.000223104,4.84361e-05,1.0079,8.97614,9.17347,11.3503,nan,1.02602,nan,0.242573,8.35282,8.86174,9.43152,True,0.6875,2.38313,2.38372,2.32694,2.43769,4.81113e-05,4.8106e-05,4.65986e-05,4.95725e-05,0.000393167,0.000392764,0.00031337,0.000477277,3.57944e-05,3.57718e-05,3.50222e-05,3.66172e-05,-0.152822,6,10,0,0.0137776,0.00882008,1345,0,True,nan,nan,nan,nan,nan,nan,nan,nan,nan,nan,nan,nan,13,9
noise,realistic,alternating,10,12,5,20,8000,3.12005,7.02256e-05,0.000223104,4.45261e-05,1.0079,4.54636,4.59578,6.55545,nan,0.683835,nan,0.120541,4.3103,4.58265,4.87311,True,0.8125,2.38492,2.38397,2.33426,2.43667,4.8321e-05,4.8322e-05,4.69452e-05,4.96872e-05,0.00039439,0.000393268,0.000311268,0.000486699,3.17597e-05,3.17747e-05,3.09168e-05,3.26004e-05,-0.163118,3,10,0,0.0130919,0.00904554,1516,0,False,nan,nan,nan,nan,nan,nan,nan,nan,nan,nan,nan,nan,13,9
noise,realistic,alternating,10,12,6,40,8000,3.12005,7.02256e-05,0.000223104,4.27637e-05,1.0079,7.9494,7.87059,10.059,nan,0.899487,nan,0.271917,7.39469,7.78721,8.18669,True,0.5,2.43796,2.4344,2.38476,2.50761,4.81088e-05,4.80989e-05,4.67408e-05,4.95479e-05,0.000329427,0.000326057,0.000258325,0.000408558,3.05935e-05,3.06092e-05,2.99128e-05,3.12555e-05,-0.0760849,5,10,0,0.0129291,0.00917657,1343,0,False,nan,nan,nan,nan,nan,nan,nan,nan,nan,nan,nan,nan,13,9
noise,realistic,alternating,10,12,7,20,8000,3.12005,7.02256e-05,0.000223104,3.84612e-05,1.0079,3.96331,4.02265,5.73434,nan,0.574502,nan,0.268679,3.8343,4.03625,4.23761,True,0.5,2.41956,2.41829,2.37088,2.473,4.83095e-05,4.8337e-05,4.69749e-05,4.95887e-05,0.000370452,0.000368656,0.000279899,0.000476361,2.80449e-05,2.80524e-05,2.73173e-05,2.87407e-05,-0.19179,3,10,0,0.0119393,0.00919724,1552,1,False,nan,nan,nan,nan,nan,nan,nan,nan,nan,nan,nan,nan,13,9
noise,realistic,alternating,10,12,8,40,8000,3.12005,7.02256e-05,0.000223104,3.67141e-05,1.0079,7.0561,7.12206,8.87396,nan,0.765314,nan,0.214653,6.68406,6.99917,7.32709,True,0.5,2.43598,2.4352,2.39032,2.48703,4.82438e-05,4.82778e-05,4.69475e-05,4.94638e-05,0.00034977,0.000347825,0.000260522,0.000441467,2.71677e-05,2.71706e-05,2.65656e-05,2.77482e-05,-0.15568,3,10,0.806136,0.0112774,0.00908032,1589,0,False,nan,nan,nan,nan,nan,nan,nan,nan,nan,nan,nan,nan,13,9
noise,realistic,alternating,10,12,9,20,8000,3.12005,7.02256e-05,0.000223104,3.42947e-05,1.0079,3.51092,3.68831,5.10379,nan,0.524939,nan,0.17123,3.41482,3.58382,3.7543,True,0.5,2.42456,2.42449,2.37852,2.47273,4.83598e-05,4.8363e-05,4.70412e-05,4.96329e-05,0.000363534,0.000360513,0.000268473,0.000468444,2.48548e-05,2.48549e-05,2.41848e-05,2.54885e-05,-0.158192,3,10,0.782207,0.011373,0.00953885,1616,1,False,nan,nan,nan,nan,nan,nan,nan,nan,nan,nan,nan,nan,13,9
noise,realistic,alternating,10,12,10,40,8000,3.12005,7.02256e-05,0.000223104,3.36553e-05,1.0079,6.41487,6.54139,8.086,nan,0.866196,nan,0.39057,5.99094,6.29078,6.59859,True,0.5,2.41947,2.41964,2.37455,2.46481,4.8381e-05,4.8369e-05,4.70784e-05,4.96336e-05,0.000350579,0.00034639,0.000263113,0.000452896,2.41144e-05,2.4119e-05,2.35939e-05,2.4641e-05,-0.168426,2,10,0,0.0104896,0.00938558,1739,0,False,nan,nan,nan,nan,nan,nan,nan,nan,nan,nan,nan,nan,13,9
noise,realistic,alternating,10,12,11,20,8000,3.12005,7.02256e-05,0.000223104,3.21736e-05,1.0079,3.32776,3.00271,4.79396,nan,0.603827,nan,0.14456,3.05739,3.20469,3.34313,True,0.5,2.40418,2.40357,2.3603,2.44913,4.84761e-05,4.84521e-05,4.72563e-05,4.9639e-05,0.000388554,0.000386728,0.000281262,0.000505083,2.2327e-05,2.23324e-05,2.17236e-05,2.29274e-05,-0.170345,3,10,0,0.0103091,0.00872173,1654,0,False,nan,nan,nan,nan,nan,nan,nan,nan,nan,nan,nan,nan,13,9
noise,realistic,alternating,10,12,12,40,8000,3.12005,7.02256e-05,0.000223104,3.19542e-05,1.0079,5.94423,5.71731,7.48278,nan,0.964914,nan,0.235593,5.40314,5.66908,5.9372,False,0.375,2.41935,2.41835,2.37619,2.46413,4.84693e-05,4.84755e-05,4.7171e-05,4.9688e-05,0.000328735,0.00032361,0.000244856,0.000431758,2.2001e-05,2.20075e-05,2.14854e-05,2.25049e-05,-0.112577,4,11.6038,0,0.0105244,0.00926773,1508,0,False,nan,nan,nan,nan,nan,nan,nan,nan,nan,nan,nan,nan,13,9
noise,realistic,alternating,10,12,13,20,8000,3.12005,7.02256e-05,0.000223104,3.04965e-05,1.0079,3.23063,3.51501,4.57959,nan,0.788724,nan,0.147869,2.80651,2.94042,3.06577,False,0.3125,2.4155,2.41451,2.37545,2.46132,4.86032e-05,4.85794e-05,4.7269e-05,4.99729e-05,0.000283409,0.000278376,0.000207686,0.000377635,2.22028e-05,2.21878e-05,2.12019e-05,2.3318e-05,-0.0767225,7,10,0,0.0211428,0.0110533,1096,0,False,nan,nan,nan,nan,nan,nan,nan,nan,nan,nan,nan,nan,13,9
noise,realistic,alternating,10,12,14,40,8000,3.12005,7.02256e-05,0.000223104,2.93582e-05,1.0079,5.55794,5.45818,6.91849,nan,0.720663,nan,0.161945,5.37714,5.7182,6.13537,True,0.5,2.42592,2.42518,2.38577,2.47002,4.852e-05,4.84967e-05,4.71363e-05,4.99424e-05,0.000323925,0.000315683,0.000224086,0.000451685,2.1025e-05,2.10064e-05,2.04516e-05,2.16473e-05,-0.0118037,4,10,0,0.0164471,0.0139482,1224,0,False,nan,nan,nan,nan,nan,nan,nan,nan,nan,nan,nan,nan,13,9
noise,realistic,alternating,10,12,15,20,8000,3.12005,7.02256e-05,0.000223104,2.82701e-05,1.0079,2.96334,2.90882,4.22636,nan,0.567292,nan,0.143999,2.68431,2.83796,3.02287,True,0.5,2.42308,2.42249,2.38434,2.46413,4.84757e-05,4.84615e-05,4.71342e-05,4.98963e-05,0.000312857,0.000304716,0.000211656,0.000441544,2.01452e-05,2.01372e-05,1.95154e-05,2.08111e-05,-0.0298337,2,10,0,0.0164039,0.0135789,1530,1,False,nan,nan,nan,nan,nan,nan,nan,nan,nan,nan,nan,nan,13,9
noise,realistic,alternating,10,12,16,40,8000,3.12005,7.02256e-05,0.000223104,2.73218e-05,1.0079,5.06725,4.91333,6.38416,nan,0.715693,nan,0.3002,4.90778,5.19329,5.50376,True,0.375,2.42785,2.42784,2.38998,2.46649,4.83999e-05,4.83796e-05,4.69351e-05,4.99278e-05,0.000342641,0.000335687,0.00023131,0.000475625,1.92076e-05,1.91958e-05,1.86893e-05,1.97607e-05,-0.0600058,3,10,0,0.0163466,0.0142248,1463,0,False,nan,nan,nan,nan,nan,nan,nan,nan,nan,nan,nan,nan,13,9
noise,realistic,alternating,10,12,17,20,8000,3.12005,7.02256e-05,0.000223104,2.6002e-05,1.0079,2.71958,2.58967,3.88144,nan,0.52481,nan,0.0684997,2.46727,2.60968,2.75718,True,0.5,2.43559,2.4352,2.39894,2.47498,4.84463e-05,4.84043e-05,4.69923e-05,5.01101e-05,0.000311373,0.0003013,0.000205386,0.000444919,1.8619e-05,1.85987e-05,1.80211e-05,1.92588e-05,-0.0222335,3,10,0,0.0134368,0.0158595,1433,0,False,nan,nan,nan,nan,nan,nan,nan,nan,nan,nan,nan,nan,13,9
noise,realistic,alternating,10,12,18,40,8000,3.12005,7.02256e-05,0.000223104,2.57969e-05,1.0079,4.81887,4.84951,6.01796,nan,0.679829,nan,0.142524,4.54177,4.81775,5.10576,True,0.5,2.44037,2.43981,2.40349,2.47756,4.85341e-05,4.84849e-05,4.7047e-05,5.01982e-05,0.000285619,0.00027829,0.000193953,0.000395998,1.84314e-05,1.84269e-05,1.79202e-05,1.89777e-05,-0.0301178,2,10,0.811363,0.0122171,0.0163235,1538,0,False,nan,nan,nan,nan,nan,nan,nan,nan,nan,nan,nan,nan,13,9
noise,realistic,alternating,10,12,19,20,8000,3.12005,7.02256e-05,0.000223104,2.46884e-05,1.0079,2.57057,2.53761,3.66898,nan,0.475005,nan,0.104056,2.3895,2.52459,2.67183,True,0.375,2.43707,2.43685,2.39987,2.47583,4.84752e-05,4.84041e-05,4.70244e-05,5.00763e-05,0.000295622,0.000289518,0.000193754,0.00042745,1.76654e-05,1.76673e-05,1.71034e-05,1.8281e-05,-0.0263975,2,11.2199,0,0.0120183,0.0160098,1573,0,False,nan,nan,nan,nan,nan,nan,nan,nan,nan,nan,nan,nan,13,9
noise,realistic,alternating,10,12,20,40,8000,3.12005,7.02256e-05,0.000223104,2.44687e-05,1.0079,4.60791,4.67891,5.70743,nan,0.62901,nan,0.101742,4.32779,4.58544,4.85446,True,0.25,2.43603,2.4356,2.40043,2.47593,4.84619e-05,4.84236e-05,4.69121e-05,4.99687e-05,0.000283817,0.000275704,0.000186591,0.000406692,1.74181e-05,1.74262e-05,1.69537e-05,1.78887e-05,-0.0395155,2,10,0,0.0113161,0.0147638,1618,0,False,nan,nan,nan,nan,nan,nan,nan,nan,nan,nan,nan,nan,13,9
noise,realistic,alternating,10,13,1,20,8000,0.842023,8.66968e-05,0.000173562,8.66968e-05,1.00019,9.13677,8.9462,8.72184,nan,5.89251,nan,0.216682,5.18303,7.75848,11.5326,True,1,0.671463,0.669878,0.631124,0.719991,6.70512e-05,6.69245e-05,6.07097e-05,7.36276e-05,0.000253377,0.000248511,0.00014842,0.000382025,6.70512e-05,6.69245e-05,6.07097e-05,7.36276e-05,-0.158726,11,11.3457,0.893647,0.0202422,0.00932719,1798,0,True,nan,nan,nan,nan,nan,nan,nan,nan,nan,nan,nan,nan,13,9
noise,realistic,alternating,10,13,2,40,8000,0.842023,8.66968e-05,0.000173562,7.45523e-05,1.00019,14.3954,14.143,10.5074,nan,2.24706,nan,0.266949,13.5966,16.0305,18.5583,True,0.875,0.702721,0.702446,0.679394,0.728141,6.28378e-05,6.28382e-05,6.03009e-05,6.53349e-05,0.000308581,0.00030842,0.000227548,0.00039121,5.76852e-05,5.77174e-05,5.58725e-05,5.93808e-05,-0.300584,9,11.1205,0,0.0176297,0.00842665,1907,0,True,nan,nan,nan,nan,nan,nan,nan,nan,nan,nan,nan,nan,13,9
noise,realistic,alternating,10,13,3,20,8000,0.842023,8.66968e-05,0.000173562,6.33907e-05,1.00019,6.95485,6.94541,6.59587,nan,0.638172,nan,0.236415,6.54687,7.12119,7.71091,True,0.875,0.702695,0.702319,0.681539,0.725458,6.35159e-05,6.34818e-05,6.14082e-05,6.56508e-05,0.00037147,0.000369447,0.000288993,0.000456732,5.00585e-05,5.00889e-05,4.86091e-05,5.15182e-05,-0.17575,4,11.121,0,0.0150525,0.00786191,1497,0,False,nan,nan,nan,nan,nan,nan,nan,nan,nan,nan,nan,nan,13,9
noise,realistic,alternating,10,13,4,40,8000,0.842023,8.66968e-05,0.000173562,5.90122e-05,1.00019,11.4561,11.5779,8.64688,nan,1.04377,nan,0.429497,10.738,11.424,12.21,True,0.5,0.701482,0.701229,0.683523,0.720352,6.31528e-05,6.3192e-05,6.09712e-05,6.52177e-05,0.000318217,0.0003172,0.000253725,0.000387505,4.61575e-05,4.62084e-05,4.49045e-05,4.72756e-05,-0.239607,4,10,1.06295,0.0135046,0.0070411,1431,0,False,nan,nan,nan,nan,nan,nan,nan,nan,nan,nan,nan,nan,13,9
noise,realistic,alternating,10,13,5,20,8000,0.842023,8.66968e-05,0.000173562,5.30876e-05,1.00019,5.76218,5.94937,5.52732,nan,0.489334,nan,0.228212,5.51434,5.83037,6.19822,True,0.625,0.697759,0.697295,0.682483,0.715066,6.32699e-05,6.33974e-05,6.08815e-05,6.51932e-05,0.000308918,0.000308383,0.000229452,0.000388788,4.09249e-05,4.0935e-05,3.97032e-05,4.21043e-05,-0.193941,3,10,0.962571,0.0147387,0.00680135,1510,0,False,nan,nan,nan,nan,nan,nan,nan,nan,nan,nan,nan,nan,13,9
noise,realistic,alternating,10,13,6,40,8000,0.842023,8.66968e-05,0.000173562,5.06395e-05,1.00019,10.1359,10.1707,7.57155,nan,0.979183,nan,0.278268,9.20088,9.73407,10.3944,True,0.75,0.697256,0.697143,0.6812,0.713749,6.31143e-05,6.3295e-05,5.99868e-05,6.52785e-05,0.000274593,0.000274084,0.000210658,0.000345863,3.99794e-05,3.99913e-05,3.88739e-05,4.10762e-05,-0.223145,4,11.5531,0,0.0182534,0.00990348,1364,0,False,nan,nan,nan,nan,nan,nan,nan,nan,nan,nan,nan,nan,13,9
noise,realistic,alternating,10,13,7,20,8000,0.842023,8.66968e-05,0.000173562,4.73134e-05,1.00019,5.30289,5.18675,5.02587,nan,0.559174,nan,0.191674,4.83402,5.17347,5.47677,True,0.5625,0.693335,0.693134,0.678667,0.708572,6.32222e-05,6.33714e-05,6.06487e-05,6.51932e-05,0.000266971,0.000264839,0.000199573,0.000343125,3.67698e-05,3.67839e-05,3.57737e-05,3.77644e-05,-0.173825,3,10,0,0.0161691,0.00844442,1445,0,False,nan,nan,nan,nan,nan,nan,nan,nan,nan,nan,nan,nan,13,9
noise,realistic,alternating,10,13,8,40,8000,0.842023,8.66968e-05,0.000173562,4.56822e-05,1.00019,9.34275,9.34577,6.85761,nan,0.962365,nan,0.339162,8.48457,8.98073,9.52203,True,0.5,0.689915,0.689657,0.677067,0.704194,6.32243e-05,6.34133e-05,6.04208e-05,6.52199e-05,0.000219207,0.000217325,0.000167154,0.000279961,3.5791e-05,3.57744e-05,3.49922e-05,3.66509e-05,-0.144009,4,10,0,0.0150415,0.00642176,1309,1,False,nan,nan,nan,nan,nan,nan,nan,nan,nan,nan,nan,nan,13,9
noise,realistic,alternating,10,13,9,20,8000,0.842023,8.66968e-05,0.000173562,4.22063e-05,1.00019,4.75203,4.85613,4.50196,nan,0.474939,nan,0.0819914,4.50367,4.75742,5.01461,True,0.5,0.688107,0.687744,0.675604,0.701365,6.32764e-05,6.34026e-05,6.09791e-05,6.5182e-05,0.000211498,0.000208749,0.000158742,0.000276201,3.40565e-05,3.40292e-05,3.32103e-05,3.49995e-05,-0.118887,3,10,0,0.0133666,0.00548212,1365,0,False,nan,nan,nan,nan,nan,nan,nan,nan,nan,nan,nan,nan,13,9
noise,realistic,alternating,10,13,10,40,8000,0.842023,8.66968e-05,0.000173562,4.08761e-05,1.00019,8.06838,8.06997,6.13325,nan,0.880824,nan,0.226648,8.08798,8.46506,8.94326,False,0.5,0.691302,0.691021,0.679447,0.703826,6.32582e-05,6.3355e-05,6.12815e-05,6.49939e-05,0.0002714,0.000267642,0.000194998,0.000360771,3.24367e-05,3.24428e-05,3.17343e-05,3.31409e-05,-0.100793,4,10,0,0.0132524,0.00557507,1359,0,False,nan,nan,nan,nan,nan,nan,nan,nan,nan,nan,nan,nan,13,9
noise,realistic,alternating,10,13,11,20,8000,0.842023,8.66968e-05,0.000173562,3.90451e-05,1.00019,4.40162,4.73638,4.17729,nan,0.496947,nan,0.121497,4.08763,4.28979,4.48605,True,0.375,0.692869,0.693081,0.679405,0.706203,6.27741e-05,6.30055e-05,5.95626e-05,6.49329e-05,0.000237396,0.000232485,0.000161538,0.000332638,3.17192e-05,3.16965e-05,3.05895e-05,3.29527e-05,-0.0177863,5,10,0,0.0188491,0.0122817,1177,0,False,nan,nan,nan,nan,nan,nan,nan,nan,nan,nan,nan,nan,13,9
noise,realistic,alternating,10,13,12,40,8000,0.842023,8.66968e-05,0.000173562,3.80871e-05,1.00019,7.73236,7.85049,5.7344,nan,0.796643,nan,0.228804,7.35081,7.8358,8.3773,True,0.5,0.69437,0.694255,0.681489,0.707226,6.28456e-05,6.30561e-05,5.98896e-05,6.48043e-05,0.000246679,0.000241272,0.000168793,0.000343221,3.0545e-05,3.05229e-05,2.97671e-05,3.13788e-05,-0.0640072,3,10,0,0.0172084,0.0110156,1347,0,False,nan,nan,nan,nan,nan,nan,nan,nan,nan,nan,nan,nan,13,9
noise,realistic,alternating,10,13,13,20,8000,0.842023,8.66968e-05,0.000173562,3.64647e-05,1.00019,4.13168,3.91104,3.91863,nan,0.47624,nan,0.14864,3.85508,4.1041,4.32963,True,0.4375,0.694537,0.694393,0.682399,0.707772,6.29757e-05,6.31643e-05,6.02586e-05,6.48058e-05,0.000249338,0.000244457,0.000172661,0.000348665,2.85806e-05,2.85943e-05,2.77075e-05,2.94503e-05,-0.100161,2,11.305,0,0.0164234,0.0101438,1546,0,False,nan,nan,nan,nan,nan,nan,nan,nan,nan,nan,nan,nan,13,9
noise,realistic,alternating,10,13,14,40,8000,0.842023,8.66968e-05,0.000173562,3.61932e-05,1.00019,7.3387,7.42879,5.4421,nan,0.786258,nan,0.265721,6.67752,7.09975,7.49141,True,0.5,0.69187,0.69156,0.680984,0.703599,6.30802e-05,6.31667e-05,6.07614e-05,6.48887e-05,0.000225859,0.000221016,0.000156892,0.000307706,2.7993e-05,2.79833e-05,2.72927e-05,2.87193e-05,-0.130843,3,10,0.835992,0.0142836,0.00832006,1484,0,True,nan,nan,nan,nan,nan,nan,nan,nan,nan,nan,nan,nan,13,9
noise,realistic,alternating,10,13,15,20,8000,0.842023,8.66968e-05,0.000173562,3.4426e-05,1.00019,3.88736,3.93984,3.70468,nan,0.45407,nan,0.0902251,3.59828,3.8036,3.98343,True,0.375,0.691527,0.691315,0.681147,0.702992,6.31303e-05,6.32129e-05,6.10263e-05,6.48657e-05,0.000206081,0.000201232,0.000138696,0.000286466,2.69337e-05,2.69235e-05,2.61896e-05,2.77117e-05,-0.0804653,2,10,0,0.0127404,0.00772382,1612,1,True,nan,nan,nan,nan,nan,nan,nan,nan,nan,nan,nan,nan,13,9
noise,realistic,alternating,10,13,16,40,8000,0.842023,8.66968e-05,0.000173562,3.37004e-05,1.00019,6.67304,6.71791,5.03232,nan,0.711894,nan,0.210041,6.43447,6.76775,7.11123,True,0.375,0.692394,0.692415,0.681652,0.703487,6.31821e-05,6.32578e-05,6.12763e-05,6.48371e-05,0.000210382,0.000205881,0.000146383,0.000292985,2.61593e-05,2.61518e-05,2.55786e-05,2.67706e-05,-0.104208,2,10,0,0.0120504,0.00703126,1681,0,False,nan,nan,nan,nan,nan,nan,nan,nan,nan,nan,nan,nan,13,9
noise,realistic,alternating,10,13,17,20,8000,0.842023,8.66968e-05,0.000173562,3.23571e-05,1.00019,3.59241,3.8384,3.44553,nan,0.442801,nan,0.121659,3.41982,3.58578,3.74834,True,0.125,0.690844,0.690623,0.680178,0.701899,6.31248e-05,6.32135e-05,6.12218e-05,6.47445e-05,0.00020106,0.000197445,0.000136518,0.000280454,2.54747e-05,2.54489e-05,2.47747e-05,2.62317e-05,-0.0707837,3,10,0,0.0120539,0.00744755,1599,0,False,nan,nan,nan,nan,nan,nan,nan,nan,nan,nan,nan,nan,13,9
noise,realistic,alternating,10,13,18,40,8000,0.842023,8.66968e-05,0.000173562,3.15253e-05,1.00019,6.31716,6.17259,4.73421,nan,0.688692,nan,0.234855,6.13234,6.41398,6.73048,True,0.4375,0.691725,0.69142,0.681166,0.703241,6.30618e-05,6.31379e-05,6.11324e-05,6.47383e-05,0.000234951,0.00023042,0.000159895,0.000321195,2.4391e-05,2.43916e-05,2.37971e-05,2.49667e-05,-0.156297,3,10,0,0.0115336,0.00793198,1546,0,False,nan,nan,nan,nan,nan,nan,nan,nan,nan,nan,nan,nan,13,9
noise,realistic,alternating,10,13,19,20,8000,0.842023,8.66968e-05,0.000173562,3.0114e-05,1.00019,3.33585,3.1584,3.20707,nan,0.397429,nan,0.107833,3.18968,3.34081,3.50158,True,0.25,0.692705,0.692364,0.682413,0.703996,6.30857e-05,6.31353e-05,6.12161e-05,6.47399e-05,0.000231863,0.000227748,0.000154717,0.000327461,2.33724e-05,2.33908e-05,2.26268e-05,2.40864e-05,-0.0916083,1,10,0.854649,0.011339,0.00780853,1812,0,True,nan,nan,nan,nan,nan,nan,nan,nan,nan,nan,nan,nan,13,9
noise,realistic,alternating,10,13,20,40,8000,0.842023,8.66968e-05,0.000173562,2.93633e-05,1.00019,6.06053,5.98992,4.46217,nan,0.71055,nan,0.152296,5.58782,5.87157,6.14201,True,0.25,0.692951,0.692566,0.682587,0.704513,6.31054e-05,6.3137e-05,6.13145e-05,6.47099e-05,0.000210439,0.000205801,0.000142001,0.000288592,2.31522e-05,2.31402e-05,2.26085e-05,2.37206e-05,-0.0867551,3,10,0,0.0107553,0.00749667,1639,1,True,nan,nan,nan,nan,nan,nan,nan,nan,nan,nan,nan,nan,13,9
noise,realistic,alternating,10,14,1,20,8000,0.00105566,6.50552e-05,0.000251873,6.50552e-05,1.0663,10.3769,10.37,3.40431,nan,4.19025,nan,0.141328,5.18393,7.78291,11.9644,True,1,0.00136572,0.00132533,0.00109516,0.00178436,7.90335e-05,7.89358e-05,7.12527e-05,8.72745e-05,0.000330105,0.0003253,0.00019059,0.000490379,7.90335e-05,7.89358e-05,7.12527e-05,8.72745e-05,-0.0319166,11,10,0.838055,0.0204155,0.01191,1821,0,True,nan,nan,nan,nan,nan,nan,nan,nan,nan,nan,nan,nan,13,7
noise,realistic,alternating,10,14,2,40,8000,0.00105566,6.50552e-05,0.000251873,5.43916e-05,1.0663,15.6647,16.0133,3.95177,nan,1.80887,nan,0.247051,14.6397,17.2543,20.5112,True,1,0.00137433,0.00137276,0.0011877,0.00156131,7.46297e-05,7.45877e-05,7.10011e-05,7.84647e-05,0.000304413,0.000305678,0.000226136,0.000382279,6.73903e-05,6.74148e-05,6.51956e-05,6.97188e-05,0.00267469,7,10,0.839443,0.0163777,0.0114606,1882,0,False,nan,nan,nan,nan,nan,nan,nan,nan,nan,nan,nan,nan,13,7
noise,realistic,alternating,10,14,3,20,8000,0.00105566,6.50552e-05,0.000251873,4.41608e-05,1.0663,7.42315,7.39809,2.00804,nan,0.748168,nan,0.0636529,7.3436,8.09377,8.85976,True,0.625,0.00123378,0.00122741,0.00104535,0.00141985,7.59816e-05,7.6187e-05,7.10596e-05,7.97679e-05,0.000349813,0.000350069,0.000254008,0.00044557,5.5945e-05,5.58539e-05,5.35692e-05,5.87815e-05,-0.0349842,5,10,0.816545,0.0218085,0.0195274,1284,1,False,nan,nan,nan,nan,nan,nan,nan,nan,nan,nan,nan,nan,13,7
noise,realistic,alternating,10,14,4,40,8000,0.00105566,6.50552e-05,0.000251873,4.01662e-05,1.0663,11.8383,11.5624,3.12768,nan,0.949652,nan,0.316891,11.6032,12.5996,13.8501,True,0.625,0.00117525,0.00117829,0.00103199,0.00129888,7.52139e-05,7.54938e-05,7.05305e-05,7.88973e-05,0.000365863,0.000361344,0.000269334,0.000477499,4.87341e-05,4.86138e-05,4.65968e-05,5.14314e-05,0.063498,7,10,0,0.0314244,0.0174274,1208,0,False,nan,nan,nan,nan,nan,nan,nan,nan,nan,nan,nan,nan,13,7
noise,realistic,alternating,10,14,5,20,8000,0.00105566,6.50552e-05,0.000251873,3.56964e-05,1.0663,6.07797,5.89827,1.61297,nan,0.292821,nan,0.0696843,5.40258,5.90214,6.58293,True,1,0.00115794,0.00115894,0.0010303,0.00127791,7.53423e-05,7.56245e-05,7.10336e-05,7.86531e-05,0.000375197,0.000371008,0.00027409,0.000492791,4.27276e-05,4.26367e-05,4.10175e-05,4.46399e-05,0.0433303,3,10,0,0.0296892,0.0148884,1436,0,False,nan,nan,nan,nan,nan,nan,nan,nan,nan,nan,nan,nan,13,7
noise,realistic,alternating,10,14,6,40,8000,0.00105566,6.50552e-05,0.000251873,3.31265e-05,1.0663,9.9822,10.1053,2.81684,nan,0.483396,nan,0.260575,9.01733,9.71281,10.6795,True,1,0.00118509,0.00118522,0.00106359,0.00130065,7.51567e-05,7.54401e-05,7.1004e-05,7.85198e-05,0.000308133,0.000305175,0.000231535,0.000393147,4.07278e-05,4.07449e-05,3.9292e-05,4.22077e-05,0.0293745,4,10,0,0.0345584,0.0177559,1450,0,False,nan,nan,nan,nan,nan,nan,nan,nan,nan,nan,nan,nan,13,7
noise,realistic,alternating,10,14,7,20,8000,0.00105566,6.50552e-05,0.000251873,2.9704e-05,1.0663,5.14172,5.1774,1.39608,nan,0.232905,nan,0.0434572,4.7513,5.15772,5.62739,True,1,0.00119189,0.00119024,0.00107123,0.00130767,7.5329e-05,7.56281e-05,7.10309e-05,7.84624e-05,0.000297751,0.000292513,0.000218767,0.000393289,3.72077e-05,3.71733e-05,3.57328e-05,3.8767e-05,0.0290573,3,10,0,0.0325707,0.0142152,1508,0,False,nan,nan,nan,nan,nan,nan,nan,nan,nan,nan,nan,nan,13,7
noise,realistic,alternating,10,14,8,40,8000,0.00105566,6.50552e-05,0.000251873,2.84963e-05,1.0663,8.68441,8.80906,2.5304,nan,0.398313,nan,0.0631428,8.17767,8.83091,9.65378,True,1,0.00116605,0.00116719,0.00104302,0.00128249,7.53653e-05,7.567e-05,7.1338e-05,7.82503e-05,0.000286908,0.000283698,0.000210747,0.000375542,3.54257e-05,3.54268e-05,3.42442e-05,3.66463e-05,-0.0204408,3,10,0.937348,0.0301382,0.0128923,1530,0,True,nan,nan,nan,nan,nan,nan,nan,nan,nan,nan,nan,nan,13,7
noise,realistic,alternating,10,14,9,20,8000,0.00105566,6.50552e-05,0.000251873,2.61506e-05,1.0663,4.54428,4.72332,1.24886,nan,0.218809,nan,0.0443645,4.25408,4.5873,4.97751,True,1,0.0011414,0.00114291,0.00102586,0.0012595,7.53714e-05,7.54896e-05,7.17947e-05,7.82383e-05,0.000271983,0.000268831,0.0001939,0.000361622,3.33363e-05,3.32971e-05,3.20726e-05,3.47021e-05,-0.0259138,3,10,0,0.0293436,0.0112233,1497,0,True,nan,nan,nan,nan,nan,nan,nan,nan,nan,nan,nan,nan,13,7
noise,realistic,alternating,10,14,10,40,8000,0.00105566,6.50552e-05,0.000251873,2.53957e-05,1.0663,7.96668,7.99627,2.28473,nan,0.357248,nan,0.189322,7.46746,8.01594,8.71035,True,1,0.00110268,0.0011035,0.000989046,0.00121965,7.5464e-05,7.55416e-05,7.23026e-05,7.83401e-05,0.000268466,0.000265984,0.000189293,0.000356604,3.1917e-05,3.18977e-05,3.09912e-05,3.28742e-05,0.0351683,3,10,0,0.0262112,0.0101437,1470,0,False,nan,nan,nan,nan,nan,nan,nan,nan,nan,nan,nan,nan,13,7
noise,realistic,alternating,10,14,11,20,8000,0.00105566,6.50552e-05,0.000251873,2.32473e-05,1.0663,4.03978,4.05728,1.11896,nan,0.24883,nan,0.0685653,3.92108,4.20548,4.51605,True,0.625,0.00110654,0.00110969,0.000993181,0.00121917,7.5674e-05,7.58027e-05,7.23782e-05,7.85169e-05,0.000273283,0.00027005,0.000186372,0.000372039,2.9478e-05,2.94972e-05,2.82353e-05,3.06281e-05,0.0105685,2,10,0.80417,0.0250025,0.00980321,1606,1,False,nan,nan,nan,nan,nan,nan,nan,nan,nan,nan,nan,nan,13,7
noise,realistic,alternating,10,14,12,40,8000,0.00105566,6.50552e-05,0.000251873,2.26034e-05,1.0663,6.91268,6.88917,2.15637,nan,0.403521,nan,0.0929079,6.66779,7.1784,7.68515,True,0.5625,0.00111789,0.00111925,0.00100404,0.0012261,7.5584e-05,7.5722e-05,7.23975e-05,7.84779e-05,0.000306749,0.000302721,0.000210423,0.000417092,2.77969e-05,2.78089e-05,2.68599e-05,2.8723e-05,-0.05555,3,10,0,0.0251889,0.00823256,1497,1,False,nan,nan,nan,nan,nan,nan,nan,nan,nan,nan,nan,nan,13,7
noise,realistic,alternating,10,14,13,20,8000,0.00105566,6.50552e-05,0.000251873,2.13758e-05,1.0663,3.68728,3.83577,1.04289,nan,0.190497,nan,0.0495146,3.42297,3.66398,3.92101,True,0.875,0.00109477,0.00109855,0.000978049,0.00120288,7.5461e-05,7.54948e-05,7.25422e-05,7.81846e-05,0.000293629,0.000289194,0.000195839,0.000405556,2.66677e-05,2.66451e-05,2.56917e-05,2.77525e-05,-0.0483227,3,10,0,0.0244308,0.00845197,1516,0,False,nan,nan,nan,nan,nan,nan,nan,nan,nan,nan,nan,nan,13,7
noise,realistic,alternating,10,14,14,40,8000,0.00105566,6.50552e-05,0.000251873,2.14778e-05,1.0663,6.68375,6.73851,1.88699,nan,0.388394,nan,0.231774,6.06076,6.47668,6.93917,True,0.75,0.00113296,0.00113215,0.00102313,0.00124424,7.55801e-05,7.5631e-05,7.27603e-05,7.82987e-05,0.000257821,0.000253081,0.000168386,0.000359361,2.65533e-05,2.65292e-05,2.56161e-05,2.74455e-05,0.0187018,4,10,0,0.0263502,0.0081194,1407,0,False,nan,nan,nan,nan,nan,nan,nan,nan,nan,nan,nan,nan,13,7
noise,realistic,alternating,10,14,15,20,8000,0.00105566,6.50552e-05,0.000251873,2.04746e-05,1.0663,3.66409,3.58148,0.997555,nan,0.228882,nan,0.183211,3.31914,3.55768,3.81294,True,0.75,0.00113434,0.00113635,0.00102585,0.00124118,7.56545e-05,7.56917e-05,7.28526e-05,7.83034e-05,0.000256164,0.000249441,0.000164129,0.00036255,2.52295e-05,2.52471e-05,2.42552e-05,2.62258e-05,0.0361413,1,10,0,0.0256665,0.00760238,1725,0,False,nan,nan,nan,nan,nan,nan,nan,nan,nan,nan,nan,nan,13,7
noise,realistic,alternating,10,14,16,40,8000,0.00105566,6.50552e-05,0.000251873,2.01121e-05,1.0663,6.17899,6.29679,1.73826,nan,0.291163,nan,0.0519591,5.79998,6.19892,6.62045,True,1,0.00113515,0.00113705,0.00102449,0.00124069,7.57469e-05,7.5782e-05,7.29975e-05,7.82698e-05,0.000235188,0.000229008,0.000152398,0.000333323,2.48722e-05,2.48736e-05,2.40785e-05,2.56361e-05,0.000841447,3,10,0,0.02409,0.00757188,1566,0,False,nan,nan,nan,nan,nan,nan,nan,nan,nan,nan,nan,nan,13,7
noise,realistic,alternating,10,14,17,20,8000,0.00105566,6.50552e-05,0.000251873,1.88041e-05,1.0663,3.26242,3.17895,0.882899,nan,0.179748,nan,0.0347728,3.14611,3.3605,3.57356,True,0.75,0.00113801,0.00114082,0.00102953,0.00124336,7.58544e-05,7.59463e-05,7.31107e-05,7.84231e-05,0.000259134,0.000249871,0.00016571,0.000376121,2.31249e-05,2.31344e-05,2.21177e-05,2.4108e-05,-0.052805,3,10,0,0.0244968,0.00848989,1517,0,False,nan,nan,nan,nan,nan,nan,nan,nan,nan,nan,nan,nan,13,7
noise,realistic,alternating,10,14,18,40,8000,0.00105566,6.50552e-05,0.000251873,1.89035e-05,1.0663,5.81239,5.45005,1.60108,nan,0.301798,nan,0.0770272,5.28579,5.71925,6.11251,True,1,0.00113416,0.00113592,0.00102891,0.00123865,7.58581e-05,7.59262e-05,7.29658e-05,7.83864e-05,0.000295992,0.000288498,0.00018565,0.000429617,2.19067e-05,2.19101e-05,2.10899e-05,2.26592e-05,-0.0331548,3,10,0,0.0255014,0.00775191,1492,0,False,nan,nan,nan,nan,nan,nan,nan,nan,nan,nan,nan,nan,13,7
noise,realistic,alternating,10,14,19,20,8000,0.00105566,6.50552e-05,0.000251873,1.78822e-05,1.0663,3.06325,3.16469,0.826348,nan,0.204106,nan,0.072145,2.75288,2.94278,3.1337,True,0.625,0.00113181,0.00113475,0.00102939,0.00123037,7.56721e-05,7.56926e-05,7.28319e-05,7.82163e-05,0.000270993,0.0002632,0.000169083,0.000403522,2.1521e-05,2.15114e-05,2.06457e-05,2.24607e-05,0.0100486,2,10,0,0.0252455,0.00819185,1655,0,False,nan,nan,nan,nan,nan,nan,nan,nan,nan,nan,nan,nan,13,7
noise,realistic,alternating,10,14,20,40,8000,0.00105566,6.50552e-05,0.000251873,1.76147e-05,1.0663,5.49771,5.385,1.49722,nan,0.336789,nan,0.0304634,4.95318,5.30776,5.69306,True,0.625,0.00112257,0.00112512,0.00102548,0.0012128,7.56439e-05,7.56751e-05,7.28017e-05,7.82099e-05,0.000254388,0.000247952,0.000162047,0.000365802,2.11068e-05,2.11123e-05,2.03874e-05,2.1815e-05,0.080989,3,10,0,0.0245096,0.00841851,1573,0,False,nan,nan,nan,nan,nan,nan,nan,nan,nan,nan,nan,nan,13,7
noise,realistic,alternating,10,15,1,20,8000,0.203389,4.93178e-05,0.000391678,4.93178e-05,0.978646,5.33234,5.20971,3.57211,nan,3.19781,nan,0.181872,5.21012,7.82729,11.8557,True,0.625,0.196074,0.196361,0.181348,0.210612,4.02222e-05,4.02869e-05,3.58276e-05,4.47613e-05,0.000324115,0.00030289,0.000169807,0.000547388,4.02222e-05,4.02869e-05,3.58276e-05,4.47613e-05,-0.105931,12,10,0,0.0124787,0.00944463,1794,0,False,nan,nan,nan,nan,nan,nan,nan,nan,nan,nan,nan,nan,13,7
noise,realistic,alternating,10,15,2,40,8000,0.203389,4.93178e-05,0.000391678,4.18601e-05,0.978646,8.27738,8.24108,6.45307,nan,1.89449,nan,0.259405,8.23761,10.024,11.8135,True,0.5625,0.183975,0.184321,0.175615,0.192075,4.05126e-05,4.0479e-05,3.79249e-05,4.30713e-05,0.000907149,0.000914539,0.000639363,0.00114462,3.52924e-05,3.52543e-05,3.38942e-05,3.68622e-05,-0.100416,10,10,0,0.0144386,0.0178213,1896,0,False,nan,nan,nan,nan,nan,nan,nan,nan,nan,nan,nan,nan,13,7
noise,realistic,alternating,10,15,3,20,8000,0.203389,4.93178e-05,0.000391678,3.41724e-05,0.978646,3.92117,3.9881,3.33923,nan,0.364396,nan,0.0983685,3.33684,3.69619,4.21051,True,1,0.18419,0.18406,0.176368,0.192774,3.9695e-05,3.96295e-05,3.73321e-05,4.24565e-05,0.000790796,0.000788848,0.000565167,0.00103338,2.93474e-05,2.93306e-05,2.80252e-05,3.07172e-05,-0.0301668,4,10,0.76927,0.0144629,0.0178513,1408,0,False,nan,nan,nan,nan,nan,nan,nan,nan,nan,nan,nan,nan,13,7
noise,realistic,alternating,10,15,4,40,8000,0.203389,4.93178e-05,0.000391678,3.17638e-05,0.978646,6.60245,6.56699,6.04857,nan,0.523761,nan,0.171422,5.84225,6.40022,7.01609,True,0.875,0.188946,0.189075,0.181658,0.195663,3.91651e-05,3.90356e-05,3.71501e-05,4.17171e-05,0.000728582,0.000717888,0.000559407,0.00092374,2.69036e-05,2.69076e-05,2.59409e-05,2.78064e-05,-0.0557273,4,10,0,0.0131043,0.0114129,1318,0,True,nan,nan,nan,nan,nan,nan,nan,nan,nan,nan,nan,nan,13,7
noise,realistic,alternating,10,15,5,20,8000,0.203389,4.93178e-05,0.000391678,2.82036e-05,0.978646,3.37125,3.3191,2.88831,nan,0.304283,nan,0.12017,2.88212,3.20154,3.48633,True,0.625,0.187652,0.187712,0.180446,0.194378,3.88334e-05,3.87373e-05,3.71452e-05,4.08145e-05,0.000693582,0.000684557,0.00053283,0.000887864,2.37003e-05,2.36975e-05,2.28141e-05,2.46039e-05,-0.0582008,2,10,0,0.0119921,0.0096892,1533,0,False,nan,nan,nan,nan,nan,nan,nan,nan,nan,nan,nan,nan,13,7
noise,realistic,alternating,10,15,6,40,8000,0.203389,4.93178e-05,0.000391678,2.65288e-05,0.978646,5.53794,5.48304,5.54287,nan,0.446576,nan,0.126477,5.03623,5.42161,5.79491,True,0.5625,0.187751,0.187802,0.181567,0.193694,3.86835e-05,3.86185e-05,3.70552e-05,4.04814e-05,0.000627202,0.000622961,0.000488707,0.000782787,2.22916e-05,2.23011e-05,2.15852e-05,2.29801e-05,-0.0582019,3,10,0,0.011181,0.00847824,1527,0,False,nan,nan,nan,nan,nan,nan,nan,nan,nan,nan,nan,nan,13,7
noise,realistic,alternating,10,15,7,20,8000,0.203389,4.93178e-05,0.000391678,2.41411e-05,0.978646,2.78518,2.74757,2.72629,nan,0.232777,nan,0.0949308,2.61585,2.80273,2.97754,True,0.8125,0.186488,0.186524,0.179923,0.192675,3.88867e-05,3.88289e-05,3.72221e-05,4.0685e-05,0.000665076,0.000656192,0.000498593,0.000857419,1.97543e-05,1.97704e-05,1.89484e-05,2.04931e-05,-0.0707654,2,10,0,0.0115755,0.00858376,1706,0,False,nan,nan,nan,nan,nan,nan,nan,nan,nan,nan,nan,nan,13,7
noise,realistic,alternating,10,15,8,40,8000,0.203389,4.93178e-05,0.000391678,2.33243e-05,0.978646,4.87562,4.66666,4.98532,nan,0.443881,nan,0.0946058,4.34259,4.63947,4.93475,True,0.5,0.186611,0.18662,0.180228,0.192382,3.88485e-05,3.88075e-05,3.7264e-05,4.05518e-05,0.000655017,0.00064695,0.000486178,0.000847795,1.87752e-05,1.8782e-05,1.80967e-05,1.94318e-05,-0.102293,2,10,0.821042,0.0108793,0.0080864,1767,0,True,nan,nan,nan,nan,nan,nan,nan,nan,nan,nan,nan,nan,13,7
noise,realistic,alternating,10,15,9,20,8000,0.203389,4.93178e-05,0.000391678,2.16649e-05,0.978646,2.59752,2.54952,2.35309,nan,0.324521,nan,0.0606937,2.22562,2.37897,2.54088,False,0.5,0.187164,0.187226,0.181084,0.192696,3.87276e-05,3.86663e-05,3.7205e-05,4.04445e-05,0.000602325,0.000595191,0.000437313,0.000796761,1.75592e-05,1.75491e-05,1.68379e-05,1.83027e-05,-0.11304,2,10,0,0.0108524,0.00807385,1789,0,True,nan,nan,nan,nan,nan,nan,nan,nan,nan,nan,nan,nan,13,7
noise,realistic,alternating,10,15,10,40,8000,0.203389,4.93178e-05,0.000391678,2.09258e-05,0.978646,4.42052,4.58568,4.47331,nan,0.441059,nan,0.0791383,3.92657,4.1893,4.45933,True,0.5,0.185815,0.185801,0.179979,0.191499,3.89447e-05,3.88759e-05,3.70716e-05,4.10228e-05,0.000550007,0.000537557,0.000387605,0.000761052,1.76399e-05,1.76123e-05,1.69242e-05,1.83854e-05,-0.0772186,5,10,0,0.0166414,0.0111261,1323,0,False,nan,nan,nan,nan,nan,nan,nan,nan,nan,nan,nan,nan,13,7
noise,realistic,alternating,10,15,11,20,8000,0.203389,4.93178e-05,0.000391678,1.96917e-05,0.978646,2.29668,2.35986,2.1856,nan,0.211361,nan,0.0575432,2.11521,2.28865,2.45053,True,0.875,0.185406,0.185478,0.179357,0.191006,3.88393e-05,3.88151e-05,3.69914e-05,4.08447e-05,0.000543551,0.000525619,0.000375804,0.00077275,1.65047e-05,1.64975e-05,1.57493e-05,1.73113e-05,-0.06245,1,10,0,0.0171175,0.0100129,1659,0,False,nan,nan,nan,nan,nan,nan,nan,nan,nan,nan,nan,nan,13,7
noise,realistic,alternating,10,15,12,40,8000,0.203389,4.93178e-05,0.000391678,1.915e-05,0.978646,4.07882,4.06223,4.01023,nan,0.375757,nan,0.101814,3.73067,3.98992,4.2789,True,0.5,0.185834,0.185903,0.180336,0.191149,3.87675e-05,3.87415e-05,3.69472e-05,4.05929e-05,0.000522143,0.000504394,0.000361706,0.000738671,1.6046e-05,1.6036e-05,1.5446e-05,1.66932e-05,-0.0444298,3,10,0,0.0152579,0.00902887,1554,0,False,nan,nan,nan,nan,nan,nan,nan,nan,nan,nan,nan,nan,13,7
noise,realistic,alternating,10,15,13,20,8000,0.203389,4.93178e-05,0.000391678,1.77996e-05,0.978646,2.10864,2.16287,1.98832,nan,0.211224,nan,0.0616874,1.95952,2.10982,2.25724,True,0.5625,0.185896,0.185982,0.180337,0.191092,3.87012e-05,3.86607e-05,3.69977e-05,4.03899e-05,0.000497468,0.000483483,0.000339482,0.000713053,1.52359e-05,1.52315e-05,1.45666e-05,1.59099e-05,-0.0585314,1,10,0,0.0142112,0.00874638,1780,1,False,nan,nan,nan,nan,nan,nan,nan,nan,nan,nan,nan,nan,13,7
noise,realistic,alternating,10,15,14,40,8000,0.203389,4.93178e-05,0.000391678,1.73793e-05,0.978646,3.7528,3.85649,3.66711,nan,0.348199,nan,0.0838182,3.48371,3.72762,3.96464,True,0.4375,0.18554,0.185664,0.179925,0.190635,3.86745e-05,3.86508e-05,3.69703e-05,4.03211e-05,0.000469257,0.000454423,0.000323416,0.00066279,1.50204e-05,1.50216e-05,1.44921e-05,1.56127e-05,-0.0701604,3,10,0,0.0132489,0.00851221,1556,1,False,nan,nan,nan,nan,nan,nan,nan,nan,nan,nan,nan,nan,13,7
noise,realistic,alternating,10,15,15,20,8000,0.203389,4.93178e-05,0.000391678,1.6597e-05,0.978646,1.95957,1.96217,1.81966,nan,0.199979,nan,0.0477302,1.8666,1.99962,2.12208,True,0.375,0.185224,0.185449,0.179524,0.190177,3.86967e-05,3.86794e-05,3.70195e-05,4.03327e-05,0.00046631,0.000450977,0.000309146,0.000673359,1.41894e-05,1.41956e-05,1.35731e-05,1.4786e-05,-0.0382532,1,10,0,0.0124201,0.00814392,1785,0,False,nan,nan,nan,nan,nan,nan,nan,nan,nan,nan,nan,nan,13,7
noise,realistic,alternating,10,15,16,40,8000,0.203389,4.93178e-05,0.000391678,1.64262e-05,0.978646,3.51684,3.2342,3.34695,nan,0.341468,nan,0.110268,3.27725,3.51137,3.71696,True,0.375,0.185137,0.185375,0.179843,0.190186,3.86712e-05,3.86437e-05,3.7045e-05,4.03407e-05,0.000516702,0.000500945,0.000352413,0.000735096,1.33996e-05,1.34087e-05,1.28047e-05,1.39507e-05,-0.0718506,3,10,0,0.0140868,0.00867015,1576,0,False,nan,nan,nan,nan,nan,nan,nan,nan,nan,nan,nan,nan,13,7
noise,realistic,alternating,10,15,17,20,8000,0.203389,4.93178e-05,0.000391678,1.56248e-05,0.978646,1.84916,1.80233,1.66203,nan,0.205493,nan,0.0528799,1.65775,1.78776,1.90551,True,0.5,0.185042,0.185283,0.179729,0.189978,3.86751e-05,3.86424e-05,3.70751e-05,4.03045e-05,0.000522704,0.000508121,0.000350257,0.000741923,1.26934e-05,1.26991e-05,1.20206e-05,1.33014e-05,-0.0508833,1,10,0,0.0136978,0.00830459,1795,0,False,nan,nan,nan,nan,nan,nan,nan,nan,nan,nan,nan,nan,13,7
noise,realistic,alternating,10,15,18,40,8000,0.203389,4.93178e-05,0.000391678,1.50816e-05,0.978646,3.16205,3.15742,3.21403,nan,0.299876,nan,0.135297,2.89791,3.13142,3.33458,True,0.4375,0.184955,0.18522,0.179559,0.190028,3.86862e-05,3.86556e-05,3.71134e-05,4.03134e-05,0.000529952,0.000518614,0.000355246,0.000745589,1.24091e-05,1.24151e-05,1.1875e-05,1.29214e-05,-0.0370158,2,10,0,0.0127886,0.0079847,1728,0,False,nan,nan,nan,nan,nan,nan,nan,nan,nan,nan,nan,nan,13,7
noise,realistic,alternating,10,15,19,20,8000,0.203389,4.93178e-05,0.000391678,1.48561e-05,0.978646,1.77148,1.97618,1.51466,nan,0.225736,nan,0.0682413,1.55291,1.65664,1.77298,True,0.5,0.184341,0.184447,0.179208,0.189196,3.86713e-05,3.86939e-05,3.70588e-05,4.03134e-05,0.000484081,0.000470065,0.000313962,0.000695909,1.20855e-05,1.20822e-05,1.15003e-05,1.26675e-05,-0.00792996,2,10,0,0.0122853,0.0080629,1735,0,False,nan,nan,nan,nan,nan,nan,nan,nan,nan,nan,nan,nan,13,7
noise,realistic,alternating,10,15,20,40,8000,0.203389,4.93178e-05,0.000391678,1.47635e-05,0.978646,3.154,3.19135,2.812,nan,0.360798,nan,0.0780077,2.7981,2.98941,3.1862,True,0.375,0.183713,0.183558,0.178956,0.188406,3.87155e-05,3.8738e-05,3.71058e-05,4.02988e-05,0.000417164,0.000407885,0.000267065,0.000600894,1.21206e-05,1.21147e-05,1.16373e-05,1.26343e-05,-0.0485647,3,10,0,0.0125003,0.00888028,1524,0,False,nan,nan,nan,nan,nan,nan,nan,nan,nan,nan,nan,nan,13,7
noise,realistic,alternating,10,16,1,20,8000,0.00817383,6.34585e-05,0.000129333,6.34585e-05,1.04233,9.20821,9.31078,2.16491,nan,3.3148,nan,0.16825,5.19604,7.91946,11.8577,True,1,0.00712926,0.00707405,0.00589755,0.00847731,7.16221e-05,7.14287e-05,6.3837e-05,7.9708e-05,0.000278943,0.000271154,0.000155474,0.000425701,7.16221e-05,7.14287e-05,6.3837e-05,7.9708e-05,0.037698,10,10,0,0.0210305,0.00919269,1793,1,True,nan,nan,nan,nan,nan,nan,nan,nan,nan,nan,nan,nan,13,13
noise,realistic,alternating,10,16,2,40,8000,0.00817383,6.34585e-05,0.000129333,5.7738e-05,1.04233,14.9467,14.9784,2.83454,nan,1.5669,nan,0.302822,13.6905,16.2536,19.4069,True,1,0.00771491,0.00771383,0.00695591,0.00846606,6.72713e-05,6.72194e-05,6.458e-05,6.99381e-05,0.000245113,0.000244026,0.000175681,0.000320093,6.2357e-05,6.24056e-05,6.03648e-05,6.40983e-05,0.0369837,8,10,0,0.0169549,0.00956797,1900,0,False,nan,nan,nan,nan,nan,nan,nan,nan,nan,nan,nan,nan,13,13
noise,realistic,alternating,10,16,3,20,8000,0.00817383,6.34585e-05,0.000129333,5.04497e-05,1.04233,7.64823,7.72128,1.75889,nan,0.398495,nan,0.154822,7.17155,7.7545,8.37781,True,0.875,0.0074244,0.00743517,0.00669362,0.00810637,6.73429e-05,6.7329e-05,6.49932e-05,6.96276e-05,0.000249338,0.00024958,0.000180783,0.000323235,5.55497e-05,5.55467e-05,5.38968e-05,5.71647e-05,-0.011052,3,10,0,0.0149685,0.00924219,1660,0,False,nan,nan,nan,nan,nan,nan,nan,nan,nan,nan,nan,nan,13,13
noise,realistic,alternating,10,16,4,40,8000,0.00817383,6.34585e-05,0.000129333,4.74076e-05,1.04233,12.572,12.8787,2.43345,nan,0.602403,nan,0.462865,11.9642,12.743,13.6095,True,0.75,0.00742745,0.00744551,0.00684487,0.00796998,6.77224e-05,6.76619e-05,6.55878e-05,7.00351e-05,0.000267718,0.000263927,0.000204593,0.00033993,5.28961e-05,5.29221e-05,5.16174e-05,5.41679e-05,0.00885976,4,10,0,0.0132027,0.00842156,1507,0,False,nan,nan,nan,nan,nan,nan,nan,nan,nan,nan,nan,nan,13,13
noise,realistic,alternating,10,16,5,20,8000,0.00817383,6.34585e-05,0.000129333,4.26883e-05,1.04233,6.49724,6.41818,1.4676,nan,0.40569,nan,0.18011,6.14685,6.6014,7.00762,True,0.875,0.007157,0.00715312,0.00661407,0.00767609,6.79396e-05,6.7942e-05,6.57941e-05,7.00836e-05,0.000280092,0.000276682,0.000212998,0.000354886,4.70408e-05,4.70487e-05,4.56681e-05,4.83564e-05,0.0450867,4,10,0,0.0133395,0.00888371,1417,0,False,nan,nan,nan,nan,nan,nan,nan,nan,nan,nan,nan,nan,13,13
noise,realistic,alternating,10,16,6,40,8000,0.00817383,6.34585e-05,0.000129333,4.10934e-05,1.04233,11.1093,11.1152,2.15403,nan,0.558787,nan,0.285646,10.2589,10.9233,11.6068,True,0.875,0.0072081,0.00720627,0.00673861,0.00766309,6.77757e-05,6.77222e-05,6.58687e-05,6.98059e-05,0.000258615,0.000255173,0.000202164,0.000323451,4.51406e-05,4.51634e-05,4.40451e-05,4.61835e-05,0.0184939,3,10.9793,0,0.0109556,0.00808745,1497,0,False,nan,nan,nan,nan,nan,nan,nan,nan,nan,nan,nan,nan,13,13
noise,realistic,alternating,10,16,7,20,8000,0.00817383,6.34585e-05,0.000129333,3.84257e-05,1.04233,5.92743,5.79832,1.40394,nan,0.383984,nan,0.153101,5.40768,5.72758,6.00418,True,0.5,0.00726461,0.00726395,0.00681352,0.00768908,6.76452e-05,6.76005e-05,6.59278e-05,6.95189e-05,0.000251193,0.000249631,0.000190061,0.000320526,4.16983e-05,4.17233e-05,4.06421e-05,4.28132e-05,0.0193718,2,10,0,0.00993556,0.00706889,1659,0,False,nan,nan,nan,nan,nan,nan,nan,nan,nan,nan,nan,nan,13,13
noise,realistic,alternating,10,16,8,40,8000,0.00817383,6.34585e-05,0.000129333,3.71355e-05,1.04233,10.1786,10.5041,2.03168,nan,0.623159,nan,0.0521981,9.39049,9.86908,10.3449,True,0.5,0.00719185,0.00719072,0.00680539,0.00757839,6.78138e-05,6.7729e-05,6.59835e-05,6.98658e-05,0.000208052,0.000203627,0.000154647,0.00027511,4.16511e-05,4.16729e-05,4.04415e-05,4.28305e-05,-0.0378147,6,10,0,0.0167962,0.010856,1201,1,False,nan,nan,nan,nan,nan,nan,nan,nan,nan,nan,nan,nan,13,13
noise,realistic,alternating,10,16,9,20,8000,0.00817383,6.34585e-05,0.000129333,3.54208e-05,1.04233,5.2878,5.43983,1.24815,nan,0.336952,nan,0.0884504,5.07641,5.40545,5.72061,True,0.75,0.00722621,0.00722962,0.00685595,0.0075939,6.77251e-05,6.7633e-05,6.59741e-05,6.96978e-05,0.000196856,0.000193031,0.000145684,0.000261737,3.91287e-05,3.91098e-05,3.80554e-05,4.01876e-05,0.00937781,2,10,0,0.0146869,0.00943493,1546,0,False,nan,nan,nan,nan,nan,nan,nan,nan,nan,nan,nan,nan,13,13
noise,realistic,alternating,10,16,10,40,8000,0.00817383,6.34585e-05,0.000129333,3.47973e-05,1.04233,9.49507,9.44337,1.96951,nan,0.507657,nan,0.0632287,9.00284,9.51413,9.9926,True,0.5,0.00720074,0.00720346,0.00684487,0.00755953,6.77074e-05,6.76489e-05,6.59609e-05,6.97262e-05,0.000201447,0.000197219,0.000144355,0.000268887,3.78283e-05,3.78375e-05,3.68883e-05,3.87692e-05,0.0118677,3,10,0.95092,0.0135039,0.00867639,1526,1,True,nan,nan,nan,nan,nan,nan,nan,nan,nan,nan,nan,nan,13,13
noise,realistic,alternating,10,16,11,20,8000,0.00817383,6.34585e-05,0.000129333,3.2338e-05,1.04233,4.91179,5.01038,1.21069,nan,0.3107,nan,0.138937,4.69803,4.95535,5.19087,True,0.5,0.00721301,0.00721141,0.00686129,0.00757172,6.76744e-05,6.75955e-05,6.5941e-05,6.96824e-05,0.000205263,0.000200355,0.000144867,0.000284839,3.58318e-05,3.5843e-05,3.48187e-05,3.68681e-05,-0.0219517,2,10,0,0.0130175,0.00757301,1680,0,True,nan,nan,nan,nan,nan,nan,nan,nan,nan,nan,nan,nan,13,13
noise,realistic,alternating,10,16,12,40,8000,0.00817383,6.34585e-05,0.000129333,3.1743e-05,1.04233,8.75331,8.62093,1.86474,nan,0.529336,nan,0.0997397,8.26458,8.71329,9.18177,True,0.5,0.00724118,0.00723581,0.0069052,0.00759622,6.76012e-05,6.75357e-05,6.59302e-05,6.95672e-05,0.000210743,0.000206814,0.000151744,0.000278622,3.45809e-05,3.4589e-05,3.3842e-05,3.53158e-05,0.0471708,2,10,0,0.0117845,0.00724301,1716,1,False,nan,nan,nan,nan,nan,nan,nan,nan,nan,nan,nan,nan,13,13
noise,realistic,alternating,10,16,13,20,8000,0.00817383,6.34585e-05,0.000129333,2.9795e-05,1.04233,4.61228,4.6943,1.19906,nan,0.285939,nan,0.080502,4.34225,4.55969,4.75879,True,0.5,0.00719844,0.0072006,0.00688055,0.00752471,6.75494e-05,6.75006e-05,6.59386e-05,6.94364e-05,0.000200473,0.000197418,0.00014035,0.000268293,3.30302e-05,3.30057e-05,3.21288e-05,3.39875e-05,-0.0211265,2,10,0.804596,0.0111599,0.00693879,1744,1,False,nan,nan,nan,nan,nan,nan,nan,nan,nan,nan,nan,nan,13,13
noise,realistic,alternating,10,16,14,40,8000,0.00817383,6.34585e-05,0.000129333,2.91124e-05,1.04233,8.02545,8.04014,1.72005,nan,0.5095,nan,0.111245,7.69193,8.07454,8.4391,True,0.5,0.00722178,0.00722108,0.00690973,0.00754752,6.75481e-05,6.75158e-05,6.58579e-05,6.93402e-05,0.000197759,0.000193566,0.000142072,0.00026603,3.20527e-05,3.20654e-05,3.1277e-05,3.28304e-05,-0.0394483,2,10,0.823253,0.0104523,0.00625036,1764,0,False,nan,nan,nan,nan,nan,nan,nan,nan,nan,nan,nan,nan,13,13
noise,realistic,alternating,10,16,15,20,8000,0.00817383,6.34585e-05,0.000129333,2.7517e-05,1.04233,4.32554,4.26386,1.1702,nan,0.288465,nan,0.0770009,4.07842,4.26764,4.4589,True,0.375,0.00721469,0.00721609,0.00690554,0.00754639,6.75919e-05,6.7552e-05,6.59405e-05,6.94763e-05,0.000203011,0.00019817,0.000141069,0.000278661,3.04593e-05,3.04733e-05,2.95592e-05,3.1369e-05,-0.0511989,1,10,0.813342,0.0103141,0.0059866,1906,0,False,nan,nan,nan,nan,nan,nan,nan,nan,nan,nan,nan,nan,13,13
noise,realistic,alternating,10,16,16,40,8000,0.00817383,6.34585e-05,0.000129333,2.70444e-05,1.04233,7.4704,7.55108,1.6089,nan,0.441335,nan,0.139609,7.11754,7.46896,7.82701,True,0.375,0.00723356,0.00723228,0.00692699,0.00756433,6.76076e-05,6.75766e-05,6.58981e-05,6.94425e-05,0.000187683,0.000183798,0.000135565,0.000250902,2.98839e-05,2.98873e-05,2.91996e-05,3.05517e-05,-0.0734601,3,10,0,0.00965003,0.00586766,1653,0,False,nan,nan,nan,nan,nan,nan,nan,nan,nan,nan,nan,nan,13,13
noise,realistic,alternating,10,16,17,20,8000,0.00817383,6.34585e-05,0.000129333,2.60284e-05,1.04233,4.0028,4.02524,1.0826,nan,0.267858,nan,0.0730202,3.84032,4.00316,4.14968,True,0.25,0.00726484,0.00726201,0.00695106,0.00759402,6.75913e-05,6.75762e-05,6.58981e-05,6.94744e-05,0.00018446,0.000180418,0.000129903,0.000250246,2.87388e-05,2.87508e-05,2.79696e-05,2.94842e-05,-0.0540965,1,10,0,0.00954902,0.00574543,1877,0,False,nan,nan,nan,nan,nan,nan,nan,nan,nan,nan,nan,nan,13,13
noise,realistic,alternating,10,16,18,40,8000,0.00817383,6.34585e-05,0.000129333,2.61567e-05,1.04233,7.31991,7.29418,1.74745,nan,0.519068,nan,0.214934,6.79008,7.0901,7.39668,True,0.5,0.00723688,0.00723495,0.00692295,0.00756286,6.76344e-05,6.76022e-05,6.60483e-05,6.93967e-05,0.000173307,0.000169398,0.000117548,0.000241586,2.85881e-05,2.85858e-05,2.78722e-05,2.9322e-05,-0.0358988,3,10,0.975944,0.00974276,0.00571662,1638,1,True,nan,nan,nan,nan,nan,nan,nan,nan,nan,nan,nan,nan,13,13
noise,realistic,alternating,10,16,19,20,8000,0.00817383,6.34585e-05,0.000129333,2.54564e-05,1.04233,3.99212,3.99255,1.2341,nan,0.328851,nan,0.154509,3.68009,3.85096,4.01537,True,0.25,0.00722305,0.00722172,0.0069226,0.0075397,6.76769e-05,6.76501e-05,6.59361e-05,6.94026e-05,0.000168882,0.000164413,0.00011092,0.000243048,2.77541e-05,2.77449e-05,2.69374e-05,2.86352e-05,-0.0422459,2,10,0.978074,0.00999895,0.00507032,1712,0,False,nan,nan,nan,nan,nan,nan,nan,nan,nan,nan,nan,nan,13,13
noise,realistic,alternating,10,16,20,40,8000,0.00817383,6.34585e-05,0.000129333,2.5204e-05,1.04233,6.9432,6.80246,1.71934,nan,0.478205,nan,0.105693,6.57559,6.87691,7.21569,True,0.375,0.00718862,0.00719,0.00688252,0.00750769,6.76821e-05,6.76493e-05,6.5956e-05,6.94463e-05,0.000165188,0.000162165,0.000112323,0.000227386,2.70057e-05,2.69968e-05,2.64103e-05,2.76254e-05,-0.0132747,2,10,0,0.00908487,0.00512333,1746,0,True,nan,nan,nan,nan,nan,nan,nan,nan,nan,nan,nan,nan,13,13
noise,realistic,alternating,10,17,1,20,8000,0.844872,3.43188e-05,0.000198144,3.43188e-05,1.03763,3.9449,3.96556,5.53863,nan,4.33223,nan,0.102297,5.30914,7.87223,11.816,False,0,0.728717,0.728342,0.631996,0.81987,3.00995e-05,3.00616e-05,2.66787e-05,3.36129e-05,0.000321974,0.000297082,0.000156427,0.000562113,3.00995e-05,3.00616e-05,2.66787e-05,3.36129e-05,-0.217931,14,10,0,0.0155549,0.0120361,1831,0,False,nan,nan,nan,nan,nan,nan,nan,nan,nan,nan,nan,nan,13,17
noise,realistic,alternating,10,17,2,40,8000,0.844872,3.43188e-05,0.000198144,3.1879e-05,1.03763,6.42371,6.42297,9.6619,nan,1.87634,nan,0.172404,6.46391,7.8707,9.32992,False,0.375,0.690766,0.690838,0.646368,0.735752,2.70699e-05,2.70426e-05,2.57608e-05,2.84848e-05,0.00041704,0.0004015,0.000217416,0.000657053,2.56139e-05,2.56029e-05,2.46909e-05,2.66038e-05,-0.212973,8,10,0,0.0170887,0.0108746,1925,1,False,nan,nan,nan,nan,nan,nan,nan,nan,nan,nan,nan,nan,13,17
noise,realistic,alternating,10,17,3,20,8000,0.844872,3.43188e-05,0.000198144,2.88485e-05,1.03763,3.31033,3.32269,4.71751,nan,0.246989,nan,0.0668421,3.06614,3.38954,3.7147,True,1,0.686375,0.686918,0.646622,0.727665,2.71296e-05,2.71388e-05,2.58804e-05,2.84266e-05,0.000437006,0.000429191,0.000237626,0.00065166,2.33867e-05,2.3366e-05,2.2366e-05,2.44466e-05,-0.19773,3,10,0.836332,0.0177269,0.00970916,1634,0,True,nan,nan,nan,nan,nan,nan,nan,nan,nan,nan,nan,nan,13,17
noise,realistic,alternating,10,17,4,40,8000,0.844872,3.43188e-05,0.000198144,2.69263e-05,1.03763,5.32134,5.51625,8.43072,nan,0.485907,nan,0.402413,5.22176,5.64532,6.21839,True,0.625,0.68175,0.680734,0.647423,0.716251,2.70594e-05,2.70902e-05,2.58812e-05,2.8254e-05,0.000437314,0.000435587,0.000266267,0.000620648,2.1893e-05,2.18965e-05,2.1079e-05,2.26943e-05,-0.267586,3,10,0,0.020425,0.00766696,1607,1,True,nan,nan,nan,nan,nan,nan,nan,nan,nan,nan,nan,nan,13,17
noise,realistic,alternating,10,17,5,20,8000,0.844872,3.43188e-05,0.000198144,2.52237e-05,1.03763,2.91146,2.54946,4.09415,nan,0.237752,nan,0.0558969,2.68512,2.91195,3.17746,True,1,0.684886,0.683398,0.651711,0.72049,2.74216e-05,2.74063e-05,2.62901e-05,2.86072e-05,0.000532414,0.000528004,0.000330722,0.000745721,1.95523e-05,1.95559e-05,1.86017e-05,2.04898e-05,-0.179828,4,10,0,0.0205454,0.00855846,1525,0,False,nan,nan,nan,nan,nan,nan,nan,nan,nan,nan,nan,nan,13,17
noise,realistic,alternating,10,17,6,40,8000,0.844872,3.43188e-05,0.000198144,2.42564e-05,1.03763,4.97427,5.06626,7.20548,nan,0.440543,nan,0.113801,4.39686,4.74429,5.15883,True,0.875,0.688482,0.687311,0.659456,0.720629,2.73496e-05,2.7304e-05,2.61973e-05,2.86021e-05,0.000493583,0.00049019,0.000335593,0.000667307,1.93365e-05,1.93422e-05,1.85939e-05,2.00093e-05,-0.258295,3,10,0,0.0201601,0.0106354,1545,0,False,nan,nan,nan,nan,nan,nan,nan,nan,nan,nan,nan,nan,13,17
noise,realistic,alternating,10,17,7,20,8000,0.844872,3.43188e-05,0.000198144,2.28758e-05,1.03763,2.63151,2.8348,3.61767,nan,0.269712,nan,0.0737968,2.3294,2.52029,2.72694,True,0.75,0.687191,0.686056,0.660095,0.715989,2.71588e-05,2.7145e-05,2.5965e-05,2.83622e-05,0.000423454,0.000418621,0.00027061,0.000590553,1.87361e-05,1.86859e-05,1.79029e-05,1.97036e-05,-0.188289,4,10,0,0.0256182,0.0112955,1381,0,False,nan,nan,nan,nan,nan,nan,nan,nan,nan,nan,nan,nan,13,17
noise,realistic,alternating,10,17,8,40,8000,0.844872,3.43188e-05,0.000198144,2.24539e-05,1.03763,4.55867,4.43496,6.37775,nan,0.37337,nan,0.188629,4.26513,4.60789,5.02462,True,0.875,0.69529,0.694084,0.66868,0.724578,2.70797e-05,2.70681e-05,2.59616e-05,2.81919e-05,0.000418496,0.000411139,0.000267303,0.000595044,1.79185e-05,1.79041e-05,1.73057e-05,1.85821e-05,-0.189205,3,10,0,0.0226071,0.00979638,1447,0,False,nan,nan,nan,nan,nan,nan,nan,nan,nan,nan,nan,nan,13,17
noise,realistic,alternating,10,17,9,20,8000,0.844872,3.43188e-05,0.000198144,2.15725e-05,1.03763,2.45254,2.67948,3.24787,nan,0.234648,nan,0.0647064,2.22912,2.40361,2.60022,True,0.875,0.689732,0.689509,0.662177,0.717463,2.70452e-05,2.70363e-05,2.59206e-05,2.81856e-05,0.000404827,0.000396643,0.000257307,0.000577057,1.70446e-05,1.70166e-05,1.63239e-05,1.78208e-05,-0.151303,2,10,0,0.0215076,0.00891914,1619,0,False,nan,nan,nan,nan,nan,nan,nan,nan,nan,nan,nan,nan,13,17
noise,realistic,alternating,10,17,10,40,8000,0.844872,3.43188e-05,0.000198144,2.11701e-05,1.03763,4.32305,4.07609,5.66314,nan,0.378797,nan,0.0998154,3.93877,4.2283,4.56796,True,0.75,0.691579,0.690877,0.667113,0.718332,2.70453e-05,2.70608e-05,2.59591e-05,2.80909e-05,0.000423047,0.0004175,0.000278669,0.000589112,1.63106e-05,1.63099e-05,1.57473e-05,1.68838e-05,-0.142762,2,10,0,0.0188956,0.00823318,1659,0,False,nan,nan,nan,nan,nan,nan,nan,nan,nan,nan,nan,nan,13,17
noise,realistic,alternating,10,17,11,20,8000,0.844872,3.43188e-05,0.000198144,2.04274e-05,1.03763,2.33867,2.35665,2.94106,nan,0.280112,nan,0.0586463,2.0616,2.20972,2.3711,True,0.625,0.68756,0.687626,0.662613,0.712752,2.6968e-05,2.69661e-05,2.58561e-05,2.80517e-05,0.000389505,0.000382935,0.000250348,0.000547308,1.59119e-05,1.58813e-05,1.52665e-05,1.66254e-05,-0.18879,3,10,0,0.0193108,0.00907416,1534,0,False,nan,nan,nan,nan,nan,nan,nan,nan,nan,nan,nan,nan,13,17
noise,realistic,alternating,10,17,12,40,8000,0.844872,3.43188e-05,0.000198144,1.98932e-05,1.03763,4.06551,3.99343,5.11138,nan,0.428657,nan,0.210851,3.70128,3.94179,4.25066,True,0.5,0.692857,0.692419,0.669737,0.718729,2.69245e-05,2.69437e-05,2.5892e-05,2.79741e-05,0.000379626,0.000372621,0.000250303,0.000538376,1.55331e-05,1.55123e-05,1.49935e-05,1.61128e-05,-0.179584,2,10,0,0.0178718,0.0080203,1656,0,False,nan,nan,nan,nan,nan,nan,nan,nan,nan,nan,nan,nan,13,17
noise,realistic,alternating,10,17,13,20,8000,0.844872,3.43188e-05,0.000198144,1.90275e-05,1.03763,2.191,2.05396,2.68929,nan,0.21353,nan,0.088849,1.99733,2.12986,2.276,True,0.75,0.695162,0.694599,0.671674,0.720325,2.69466e-05,2.69628e-05,2.58897e-05,2.79439e-05,0.000406357,0.000399628,0.000257492,0.000580389,1.46518e-05,1.46588e-05,1.40249e-05,1.52534e-05,-0.135381,2,10,0,0.0165091,0.00773693,1682,1,False,nan,nan,nan,nan,nan,nan,nan,nan,nan,nan,nan,nan,13,17
noise,realistic,alternating,10,17,14,40,8000,0.844872,3.43188e-05,0.000198144,1.87965e-05,1.03763,3.89307,3.95945,4.61428,nan,0.455674,nan,0.0899603,3.41214,3.65477,3.88664,False,0.5,0.690904,0.689911,0.668595,0.714043,2.70003e-05,2.70029e-05,2.59138e-05,2.80925e-05,0.000355997,0.000343115,0.000227238,0.000529495,1.48943e-05,1.48742e-05,1.43269e-05,1.55049e-05,-0.116131,3,10,0,0.0196429,0.00896252,1558,0,False,nan,nan,nan,nan,nan,nan,nan,nan,nan,nan,nan,nan,13,17
noise,realistic,alternating,10,17,15,20,8000,0.844872,3.43188e-05,0.000198144,1.79623e-05,1.03763,2.12033,1.89772,2.47775,nan,0.242383,nan,0.0737937,1.91228,2.04783,2.2026,True,0.625,0.692525,0.691827,0.670309,0.715655,2.70193e-05,2.70099e-05,2.59904e-05,2.81515e-05,0.000363471,0.000349576,0.00022708,0.000542511,1.41944e-05,1.41771e-05,1.36192e-05,1.48472e-05,-0.101627,2,10,0,0.0180239,0.00859655,1671,0,False,nan,nan,nan,nan,nan,nan,nan,nan,nan,nan,nan,nan,13,17
noise,realistic,alternating,10,17,16,40,8000,0.844872,3.43188e-05,0.000198144,1.74669e-05,1.03763,3.56452,3.53847,4.28683,nan,0.303819,nan,0.17078,3.35188,3.57116,3.83505,True,0.6875,0.6937,0.693331,0.671949,0.716751,2.69857e-05,2.69745e-05,2.59879e-05,2.80949e-05,0.000382341,0.000366984,0.000237236,0.000573345,1.3789e-05,1.37826e-05,1.32515e-05,1.43459e-05,-0.114916,2,10,0.997857,0.0173428,0.00805555,1699,0,True,nan,nan,nan,nan,nan,nan,nan,nan,nan,nan,nan,nan,13,17
noise,realistic,alternating,10,17,17,20,8000,0.844872,3.43188e-05,0.000198144,1.71046e-05,1.03763,1.96309,1.85181,2.31151,nan,0.221963,nan,0.0677961,1.76369,1.89683,2.02294,True,0.625,0.693464,0.693048,0.671412,0.7165,2.69446e-05,2.69424e-05,2.59401e-05,2.80408e-05,0.000364238,0.000350516,0.000228331,0.000545892,1.33797e-05,1.33621e-05,1.28124e-05,1.39779e-05,-0.131701,1,10,0,0.0163177,0.00785909,1825,1,True,nan,nan,nan,nan,nan,nan,nan,nan,nan,nan,nan,nan,13,17
noise,realistic,alternating,10,17,18,40,8000,0.844872,3.43188e-05,0.000198144,1.71508e-05,1.03763,3.64707,3.67231,3.86283,nan,0.480617,nan,0.203432,3.15883,3.37296,3.5894,False,0.375,0.692734,0.691765,0.670637,0.716223,2.69615e-05,2.69424e-05,2.59598e-05,2.80681e-05,0.000294344,0.000284949,0.000182959,0.000437289,1.35477e-05,1.35357e-05,1.30403e-05,1.41192e-05,-0.170908,3,10,0,0.0161285,0.00840149,1615,0,False,nan,nan,nan,nan,nan,nan,nan,nan,nan,nan,nan,nan,13,17
noise,realistic,alternating,10,17,19,20,8000,0.844872,3.43188e-05,0.000198144,1.67175e-05,1.03763,1.95737,2.01189,2.16907,nan,0.225266,nan,0.0682327,1.77168,1.88259,2.00798,True,0.5,0.690564,0.689918,0.669704,0.714565,2.69586e-05,2.69295e-05,2.59472e-05,2.80875e-05,0.000283215,0.000272179,0.000172018,0.000431998,1.33067e-05,1.32868e-05,1.27476e-05,1.39358e-05,-0.131369,2,10,0,0.0163177,0.00787173,1681,1,False,nan,nan,nan,nan,nan,nan,nan,nan,nan,nan,nan,nan,13,17
noise,realistic,alternating,10,17,20,40,8000,0.844872,3.43188e-05,0.000198144,1.6442e-05,1.03763,3.48201,3.44238,3.59462,nan,0.335982,nan,0.0623889,3.17971,3.37842,3.6222,True,0.5,0.689906,0.689582,0.669553,0.712749,2.69627e-05,2.69294e-05,2.60151e-05,2.80162e-05,0.000265815,0.000255429,0.000164933,0.000404861,1.31276e-05,1.31201e-05,1.26817e-05,1.35862e-05,-0.194596,2,10,0,0.0147126,0.00732134,1684,0,False,nan,nan,nan,nan,nan,nan,nan,nan,nan,nan,nan,nan,13,17
noise,realistic,alternating,10,18,1,20,8000,0.0111182,5.93734e-05,0.00026007,5.93734e-05,0.956001,7.60145,7.61514,1.40761,nan,2.90045,nan,0.109533,5.25322,7.96117,11.8992,True,1,0.00887115,0.00883472,0.00722135,0.0107647,6.04863e-05,6.03522e-05,5.41479e-05,6.78017e-05,0.000478655,0.000462247,0.000251931,0.000772182,6.04863e-05,6.03522e-05,5.41479e-05,6.78017e-05,0.0557382,11,10,0.835396,0.0176201,0.00942987,1808,0,True,nan,nan,nan,nan,nan,nan,nan,nan,nan,nan,nan,nan,13,7
noise,realistic,alternating,10,18,2,40,8000,0.0111182,5.93734e-05,0.00026007,5.03939e-05,0.956001,11.683,11.7834,3.70016,nan,1.61146,nan,0.164141,10.9581,13.0817,15.7656,True,1,0.0093999,0.00940924,0.00826148,0.0105355,5.63246e-05,5.62457e-05,5.35055e-05,5.95099e-05,0.000447731,0.000447261,0.000325421,0.000575789,5.03583e-05,5.03749e-05,4.8585e-05,5.21132e-05,-0.0355746,7,10,0,0.0159909,0.0109721,1876,0,True,nan,nan,nan,nan,nan,nan,nan,nan,nan,nan,nan,nan,13,7
noise,realistic,alternating,10,18,3,20,8000,0.0111182,5.93734e-05,0.00026007,4.1409e-05,0.956001,5.69717,5.76381,1.54106,nan,0.358989,nan,0.0920552,5.28822,5.88164,6.46978,True,0.9375,0.00928545,0.00929221,0.00822058,0.0103508,5.64505e-05,5.64411e-05,5.38188e-05,5.8941e-05,0.000459314,0.000459233,0.000343542,0.000580241,4.24015e-05,4.23546e-05,4.08809e-05,4.40362e-05,0.00493457,3,10,0,0.0157196,0.010563,1610,0,False,nan,nan,nan,nan,nan,nan,nan,nan,nan,nan,nan,nan,13,7
noise,realistic,alternating,10,18,4,40,8000,0.0111182,5.93734e-05,0.00026007,3.89593e-05,0.956001,9.31153,9.44013,3.73156,nan,0.50199,nan,0.0830714,8.72155,9.36804,10.1918,True,1,0.00986093,0.00986447,0.00887344,0.0108639,5.62041e-05,5.6152e-05,5.395e-05,5.85055e-05,0.00042785,0.000426878,0.000333964,0.000524757,3.92551e-05,3.92603e-05,3.82157e-05,4.0275e-05,-0.0489818,4,10,0,0.0144722,0.00875798,1425,1,False,nan,nan,nan,nan,nan,nan,nan,nan,nan,nan,nan,nan,13,7
noise,realistic,alternating,10,18,5,20,8000,0.0111182,5.93734e-05,0.00026007,3.43607e-05,0.956001,4.76767,4.7374,1.45891,nan,0.279165,nan,0.0626262,4.4365,4.75941,5.09861,True,0.75,0.0100128,0.0100011,0.00910589,0.0108877,5.61807e-05,5.61502e-05,5.40804e-05,5.82825e-05,0.000431601,0.000430516,0.000328367,0.000540996,3.46234e-05,3.45971e-05,3.36199e-05,3.56624e-05,0.0156723,2,10,0,0.0133356,0.00746058,1625,0,False,nan,nan,nan,nan,nan,nan,nan,nan,nan,nan,nan,nan,13,7
noise,realistic,alternating,10,18,6,40,8000,0.0111182,5.93734e-05,0.00026007,3.20955e-05,0.956001,7.77844,7.72098,3.61462,nan,0.523593,nan,0.301648,7.48013,7.91146,8.4059,True,0.625,0.00982219,0.00981523,0.00897688,0.0106802,5.61723e-05,5.62022e-05,5.38966e-05,5.82744e-05,0.000444237,0.000444048,0.000333032,0.000556681,3.20196e-05,3.20167e-05,3.11382e-05,3.2888e-05,0.00955008,3,10,0,0.0124971,0.00699164,1571,0,True,nan,nan,nan,nan,nan,nan,nan,nan,nan,nan,nan,nan,13,7
noise,realistic,alternating,10,18,7,20,8000,0.0111182,5.93734e-05,0.00026007,2.89779e-05,0.956001,4.06325,3.98779,1.3913,nan,0.256702,nan,0.0444272,3.77055,3.99038,4.22782,True,0.5625,0.00963142,0.00964418,0.00888557,0.0104337,5.62748e-05,5.6329e-05,5.42244e-05,5.82577e-05,0.000445884,0.000442644,0.000334353,0.000572248,2.88071e-05,2.87944e-05,2.78926e-05,2.97085e-05,-0.0287816,2,10,0,0.0113173,0.00650439,1697,0,False,nan,nan,nan,nan,nan,nan,nan,nan,nan,nan,nan,nan,13,7
noise,realistic,alternating,10,18,8,40,8000,0.0111182,5.93734e-05,0.00026007,2.75893e-05,0.956001,6.99864,6.82688,3.15507,nan,0.560751,nan,0.128744,6.33002,6.68362,7.07845,True,0.5625,0.00963752,0.00963727,0.00888535,0.0104587,5.62996e-05,5.63162e-05,5.42275e-05,5.83373e-05,0.000407604,0.00040743,0.000310856,0.000510349,2.76802e-05,2.76764e-05,2.69365e-05,2.84358e-05,0.0300353,3,10,0,0.0107915,0.00664938,1616,0,False,nan,nan,nan,nan,nan,nan,nan,nan,nan,nan,nan,nan,13,7
noise,realistic,alternating,10,18,9,20,8000,0.0111182,5.93734e-05,0.00026007,2.52051e-05,0.956001,3.46779,3.23827,1.37315,nan,0.226476,nan,0.0968987,3.35178,3.5353,3.72795,True,0.5,0.00956504,0.00955435,0.00886896,0.0103381,5.64046e-05,5.64083e-05,5.43208e-05,5.85021e-05,0.000445902,0.000441249,0.000329507,0.000585339,2.49562e-05,2.49774e-05,2.40318e-05,2.58183e-05,0.0163778,2,10,0.90846,0.0109003,0.00670198,1733,0,True,nan,nan,nan,nan,nan,nan,nan,nan,nan,nan,nan,nan,13,7
noise,realistic,alternating,10,18,10,40,8000,0.0111182,5.93734e-05,0.00026007,2.41869e-05,0.956001,6.11228,6.14801,2.99621,nan,0.47703,nan,0.102013,5.54881,5.88938,6.2034,True,0.5,0.00963682,0.00962529,0.00887389,0.010455,5.64681e-05,5.64673e-05,5.4431e-05,5.85259e-05,0.000398091,0.000392627,0.000296249,0.000517373,2.44039e-05,2.44147e-05,2.36955e-05,2.5082e-05,0.0403255,3,10,0,0.0109998,0.00624925,1675,0,True,nan,nan,nan,nan,nan,nan,nan,nan,nan,nan,nan,nan,13,7
noise,realistic,alternating,10,18,11,20,8000,0.0111182,5.93734e-05,0.00026007,2.25978e-05,0.956001,3.1615,3.26554,1.2427,nan,0.222662,nan,0.0298309,2.97848,3.14998,3.31274,True,0.5,0.00955922,0.00955901,0.00882154,0.01035,5.64039e-05,5.63937e-05,5.44708e-05,5.83887e-05,0.000381877,0.0003788,0.000279337,0.000498874,2.29499e-05,2.29434e-05,2.21676e-05,2.37366e-05,-0.00681081,2,10,0,0.0108872,0.00590341,1714,0,False,nan,nan,nan,nan,nan,nan,nan,nan,nan,nan,nan,nan,13,7
noise,realistic,alternating,10,18,12,40,8000,0.0111182,5.93734e-05,0.00026007,2.17882e-05,0.956001,5.3599,5.13421,2.90678,nan,0.414192,nan,0.178228,5.22295,5.49982,5.80104,True,0.375,0.00963975,0.0096406,0.00888017,0.0104175,5.6329e-05,5.63417e-05,5.43331e-05,5.82609e-05,0.000463879,0.000455108,0.000335858,0.000615688,2.13543e-05,2.13678e-05,2.06966e-05,2.19868e-05,-0.019049,4,10,0,0.0108858,0.00674797,1429,0,False,nan,nan,nan,nan,nan,nan,nan,nan,nan,nan,nan,nan,13,7
noise,realistic,alternating,10,18,13,20,8000,0.0111182,5.93734e-05,0.00026007,2.04473e-05,0.956001,2.86163,2.91819,1.15191,nan,0.237692,nan,0.0408447,2.61019,2.76481,2.91922,True,0.375,0.00961268,0.00961284,0.00887984,0.0103534,5.62886e-05,5.63098e-05,5.43627e-05,5.81733e-05,0.000423179,0.000417968,0.000304683,0.000565346,2.02172e-05,2.02171e-05,1.94918e-05,2.09639e-05,-0.0398569,2,10,0,0.0104038,0.00708397,1648,0,False,nan,nan,nan,nan,nan,nan,nan,nan,nan,nan,nan,nan,13,7
noise,realistic,alternating,10,18,14,40,8000,0.0111182,5.93734e-05,0.00026007,2.02479e-05,0.956001,4.99389,4.98065,2.6002,nan,0.405024,nan,0.0791688,4.56734,4.84374,5.12143,True,0.5625,0.00969374,0.00967918,0.00899215,0.0104027,5.6367e-05,5.64294e-05,5.44525e-05,5.81862e-05,0.000383861,0.000376919,0.000275008,0.000512354,1.98386e-05,1.98273e-05,1.92255e-05,2.04507e-05,-0.0378319,3,10,0,0.010348,0.00740089,1540,0,False,nan,nan,nan,nan,nan,nan,nan,nan,nan,nan,nan,nan,13,7
noise,realistic,alternating,10,18,15,20,8000,0.0111182,5.93734e-05,0.00026007,1.95981e-05,0.956001,2.7197,2.51049,1.00066,nan,0.236115,nan,0.0640196,2.48789,2.62285,2.75908,True,0.375,0.00973054,0.00971175,0.00901613,0.0104548,5.63794e-05,5.64193e-05,5.44297e-05,5.82111e-05,0.000406695,0.000399111,0.000281655,0.000561993,1.84883e-05,1.8497e-05,1.77772e-05,1.91722e-05,-0.0165244,1,10,0,0.0100125,0.00744578,1779,1,False,nan,nan,nan,nan,nan,nan,nan,nan,nan,nan,nan,nan,13,7
noise,realistic,alternating,10,18,16,40,8000,0.0111182,5.93734e-05,0.00026007,1.89551e-05,0.956001,4.68011,4.69017,2.33918,nan,0.426595,nan,0.194007,4.21368,4.47265,4.72365,True,0.5,0.00991457,0.00990942,0.00920496,0.0106694,5.64677e-05,5.65087e-05,5.45601e-05,5.82643e-05,0.000354592,0.000348145,0.000252689,0.000479246,1.83624e-05,1.83511e-05,1.78085e-05,1.89718e-05,-0.0926958,3,10,0,0.0102196,0.00845549,1630,1,False,nan,nan,nan,nan,nan,nan,nan,nan,nan,nan,nan,nan,13,7
noise,realistic,alternating,10,18,17,20,8000,0.0111182,5.93734e-05,0.00026007,1.80105e-05,0.956001,2.54028,2.63889,0.909533,nan,0.222615,nan,0.0390628,2.32361,2.44362,2.57616,True,0.375,0.00999087,0.00998644,0.00931624,0.0107307,5.64101e-05,5.63775e-05,5.44806e-05,5.84296e-05,0.000324599,0.000317091,0.000222865,0.000450323,1.79034e-05,1.78788e-05,1.71935e-05,1.87271e-05,-0.0540474,3,10,0,0.0110916,0.00820352,1576,0,False,nan,nan,nan,nan,nan,nan,nan,nan,nan,nan,nan,nan,13,7
noise,realistic,alternating,10,18,18,40,8000,0.0111182,5.93734e-05,0.00026007,1.77376e-05,0.956001,4.35087,4.3695,2.18278,nan,0.344366,nan,0.126853,4.13741,4.37409,4.66083,True,0.375,0.009973,0.00996833,0.00931227,0.0106981,5.64438e-05,5.63835e-05,5.45669e-05,5.83694e-05,0.000326617,0.000318099,0.000222095,0.000459583,1.74369e-05,1.74151e-05,1.68374e-05,1.80732e-05,0.00270052,1,10,0.815188,0.0104788,0.00789813,1809,0,False,nan,nan,nan,nan,nan,nan,nan,nan,nan,nan,nan,nan,13,7
noise,realistic,alternating,10,18,19,20,8000,0.0111182,5.93734e-05,0.00026007,1.68843e-05,0.956001,2.37302,2.70467,0.840618,nan,0.190831,nan,0.0657936,2.22473,2.34373,2.47565,True,0.125,0.0100618,0.0100321,0.00940723,0.0108227,5.63577e-05,5.63178e-05,5.45076e-05,5.83421e-05,0.000293503,0.000280862,0.000195644,0.000429887,1.73523e-05,1.72948e-05,1.65423e-05,1.83789e-05,0.0464424,4,10,0.9016,0.0128147,0.0072419,1479,1,True,nan,nan,nan,nan,nan,nan,nan,nan,nan,nan,nan,nan,13,7
noise,realistic,alternating,10,18,20,40,8000,0.0111182,5.93734e-05,0.00026007,1.683e-05,0.956001,4.22267,4.14319,1.90497,nan,0.332999,nan,0.0821906,3.98894,4.25289,4.56966,True,0.625,0.0101117,0.0100872,0.00945851,0.0108027,5.63682e-05,5.63247e-05,5.44882e-05,5.84693e-05,0.000297414,0.000284773,0.000198602,0.000438403,1.67274e-05,1.672e-05,1.61698e-05,1.73022e-05,-0.0116299,2,10,0,0.0106244,0.00725068,1652,0,True,nan,nan,nan,nan,nan,nan,nan,nan,nan,nan,nan,nan,13,7
noise,realistic,alternating,10,19,1,20,8000,0.0320614,5.7304e-05,0.000232591,5.7304e-05,1.01632,7.43612,7.46176,1.04371,nan,3.75216,nan,0.214158,5.26012,7.92029,11.6142,True,1,0.0314453,0.0314635,0.0270732,0.0363151,6.02774e-05,6.03037e-05,5.38242e-05,6.65318e-05,0.000601671,0.000575014,0.000317057,0.000968117,6.02774e-05,6.03037e-05,5.38242e-05,6.65318e-05,-0.0153928,12,10,0,0.0135558,0.00859715,1809,0,False,nan,nan,nan,nan,nan,nan,nan,nan,nan,nan,nan,nan,13,9
noise,realistic,alternating,10,19,2,40,8000,0.0320614,5.7304e-05,0.000232591,4.8975e-05,1.01632,11.3997,11.6079,3.46045,nan,1.34992,nan,0.262121,10.0914,12.5342,14.9184,True,1,0.031197,0.0311562,0.0283614,0.0340312,5.6633e-05,5.65551e-05,5.38504e-05,5.98031e-05,0.000541421,0.000543041,0.000405018,0.000669886,4.97878e-05,4.97718e-05,4.82657e-05,5.14284e-05,-0.0336747,7,10,0,0.0147428,0.00993215,1889,0,False,nan,nan,nan,nan,nan,nan,nan,nan,nan,nan,nan,nan,13,9
noise,realistic,alternating,10,19,3,20,8000,0.0320614,5.7304e-05,0.000232591,4.16554e-05,1.01632,5.46879,5.55412,1.41517,nan,0.334565,nan,0.106336,5.01962,5.52988,6.1162,True,1,0.030715,0.0307803,0.028062,0.0331356,5.65738e-05,5.6515e-05,5.42205e-05,5.90952e-05,0.000545613,0.0005409,0.000424176,0.00067501,4.12688e-05,4.12065e-05,4.00351e-05,4.27099e-05,-0.0861442,3,10,0,0.0138695,0.0084436,1661,0,False,nan,nan,nan,nan,nan,nan,nan,nan,nan,nan,nan,nan,13,9
noise,realistic,alternating,10,19,4,40,8000,0.0320614,5.7304e-05,0.000232591,3.92492e-05,1.01632,9.32204,9.1803,3.35736,nan,0.60654,nan,0.132263,8.41424,8.97848,9.64816,True,0.625,0.0294965,0.0295612,0.0272524,0.0316412,5.63623e-05,5.63074e-05,5.40392e-05,5.90332e-05,0.000494062,0.000490028,0.000403496,0.000603805,3.81583e-05,3.81403e-05,3.71885e-05,3.9256e-05,-0.0324952,4,10,0,0.0133238,0.00849883,1405,0,False,nan,nan,nan,nan,nan,nan,nan,nan,nan,nan,nan,nan,13,9
noise,realistic,alternating,10,19,5,20,8000,0.0320614,5.7304e-05,0.000232591,3.5531e-05,1.01632,4.73859,4.73473,1.26901,nan,0.406408,nan,0.11548,4.23782,4.53727,4.83593,True,0.75,0.0297334,0.0297861,0.0276957,0.0317876,5.59553e-05,5.58811e-05,5.38045e-05,5.83595e-05,0.000460527,0.000455551,0.00036321,0.000575003,3.38902e-05,3.38477e-05,3.28809e-05,3.49993e-05,-0.0281203,3,10,0,0.0126109,0.0073395,1495,0,False,nan,nan,nan,nan,nan,nan,nan,nan,nan,nan,nan,nan,13,9
noise,realistic,alternating,10,19,6,40,8000,0.0320614,5.7304e-05,0.000232591,3.33748e-05,1.01632,8.0748,8.17474,3.05067,nan,0.609992,nan,0.201479,7.28653,7.70452,8.20004,True,0.5,0.02956,0.0296469,0.0276536,0.0312191,5.58496e-05,5.58558e-05,5.35113e-05,5.80958e-05,0.000365816,0.000358235,0.00028793,0.000468429,3.28688e-05,3.28873e-05,3.18464e-05,3.38044e-05,0.0252246,5,10,0,0.0147184,0.00762711,1265,0,False,nan,nan,nan,nan,nan,nan,nan,nan,nan,nan,nan,nan,13,9
noise,realistic,alternating,10,19,7,20,8000,0.0320614,5.7304e-05,0.000232591,3.0616e-05,1.01632,4.21688,4.1335,1.10354,nan,0.327314,nan,0.0793869,3.85945,4.15229,4.37887,True,0.75,0.0297002,0.0298018,0.0277797,0.0314008,5.57813e-05,5.58331e-05,5.35621e-05,5.78753e-05,0.000366123,0.000359717,0.000272951,0.000482767,3.00739e-05,3.00915e-05,2.91042e-05,3.10248e-05,-0.00890845,2,10,0,0.0138702,0.00677438,1540,1,False,nan,nan,nan,nan,nan,nan,nan,nan,nan,nan,nan,nan,13,9
noise,realistic,alternating,10,19,8,40,8000,0.0320614,5.7304e-05,0.000232591,2.9523e-05,1.01632,7.43834,7.62742,2.53177,nan,0.617781,nan,0.245426,6.66382,7.10134,7.49781,True,0.5,0.0287977,0.0288195,0.0271039,0.0305614,5.5905e-05,5.59293e-05,5.37016e-05,5.80088e-05,0.00030715,0.000301378,0.000221314,0.000410471,2.982e-05,2.98141e-05,2.88572e-05,3.07543e-05,-0.0407458,5,10,0,0.015069,0.00711976,1292,0,False,nan,nan,nan,nan,nan,nan,nan,nan,nan,nan,nan,nan,13,9
noise,realistic,alternating,10,19,9,20,8000,0.0320614,5.7304e-05,0.000232591,2.72176e-05,1.01632,3.73693,3.68972,0.997814,nan,0.275759,nan,0.0791758,3.60453,3.85996,4.06416,True,0.5,0.0284596,0.0284529,0.0266874,0.0302209,5.59722e-05,5.6035e-05,5.35928e-05,5.81262e-05,0.000322752,0.000313891,0.000233031,0.000441202,2.73887e-05,2.74111e-05,2.63377e-05,2.83012e-05,-0.0373507,2,10,0,0.0149838,0.00837731,1569,0,False,nan,nan,nan,nan,nan,nan,nan,nan,nan,nan,nan,nan,13,9
noise,realistic,alternating,10,19,10,40,8000,0.0320614,5.7304e-05,0.000232591,2.65308e-05,1.01632,6.4941,6.67395,2.4561,nan,0.482198,nan,0.105411,6.19528,6.62608,6.97811,True,0.5,0.0289116,0.028912,0.0272138,0.0305753,5.59923e-05,5.60647e-05,5.35896e-05,5.81619e-05,0.000303631,0.000299005,0.000220721,0.000407948,2.65432e-05,2.65705e-05,2.57202e-05,2.72424e-05,-0.0713548,3,10,0,0.0132294,0.00793307,1591,0,False,nan,nan,nan,nan,nan,nan,nan,nan,nan,nan,nan,nan,13,9
noise,realistic,alternating,10,19,11,20,8000,0.0320614,5.7304e-05,0.000232591,2.48073e-05,1.01632,3.38855,3.54674,0.916653,nan,0.268416,nan,0.0753154,3.24763,3.45851,3.64203,True,0.5,0.0287859,0.0287978,0.027155,0.0304522,5.59735e-05,5.60368e-05,5.37244e-05,5.79306e-05,0.000294529,0.000290959,0.000211316,0.000398062,2.51768e-05,2.51764e-05,2.43303e-05,2.59915e-05,-0.0237143,1,10,0,0.0122819,0.00709098,1818,0,False,nan,nan,nan,nan,nan,nan,nan,nan,nan,nan,nan,nan,13,9
noise,realistic,alternating,10,19,12,40,8000,0.0320614,5.7304e-05,0.000232591,2.44285e-05,1.01632,5.93236,5.73581,2.19477,nan,0.459628,nan,0.0676804,5.80322,6.13352,6.46481,True,0.5,0.028549,0.0284894,0.0269723,0.0301911,5.59029e-05,5.5955e-05,5.36971e-05,5.78655e-05,0.000335134,0.000331498,0.000234175,0.000453745,2.35898e-05,2.36127e-05,2.28276e-05,2.42969e-05,-0.0845973,4,10,0,0.0137675,0.00882324,1448,0,False,nan,nan,nan,nan,nan,nan,nan,nan,nan,nan,nan,nan,13,9
noise,realistic,alternating,10,19,13,20,8000,0.0320614,5.7304e-05,0.000232591,2.29767e-05,1.01632,3.17741,3.3634,0.778055,nan,0.276049,nan,0.0215802,2.89743,3.08236,3.26749,True,0.5,0.0285112,0.0284366,0.0269877,0.0301379,5.57297e-05,5.58036e-05,5.34473e-05,5.77436e-05,0.000302412,0.000298975,0.000205,0.000411867,2.2785e-05,2.27819e-05,2.19373e-05,2.3658e-05,0.0348047,3,10,0.804619,0.0124636,0.00979471,1479,0,False,nan,nan,nan,nan,nan,nan,nan,nan,nan,nan,nan,nan,13,9
noise,realistic,alternating,10,19,14,40,8000,0.0320614,5.7304e-05,0.000232591,2.26354e-05,1.01632,5.72634,5.67807,1.80733,nan,0.505117,nan,0.239886,5.23353,5.54344,5.90105,True,0.5,0.0287836,0.0287099,0.027337,0.030372,5.57574e-05,5.5824e-05,5.36027e-05,5.7779e-05,0.000304813,0.000300001,0.000208768,0.000416267,2.23851e-05,2.23845e-05,2.16815e-05,2.3102e-05,0.00507623,2,10,0,0.0131024,0.0101717,1599,0,False,nan,nan,nan,nan,nan,nan,nan,nan,nan,nan,nan,nan,13,9
noise,realistic,alternating,10,19,15,20,8000,0.0320614,5.7304e-05,0.000232591,2.15838e-05,1.01632,2.98147,2.9593,0.673484,nan,0.245167,nan,0.0308072,2.79904,2.96348,3.13263,True,0.5,0.0287576,0.0287252,0.0273077,0.0303208,5.57716e-05,5.5855e-05,5.37595e-05,5.7641e-05,0.000307128,0.000299256,0.00020288,0.000431607,2.12326e-05,2.12295e-05,2.04593e-05,2.19531e-05,-0.00133726,2,10,0,0.0125732,0.0093464,1681,0,False,nan,nan,nan,nan,nan,nan,nan,nan,nan,nan,nan,nan,13,9
noise,realistic,alternating,10,19,16,40,8000,0.0320614,5.7304e-05,0.000232591,2.1297e-05,1.01632,5.23469,5.23787,1.69651,nan,0.413571,nan,0.0585833,4.88935,5.20113,5.50842,True,0.4375,0.0284042,0.0283433,0.0270359,0.0298979,5.58453e-05,5.59234e-05,5.39345e-05,5.76166e-05,0.000278451,0.000272508,0.000191281,0.000385894,2.07983e-05,2.08019e-05,2.01841e-05,2.14034e-05,0.00915652,2,10,0,0.0109789,0.00816049,1710,0,False,nan,nan,nan,nan,nan,nan,nan,nan,nan,nan,nan,nan,13,9
noise,realistic,alternating,10,19,17,20,8000,0.0320614,5.7304e-05,0.000232591,2.02259e-05,1.01632,2.85657,2.80491,0.569943,nan,0.261957,nan,0.0635423,2.6308,2.7749,2.91058,True,0.3125,0.0283244,0.0282748,0.0270036,0.0298124,5.58391e-05,5.59118e-05,5.39682e-05,5.75977e-05,0.000275222,0.000269638,0.00018469,0.000380802,1.99587e-05,1.99693e-05,1.92688e-05,2.06434e-05,-0.0121479,2,10,0,0.0102832,0.00769256,1695,1,False,nan,nan,nan,nan,nan,nan,nan,nan,nan,nan,nan,nan,13,9
noise,realistic,alternating,10,19,18,40,8000,0.0320614,5.7304e-05,0.000232591,1.98833e-05,1.01632,4.9653,4.98376,1.4996,nan,0.413591,nan,0.0914764,4.6599,4.9142,5.15958,True,0.375,0.0280439,0.0280218,0.0267523,0.029476,5.585e-05,5.59146e-05,5.39626e-05,5.7597e-05,0.000254701,0.000250707,0.000171112,0.000348185,1.96303e-05,1.96406e-05,1.90131e-05,2.02332e-05,-0.0074099,2,10,0.896346,0.00957728,0.00743769,1690,0,True,nan,nan,nan,nan,nan,nan,nan,nan,nan,nan,nan,nan,13,9
noise,realistic,alternating,10,19,19,20,8000,0.0320614,5.7304e-05,0.000232591,1.86489e-05,1.01632,2.59484,2.50151,0.580922,nan,0.241514,nan,0.0754953,2.51212,2.64545,2.76946,True,0.125,0.0280888,0.0280511,0.0268127,0.0295532,5.58883e-05,5.5955e-05,5.40107e-05,5.77378e-05,0.000268557,0.000264518,0.000177665,0.000375044,1.86934e-05,1.86907e-05,1.80084e-05,1.93639e-05,0.0133247,1,10,0,0.00967723,0.0075467,1852,0,True,nan,nan,nan,nan,nan,nan,nan,nan,nan,nan,nan,nan,13,9
noise,realistic,alternating,10,19,20,40,8000,0.0320614,5.7304e-05,0.000232591,1.84817e-05,1.01632,4.63521,4.64382,1.40288,nan,0.386094,nan,0.0800885,4.39678,4.63061,4.86781,True,0.25,0.0280508,0.0280267,0.0267848,0.0294276,5.591e-05,5.59513e-05,5.40139e-05,5.77017e-05,0.000263001,0.000256452,0.000175147,0.000366343,1.83383e-05,1.83422e-05,1.77705e-05,1.89132e-05,0.036207,2,10,0,0.00920549,0.00697792,1779,0,False,nan,nan,nan,nan,nan,nan,nan,nan,nan,nan,nan,nan,13,9
