experiment,schedule,noise_um,draw,pass,force_N,rpm,true_k_pad,true_K0,true_lam,true_K,true_mean_removal_um,rmse_A_um,rmse_B_um,rmse_C_um,rmse_oracle_um,C_k_pad_mean,C_k_pad_median,C_k_pad_lo,C_k_pad_hi,C_K0_mean,C_K0_median,C_K0_lo,C_K0_hi,C_lam_mean,C_lam_median,C_lam_lo,C_lam_hi,C_K_mean,C_K_median,C_K_lo,C_K_hi,C_corr_logk_logK,C_stages,B_k_pad,B_K,cross_C_median,cross_C_lo,cross_C_hi,cross_C_band_mass,cross_A,cross_true
robustness,alternating,2,0,1,20,8000,0.0514127,6.54201e-05,0.000167524,6.54201e-05,8.76362,0.760369,0.760369,3.60025,0,0.0521291,0.0521401,0.0510198,0.0532167,6.55751e-05,6.55731e-05,6.53037e-05,6.58444e-05,0.00027432,0.000260991,0.000149368,0.000445625,6.55751e-05,6.55731e-05,6.53037e-05,6.58444e-05,-0.0653271,16,0.0521714,6.55774e-05,11,7,18,0.928514,12,15
robustness,alternating,2,0,2,40,8000,0.0514127,6.54201e-05,0.000167524,6.28398e-05,16.8191,1.74196,0.753647,0.510461,0.0734801,0.0518537,0.0518513,0.0512229,0.0524958,6.56023e-05,6.5601e-05,6.53312e-05,6.58694e-05,0.000180071,0.000178062,0.000132505,0.000235011,6.28792e-05,6.28797e-05,6.27421e-05,6.30156e-05,-0.102631,7,0.0521714,6.55774e-05,15,12,21,0.943272,12,15
robustness,alternating,2,0,3,20,8000,0.0514127,6.54201e-05,0.000167524,5.75489e-05,7.70919,1.00005,1.1042,0.0288652,0.0188206,0.0515229,0.0515252,0.0509426,0.0521006,6.55878e-05,6.55869e-05,6.53396e-05,6.58303e-05,0.000166272,0.000166059,0.000139622,0.000194647,5.78359e-05,5.78323e-05,5.75691e-05,5.81075e-05,-0.0340847,5,0.0521714,6.55774e-05,17,14,19,0.93888,12,15
robustness,alternating,2,0,4,40,8000,0.0514127,6.54201e-05,0.000167524,5.58812e-05,14.9566,2.19615,2.65657,0.0712583,0.14848,0.051385,0.0513974,0.0508759,0.0518732,6.55873e-05,6.55884e-05,6.53452e-05,6.58195e-05,0.000163107,0.000162465,0.000139221,0.000189258,5.58421e-05,5.58431e-05,5.57067e-05,5.5976e-05,-0.0695266,5,0.0521714,6.55774e-05,17,15,19,0.930578,12,15
robustness,alternating,2,0,5,20,8000,0.0514127,6.54201e-05,0.000167524,5.16864e-05,6.92386,1.14507,1.91,0.0250475,0.0137344,0.0512387,0.0512477,0.0507576,0.0517059,6.55903e-05,6.5594e-05,6.53495e-05,6.58189e-05,0.000164788,0.000164432,0.000144803,0.000186067,5.16803e-05,5.1677e-05,5.14166e-05,5.19532e-05,-0.0166601,4,0.0521714,6.55774e-05,17,15,19,0.973713,12,15
robustness,alternating,2,0,6,40,8000,0.0514127,6.54201e-05,0.000167524,4.97898e-05,13.3262,2.25355,4.32287,0.0378339,0.0300881,0.0512168,0.0512145,0.0507882,0.0516468,6.55966e-05,6.56027e-05,6.53473e-05,6.58378e-05,0.000165397,0.00016509,0.000145563,0.000185997,4.97937e-05,4.97929e-05,4.96553e-05,4.9932e-05,-0.0427384,4,0.0521714,6.55774e-05,17,15,19,0.977863,12,15
robustness,alternating,2,0,7,20,8000,0.0514127,6.54201e-05,0.000167524,4.57757e-05,6.13207,1.05086,2.72251,0.109692,0.103102,0.0512517,0.0512507,0.050849,0.0516637,6.56111e-05,6.56148e-05,6.53584e-05,6.58558e-05,0.000174196,0.000173888,0.000155601,0.000194155,4.57231e-05,4.57203e-05,4.54687e-05,4.59834e-05,0.0202506,5,0.0521714,6.55774e-05,15,14,17,0.97243,12,15
robustness,alternating,2,0,8,40,8000,0.0514127,6.54201e-05,0.000167524,4.39171e-05,11.7544,1.96412,5.92943,0.0952605,0.124328,0.0513072,0.0513091,0.0509239,0.0516933,6.56124e-05,6.56149e-05,6.53682e-05,6.58577e-05,0.000176269,0.000176103,0.000157907,0.000195408,4.39625e-05,4.39626e-05,4.3824e-05,4.41005e-05,-0.0421981,5,0.0521714,6.55774e-05,15,14,17,0.9888,12,15
robustness,alternating,2,0,9,20,8000,0.0514127,6.54201e-05,0.000167524,4.13437e-05,5.53837,1.00317,3.33176,0.00830916,0.00326688,0.0512565,0.0512561,0.0508853,0.0516249,6.56101e-05,6.56124e-05,6.53663e-05,6.58542e-05,0.000174299,0.000173975,0.000157347,0.000192003,4.14531e-05,4.14522e-05,4.12027e-05,4.17078e-05,-0.00718978,3,0.0521714,6.55774e-05,15,15,17,0.958258,12,15
robustness,alternating,2,0,10,40,8000,0.0514127,6.54201e-05,0.000167524,3.99529e-05,10.6934,1.91915,7.01391,0.0821283,0.0666691,0.0513331,0.0513338,0.0509886,0.0516746,6.56081e-05,6.56102e-05,6.53634e-05,6.5851e-05,0.000176418,0.00017625,0.000159807,0.000192981,3.98733e-05,3.98731e-05,3.97356e-05,4.00096e-05,-0.0484467,4,0.0521714,6.55774e-05,15,14,17,0.997714,12,15
robustness,alternating,2,0,11,20,8000,0.0514127,6.54201e-05,0.000167524,3.73842e-05,5.00795,0.910563,3.87608,0.0382241,0.0622721,0.0513549,0.0513567,0.0510114,0.0516971,6.56128e-05,6.56133e-05,6.53657e-05,6.58532e-05,0.000178554,0.000178577,0.000162973,0.000194484,3.74086e-05,3.74083e-05,3.71598e-05,3.76543e-05,-0.0271891,4,0.0521714,6.55774e-05,15,14,16,0.974031,12,15
robustness,alternating,2,0,12,40,8000,0.0514127,6.54201e-05,0.000167524,3.62031e-05,9.68974,1.73576,8.03974,0.0557932,0.0661788,0.0514427,0.0514428,0.0511152,0.05177,6.56096e-05,6.56106e-05,6.53639e-05,6.58495e-05,0.000180064,0.000179688,0.000164694,0.000196576,3.61643e-05,3.61637e-05,3.60321e-05,3.6297e-05,-0.0441847,4,0.0521714,6.55774e-05,15,14,16,0.994344,12,15
robustness,alternating,2,0,13,20,8000,0.0514127,6.54201e-05,0.000167524,3.43981e-05,4.60794,0.871226,4.28658,0.0139952,0.00871062,0.051466,0.0514664,0.0511473,0.0517831,6.56052e-05,6.56052e-05,6.53616e-05,6.58456e-05,0.000178947,0.000178769,0.000164567,0.000194208,3.44578e-05,3.44598e-05,3.42068e-05,3.47002e-05,-0.0167269,3,0.0521714,6.55774e-05,15,15,16,0.982488,12,15
robustness,alternating,2,0,14,40,8000,0.0514127,6.54201e-05,0.000167524,3.38023e-05,9.04716,1.77541,8.69653,0.0520571,0.0547479,0.0514614,0.0514602,0.0511581,0.0517674,6.56044e-05,6.56035e-05,6.53676e-05,6.58497e-05,0.000178717,0.000178467,0.000164787,0.000194086,3.36743e-05,3.36737e-05,3.35392e-05,3.38096e-05,-0.0381687,3,0.0521714,6.55774e-05,15,15,15,0.983548,12,15
robustness,alternating,2,0,15,20,8000,0.0514127,6.54201e-05,0.000167524,3.1761e-05,4.25467,0.819385,4.6491,0.0414446,0.0715558,0.0515055,0.0515054,0.0512013,0.0518058,6.56063e-05,6.56047e-05,6.53739e-05,6.58489e-05,0.000181615,0.000181211,0.000167775,0.000196919,3.1659e-05,3.16555e-05,3.14289e-05,3.18968e-05,-0.0120654,4,0.0521714,6.55774e-05,15,15,15,1,12,15
robustness,alternating,2,0,16,40,8000,0.0514127,6.54201e-05,0.000167524,3.12586e-05,8.36636,1.6656,9.39239,0.0899731,0.0483755,0.051439,0.0514402,0.0511369,0.0517274,6.56091e-05,6.56042e-05,6.5382e-05,6.58466e-05,0.000180585,0.000180434,0.000166474,0.000195649,3.11401e-05,3.11412e-05,3.1004e-05,3.12755e-05,-0.0464333,4,0.0521714,6.55774e-05,15,15,15,1,12,15
robustness,alternating,2,0,17,20,8000,0.0514127,6.54201e-05,0.000167524,3.00229e-05,4.02184,0.844171,4.88804,0.0372693,0.00920973,0.0513912,0.0513969,0.0510911,0.0516817,6.56066e-05,6.56035e-05,6.538e-05,6.58434e-05,0.000179176,0.000179073,0.000165242,0.000193761,2.99702e-05,2.99664e-05,2.97312e-05,3.02085e-05,-0.0159582,3,0.0521714,6.55774e-05,15,15,15,1,12,15
robustness,alternating,2,0,18,40,8000,0.0514127,6.54201e-05,0.000167524,2.92878e-05,7.83886,1.62633,9.93156,0.00973651,0.0349851,0.0514181,0.0514193,0.0511111,0.0517113,6.56041e-05,6.56015e-05,6.53769e-05,6.58394e-05,0.00017946,0.000179201,0.000165294,0.000194428,2.92788e-05,2.92791e-05,2.91464e-05,2.94113e-05,-0.0182984,3,0.0521714,6.55774e-05,15,15,15,1,12,15
robustness,alternating,2,0,19,20,8000,0.0514127,6.54201e-05,0.000167524,2.87666e-05,3.85355,0.898303,5.06074,0.0980603,0.0857865,0.0513902,0.0513936,0.0510883,0.0516856,6.56019e-05,6.5599e-05,6.53782e-05,6.58402e-05,0.000176863,0.000176824,0.000162801,0.000190726,2.84909e-05,2.84912e-05,2.82485e-05,2.87413e-05,-0.0450418,4,0.0521714,6.55774e-05,15,15,15,1,12,15
robustness,alternating,2,0,20,40,8000,0.0514127,6.54201e-05,0.000167524,2.77568e-05,7.4291,1.63907,10.3504,0.0426839,0.123673,0.0514295,0.051432,0.0511304,0.0517191,6.56005e-05,6.55984e-05,6.53757e-05,6.5837e-05,0.000177064,0.000177013,0.000163152,0.000191184,2.78918e-05,2.78913e-05,2.77599e-05,2.80239e-05,-0.0343764,3,0.0521714,6.55774e-05,15,15,15,1,12,15
robustness,alternating,2,1,1,20,8000,0.00263825,6.65061e-05,0.00017117,6.65061e-05,8.93355,2.09176,2.09176,3.48583,0,0.00264256,0.00264164,0.00253952,0.00274903,6.61173e-05,6.61166e-05,6.58446e-05,6.63937e-05,0.000261492,0.000251785,0.000134208,0.000423375,6.61173e-05,6.61166e-05,6.58446e-05,6.63937e-05,0.00211464,15,0.00264501,6.6125e-05,11,7,20,0.938191,12,15
robustness,alternating,2,1,2,40,8000,0.00263825,6.65061e-05,0.00017117,6.21919e-05,16.7666,3.98415,1.07008,0.153049,0.351943,0.00261427,0.00261467,0.00256093,0.00266851,6.6116e-05,6.61161e-05,6.5838e-05,6.63919e-05,0.000226302,0.000225587,0.000167427,0.000286351,6.22129e-05,6.22125e-05,6.2072e-05,6.23543e-05,0.0657729,7,0.00264501,6.6125e-05,12,10,16,0.927228,12,15
robustness,alternating,2,1,3,20,8000,0.00263825,6.65061e-05,0.00017117,5.68045e-05,7.63035,1.82359,1.26501,0.184737,0.0260886,0.00263363,0.00263333,0.00258298,0.00268461,6.60785e-05,6.60795e-05,6.58051e-05,6.63525e-05,0.000194422,0.000194372,0.000165794,0.000222658,5.66294e-05,5.66284e-05,5.63517e-05,5.69014e-05,0.00967649,5,0.00264501,6.6125e-05,14,12,16,0.952195,12,15
robustness,alternating,2,1,4,40,8000,0.00263825,6.65061e-05,0.00017117,5.42301e-05,14.6202,3.59132,3.2367,0.0256512,0.0987965,0.00261141,0.00261121,0.00256971,0.00265298,6.60754e-05,6.60744e-05,6.5815e-05,6.63454e-05,0.000195119,0.000194898,0.000168422,0.000222197,5.41609e-05,5.41619e-05,5.40239e-05,5.4297e-05,-0.00618816,5,0.00264501,6.6125e-05,14,13,16,0.931474,12,15
robustness,alternating,2,1,5,20,8000,0.00263825,6.65061e-05,0.00017117,4.99125e-05,6.70458,1.64312,2.20043,0.033742,0.0469086,0.0026098,0.00260963,0.00257106,0.0026491,6.60718e-05,6.60703e-05,6.58162e-05,6.63373e-05,0.000192928,0.000192579,0.000170858,0.000215509,4.98001e-05,4.98013e-05,4.95299e-05,5.00689e-05,0.0179848,4,0.00264501,6.6125e-05,14,13,15,0.939502,12,15
robustness,alternating,2,1,6,40,8000,0.00263825,6.65061e-05,0.00017117,4.82574e-05,13.0099,3.30658,4.86205,0.099698,0.015302,0.00260292,0.00260305,0.0025676,0.00263809,6.60701e-05,6.60693e-05,6.58042e-05,6.63306e-05,0.000190637,0.000190627,0.000168723,0.000212033,4.81869e-05,4.81868e-05,4.80506e-05,4.83235e-05,0.0235014,4,0.00264501,6.6125e-05,14,13,16,0.978269,12,15
robustness,alternating,2,1,7,20,8000,0.00263825,6.65061e-05,0.00017117,4.46138e-05,5.99282,1.50403,2.91962,0.0131981,0.065872,0.00260047,0.00260032,0.00256716,0.00263585,6.60739e-05,6.60752e-05,6.58108e-05,6.63346e-05,0.000193175,0.000192999,0.000173996,0.000212659,4.44631e-05,4.44629e-05,4.42015e-05,4.47283e-05,-0.000852915,3,0.00264501,6.6125e-05,14,13,15,0.973979,12,15
robustness,alternating,2,1,8,40,8000,0.00263825,6.65061e-05,0.00017117,4.32928e-05,11.6715,3.03255,6.21304,0.100719,0.0132972,0.00261522,0.00261513,0.00258312,0.00264687,6.60732e-05,6.60759e-05,6.58059e-05,6.63368e-05,0.000192039,0.000191801,0.000173839,0.000211499,4.3157e-05,4.31569e-05,4.30213e-05,4.32949e-05,0.0372311,5,0.00264501,6.6125e-05,14,13,15,0.973469,12,15
robustness,alternating,2,1,9,20,8000,0.00263825,6.65061e-05,0.00017117,4.08807e-05,5.49137,1.43617,3.4263,0.0747606,0.0188041,0.00262067,0.0026203,0.00258954,0.00265116,6.60706e-05,6.60717e-05,6.58038e-05,6.63375e-05,0.00018781,0.000187523,0.000171258,0.000205343,4.08301e-05,4.08295e-05,4.05694e-05,4.10922e-05,0.0179615,4,0.00264501,6.6125e-05,15,13,16,0.990268,12,15
robustness,alternating,2,1,10,40,8000,0.00263825,6.65061e-05,0.00017117,3.94758e-05,10.6425,2.84027,7.25177,0.0276967,0.0689282,0.00262163,0.0026217,0.00259238,0.00265029,6.60708e-05,6.60712e-05,6.58088e-05,6.63348e-05,0.000188423,0.000188178,0.000171914,0.000205636,3.95198e-05,3.95201e-05,3.93831e-05,3.9655e-05,0.00656497,4,0.00264501,6.6125e-05,15,14,15,0.931506,12,15
robustness,alternating,2,1,11,20,8000,0.00263825,6.65061e-05,0.00017117,3.73455e-05,5.01649,1.33628,3.90612,0.0229236,0.000535188,0.00262451,0.00262451,0.00259441,0.00265364,6.60694e-05,6.60708e-05,6.5804e-05,6.63309e-05,0.00018634,0.000186234,0.000170693,0.000202278,3.74702e-05,3.74724e-05,3.72131e-05,3.77281e-05,0.00293488,3,0.00264501,6.6125e-05,15,14,15,0.952224,12,15
robustness,alternating,2,1,12,40,8000,0.00263825,6.65061e-05,0.00017117,3.67407e-05,9.9051,2.76096,7.99606,0.0880665,0.0972809,0.00263179,0.00263167,0.00260268,0.00265988,6.60738e-05,6.60761e-05,6.58064e-05,6.63334e-05,0.000185106,0.000184989,0.000169883,0.000201078,3.67077e-05,3.67077e-05,3.65747e-05,3.68415e-05,-0.00581768,4,0.00264501,6.6125e-05,15,14,16,0.995758,12,15
robustness,alternating,2,1,13,20,8000,0.00263825,6.65061e-05,0.00017117,3.50977e-05,4.71455,1.32148,4.21122,0.0511106,0.0274669,0.00263078,0.00263057,0.00260284,0.00265837,6.60705e-05,6.60711e-05,6.58079e-05,6.63289e-05,0.00018346,0.000183373,0.00016874,0.000198396,3.49376e-05,3.49382e-05,3.4685e-05,3.51907e-05,-0.00191747,3,0.00264501,6.6125e-05,15,15,16,0.991318,12,15
robustness,alternating,2,1,14,40,8000,0.00263825,6.65061e-05,0.00017117,3.48198e-05,9.38723,2.77832,8.5188,0.214427,0.155844,0.00262904,0.00262928,0.00260088,0.0026561,6.60798e-05,6.60891e-05,6.58036e-05,6.63277e-05,0.000180353,0.000180337,0.000165742,0.000194953,3.49058e-05,3.49073e-05,3.4771e-05,3.50407e-05,0.0264311,7,0.00264501,6.6125e-05,16,15,17,1,12,15
robustness,alternating,2,1,15,20,8000,0.00263825,6.65061e-05,0.00017117,3.28917e-05,4.41824,1.28006,4.51062,0.0358675,0.0364207,0.00262773,0.00262816,0.00259948,0.00265467,6.60802e-05,6.6087e-05,6.58177e-05,6.63259e-05,0.00018169,0.000181759,0.000167259,0.000196401,3.29259e-05,3.29241e-05,3.26815e-05,3.31761e-05,-0.0108676,3,0.00264501,6.6125e-05,15,15,16,0.995804,12,15
robustness,alternating,2,1,16,40,8000,0.00263825,6.65061e-05,0.00017117,3.19176e-05,8.60482,2.52378,9.30856,0.0591699,0.0616432,0.00263029,0.0026309,0.00260309,0.00265612,6.60867e-05,6.60921e-05,6.58296e-05,6.63285e-05,0.000182705,0.000182693,0.000168381,0.000197516,3.19076e-05,3.19082e-05,3.17734e-05,3.20416e-05,0.0212574,4,0.00264501,6.6125e-05,15,15,16,1,12,15
robustness,alternating,2,1,17,20,8000,0.00263825,6.65061e-05,0.00017117,3.0562e-05,4.10529,1.19742,4.82683,0.0193338,0.00567047,0.00263185,0.0026325,0.00260556,0.00265642,6.60837e-05,6.60878e-05,6.58289e-05,6.63254e-05,0.000181759,0.000181718,0.000167671,0.000195968,3.05798e-05,3.05799e-05,3.03332e-05,3.08252e-05,-0.0123986,2,0.00264501,6.6125e-05,15,15,16,1,12,15
robustness,alternating,2,1,18,40,8000,0.00263825,6.65061e-05,0.00017117,3.02977e-05,8.1681,2.4921,9.74939,0.108833,0.103858,0.0026305,0.00263092,0.002604,0.002655,6.60827e-05,6.60859e-05,6.58285e-05,6.63281e-05,0.000180841,0.000180847,0.00016715,0.000194638,3.01933e-05,3.01922e-05,3.00584e-05,3.03336e-05,0.00985521,5,0.00264501,6.6125e-05,15,15,16,1,12,15
robustness,alternating,2,1,19,20,8000,0.00263825,6.65061e-05,0.00017117,2.87335e-05,3.85967,1.14542,5.07501,0.0188097,0.0412152,0.00263022,0.00263054,0.00260366,0.00265474,6.60843e-05,6.6087e-05,6.58255e-05,6.633e-05,0.00018118,0.000181101,0.000167661,0.00019504,2.88104e-05,2.88087e-05,2.85721e-05,2.9052e-05,0.00816925,2,0.00264501,6.6125e-05,15,15,16,1,12,15
robustness,alternating,2,1,20,40,8000,0.00263825,6.65061e-05,0.00017117,2.793e-05,7.52979,2.25359,10.3937,0.0750374,0.0631666,0.00263259,0.00263288,0.00260727,0.00265649,6.60894e-05,6.60927e-05,6.58291e-05,6.63323e-05,0.000181922,0.000181867,0.000168378,0.00019574,2.79843e-05,2.79836e-05,2.78514e-05,2.81196e-05,0.00409163,4,0.00264501,6.6125e-05,15,15,16,1,12,15
robustness,alternating,2,2,1,20,8000,0.000920037,5.18764e-05,0.000379041,5.18764e-05,7.00918,2.30781,2.30781,3.71582,0,0.00086199,0.000862441,0.000806086,0.000916794,5.17688e-05,5.17683e-05,5.14945e-05,5.20399e-05,0.00026851,0.000247923,0.000130545,0.000484945,5.17688e-05,5.17683e-05,5.14945e-05,5.20399e-05,0.056377,14,0.000862827,5.17709e-05,14,8,25,0.903839,12,9
robustness,alternating,2,2,2,40,8000,0.000920037,5.18764e-05,0.000379041,4.67298e-05,12.6916,4.45416,1.38767,0.605457,0.307499,0.000865254,0.000865572,0.000824503,0.000903416,5.17388e-05,5.17403e-05,5.14722e-05,5.19979e-05,0.000453598,0.000451852,0.000370853,0.000543616,4.67613e-05,4.67619e-05,4.66239e-05,4.68974e-05,0.128333,9,0.000862827,5.17709e-05,8,7,9,0.950839,12,9
robustness,alternating,2,2,3,20,8000,0.000920037,5.18764e-05,0.000379041,4.03402e-05,5.45049,2.14231,1.5614,0.148108,0.00475659,0.000880935,0.000880694,0.000847821,0.000913998,5.17044e-05,5.17073e-05,5.14444e-05,5.19547e-05,0.000398358,0.000398224,0.000358265,0.000437338,4.03511e-05,4.0348e-05,4.00842e-05,4.06251e-05,0.0124749,5,0.000862827,5.17709e-05,9,9,10,0.946043,12,9
robustness,alternating,2,2,4,40,8000,0.000920037,5.18764e-05,0.000379041,3.78746e-05,10.2865,4.02237,3.81311,0.0311527,0.00290594,0.000896493,0.000896903,0.000866261,0.000925935,5.1709e-05,5.1715e-05,5.14549e-05,5.19541e-05,0.000395416,0.000395119,0.000358983,0.000431686,3.79423e-05,3.79411e-05,3.78075e-05,3.80803e-05,0.0661467,5,0.000862827,5.17709e-05,9,9,10,0.980423,12,9
robustness,alternating,2,2,5,20,8000,0.000920037,5.18764e-05,0.000379041,3.38917e-05,4.57921,1.91677,2.44036,0.0499334,0.033881,0.000903662,0.000903843,0.000875676,0.000930964,5.17083e-05,5.17141e-05,5.14526e-05,5.19482e-05,0.000392075,0.000391627,0.000360789,0.000423272,3.36596e-05,3.36564e-05,3.34011e-05,3.39171e-05,-0.0126099,3,0.000862827,5.17709e-05,9,9,10,0.994282,12,9
robustness,alternating,2,2,6,40,8000,0.000920037,5.18764e-05,0.000379041,3.22882e-05,8.76931,3.58848,5.34337,0.109655,0.0378269,0.000909917,0.000909916,0.000884739,0.000937345,5.17054e-05,5.17116e-05,5.14424e-05,5.19466e-05,0.000385662,0.000385603,0.00035648,0.000415306,3.23197e-05,3.23192e-05,3.21863e-05,3.24513e-05,0.0182203,5,0.000862827,5.17709e-05,9,9,10,0.993688,12,9
robustness,alternating,2,2,7,20,8000,0.000920037,5.18764e-05,0.000379041,2.91165e-05,3.93401,1.74347,3.09129,0.00785969,0.00955175,0.000910099,0.000909992,0.000885271,0.000936237,5.17046e-05,5.1711e-05,5.14396e-05,5.19413e-05,0.000385016,0.000384869,0.000358694,0.000411419,2.91884e-05,2.91874e-05,2.89396e-05,2.94362e-05,-0.00063295,2,0.000862827,5.17709e-05,9,9,10,0.997618,12,9
robustness,alternating,2,2,8,40,8000,0.000920037,5.18764e-05,0.000379041,2.75336e-05,7.47798,3.34727,6.64582,0.0947964,0.0801981,0.000911915,0.00091147,0.000887447,0.000937259,5.17149e-05,5.17224e-05,5.14551e-05,5.19481e-05,0.000388579,0.000387935,0.000363795,0.000414592,2.7585e-05,2.7584e-05,2.74535e-05,2.77186e-05,0.0352087,4,0.000862827,5.17709e-05,9,9,9,0.981327,12,9
robustness,alternating,2,2,9,20,8000,0.000920037,5.18764e-05,0.000379041,2.58123e-05,3.48758,1.57251,3.54171,0.0773826,0.0750863,0.000915947,0.0009158,0.000891097,0.000942856,5.17059e-05,5.17119e-05,5.14383e-05,5.19622e-05,0.000378117,0.000378432,0.000352995,0.000402441,2.58605e-05,2.58573e-05,2.56148e-05,2.61124e-05,0.0688901,6,0.000862827,5.17709e-05,10,9,10,0.999689,12,9
robustness,alternating,2,2,10,40,8000,0.000920037,5.18764e-05,0.000379041,2.48594e-05,6.75168,2.96992,7.37838,0.00461875,0.0174131,0.000916144,0.000915866,0.00089216,0.000942512,5.1705e-05,5.17111e-05,5.14365e-05,5.19606e-05,0.000377564,0.00037755,0.000354074,0.000400646,2.48425e-05,2.4844e-05,2.47094e-05,2.49733e-05,0.0585124,3,0.000862827,5.17709e-05,10,9,10,1,12,9
robustness,alternating,2,2,11,20,8000,0.000920037,5.18764e-05,0.000379041,2.28545e-05,3.08794,1.46231,3.94492,0.0190313,0.0197796,0.000916429,0.000916186,0.000893082,0.000942296,5.17013e-05,5.17051e-05,5.14352e-05,5.19542e-05,0.000376765,0.000376875,0.000353731,0.000399232,2.30448e-05,2.30446e-05,2.28185e-05,2.3274e-05,0.002255,2,0.000862827,5.17709e-05,10,9,10,1,12,9
robustness,alternating,2,2,12,40,8000,0.000920037,5.18764e-05,0.000379041,2.21635e-05,6.01949,2.75899,8.11688,0.021982,0.029513,0.000913736,0.000913012,0.000890909,0.000938913,5.16963e-05,5.17012e-05,5.14241e-05,5.19511e-05,0.000377321,0.000377497,0.000354787,0.000399217,2.21482e-05,2.2148e-05,2.20161e-05,2.22769e-05,0.0263202,3,0.000862827,5.17709e-05,10,9,10,1,12,9
robustness,alternating,2,2,13,20,8000,0.000920037,5.18764e-05,0.000379041,2.06248e-05,2.78668,1.35435,4.24888,0.00708906,0.00740058,0.000910822,0.000910027,0.000887975,0.000935538,5.16921e-05,5.16978e-05,5.14172e-05,5.19507e-05,0.000378989,0.000379087,0.000356891,0.000400983,2.0563e-05,2.05628e-05,2.03413e-05,2.07866e-05,0.0095877,2,0.000862827,5.17709e-05,10,9,10,1,12,9
robustness,alternating,2,2,14,40,8000,0.000920037,5.18764e-05,0.000379041,2.02017e-05,5.48667,2.5367,8.6543,0.0774647,0.0625994,0.00090797,0.000907383,0.000886089,0.000931848,5.16821e-05,5.16839e-05,5.13976e-05,5.19484e-05,0.000375807,0.000375786,0.000354019,0.000397533,2.02092e-05,2.02089e-05,2.00793e-05,2.03387e-05,-0.0144612,4,0.000862827,5.17709e-05,10,9,10,1,12,9
robustness,alternating,2,2,15,20,8000,0.000920037,5.18764e-05,0.000379041,1.88753e-05,2.5503,1.25343,4.48738,0.0148447,0.0121802,0.000910353,0.00090966,0.000888328,0.000934303,5.16828e-05,5.16862e-05,5.14021e-05,5.19474e-05,0.00037444,0.000374586,0.000352945,0.000395338,1.90781e-05,1.9078e-05,1.88647e-05,1.92916e-05,0.00888711,2,0.000862827,5.17709e-05,10,9,10,1,12,9
robustness,alternating,2,2,16,40,8000,0.000920037,5.18764e-05,0.000379041,1.83253e-05,4.97705,2.39203,9.16832,0.0570502,0.000971303,0.000908654,0.00090831,0.000887517,0.000931568,5.16868e-05,5.16904e-05,5.14072e-05,5.19547e-05,0.000376751,0.000376798,0.000355683,0.00039772,1.82859e-05,1.82852e-05,1.81589e-05,1.84145e-05,0.0279854,4,0.000862827,5.17709e-05,10,9,10,1,12,9
robustness,alternating,2,2,17,20,8000,0.000920037,5.18764e-05,0.000379041,1.72506e-05,2.33078,1.18085,4.70886,0.00446917,0.00733329,0.000906634,0.0009064,0.000885019,0.000929464,5.1691e-05,5.16927e-05,5.1411e-05,5.19614e-05,0.000379206,0.000379284,0.000358174,0.000400832,1.7098e-05,1.70959e-05,1.68946e-05,1.73028e-05,0.0196847,3,0.000862827,5.17709e-05,10,9,10,1,12,9
robustness,alternating,2,2,18,40,8000,0.000920037,5.18764e-05,0.000379041,1.66755e-05,4.52898,2.27939,9.62025,0.00763471,0.0323444,0.000906004,0.00090564,0.000884578,0.000928345,5.16884e-05,5.16885e-05,5.14126e-05,5.19587e-05,0.000378624,0.0003787,0.000357884,0.000399444,1.66938e-05,1.66929e-05,1.65685e-05,1.68224e-05,0.0278496,2,0.000862827,5.17709e-05,10,9,10,1,12,9
robustness,alternating,2,2,19,20,8000,0.000920037,5.18764e-05,0.000379041,1.5898e-05,2.14803,1.11443,4.89325,0.00750048,0.0095475,0.000906182,0.000905882,0.000884929,0.00092845,5.16913e-05,5.16931e-05,5.14191e-05,5.19602e-05,0.000379167,0.000379201,0.000359074,0.000399703,1.58106e-05,1.58117e-05,1.56105e-05,1.60101e-05,-0.00529486,2,0.000862827,5.17709e-05,10,9,10,1,12,9
robustness,alternating,2,2,20,40,8000,0.000920037,5.18764e-05,0.000379041,1.52307e-05,4.13658,2.18777,10.016,0.0549458,0.0763583,0.000908316,0.000907882,0.000887326,0.000930607,5.1698e-05,5.1698e-05,5.1429e-05,5.19665e-05,0.000380141,0.000380207,0.000360196,0.000399913,1.53257e-05,1.53247e-05,1.51992e-05,1.54535e-05,-0.00013202,3,0.000862827,5.17709e-05,10,9,10,1,12,9
robustness,alternating,2,3,1,20,8000,1.25621,5.0914e-05,0.000416065,5.0914e-05,6.92901,7.95543,7.95543,4.91569,0,1.24745,1.24754,1.23226,1.26235,5.10053e-05,5.10036e-05,5.08054e-05,5.12116e-05,0.000259118,0.000244927,0.000144318,0.000424624,5.10053e-05,5.10036e-05,5.08054e-05,5.12116e-05,-0.46076,17,1.24734,5.10047e-05,15,9,24,0.925343,12,9
robustness,alternating,2,3,2,40,8000,1.25621,5.0914e-05,0.000416065,4.64286e-05,12.5721,12.2969,1.63325,0.67589,0.104821,1.25963,1.25966,1.25166,1.26727,5.09347e-05,5.09362e-05,5.07558e-05,5.11065e-05,0.000418221,0.000415377,0.000335586,0.000510014,4.64957e-05,4.64949e-05,4.63858e-05,4.66075e-05,-0.420791,9,1.24734,5.10047e-05,9,7,11,0.984699,12,9
robustness,alternating,2,3,3,20,8000,1.25621,5.0914e-05,0.000416065,4.01151e-05,5.45935,6.35764,2.20768,0.0788887,0.0868202,1.25906,1.2591,1.25178,1.26616,5.09282e-05,5.09314e-05,5.07462e-05,5.10996e-05,0.000399653,0.000399902,0.00036046,0.000438154,4.00398e-05,4.00389e-05,3.98598e-05,4.02219e-05,-0.191889,5,1.24734,5.10047e-05,9,9,10,0.958521,12,9
robustness,alternating,2,3,4,40,8000,1.25621,5.0914e-05,0.000416065,3.7205e-05,10.0745,10.0799,4.96524,0.122085,0.101956,1.25942,1.25953,1.25321,1.26547,5.093e-05,5.09326e-05,5.075e-05,5.11013e-05,0.000405857,0.000405575,0.000370374,0.000442151,3.72443e-05,3.72457e-05,3.71393e-05,3.73492e-05,-0.255682,5,1.24734,5.10047e-05,9,9,10,0.981057,12,9
robustness,alternating,2,3,5,20,8000,1.25621,5.0914e-05,0.000416065,3.26216e-05,4.43955,5.26314,3.73438,0.0690313,0.0385513,1.25928,1.25937,1.25313,1.26513,5.09313e-05,5.09365e-05,5.07441e-05,5.11058e-05,0.000415856,0.000415794,0.000385153,0.000447662,3.26209e-05,3.26216e-05,3.24427e-05,3.27946e-05,-0.129777,4,1.24734,5.10047e-05,9,9,9,0.972963,12,9
robustness,alternating,2,3,6,40,8000,1.25621,5.0914e-05,0.000416065,3.06847e-05,8.30893,8.52975,7.32081,0.0726431,0.0679705,1.25733,1.25739,1.25159,1.26289,5.09418e-05,5.0946e-05,5.07586e-05,5.11136e-05,0.000418079,0.00041823,0.000386763,0.000449092,3.07303e-05,3.073e-05,3.0629e-05,3.08331e-05,-0.185976,4,1.24734,5.10047e-05,9,9,9,0.988444,12,9
robustness,alternating,2,3,7,20,8000,1.25621,5.0914e-05,0.000416065,2.80216e-05,3.81353,4.55964,4.67157,0.067781,0.0730032,1.2571,1.25718,1.2514,1.26249,5.09385e-05,5.09403e-05,5.07564e-05,5.11137e-05,0.000406781,0.000406491,0.000380047,0.000434991,2.81465e-05,2.81464e-05,2.79749e-05,2.83179e-05,-0.100871,5,1.24734,5.10047e-05,9,9,9,0.989838,12,9
robustness,alternating,2,3,8,40,8000,1.25621,5.0914e-05,0.000416065,2.63356e-05,7.13125,7.44574,8.89203,0.19493,0.141154,1.25583,1.25591,1.25029,1.26119,5.09474e-05,5.09501e-05,5.07649e-05,5.11208e-05,0.000412917,0.000412627,0.000385378,0.000440753,2.639e-05,2.63913e-05,2.62886e-05,2.64895e-05,-0.194097,6,1.24734,5.10047e-05,9,9,9,0.999903,12,9
robustness,alternating,2,3,9,20,8000,1.25621,5.0914e-05,0.000416065,2.42457e-05,3.29966,3.99512,5.44087,0.0184336,0.0309517,1.25513,1.25517,1.24952,1.26047,5.09494e-05,5.0951e-05,5.07665e-05,5.11265e-05,0.000409674,0.00040962,0.000383605,0.000435923,2.42911e-05,2.42887e-05,2.41236e-05,2.446e-05,-0.113646,3,1.24734,5.10047e-05,9,9,9,1,12,9
robustness,alternating,2,3,10,40,8000,1.25621,5.0914e-05,0.000416065,2.35738e-05,6.38341,6.67116,9.88978,0.0887747,0.108713,1.25643,1.25642,1.25124,1.26135,5.0942e-05,5.09441e-05,5.07668e-05,5.11111e-05,0.000406747,0.000406677,0.000381567,0.000432661,2.35921e-05,2.35925e-05,2.34906e-05,2.3692e-05,-0.155713,4,1.24734,5.10047e-05,9,9,9,1,12,9
robustness,alternating,2,3,11,20,8000,1.25621,5.0914e-05,0.000416065,2.18321e-05,2.97118,3.60256,5.93262,0.000680402,0.01279,1.2565,1.2565,1.25141,1.26146,5.09431e-05,5.09454e-05,5.07665e-05,5.11126e-05,0.000408889,0.000408964,0.000384459,0.000432913,2.1707e-05,2.17066e-05,2.15433e-05,2.18743e-05,-0.0829636,3,1.24734,5.10047e-05,9,9,9,1,12,9
robustness,alternating,2,3,12,40,8000,1.25621,5.0914e-05,0.000416065,2.09891e-05,5.6835,6.00558,10.8236,0.0164577,0.0190152,1.2565,1.25646,1.25165,1.26136,5.09404e-05,5.0943e-05,5.07622e-05,5.11122e-05,0.000408294,0.000408241,0.000385206,0.000431703,2.09916e-05,2.09919e-05,2.08915e-05,2.1091e-05,-0.148256,3,1.24734,5.10047e-05,9,9,9,1,12,9
robustness,alternating,2,3,13,20,8000,1.25621,5.0914e-05,0.000416065,1.97047e-05,2.68165,3.26659,6.36607,0.0253119,0.0310245,1.25623,1.2562,1.25145,1.26109,5.09427e-05,5.09443e-05,5.07656e-05,5.11156e-05,0.000408428,0.00040822,0.000385498,0.000432443,1.95674e-05,1.95692e-05,1.94053e-05,1.97288e-05,-0.0894929,2,1.24734,5.10047e-05,9,9,9,1,12,9
robustness,alternating,2,3,14,40,8000,1.25621,5.0914e-05,0.000416065,1.91003e-05,5.17207,5.48297,11.5059,0.0571084,0.0146939,1.25627,1.25621,1.25165,1.26097,5.09421e-05,5.09421e-05,5.07633e-05,5.11237e-05,0.000406751,0.00040674,0.000384717,0.000429985,1.91151e-05,1.91154e-05,1.90159e-05,1.9214e-05,-0.127676,4,1.24734,5.10047e-05,9,9,9,1,12,9
robustness,alternating,2,3,15,20,8000,1.25621,5.0914e-05,0.000416065,1.80989e-05,2.46312,3.00175,6.69323,0.0312744,0.0391246,1.25626,1.25621,1.25165,1.26096,5.09417e-05,5.09402e-05,5.07592e-05,5.11255e-05,0.000406711,0.000406446,0.000385219,0.000429225,1.79471e-05,1.79474e-05,1.77885e-05,1.81046e-05,-0.0620196,2,1.24734,5.10047e-05,9,9,9,1,12,9
robustness,alternating,2,3,16,40,8000,1.25621,5.0914e-05,0.000416065,1.75509e-05,4.75249,5.04758,12.0657,0.0459835,0.00112777,1.25494,1.25487,1.25048,1.25957,5.09522e-05,5.09526e-05,5.07749e-05,5.11315e-05,0.00040475,0.000404681,0.000383704,0.00042663,1.76214e-05,1.76212e-05,1.75225e-05,1.77232e-05,-0.129903,4,1.24734,5.10047e-05,9,9,9,1,12,9
robustness,alternating,2,3,17,20,8000,1.25621,5.0914e-05,0.000416065,1.67554e-05,2.28029,2.77868,6.96695,0.0262857,0.0437864,1.25456,1.25452,1.25011,1.25912,5.0955e-05,5.09567e-05,5.07744e-05,5.1134e-05,0.000404617,0.000404577,0.000383579,0.000425975,1.66372e-05,1.66374e-05,1.64829e-05,1.6789e-05,-0.0582879,2,1.24734,5.10047e-05,9,9,9,1,12,9
robustness,alternating,2,3,18,40,8000,1.25621,5.0914e-05,0.000416065,1.60414e-05,4.34374,4.65758,12.6111,0.051617,0.0890686,1.25419,1.25416,1.24967,1.25876,5.09528e-05,5.0953e-05,5.07728e-05,5.11315e-05,0.000405666,0.000405423,0.000385086,0.000427632,1.60552e-05,1.60558e-05,1.59568e-05,1.61537e-05,-0.0861571,4,1.24734,5.10047e-05,9,9,9,1,12,9
robustness,alternating,2,3,19,20,8000,1.25621,5.0914e-05,0.000416065,1.53151e-05,2.08426,2.56107,7.26041,0.0183564,0.0244189,1.25395,1.25394,1.24942,1.25847,5.09544e-05,5.09544e-05,5.07753e-05,5.11318e-05,0.000405361,0.000405161,0.000384897,0.000426749,1.52489e-05,1.52486e-05,1.50994e-05,1.53994e-05,-0.0464031,2,1.24734,5.10047e-05,9,9,9,1,12,9
robustness,alternating,2,3,20,40,8000,1.25621,5.0914e-05,0.000416065,1.49643e-05,4.0521,4.34344,13.0002,0.0354996,0.0145759,1.2538,1.25377,1.24939,1.25824,5.09546e-05,5.0955e-05,5.07772e-05,5.11289e-05,0.000404426,0.000404111,0.000383964,0.000425669,1.50123e-05,1.50119e-05,1.49165e-05,1.51097e-05,-0.0710325,3,1.24734,5.10047e-05,9,9,9,1,12,9
robustness,alternating,2,4,1,20,8000,0.163498,0.000104092,0.000257282,0.000104092,13.9944,7.84959,7.84959,6.39258,0,0.163822,0.163824,0.162794,0.164848,0.000104048,0.000104048,0.00010378,0.000104321,0.000263207,0.000253039,0.000136827,0.000423993,0.000104048,0.000104048,0.00010378,0.000104321,-0.307626,20,0.163826,0.00010405,7,5,13,0.956142,12,7
robustness,alternating,2,4,2,40,8000,0.163498,0.000104092,0.000257282,9.39635e-05,25.205,10.952,2.78378,0.220366,0.164903,0.163287,0.163277,0.162708,0.163894,0.000104091,0.000104091,0.000103826,0.000104363,0.000238587,0.000237827,0.000201601,0.000277025,9.41107e-05,9.41095e-05,9.39751e-05,9.4246e-05,-0.0745077,8,0.163826,0.00010405,8,7,9,0.98472,12,7
robustness,alternating,2,4,3,20,8000,0.163498,0.000104092,0.000257282,7.70634e-05,10.3606,5.23109,3.90584,0.196699,0.0210995,0.163302,0.163294,0.162781,0.163847,0.000104109,0.000104112,0.000103856,0.000104357,0.000256933,0.00025691,0.000237844,0.000276388,7.69593e-05,7.6959e-05,7.67009e-05,7.72207e-05,-0.130043,6,0.163826,0.00010405,7,7,8,0.997972,12,7
robustness,alternating,2,4,4,40,8000,0.163498,0.000104092,0.000257282,7.09908e-05,19.0427,6.98593,9.12113,0.01313,0.0306598,0.163408,0.163404,0.162953,0.163891,0.000104103,0.000104107,0.000103844,0.000104351,0.000257258,0.00025731,0.000239003,0.00027603,7.10002e-05,7.09999e-05,7.08626e-05,7.11355e-05,-0.0238191,5,0.163826,0.00010405,7,7,8,0.999505,12,7
robustness,alternating,2,4,5,20,8000,0.163498,0.000104092,0.000257282,6.15197e-05,8.27087,3.89111,6.15334,0.0446641,0.0459643,0.163381,0.163376,0.162949,0.163837,0.000104103,0.000104102,0.000103853,0.000104356,0.000254998,0.000255004,0.00023944,0.000270518,6.15132e-05,6.15133e-05,6.126e-05,6.17671e-05,-0.0937622,4,0.163826,0.00010405,7,7,8,1,12,7
robustness,alternating,2,4,6,40,8000,0.163498,0.000104092,0.000257282,5.63329e-05,15.1109,4.69183,13.1647,0.379662,0.374351,0.163386,0.163389,0.162956,0.163819,0.00010412,0.00010412,0.000103871,0.000104371,0.000260645,0.000260162,0.000246301,0.00027616,5.64497e-05,5.64495e-05,5.63142e-05,5.65854e-05,-0.0184468,7,0.163826,0.00010405,7,7,7,0.999657,12,7
robustness,alternating,2,4,7,20,8000,0.163498,0.000104092,0.000257282,5.01951e-05,6.74836,2.95835,7.7908,0.0155667,0.0172201,0.163377,0.163378,0.162962,0.163794,0.000104118,0.000104119,0.000103869,0.000104368,0.000260245,0.000259979,0.000246767,0.000275005,5.01612e-05,5.01614e-05,4.99142e-05,5.04111e-05,-0.044378,4,0.163826,0.00010405,7,7,7,1,12,7
robustness,alternating,2,4,8,40,8000,0.163498,0.000104092,0.000257282,4.78966e-05,12.8479,3.66943,15.492,0.0885794,0.0733996,0.16334,0.163342,0.162946,0.163729,0.000104118,0.000104119,0.000103857,0.000104371,0.00025889,0.000258778,0.000245137,0.000272877,4.79967e-05,4.79959e-05,4.78608e-05,4.81322e-05,-0.0144084,5,0.163826,0.00010405,7,7,7,1,12,7
robustness,alternating,2,4,9,20,8000,0.163498,0.000104092,0.000257282,4.35432e-05,5.85406,2.49865,8.75262,0.0239366,0.0302333,0.163352,0.163354,0.162969,0.163735,0.000104118,0.000104119,0.000103862,0.000104369,0.000259091,0.000258934,0.000246031,0.000272552,4.33462e-05,4.33475e-05,4.31002e-05,4.3588e-05,-0.0485394,3,0.163826,0.00010405,7,7,7,1,12,7
robustness,alternating,2,4,10,40,8000,0.163498,0.000104092,0.000257282,4.13979e-05,11.1047,2.91419,17.2848,0.00370327,0.0575906,0.163353,0.163354,0.162983,0.163719,0.000104122,0.000104124,0.000103863,0.000104377,0.000259394,0.000259453,0.00024609,0.000272424,4.13109e-05,4.13119e-05,4.11753e-05,4.14423e-05,-0.0171,4,0.163826,0.00010405,7,7,7,1,12,7
robustness,alternating,2,4,11,20,8000,0.163498,0.000104092,0.000257282,3.84788e-05,5.17318,2.1642,9.4849,0.0888745,0.0740523,0.163357,0.163361,0.162993,0.163714,0.000104126,0.000104128,0.000103864,0.000104383,0.000256928,0.000257006,0.000244135,0.000269453,3.83734e-05,3.83738e-05,3.81324e-05,3.86117e-05,-0.0226464,4,0.163826,0.00010405,7,7,7,1,12,7
robustness,alternating,2,4,12,40,8000,0.163498,0.000104092,0.000257282,3.79439e-05,10.1782,2.74183,18.2376,0.296506,0.27074,0.163317,0.163319,0.162936,0.163686,0.000104113,0.000104114,0.000103839,0.000104378,0.000254626,0.000254999,0.000241062,0.000266784,3.77834e-05,3.77804e-05,3.76518e-05,3.79216e-05,0.0081396,7,0.163826,0.00010405,7,7,7,1,12,7
robustness,alternating,2,4,13,20,8000,0.163498,0.000104092,0.000257282,3.5208e-05,4.73345,1.98568,9.95783,0.0383194,0.0226882,0.163306,0.16331,0.162938,0.163667,0.000104109,0.000104113,0.000103834,0.000104372,0.000252906,0.000253108,0.000239835,0.000265265,3.53006e-05,3.53009e-05,3.50635e-05,3.55373e-05,-0.0104095,4,0.163826,0.00010405,7,7,7,1,12,7
robustness,alternating,2,4,14,40,8000,0.163498,0.000104092,0.000257282,3.40193e-05,9.12542,2.3434,19.3203,0.00807,0.0228819,0.163389,0.163391,0.163025,0.163747,0.000104106,0.000104106,0.000103832,0.000104373,0.000253031,0.000252979,0.000240656,0.000265572,3.39323e-05,3.39315e-05,3.38013e-05,3.40629e-05,-0.0238428,4,0.163826,0.00010405,7,7,7,1,12,7
robustness,alternating,2,4,15,20,8000,0.163498,0.000104092,0.000257282,3.25072e-05,4.37035,1.84025,10.3483,0.124528,0.118953,0.163413,0.163411,0.163047,0.163772,0.000104101,0.000104101,0.000103842,0.000104376,0.000248611,0.000248561,0.000237565,0.000259552,3.25176e-05,3.2521e-05,3.22791e-05,3.27466e-05,0.0376716,7,0.163826,0.00010405,7,7,7,1,12,7
robustness,alternating,2,4,16,40,8000,0.163498,0.000104092,0.000257282,3.21185e-05,8.61555,2.34359,19.8446,0.178374,0.192241,0.163494,0.163503,0.163122,0.163827,0.000104105,0.000104104,0.000103848,0.000104378,0.000247409,0.000247419,0.000236531,0.000257995,3.21733e-05,3.21735e-05,3.20394e-05,3.2309e-05,-0.0295225,6,0.163826,0.00010405,7,7,7,1,12,7
robustness,alternating,2,4,17,20,8000,0.163498,0.000104092,0.000257282,3.01738e-05,4.05665,1.71256,10.6857,0.00179592,0.0203292,0.163535,0.163542,0.163171,0.163865,0.000104099,0.000104097,0.000103842,0.000104373,0.000246893,0.000246829,0.000236465,0.000257353,3.03638e-05,3.03653e-05,3.01273e-05,3.05972e-05,-0.0423028,3,0.163826,0.00010405,7,7,7,1,12,7
robustness,alternating,2,4,18,40,8000,0.163498,0.000104092,0.000257282,2.94618e-05,7.90289,2.09508,20.5775,0.0029944,0.0618916,0.163527,0.163532,0.163166,0.163866,0.000104105,0.000104103,0.000103841,0.000104379,0.000246756,0.000246661,0.00023642,0.000257157,2.94661e-05,2.94677e-05,2.93329e-05,2.95966e-05,-0.0201946,3,0.163826,0.00010405,7,7,7,1,12,7
robustness,alternating,2,4,19,20,8000,0.163498,0.000104092,0.000257282,2.76e-05,3.71061,1.54219,11.0579,0.0254121,0.0148091,0.16353,0.163535,0.163176,0.163862,0.000104107,0.000104106,0.000103844,0.000104381,0.00024693,0.000246755,0.000236755,0.000257412,2.76946e-05,2.76925e-05,2.74689e-05,2.79243e-05,-0.0619059,3,0.163826,0.00010405,7,7,7,1,12,7
robustness,alternating,2,4,20,40,8000,0.163498,0.000104092,0.000257282,2.70408e-05,7.25347,1.8513,21.2454,0.0274377,0.0621512,0.163519,0.163523,0.163164,0.163848,0.000104105,0.000104108,0.000103836,0.000104379,0.000246593,0.000246325,0.00023632,0.000256916,2.70242e-05,2.70242e-05,2.68935e-05,2.71536e-05,0.00465809,3,0.163826,0.00010405,7,7,7,1,12,7
robustness,alternating,2,5,1,20,8000,0.134883,6.06557e-05,0.000305899,6.06557e-05,8.14876,2.37474,2.37474,1.65215,0,0.134503,0.134503,0.133184,0.135795,6.06553e-05,6.06553e-05,6.03802e-05,6.09298e-05,0.000263746,0.00024405,0.000141198,0.000450371,6.06553e-05,6.06553e-05,6.03802e-05,6.09298e-05,-0.223391,17,0.134523,6.06602e-05,13,7,21,0.944392,12,11
robustness,alternating,2,5,2,40,8000,0.134883,6.06557e-05,0.000305899,5.63461e-05,15.1062,1.84059,1.18681,0.141111,0.025589,0.134412,0.13441,0.133543,0.135304,6.06409e-05,6.06381e-05,6.03735e-05,6.09098e-05,0.000284302,0.000282077,0.000219881,0.000356545,5.63725e-05,5.63692e-05,5.62368e-05,5.65115e-05,-0.0170422,6,0.134523,6.06602e-05,11,9,13,0.946089,12,11
robustness,alternating,2,5,3,20,8000,0.134883,6.06557e-05,0.000305899,4.87165e-05,6.5448,1.92885,1.68988,0.109748,0.0378351,0.134341,0.134327,0.133571,0.135125,6.06739e-05,6.06776e-05,6.04017e-05,6.09387e-05,0.000310534,0.000309662,0.000276659,0.000346436,4.87069e-05,4.87074e-05,4.84484e-05,4.89661e-05,-0.102339,5,0.134523,6.06602e-05,10,9,11,0.994004,12,11
robustness,alternating,2,5,4,40,8000,0.134883,6.06557e-05,0.000305899,4.64317e-05,12.4482,1.57084,3.91491,0.174465,0.158504,0.134589,0.134591,0.133895,0.135284,6.06482e-05,6.06478e-05,6.03835e-05,6.0916e-05,0.000300091,0.000299834,0.000272141,0.000329773,4.64358e-05,4.6436e-05,4.63023e-05,4.6569e-05,-0.0408673,6,0.134523,6.06602e-05,11,9,11,0.98767,12,11
robustness,alternating,2,5,5,20,8000,0.134883,6.06557e-05,0.000305899,4.11714e-05,5.53116,1.65182,2.75877,0.0416062,0.0283381,0.134644,0.134644,0.133992,0.13529,6.06479e-05,6.06452e-05,6.03887e-05,6.09184e-05,0.000302169,0.000302109,0.000277927,0.000327197,4.13446e-05,4.13438e-05,4.1093e-05,4.15967e-05,-0.0784315,3,0.134523,6.06602e-05,10,9,11,0.997489,12,11
robustness,alternating,2,5,6,40,8000,0.134883,6.06557e-05,0.000305899,3.96721e-05,10.636,1.40072,5.77493,0.102143,0.152298,0.134875,0.134872,0.134275,0.135482,6.06273e-05,6.06301e-05,6.03534e-05,6.08979e-05,0.00029841,0.00029823,0.000275054,0.000321656,3.96921e-05,3.96923e-05,3.9558e-05,3.98256e-05,-0.0113902,5,0.134523,6.06602e-05,11,10,11,0.986622,12,11
robustness,alternating,2,5,7,20,8000,0.134883,6.06557e-05,0.000305899,3.56677e-05,4.79176,1.45014,3.53848,0.0540051,0.0396268,0.134897,0.134893,0.134333,0.135483,6.06325e-05,6.06314e-05,6.03584e-05,6.09088e-05,0.000302997,0.000303065,0.000281408,0.000324073,3.57333e-05,3.57327e-05,3.54901e-05,3.59795e-05,-0.06746,3,0.134523,6.06602e-05,10,10,11,0.988795,12,11
robustness,alternating,2,5,8,40,8000,0.134883,6.06557e-05,0.000305899,3.40157e-05,9.1195,1.34638,7.3314,0.0492861,0.0291949,0.134896,0.13489,0.134362,0.135453,6.06335e-05,6.06301e-05,6.03642e-05,6.09141e-05,0.000304534,0.000304718,0.000282971,0.000325491,3.39746e-05,3.39741e-05,3.38415e-05,3.41098e-05,-0.0045415,4,0.134523,6.06602e-05,10,10,11,0.993974,12,11
robustness,alternating,2,5,9,20,8000,0.134883,6.06557e-05,0.000305899,3.16337e-05,4.24981,1.29485,4.10997,0.0562994,0.0531689,0.134872,0.13487,0.134342,0.13541,6.06315e-05,6.06287e-05,6.03524e-05,6.09138e-05,0.000300365,0.000300568,0.000279999,0.000320192,3.1537e-05,3.15342e-05,3.12968e-05,3.17838e-05,-0.0353077,3,0.134523,6.06602e-05,11,10,11,1,12,11
robustness,alternating,2,5,10,40,8000,0.134883,6.06557e-05,0.000305899,3.0525e-05,8.18367,1.20343,8.29191,0.0505215,0.0303751,0.134925,0.13493,0.134408,0.135432,6.06267e-05,6.06259e-05,6.035e-05,6.09112e-05,0.000298775,0.000298974,0.000278802,0.000318547,3.06149e-05,3.06162e-05,3.04841e-05,3.07485e-05,-0.0354715,4,0.134523,6.06602e-05,11,11,11,0.995042,12,11
robustness,alternating,2,5,11,20,8000,0.134883,6.06557e-05,0.000305899,2.81773e-05,3.78547,1.17219,4.59963,0.0348449,0.0166814,0.13498,0.134986,0.134469,0.135476,6.06285e-05,6.06254e-05,6.03445e-05,6.09219e-05,0.000301123,0.000301389,0.00028154,0.000320291,2.82272e-05,2.8227e-05,2.79993e-05,2.84566e-05,-0.0287159,3,0.134523,6.06602e-05,11,11,11,0.99333,12,11
robustness,alternating,2,5,12,40,8000,0.134883,6.06557e-05,0.000305899,2.78824e-05,7.47518,1.06553,9.01909,0.167211,0.185546,0.134921,0.134926,0.134417,0.135411,6.06259e-05,6.06242e-05,6.03444e-05,6.09057e-05,0.000297878,0.000298016,0.000278429,0.000317789,2.77357e-05,2.77351e-05,2.76037e-05,2.78658e-05,0.00881386,5,0.134523,6.06602e-05,11,11,11,0.993444,12,11
robustness,alternating,2,5,13,20,8000,0.134883,6.06557e-05,0.000305899,2.58451e-05,3.47215,1.06815,4.93003,0.0132202,0.0241738,0.134895,0.134902,0.134401,0.135378,6.06307e-05,6.06271e-05,6.03539e-05,6.09102e-05,0.00029815,0.000298274,0.000279362,0.000317314,2.59084e-05,2.5909e-05,2.56815e-05,2.61382e-05,-0.0266722,2,0.134523,6.06602e-05,11,11,11,0.993946,12,11
robustness,alternating,2,5,14,40,8000,0.134883,6.06557e-05,0.000305899,2.5327e-05,6.79009,0.995843,9.72224,0.0590531,0.0821415,0.134898,0.134901,0.134422,0.135377,6.0628e-05,6.06254e-05,6.03572e-05,6.09098e-05,0.000297096,0.000297192,0.000278886,0.000315237,2.52768e-05,2.52761e-05,2.5146e-05,2.54094e-05,-0.00486814,3,0.134523,6.06602e-05,11,11,11,0.994653,12,11
robustness,alternating,2,5,15,20,8000,0.134883,6.06557e-05,0.000305899,2.32271e-05,3.12043,0.98852,5.30093,0.0785663,0.0786202,0.134843,0.134845,0.134364,0.135318,6.0632e-05,6.06304e-05,6.03661e-05,6.09084e-05,0.000301816,0.000301475,0.000283971,0.000320806,2.32747e-05,2.3276e-05,2.30511e-05,2.3497e-05,0.0508238,6,0.134523,6.06602e-05,11,11,11,0.9962,12,11
robustness,alternating,2,5,16,40,8000,0.134883,6.06557e-05,0.000305899,2.21553e-05,5.93978,1.10492,10.595,0.128773,0.113119,0.134781,0.134786,0.134311,0.135241,6.06423e-05,6.06442e-05,6.03757e-05,6.09193e-05,0.000304559,0.000303832,0.000285718,0.000324959,2.21565e-05,2.21558e-05,2.20278e-05,2.22862e-05,0.0322126,5,0.134523,6.06602e-05,11,11,11,0.997741,12,11
robustness,alternating,2,5,17,20,8000,0.134883,6.06557e-05,0.000305899,2.14841e-05,2.88627,0.915205,5.54785,0.0723479,0.0730492,0.134783,0.134789,0.134314,0.135246,6.06271e-05,6.06256e-05,6.03619e-05,6.0911e-05,0.000301188,0.000300633,0.000282867,0.000321321,2.13182e-05,2.13192e-05,2.11021e-05,2.15293e-05,-0.0226468,4,0.134523,6.06602e-05,11,11,11,0.996871,12,11
robustness,alternating,2,5,18,40,8000,0.134883,6.06557e-05,0.000305899,2.08666e-05,5.59426,0.967624,10.9496,0.0268237,0.0142303,0.134798,0.134798,0.134343,0.135253,6.06248e-05,6.0622e-05,6.03548e-05,6.09082e-05,0.000300477,0.000299856,0.000282611,0.000319867,2.08577e-05,2.08577e-05,2.07289e-05,2.09874e-05,-0.0234893,3,0.134523,6.06602e-05,11,11,11,0.99619,12,11
robustness,alternating,2,5,19,20,8000,0.134883,6.06557e-05,0.000305899,1.96502e-05,2.6399,0.859448,5.80766,0.0237782,0.0229274,0.1348,0.134799,0.134345,0.13526,6.06225e-05,6.06195e-05,6.03521e-05,6.09067e-05,0.000300091,0.000299601,0.000282608,0.000319022,1.98455e-05,1.9846e-05,1.96321e-05,2.00555e-05,-0.0525473,2,0.134523,6.06602e-05,11,11,11,0.995979,12,11
robustness,alternating,2,5,20,40,8000,0.134883,6.06557e-05,0.000305899,1.90409e-05,5.10481,0.977319,11.452,0.0912388,0.0372741,0.13477,0.134775,0.134308,0.135212,6.06297e-05,6.0631e-05,6.03431e-05,6.09154e-05,0.000301926,0.000301493,0.000284383,0.000320485,1.90754e-05,1.90744e-05,1.89515e-05,1.92044e-05,-0.0150057,4,0.134523,6.06602e-05,11,11,11,0.995736,12,11
robustness,alternating,2,6,1,20,8000,0.352031,3.04858e-05,0.000304466,3.04858e-05,4.11319,5.0532,5.0532,4.42038,0,0.348291,0.348281,0.339937,0.356762,3.04751e-05,3.04728e-05,3.02183e-05,3.07393e-05,0.000252984,0.000243969,0.000130378,0.000410226,3.04751e-05,3.04728e-05,3.02183e-05,3.07393e-05,-0.492694,18,0.348226,3.04747e-05,23,15,43,0.903743,12,21
robustness,alternating,2,6,2,40,8000,0.352031,3.04858e-05,0.000304466,2.95569e-05,7.94984,8.34798,0.257737,0.0431123,0.0579885,0.348738,0.348729,0.345334,0.352176,3.04652e-05,3.0462e-05,3.02475e-05,3.06931e-05,0.000240611,0.00023658,0.000148274,0.000348025,2.95681e-05,2.95675e-05,2.94355e-05,2.97012e-05,-0.306432,5,0.348226,3.04747e-05,24,17,38,0.910072,12,21
robustness,alternating,2,6,3,20,8000,0.352031,3.04858e-05,0.000304466,2.745e-05,3.70359,4.1413,0.485535,0.0708524,0.00388351,0.348661,0.348661,0.34546,0.351869,3.04853e-05,3.0484e-05,3.02675e-05,3.07121e-05,0.000265747,0.000265173,0.00020208,0.000328482,2.764e-05,2.76426e-05,2.74127e-05,2.78624e-05,-0.178929,3,0.348226,3.04747e-05,21,17,28,0.94519,12,21
robustness,alternating,2,6,4,40,8000,0.352031,3.04858e-05,0.000304466,2.66124e-05,7.15785,6.77874,1.11508,0.0611965,0.0228318,0.350673,0.350685,0.348154,0.353177,3.04659e-05,3.04614e-05,3.02464e-05,3.07e-05,0.000282298,0.000281914,0.000225092,0.000340157,2.6525e-05,2.65235e-05,2.63978e-05,2.66541e-05,-0.222308,6,0.348226,3.04747e-05,20,17,25,0.941619,12,21
robustness,alternating,2,6,5,20,8000,0.352031,3.04858e-05,0.000304466,2.53816e-05,3.42451,3.5006,0.823337,0.0717662,0.0758178,0.350703,0.350734,0.348234,0.353117,3.04476e-05,3.04433e-05,3.02399e-05,3.06696e-05,0.000262878,0.000262264,0.000216175,0.000311554,2.52526e-05,2.5251e-05,2.50437e-05,2.5463e-05,-0.161533,3,0.348226,3.04747e-05,22,19,26,0.911985,12,21
robustness,alternating,2,6,6,40,8000,0.352031,3.04858e-05,0.000304466,2.48196e-05,6.67566,5.58975,1.63832,0.0722149,0.0648328,0.350834,0.350856,0.348651,0.353036,3.04385e-05,3.04332e-05,3.02254e-05,3.06671e-05,0.00025344,0.000252723,0.000211514,0.000297915,2.48298e-05,2.483e-05,2.47049e-05,2.49562e-05,-0.177428,4,0.348226,3.04747e-05,23,19,27,0.955155,12,21
robustness,alternating,2,6,7,20,8000,0.352031,3.04858e-05,0.000304466,2.3496e-05,3.17011,3.04374,1.13134,0.0140466,0.0251347,0.351233,0.35125,0.34905,0.353397,3.0432e-05,3.04267e-05,3.02234e-05,3.06617e-05,0.000252472,0.000251971,0.00021313,0.000292177,2.36017e-05,2.36024e-05,2.33979e-05,2.38045e-05,-0.128062,2,0.348226,3.04747e-05,23,20,27,0.934905,12,21
robustness,alternating,2,6,8,40,8000,0.352031,3.04858e-05,0.000304466,2.29912e-05,6.18387,4.77674,2.17209,0.0138507,0.0489928,0.351583,0.351593,0.349617,0.353565,3.04291e-05,3.0426e-05,3.02125e-05,3.06522e-05,0.000254803,0.000254064,0.000216292,0.000294363,2.29562e-05,2.29551e-05,2.28352e-05,2.3081e-05,-0.140039,4,0.348226,3.04747e-05,23,20,26,0.912235,12,21
robustness,alternating,2,6,9,20,8000,0.352031,3.04858e-05,0.000304466,2.20374e-05,2.97331,2.69677,1.36963,0.0241753,0.0517565,0.35145,0.351452,0.349522,0.353402,3.04282e-05,3.04247e-05,3.02111e-05,3.06509e-05,0.000253402,0.000252914,0.000217464,0.000290593,2.19229e-05,2.19235e-05,2.1723e-05,2.21188e-05,-0.115315,2,0.348226,3.04747e-05,23,20,26,0.934848,12,21
robustness,alternating,2,6,10,40,8000,0.352031,3.04858e-05,0.000304466,2.13398e-05,5.7397,4.17647,2.65423,0.0261594,0.0307659,0.351527,0.351535,0.349771,0.353288,3.04315e-05,3.04311e-05,3.02172e-05,3.06536e-05,0.000256573,0.000256113,0.000221743,0.000292658,2.12821e-05,2.12828e-05,2.11578e-05,2.14049e-05,-0.15287,3,0.348226,3.04747e-05,22,20,25,0.930759,12,21
robustness,alternating,2,6,11,20,8000,0.352031,3.04858e-05,0.000304466,2.03907e-05,2.75113,2.43082,1.63864,0.00639358,0.0241364,0.351822,0.351831,0.350075,0.353517,3.04327e-05,3.04294e-05,3.02232e-05,3.06564e-05,0.000258788,0.000258298,0.000225648,0.000293828,2.0288e-05,2.0287e-05,2.00941e-05,2.04846e-05,-0.0810726,3,0.348226,3.04747e-05,22,20,25,0.942912,12,21
robustness,alternating,2,6,12,40,8000,0.352031,3.04858e-05,0.000304466,1.99182e-05,5.35733,3.70848,3.06929,0.0167768,0.0102376,0.351394,0.351392,0.349702,0.353091,3.0436e-05,3.04327e-05,3.02243e-05,3.06538e-05,0.000257496,0.000257184,0.000225205,0.000291096,1.9936e-05,1.99359e-05,1.98138e-05,2.00572e-05,-0.117217,3,0.348226,3.04747e-05,22,20,25,0.962771,12,21
robustness,alternating,2,6,13,20,8000,0.352031,3.04858e-05,0.000304466,1.87314e-05,2.52726,2.21629,1.90972,0.0628103,0.0375049,0.351553,0.351567,0.349858,0.353179,3.04454e-05,3.04429e-05,3.02382e-05,3.06595e-05,0.000266337,0.000265634,0.000234966,0.000299664,1.88201e-05,1.88184e-05,1.86338e-05,1.90096e-05,-0.0441909,4,0.348226,3.04747e-05,21,19,23,0.953658,12,21
robustness,alternating,2,6,14,40,8000,0.352031,3.04858e-05,0.000304466,1.83191e-05,4.92724,3.37926,3.53618,0.0346445,0.00481677,0.351551,0.351562,0.349921,0.353094,3.04476e-05,3.04444e-05,3.02398e-05,3.06657e-05,0.000268293,0.000267638,0.000238144,0.000301616,1.8358e-05,1.83581e-05,1.82375e-05,1.84788e-05,-0.09083,3,0.348226,3.04747e-05,21,19,23,0.973309,12,21
robustness,alternating,2,6,15,20,8000,0.352031,3.04858e-05,0.000304466,1.73556e-05,2.34164,2.03686,2.13448,0.0453802,0.0248714,0.351644,0.35168,0.350097,0.353144,3.0454e-05,3.0449e-05,3.02441e-05,3.06749e-05,0.000275285,0.000274418,0.000244861,0.000308929,1.73828e-05,1.73825e-05,1.72034e-05,1.75645e-05,-0.0286856,3,0.348226,3.04747e-05,21,19,22,0.952693,12,21
robustness,alternating,2,6,16,40,8000,0.352031,3.04858e-05,0.000304466,1.69766e-05,4.56613,3.10221,3.92818,0.0205225,0.00310477,0.351449,0.351453,0.34999,0.352878,3.04526e-05,3.04489e-05,3.02439e-05,3.06737e-05,0.000278314,0.00027728,0.00024793,0.000311787,1.68853e-05,1.68844e-05,1.6766e-05,1.70046e-05,-0.0914244,4,0.348226,3.04747e-05,20,19,21,0.955331,12,21
robustness,alternating,2,6,17,20,8000,0.352031,3.04858e-05,0.000304466,1.63577e-05,2.207,1.88416,2.2975,0.0179669,0.0129128,0.351448,0.351463,0.349986,0.352835,3.04508e-05,3.04487e-05,3.02433e-05,3.06676e-05,0.000275858,0.000274993,0.000245752,0.00030841,1.63442e-05,1.63428e-05,1.61634e-05,1.65278e-05,-0.04866,2,0.348226,3.04747e-05,20,19,22,0.98495,12,21
robustness,alternating,2,6,18,40,8000,0.352031,3.04858e-05,0.000304466,1.60782e-05,4.32451,2.83623,4.19047,0.0105793,0.0140101,0.351207,0.35121,0.349769,0.352623,3.045e-05,3.04497e-05,3.02432e-05,3.0658e-05,0.000274659,0.000273881,0.000244366,0.000306777,1.6115e-05,1.61161e-05,1.59956e-05,1.6235e-05,-0.0680622,3,0.348226,3.04747e-05,21,20,22,0.943555,12,21
robustness,alternating,2,6,19,20,8000,0.352031,3.04858e-05,0.000304466,1.55921e-05,2.1037,1.75424,2.42258,0.00854412,0.0229584,0.351155,0.351161,0.349697,0.352588,3.04514e-05,3.04514e-05,3.02457e-05,3.06632e-05,0.000276248,0.000275444,0.00024606,0.000308377,1.54856e-05,1.54862e-05,1.53052e-05,1.5666e-05,-0.0461068,2,0.348226,3.04747e-05,20,20,21,0.96078,12,21
robustness,alternating,2,6,20,40,8000,0.352031,3.04858e-05,0.000304466,1.53971e-05,4.14131,2.59903,4.38936,0.0537465,0.0299756,0.351318,0.351326,0.349885,0.352695,3.04475e-05,3.04491e-05,3.02421e-05,3.06579e-05,0.000273148,0.00027257,0.000244262,0.00030399,1.5364e-05,1.53638e-05,1.52458e-05,1.54794e-05,-0.0761938,3,0.348226,3.04747e-05,21,20,21,0.978401,12,21
robustness,alternating,2,7,1,20,8000,0.372478,5.62212e-05,0.000164505,5.62212e-05,7.58784,5.47126,5.47126,2.71653,0,0.366817,0.366828,0.362028,0.371685,5.61844e-05,5.61862e-05,5.59298e-05,5.64344e-05,0.000275987,0.000261514,0.000135317,0.000470516,5.61844e-05,5.61862e-05,5.59298e-05,5.64344e-05,-0.460493,16,0.366942,5.61735e-05,13,7,23,0.945737,12,19
robustness,alternating,2,7,2,40,8000,0.372478,5.62212e-05,0.000164505,5.46488e-05,14.7022,6.91157,0.424863,0.596813,0.147076,0.370557,0.370571,0.368771,0.37237,5.61217e-05,5.6123e-05,5.58989e-05,5.63469e-05,0.000149835,0.000146826,0.00010366,0.000207095,5.47101e-05,5.47103e-05,5.45799e-05,5.48406e-05,-0.287867,9,0.366942,5.61735e-05,21,15,30,0.936763,12,19
robustness,alternating,2,7,3,20,8000,0.372478,5.62212e-05,0.000164505,4.97718e-05,6.7174,4.80765,1.0335,0.22788,0.169736,0.371127,0.371161,0.369293,0.372908,5.61396e-05,5.61484e-05,5.5881e-05,5.63622e-05,0.000201123,0.000200879,0.000166475,0.000237709,4.95778e-05,4.9578e-05,4.93515e-05,4.98071e-05,-0.224372,7,0.366942,5.61735e-05,16,14,19,0.922681,12,19
robustness,alternating,2,7,4,40,8000,0.372478,5.62212e-05,0.000164505,4.85905e-05,13.0724,6.09434,2.19837,0.296564,0.131329,0.371247,0.371247,0.369828,0.372647,5.61108e-05,5.61151e-05,5.58534e-05,5.63495e-05,0.000182942,0.0001817,0.00015423,0.000215842,4.86564e-05,4.86566e-05,4.85264e-05,4.87854e-05,-0.223708,7,0.366942,5.61735e-05,17,15,21,0.968669,12,19
robustness,alternating,2,7,5,20,8000,0.372478,5.62212e-05,0.000164505,4.52925e-05,6.11286,4.36943,1.77179,0.0125092,0.0402142,0.371517,0.371531,0.370162,0.372843,5.6089e-05,5.60955e-05,5.58356e-05,5.63245e-05,0.000177819,0.000177243,0.000155094,0.000202479,4.54896e-05,4.54895e-05,4.52717e-05,4.57113e-05,-0.132068,4,0.366942,5.61735e-05,18,16,21,0.957225,12,19
robustness,alternating,2,7,6,40,8000,0.372478,5.62212e-05,0.000164505,4.38598e-05,11.7996,5.50782,3.5901,0.0441819,0.024472,0.371654,0.371659,0.370442,0.37282,5.60838e-05,5.60896e-05,5.58266e-05,5.63246e-05,0.000178213,0.000177743,0.000156218,0.000201914,4.39491e-05,4.39485e-05,4.38228e-05,4.40761e-05,-0.1774,4,0.366942,5.61735e-05,18,16,21,0.969746,12,19
robustness,alternating,2,7,7,20,8000,0.372478,5.62212e-05,0.000164505,4.19027e-05,5.65536,4.05735,2.33068,0.111014,0.0889195,0.371613,0.371619,0.370411,0.372764,5.60785e-05,5.60841e-05,5.58213e-05,5.63133e-05,0.00017093,0.000170711,0.000152215,0.000190892,4.17984e-05,4.17986e-05,4.15797e-05,4.20149e-05,-0.111532,4,0.366942,5.61735e-05,19,17,21,0.964789,12,19
robustness,alternating,2,7,8,40,8000,0.372478,5.62212e-05,0.000164505,4.11461e-05,11.0696,5.23748,4.38867,0.163271,0.117715,0.372277,0.372278,0.371217,0.373328,5.60504e-05,5.6054e-05,5.57979e-05,5.62912e-05,0.000167008,0.000166632,0.000150325,0.00018557,4.1227e-05,4.12264e-05,4.11041e-05,4.13556e-05,-0.158682,7,0.366942,5.61735e-05,19,17,21,0.954084,12,19
robustness,alternating,2,7,9,20,8000,0.372478,5.62212e-05,0.000164505,3.88604e-05,5.24476,3.7831,2.83233,0.020449,0.014001,0.372372,0.372375,0.371342,0.373397,5.60463e-05,5.6049e-05,5.57952e-05,5.62902e-05,0.000166665,0.000166476,0.000151042,0.000183368,3.90195e-05,3.90207e-05,3.88054e-05,3.92307e-05,-0.086852,3,0.366942,5.61735e-05,19,18,21,0.915599,12,19
robustness,alternating,2,7,10,40,8000,0.372478,5.62212e-05,0.000164505,3.65995e-05,9.84639,4.64705,5.72683,0.411709,0.372472,0.372312,0.37231,0.371414,0.373202,5.6078e-05,5.6083e-05,5.58449e-05,5.62849e-05,0.000171955,0.000172068,0.000154207,0.000188732,3.66545e-05,3.66546e-05,3.65288e-05,3.67796e-05,-0.0424164,10,0.366942,5.61735e-05,18,17,20,0.957832,12,19
robustness,alternating,2,7,11,20,8000,0.372478,5.62212e-05,0.000164505,3.52781e-05,4.76128,3.43717,3.42305,0.0745007,0.0701176,0.372386,0.372378,0.371468,0.373324,5.60727e-05,5.60825e-05,5.58289e-05,5.62839e-05,0.000168541,0.000168539,0.00015231,0.000184949,3.52483e-05,3.52465e-05,3.50351e-05,3.54608e-05,-0.060157,4,0.366942,5.61735e-05,19,17,21,0.994756,12,19
robustness,alternating,2,7,12,40,8000,0.372478,5.62212e-05,0.000164505,3.44711e-05,9.27378,4.43822,6.3533,0.0169907,0.00426774,0.372386,0.372385,0.371497,0.373272,5.60763e-05,5.60834e-05,5.58396e-05,5.6292e-05,0.000168869,0.000168761,0.000152955,0.000185191,3.43546e-05,3.43559e-05,3.42315e-05,3.44769e-05,-0.108463,4,0.366942,5.61735e-05,19,17,20,0.955873,12,19
robustness,alternating,2,7,13,20,8000,0.372478,5.62212e-05,0.000164505,3.30597e-05,4.46188,3.23765,3.78886,0.0465314,0.0231193,0.372389,0.372398,0.371509,0.373263,5.60732e-05,5.6083e-05,5.58353e-05,5.62838e-05,0.000167143,0.000167125,0.000151846,0.000182551,3.30125e-05,3.30109e-05,3.28046e-05,3.32236e-05,-0.0641133,3,0.366942,5.61735e-05,19,18,21,0.949436,12,19
robustness,alternating,2,7,14,40,8000,0.372478,5.62212e-05,0.000164505,3.22295e-05,8.67072,4.19037,7.01311,0.0150099,0.0318796,0.372598,0.372609,0.371754,0.373438,5.60633e-05,5.60665e-05,5.58337e-05,5.62791e-05,0.000167603,0.000167681,0.000152283,0.000183373,3.223e-05,3.22299e-05,3.21086e-05,3.23538e-05,-0.0950255,4,0.366942,5.61735e-05,19,18,20,0.927245,12,19
robustness,alternating,2,7,15,20,8000,0.372478,5.62212e-05,0.000164505,3.08456e-05,4.16305,3.03034,4.15398,0.00153408,0.0042091,0.372573,0.372582,0.37171,0.373417,5.60647e-05,5.60676e-05,5.58352e-05,5.62774e-05,0.000167552,0.000167612,0.000152699,0.000182796,3.08705e-05,3.08724e-05,3.06605e-05,3.1077e-05,-0.0664801,2,0.366942,5.61735e-05,19,18,20,0.95618,12,19
robustness,alternating,2,7,16,40,8000,0.372478,5.62212e-05,0.000164505,3.07589e-05,8.27508,4.07095,7.44598,0.155729,0.159612,0.372423,0.372429,0.371574,0.373253,5.60635e-05,5.60668e-05,5.584e-05,5.62756e-05,0.000165371,0.000165151,0.00015096,0.0001802,3.07825e-05,3.07835e-05,3.06588e-05,3.0905e-05,-0.0895956,6,0.366942,5.61735e-05,19,19,21,0.98055,12,19
robustness,alternating,2,7,17,20,8000,0.372478,5.62212e-05,0.000164505,2.97955e-05,4.02132,2.95778,4.32716,0.0429304,0.045355,0.372373,0.372374,0.371522,0.373221,5.60642e-05,5.6068e-05,5.58439e-05,5.62729e-05,0.000164161,0.000163987,0.000150037,0.000178897,2.97139e-05,2.97152e-05,2.95054e-05,2.99197e-05,-0.0418937,3,0.366942,5.61735e-05,19,19,21,0.996771,12,19
robustness,alternating,2,7,18,40,8000,0.372478,5.62212e-05,0.000164505,2.91879e-05,7.85244,3.91308,7.90841,0.01848,0.00604398,0.37246,0.372471,0.371635,0.373265,5.60614e-05,5.60649e-05,5.5843e-05,5.62746e-05,0.000163655,0.000163352,0.000149648,0.000178251,2.93351e-05,2.9335e-05,2.92098e-05,2.94588e-05,-0.0869734,4,0.366942,5.61735e-05,20,19,21,0.997787,12,19
robustness,alternating,2,7,19,20,8000,0.372478,5.62212e-05,0.000164505,2.76777e-05,3.7355,2.74607,4.67639,0.088963,0.0649573,0.372414,0.372417,0.371599,0.373218,5.60708e-05,5.60715e-05,5.58569e-05,5.62812e-05,0.000166599,0.000166339,0.000151956,0.000181796,2.77342e-05,2.77345e-05,2.75349e-05,2.79376e-05,-0.0440345,4,0.366942,5.61735e-05,19,19,19,0.984456,12,19
robustness,alternating,2,7,20,40,8000,0.372478,5.62212e-05,0.000164505,2.74876e-05,7.39501,3.70669,8.40889,0.0786848,0.0932714,0.372282,0.372282,0.371482,0.373104,5.60793e-05,5.60842e-05,5.58644e-05,5.62827e-05,0.000165172,0.000164762,0.000150866,0.000180556,2.75221e-05,2.75225e-05,2.73983e-05,2.76461e-05,-0.117069,5,0.366942,5.61735e-05,19,19,19,0.972498,12,19
robustness,alternating,2,8,1,20,8000,0.848178,5.16568e-05,0.000224518,5.16568e-05,7.00821,7.09104,7.09104,3.9858,0,0.850295,0.850312,0.840048,0.860596,5.1333e-05,5.13316e-05,5.11066e-05,5.15633e-05,0.000265037,0.000243459,0.000144432,0.000457731,5.1333e-05,5.13316e-05,5.11066e-05,5.15633e-05,-0.500954,16,0.850438,5.13345e-05,15,8,24,0.928531,12,15
robustness,alternating,2,8,2,40,8000,0.848178,5.16568e-05,0.000224518,4.89999e-05,13.236,10.8481,0.794109,0.132505,0.0947196,0.850994,0.850966,0.84601,0.856082,5.1326e-05,5.13256e-05,5.11164e-05,5.15296e-05,0.000222772,0.000220989,0.000161474,0.000290657,4.89781e-05,4.89791e-05,4.88585e-05,4.90966e-05,-0.401144,7,0.850438,5.13345e-05,16,12,21,0.939956,12,15
robustness,alternating,2,8,3,20,8000,0.848178,5.16568e-05,0.000224518,4.45458e-05,6.04347,6.08082,1.29168,0.0609887,0.0505792,0.848836,0.848852,0.844165,0.853435,5.13504e-05,5.1349e-05,5.11579e-05,5.15449e-05,0.000229766,0.000228674,0.0001945,0.000268235,4.46428e-05,4.46456e-05,4.44439e-05,4.48407e-05,-0.234843,5,0.850438,5.13345e-05,15,13,18,0.965555,12,15
robustness,alternating,2,8,4,40,8000,0.848178,5.16568e-05,0.000224518,4.27851e-05,11.5572,9.37938,2.88779,0.014261,0.00392776,0.848144,0.848116,0.844365,0.852002,5.13555e-05,5.13554e-05,5.11638e-05,5.15542e-05,0.000227501,0.000226443,0.000196667,0.000262716,4.29035e-05,4.29037e-05,4.27904e-05,4.30184e-05,-0.293393,4,0.850438,5.13345e-05,15,13,17,0.949743,12,15
robustness,alternating,2,8,5,20,8000,0.848178,5.16568e-05,0.000224518,3.94939e-05,5.35808,5.3666,2.2495,0.0258713,0.0153239,0.848033,0.847989,0.844519,0.851685,5.13542e-05,5.13537e-05,5.11605e-05,5.15509e-05,0.000224919,0.000224306,0.000198933,0.000253044,3.97173e-05,3.97166e-05,3.95286e-05,3.99094e-05,-0.162202,4,0.850438,5.13345e-05,15,14,17,0.938526,12,15
robustness,alternating,2,8,6,40,8000,0.848178,5.16568e-05,0.000224518,3.83978e-05,10.3721,8.34539,4.36586,0.0310363,0.101169,0.848191,0.84824,0.844902,0.851472,5.1353e-05,5.13541e-05,5.11574e-05,5.15415e-05,0.000224008,0.000223482,0.000199112,0.000251129,3.83977e-05,3.83969e-05,3.8285e-05,3.85103e-05,-0.210785,4,0.850438,5.13345e-05,15,14,17,0.951039,12,15
robustness,alternating,2,8,7,20,8000,0.848178,5.16568e-05,0.000224518,3.61693e-05,4.90704,4.89134,2.87983,0.0684094,0.0696719,0.847856,0.847853,0.844702,0.850998,5.13536e-05,5.13539e-05,5.11587e-05,5.15455e-05,0.000218923,0.000218593,0.000196677,0.000242547,3.61035e-05,3.61048e-05,3.59142e-05,3.62932e-05,-0.155939,4,0.850438,5.13345e-05,16,15,17,0.934975,12,15
robustness,alternating,2,8,8,40,8000,0.848178,5.16568e-05,0.000224518,3.48671e-05,9.41837,7.53746,5.55535,0.0325021,0.0435481,0.84885,0.848863,0.845874,0.851878,5.13451e-05,5.13442e-05,5.11498e-05,5.15389e-05,0.000220173,0.000219512,0.000198241,0.000243564,3.47973e-05,3.47972e-05,3.46855e-05,3.49093e-05,-0.208837,4,0.850438,5.13345e-05,16,15,17,0.949236,12,15
robustness,alternating,2,8,9,20,8000,0.848178,5.16568e-05,0.000224518,3.25121e-05,4.41087,4.39413,3.57323,0.0362821,0.0393775,0.849447,0.849475,0.846446,0.852392,5.13378e-05,5.13393e-05,5.11372e-05,5.15332e-05,0.000221998,0.000221833,0.000200464,0.000244263,3.25667e-05,3.25667e-05,3.23804e-05,3.27532e-05,-0.135955,3,0.850438,5.13345e-05,15,15,17,0.965898,12,15
robustness,alternating,2,8,10,40,8000,0.848178,5.16568e-05,0.000224518,3.14745e-05,8.50197,6.79619,6.69831,0.0543926,0.0297261,0.849118,0.849139,0.84627,0.851998,5.13454e-05,5.13458e-05,5.11476e-05,5.15418e-05,0.000223107,0.000223057,0.000202388,0.000244377,3.14893e-05,3.14893e-05,3.1379e-05,3.16014e-05,-0.15167,4,0.850438,5.13345e-05,15,15,17,0.973428,12,15
robustness,alternating,2,8,11,20,8000,0.848178,5.16568e-05,0.000224518,2.95371e-05,4.00726,3.99026,4.13727,0.0401293,0.034556,0.849061,0.849072,0.846241,0.85189,5.1347e-05,5.13465e-05,5.11487e-05,5.15375e-05,0.000223452,0.000223375,0.000204018,0.000244262,2.97089e-05,2.97081e-05,2.95239e-05,2.98923e-05,-0.0781986,3,0.850438,5.13345e-05,15,15,17,0.989588,12,15
robustness,alternating,2,8,12,40,8000,0.848178,5.16568e-05,0.000224518,2.89384e-05,7.81689,6.23537,7.55274,0.0072254,0.0626117,0.848365,0.848381,0.845678,0.851012,5.13532e-05,5.13526e-05,5.11615e-05,5.15421e-05,0.000222624,0.000222462,0.000203815,0.000242439,2.89892e-05,2.89885e-05,2.88787e-05,2.90993e-05,-0.15093,4,0.850438,5.13345e-05,15,15,17,0.997537,12,15
robustness,alternating,2,8,13,20,8000,0.848178,5.16568e-05,0.000224518,2.74304e-05,3.72144,3.7012,4.5367,0.01537,0.00396001,0.848228,0.848253,0.84562,0.850813,5.13538e-05,5.13542e-05,5.11635e-05,5.15452e-05,0.000222614,0.000222409,0.000204274,0.000241993,2.75055e-05,2.75049e-05,2.73278e-05,2.76841e-05,-0.093981,2,0.850438,5.13345e-05,15,15,17,0.999609,12,15
robustness,alternating,2,8,14,40,8000,0.848178,5.16568e-05,0.000224518,2.66833e-05,7.20775,5.7435,8.31248,0.0494334,0.0235137,0.8484,0.848445,0.845891,0.850817,5.13525e-05,5.13527e-05,5.11652e-05,5.15393e-05,0.000223981,0.000223587,0.000205356,0.000243795,2.6626e-05,2.66256e-05,2.65174e-05,2.67344e-05,-0.12216,5,0.850438,5.13345e-05,15,15,16,0.992616,12,15
robustness,alternating,2,8,15,20,8000,0.848178,5.16568e-05,0.000224518,2.53699e-05,3.4419,3.42209,4.92737,0.000837479,0.00881304,0.848269,0.848292,0.845783,0.850705,5.13547e-05,5.13558e-05,5.11651e-05,5.15395e-05,0.000224521,0.000224231,0.00020615,0.000243825,2.53148e-05,2.53156e-05,2.51335e-05,2.54923e-05,-0.0839345,2,0.850438,5.13345e-05,15,15,15,0.998613,12,15
robustness,alternating,2,8,16,40,8000,0.848178,5.16568e-05,0.000224518,2.45911e-05,6.64261,5.29315,9.01733,0.0510049,0.0669839,0.848329,0.848352,0.845865,0.850772,5.13567e-05,5.13563e-05,5.1172e-05,5.15345e-05,0.000225446,0.000225112,0.000206696,0.000245025,2.45949e-05,2.45942e-05,2.44851e-05,2.47031e-05,-0.123811,4,0.850438,5.13345e-05,15,15,15,0.999659,12,15
robustness,alternating,2,8,17,20,8000,0.848178,5.16568e-05,0.000224518,2.36013e-05,3.20195,3.18276,5.26269,0.0167808,0.0167307,0.848368,0.84838,0.845916,0.850766,5.13563e-05,5.13566e-05,5.11701e-05,5.15349e-05,0.000225737,0.000225333,0.000207135,0.000245039,2.34797e-05,2.34792e-05,2.3306e-05,2.36584e-05,-0.0755262,2,0.850438,5.13345e-05,15,15,15,0.999494,12,15
robustness,alternating,2,8,18,40,8000,0.848178,5.16568e-05,0.000224518,2.27455e-05,6.14405,4.89748,9.63914,0.0798615,0.119108,0.848514,0.848508,0.846111,0.850932,5.13536e-05,5.13524e-05,5.11722e-05,5.15332e-05,0.000227042,0.000226793,0.00020843,0.000245999,2.27694e-05,2.27696e-05,2.26607e-05,2.28769e-05,-0.0883923,4,0.850438,5.13345e-05,15,15,15,0.999855,12,15
robustness,alternating,2,8,19,20,8000,0.848178,5.16568e-05,0.000224518,2.21234e-05,3.00146,2.98262,5.54289,0.0552046,0.0572313,0.848489,0.848456,0.846119,0.85092,5.13503e-05,5.13493e-05,5.11668e-05,5.15336e-05,0.000224423,0.000224104,0.000206377,0.000243484,2.20953e-05,2.20946e-05,2.19197e-05,2.22706e-05,-0.064663,4,0.850438,5.13345e-05,15,15,15,1,12,15
robustness,alternating,2,8,20,40,8000,0.848178,5.16568e-05,0.000224518,2.1338e-05,5.76386,4.59102,10.1133,0.106121,0.115835,0.848557,0.848539,0.846262,0.850901,5.13473e-05,5.13467e-05,5.11603e-05,5.15326e-05,0.000225847,0.000225601,0.000207662,0.000244802,2.14145e-05,2.14145e-05,2.13092e-05,2.15209e-05,-0.113754,4,0.850438,5.13345e-05,15,15,15,1,12,15
robustness,alternating,2,9,1,20,8000,0.319433,6.36999e-05,0.000224183,6.36999e-05,8.59002,5.65468,5.65468,2.87847,0,0.324157,0.324151,0.32076,0.327664,6.35525e-05,6.35529e-05,6.32918e-05,6.3816e-05,0.000271899,0.000250003,0.000149577,0.000472894,6.35525e-05,6.35529e-05,6.32918e-05,6.3816e-05,-0.471978,16,0.324033,6.35573e-05,11,7,19,0.928995,12,13
robustness,alternating,2,9,2,40,8000,0.319433,6.36999e-05,0.000224183,6.11162e-05,16.4317,6.63318,0.742841,0.509982,0.289704,0.321138,0.321143,0.31963,0.322627,6.36964e-05,6.37025e-05,6.34475e-05,6.39348e-05,0.000183237,0.000182083,0.000133315,0.000234946,6.1103e-05,6.11036e-05,6.09716e-05,6.12367e-05,-0.258901,9,0.324033,6.35573e-05,15,12,21,0.943447,12,13
robustness,alternating,2,9,3,20,8000,0.319433,6.36999e-05,0.000224183,5.42189e-05,7.31149,4.81923,1.5279,0.262335,0.0741092,0.321179,0.321194,0.319778,0.322509,6.37211e-05,6.37295e-05,6.3478e-05,6.39509e-05,0.000230845,0.000230151,0.000201358,0.000264171,5.39618e-05,5.3962e-05,5.37271e-05,5.41951e-05,-0.171735,7,0.324033,6.35573e-05,13,11,14,0.955589,12,13
robustness,alternating,2,9,4,40,8000,0.319433,6.36999e-05,0.000224183,5.16543e-05,13.8878,5.60218,3.46528,0.0977791,0.0133319,0.319897,0.319889,0.318739,0.321094,6.379e-05,6.38034e-05,6.35501e-05,6.39971e-05,0.000228097,0.000227362,0.000205305,0.000252814,5.16998e-05,5.17001e-05,5.15703e-05,5.18306e-05,-0.139833,6,0.324033,6.35573e-05,13,11,14,0.967564,12,13
robustness,alternating,2,9,5,20,8000,0.319433,6.36999e-05,0.000224183,4.6853e-05,6.31819,4.16553,2.71111,0.0220477,0.0264533,0.319699,0.319687,0.318579,0.320844,6.38006e-05,6.38117e-05,6.35659e-05,6.40079e-05,0.000227406,0.000226949,0.000207767,0.000247946,4.70165e-05,4.7017e-05,4.67898e-05,4.72394e-05,-0.132696,4,0.324033,6.35573e-05,13,12,14,0.946352,12,13
robustness,alternating,2,9,6,40,8000,0.319433,6.36999e-05,0.000224183,4.4851e-05,12.0586,4.86438,5.42654,0.0506123,0.0132312,0.319481,0.319457,0.318497,0.320501,6.38088e-05,6.38154e-05,6.35842e-05,6.40179e-05,0.000228702,0.000228287,0.000209369,0.000249372,4.48454e-05,4.48465e-05,4.47159e-05,4.49743e-05,-0.12794,4,0.324033,6.35573e-05,13,12,14,0.958336,12,13
robustness,alternating,2,9,7,20,8000,0.319433,6.36999e-05,0.000224183,4.19339e-05,5.65484,3.7363,3.50144,0.107283,0.0964048,0.319666,0.319672,0.318662,0.320669,6.38009e-05,6.38057e-05,6.35811e-05,6.4014e-05,0.000220938,0.000220612,0.000204867,0.000238322,4.20417e-05,4.20416e-05,4.18159e-05,4.22703e-05,-0.104009,6,0.324033,6.35573e-05,13,12,14,0.968474,12,13
robustness,alternating,2,9,8,40,8000,0.319433,6.36999e-05,0.000224183,4.06538e-05,10.9302,4.44897,6.63669,0.0482891,0.0837356,0.319806,0.319814,0.318884,0.320697,6.37927e-05,6.37947e-05,6.35749e-05,6.40074e-05,0.000220369,0.000220319,0.000204412,0.000236894,4.0624e-05,4.06234e-05,4.04961e-05,4.07537e-05,-0.119553,4,0.324033,6.35573e-05,13,13,14,0.943373,12,13
robustness,alternating,2,9,9,20,8000,0.319433,6.36999e-05,0.000224183,3.74149e-05,5.04544,3.33335,4.22752,0.0599632,0.0543769,0.319797,0.319811,0.318881,0.320694,6.37948e-05,6.37975e-05,6.35732e-05,6.40078e-05,0.000223231,0.000223245,0.000207299,0.000239571,3.74484e-05,3.74505e-05,3.72233e-05,3.76654e-05,-0.0779072,3,0.324033,6.35573e-05,13,12,14,0.9934,12,13
robustness,alternating,2,9,10,40,8000,0.319433,6.36999e-05,0.000224183,3.63204e-05,9.76509,3.96903,7.8862,0.0332085,0.0456312,0.319712,0.319721,0.318861,0.320556,6.38011e-05,6.3804e-05,6.35771e-05,6.40141e-05,0.000222818,0.000222761,0.000207452,0.00023838,3.6272e-05,3.62721e-05,3.61451e-05,3.64004e-05,-0.110321,4,0.324033,6.35573e-05,13,13,14,0.983152,12,13
robustness,alternating,2,9,11,20,8000,0.319433,6.36999e-05,0.000224183,3.38381e-05,4.56311,3.01512,4.80222,0.0226233,0.0253983,0.319814,0.319827,0.318955,0.320634,6.37913e-05,6.37944e-05,6.35645e-05,6.40061e-05,0.000224901,0.000224758,0.00021015,0.000240468,3.3699e-05,3.36994e-05,3.34851e-05,3.39176e-05,-0.0815883,3,0.324033,6.35573e-05,13,13,13,0.977758,12,13
robustness,alternating,2,9,12,40,8000,0.319433,6.36999e-05,0.000224183,3.29458e-05,8.85781,3.6012,8.85924,0.074541,0.0386501,0.31969,0.319709,0.318891,0.320461,6.37965e-05,6.37993e-05,6.35739e-05,6.40138e-05,0.000224292,0.000224139,0.000209813,0.000239996,3.28022e-05,3.28024e-05,3.2673e-05,3.2928e-05,-0.0767349,4,0.324033,6.35573e-05,13,13,13,0.999124,12,13
robustness,alternating,2,9,13,20,8000,0.319433,6.36999e-05,0.000224183,3.0989e-05,4.17891,2.76283,5.26,0.0133489,0.0061976,0.319758,0.31977,0.318969,0.320529,6.37945e-05,6.37945e-05,6.3578e-05,6.40115e-05,0.000223032,0.000222932,0.000208719,0.00023775,3.10867e-05,3.10872e-05,3.08753e-05,3.12976e-05,-0.07838,3,0.324033,6.35573e-05,13,13,13,1,12,13
robustness,alternating,2,9,14,40,8000,0.319433,6.36999e-05,0.000224183,2.96815e-05,7.98018,3.22619,9.80049,0.157738,0.128499,0.319752,0.319748,0.319008,0.320522,6.37943e-05,6.37945e-05,6.35864e-05,6.40072e-05,0.000224889,0.000224798,0.000210776,0.000239725,2.96683e-05,2.96671e-05,2.95439e-05,2.9795e-05,-0.0824889,5,0.324033,6.35573e-05,13,13,13,1,12,13
robustness,alternating,2,9,15,20,8000,0.319433,6.36999e-05,0.000224183,2.80504e-05,3.78263,2.49561,5.73218,0.00982914,0.0111953,0.319762,0.319751,0.319015,0.320536,6.37964e-05,6.37968e-05,6.35875e-05,6.40085e-05,0.000223927,0.000223752,0.000210741,0.000237817,2.82818e-05,2.82802e-05,2.80717e-05,2.84944e-05,-0.0742382,3,0.324033,6.35573e-05,13,13,13,1,12,13
robustness,alternating,2,9,16,40,8000,0.319433,6.36999e-05,0.000224183,2.75311e-05,7.40202,2.99925,10.4206,0.011994,0.0541763,0.31976,0.319753,0.319027,0.320505,6.37971e-05,6.37983e-05,6.35855e-05,6.40055e-05,0.000223855,0.000223605,0.000211061,0.000237255,2.75461e-05,2.75444e-05,2.74236e-05,2.76714e-05,-0.0723351,4,0.324033,6.35573e-05,13,13,13,1,12,13
robustness,alternating,2,9,17,20,8000,0.319433,6.36999e-05,0.000224183,2.60124e-05,3.50781,2.31483,6.05964,0.0312367,0.0277387,0.319795,0.319794,0.319071,0.320523,6.3789e-05,6.37896e-05,6.3577e-05,6.40005e-05,0.000225406,0.000225173,0.000212297,0.000239275,2.59243e-05,2.59267e-05,2.57177e-05,2.61291e-05,-0.0458675,3,0.324033,6.35573e-05,13,13,13,1,12,13
robustness,alternating,2,9,18,40,8000,0.319433,6.36999e-05,0.000224183,2.56327e-05,6.89162,2.79657,10.968,0.0893136,0.0660281,0.319667,0.319665,0.318961,0.320374,6.38011e-05,6.38027e-05,6.35879e-05,6.40138e-05,0.000224132,0.000223927,0.000210821,0.000237882,2.56609e-05,2.56626e-05,2.55353e-05,2.57849e-05,-0.088474,4,0.324033,6.35573e-05,13,13,13,1,12,13
robustness,alternating,2,9,19,20,8000,0.319433,6.36999e-05,0.000224183,2.41519e-05,3.25691,2.1486,6.3586,0.0551567,0.0501416,0.319731,0.319733,0.319044,0.320433,6.37924e-05,6.37908e-05,6.358e-05,6.40094e-05,0.000226157,0.000225834,0.000212869,0.000240214,2.41366e-05,2.41356e-05,2.39375e-05,2.43421e-05,-0.0811425,4,0.324033,6.35573e-05,13,13,13,1,12,13
robustness,alternating,2,9,20,40,8000,0.319433,6.36999e-05,0.000224183,2.39002e-05,6.4258,2.60755,11.4676,0.0841587,0.0788518,0.319684,0.319679,0.319015,0.320368,6.38038e-05,6.38047e-05,6.35907e-05,6.40245e-05,0.000225054,0.000224905,0.000211978,0.00023844,2.38368e-05,2.38368e-05,2.37082e-05,2.3964e-05,-0.0587439,4,0.324033,6.35573e-05,13,13,13,1,12,13
robustness,alternating,2,10,1,20,8000,0.0135469,4.15807e-05,0.000223674,4.15807e-05,5.56728,2.76277,2.76277,4.14482,0,0.0137845,0.0137812,0.0132031,0.0143556,4.17881e-05,4.17872e-05,4.15066e-05,4.20645e-05,0.000263946,0.000249494,0.000150881,0.000426868,4.17881e-05,4.17872e-05,4.15066e-05,4.20645e-05,-0.0399707,15,0.0138342,4.17819e-05,17,11,27,0.904133,12,18
robustness,alternating,2,10,2,40,8000,0.0135469,4.15807e-05,0.000223674,3.92626e-05,10.5232,5.24096,0.684972,0.190569,0.210219,0.0134955,0.0134949,0.0131735,0.0138247,4.17513e-05,4.17538e-05,4.14751e-05,4.2033e-05,0.000320116,0.000318871,0.000228984,0.000413842,3.93116e-05,3.93109e-05,3.91749e-05,3.94489e-05,-0.0712794,7,0.0138342,4.17819e-05,13,11,19,0.946905,12,18
robustness,alternating,2,10,3,20,8000,0.0135469,4.15807e-05,0.000223674,3.60458e-05,4.82621,2.17454,0.780483,0.0765184,0.0688676,0.0135726,0.0135728,0.0132733,0.0138689,4.17199e-05,4.17211e-05,4.14578e-05,4.19846e-05,0.000289743,0.000289558,0.000242346,0.000338214,3.59419e-05,3.59428e-05,3.56769e-05,3.62107e-05,-0.0167046,4,0.0138342,4.17819e-05,15,13,17,0.937397,12,18
robustness,alternating,2,10,4,40,8000,0.0135469,4.15807e-05,0.000223674,3.51513e-05,9.42125,3.99782,1.8006,0.189724,0.0728601,0.0135416,0.0135406,0.0132912,0.0137889,4.16863e-05,4.16884e-05,4.14292e-05,4.19355e-05,0.0002638,0.000264423,0.000216658,0.000307496,3.52286e-05,3.52292e-05,3.5092e-05,3.53638e-05,-0.0269472,6,0.0138342,4.17819e-05,16,14,19,0.941506,12,18
robustness,alternating,2,10,5,20,8000,0.0135469,4.15807e-05,0.000223674,3.29608e-05,4.41316,1.64859,1.19981,0.0398634,0.00136369,0.0135604,0.0135619,0.0133311,0.013789,4.16747e-05,4.16779e-05,4.1414e-05,4.19227e-05,0.00025731,0.000257653,0.000220425,0.000293296,3.28448e-05,3.28451e-05,3.25853e-05,3.31051e-05,-0.0276162,3,0.0138342,4.17819e-05,17,15,19,0.951572,12,18
robustness,alternating,2,10,6,40,8000,0.0135469,4.15807e-05,0.000223674,3.17914e-05,8.52074,3.18457,2.71255,0.015036,0.0531102,0.0135593,0.0135583,0.0133546,0.0137676,4.16763e-05,4.16799e-05,4.14115e-05,4.19264e-05,0.000259176,0.000259241,0.000224871,0.000292915,3.1694e-05,3.16946e-05,3.15598e-05,3.18271e-05,-0.030319,4,0.0138342,4.17819e-05,17,15,19,0.971725,12,18
robustness,alternating,2,10,7,20,8000,0.0135469,4.15807e-05,0.000223674,3.00601e-05,4.02478,1.32549,1.59413,0.0563896,0.007837,0.0135647,0.0135617,0.0133669,0.0137676,4.16682e-05,4.16714e-05,4.1412e-05,4.19224e-05,0.000250358,0.00025044,0.000219295,0.00028126,2.99495e-05,2.99516e-05,2.97009e-05,3.01884e-05,-0.0382178,3,0.0138342,4.17819e-05,17,15,19,0.975741,12,18
robustness,alternating,2,10,8,40,8000,0.0135469,4.15807e-05,0.000223674,2.86754e-05,7.68557,2.69169,3.55835,0.101842,0.15575,0.0135418,0.0135403,0.0133624,0.0137276,4.1672e-05,4.16723e-05,4.14054e-05,4.1926e-05,0.000258275,0.000257753,0.000228113,0.000289196,2.85367e-05,2.85372e-05,2.84015e-05,2.86702e-05,-0.0166996,5,0.0138342,4.17819e-05,17,15,18,0.953211,12,18
robustness,alternating,2,10,9,20,8000,0.0135469,4.15807e-05,0.000223674,2.70612e-05,3.62325,1.15816,2.00182,0.0253774,0.0210239,0.0135754,0.0135748,0.0133921,0.0137592,4.16612e-05,4.16618e-05,4.13935e-05,4.19203e-05,0.00025422,0.000253678,0.000226289,0.000283271,2.7054e-05,2.7055e-05,2.68102e-05,2.72978e-05,-0.0223516,3,0.0138342,4.17819e-05,17,15,19,0.996529,12,18
robustness,alternating,2,10,10,40,8000,0.0135469,4.15807e-05,0.000223674,2.60984e-05,6.9949,2.33005,4.25783,0.0574182,0.0826926,0.0135352,0.0135359,0.0133565,0.0137158,4.16659e-05,4.16655e-05,4.13988e-05,4.19229e-05,0.00025442,0.000253803,0.00022793,0.000283206,2.62507e-05,2.62513e-05,2.6116e-05,2.63845e-05,-0.00718095,3,0.0138342,4.17819e-05,17,15,18,0.963869,12,18
robustness,alternating,2,10,11,20,8000,0.0135469,4.15807e-05,0.000223674,2.48437e-05,3.32635,1.00234,2.30328,0.00230781,0.0058293,0.0135444,0.0135441,0.0133687,0.0137207,4.1669e-05,4.16672e-05,4.14038e-05,4.19263e-05,0.000256316,0.000255851,0.000230418,0.000283784,2.47682e-05,2.47669e-05,2.45347e-05,2.50036e-05,-0.022585,2,0.0138342,4.17819e-05,17,15,18,0.986791,12,18
robustness,alternating,2,10,12,40,8000,0.0135469,4.15807e-05,0.000223674,2.40823e-05,6.45454,2.02409,4.80509,0.0152578,0.0559706,0.0135712,0.0135726,0.013401,0.0137395,4.16653e-05,4.16608e-05,4.14068e-05,4.19259e-05,0.000256176,0.000255612,0.000231399,0.000282959,2.41923e-05,2.41922e-05,2.40587e-05,2.43265e-05,-0.022418,3,0.0138342,4.17819e-05,17,15,18,0.987423,12,18
robustness,alternating,2,10,13,20,8000,0.0135469,4.15807e-05,0.000223674,2.32329e-05,3.11067,0.852482,2.52227,0.0313898,0.0250541,0.0135704,0.0135709,0.0134028,0.0137356,4.16637e-05,4.16605e-05,4.14041e-05,4.19241e-05,0.000255745,0.000255356,0.00023145,0.00028148,2.3012e-05,2.30122e-05,2.27788e-05,2.3241e-05,-0.0102039,2,0.0138342,4.17819e-05,17,16,17,0.920494,12,18
robustness,alternating,2,10,14,40,8000,0.0135469,4.15807e-05,0.000223674,2.29805e-05,6.15924,1.66518,5.10415,0.138811,0.0634075,0.0135556,0.0135565,0.0133887,0.0137186,4.16574e-05,4.16557e-05,4.14021e-05,4.19114e-05,0.000250782,0.000250217,0.000228651,0.000275115,2.29134e-05,2.29142e-05,2.27811e-05,2.30444e-05,-0.00654789,5,0.0138342,4.17819e-05,17,17,18,0.918214,12,18
robustness,alternating,2,10,15,20,8000,0.0135469,4.15807e-05,0.000223674,2.21647e-05,2.96766,0.701867,2.66749,0.0404288,0.0171862,0.0135638,0.013563,0.0133989,0.0137253,4.16529e-05,4.16502e-05,4.13987e-05,4.19114e-05,0.000247054,0.000246131,0.000226203,0.000270358,2.21162e-05,2.21154e-05,2.18851e-05,2.23474e-05,-0.0147245,3,0.0138342,4.17819e-05,17,17,19,0.997433,12,18
robustness,alternating,2,10,16,40,8000,0.0135469,4.15807e-05,0.000223674,2.1642e-05,5.8005,1.45143,5.46747,0.0038258,0.0217696,0.0135203,0.0135181,0.0133576,0.0136855,4.1658e-05,4.16556e-05,4.14094e-05,4.19129e-05,0.000246665,0.000246063,0.000225525,0.000269884,2.16577e-05,2.16575e-05,2.15292e-05,2.17869e-05,-0.0393195,4,0.0138342,4.17819e-05,17,17,18,0.950371,12,18
robustness,alternating,2,10,17,20,8000,0.0135469,4.15807e-05,0.000223674,2.07932e-05,2.78402,0.623121,2.85395,0.00737631,0.00165677,0.013524,0.0135213,0.0133661,0.0136864,4.16557e-05,4.16529e-05,4.14065e-05,4.19128e-05,0.000245537,0.00024505,0.000224967,0.000268034,2.08196e-05,2.08195e-05,2.05954e-05,2.10436e-05,-0.0029721,2,0.0138342,4.17819e-05,17,17,18,0.960195,12,18
robustness,alternating,2,10,18,40,8000,0.0135469,4.15807e-05,0.000223674,2.04343e-05,5.47681,1.28554,5.79529,0.0110829,0.0083663,0.0134947,0.0134927,0.0133464,0.0136527,4.16556e-05,4.16512e-05,4.14137e-05,4.19105e-05,0.000245368,0.00024499,0.000224849,0.000267414,2.03921e-05,2.03919e-05,2.02609e-05,2.05218e-05,-0.0120949,3,0.0138342,4.17819e-05,17,17,18,0.999903,12,18
robustness,alternating,2,10,19,20,8000,0.0135469,4.15807e-05,0.000223674,1.94466e-05,2.60373,0.57155,3.03701,0.0178606,0.0327649,0.0134993,0.0134971,0.0133502,0.0136566,4.1656e-05,4.16514e-05,4.14137e-05,4.19109e-05,0.000245777,0.000245425,0.000225125,0.000267625,1.9535e-05,1.95331e-05,1.93241e-05,1.9754e-05,-0.0172838,1,0.0138342,4.17819e-05,17,17,18,0.999998,12,18
robustness,alternating,2,10,20,40,8000,0.0135469,4.15807e-05,0.000223674,1.89704e-05,5.08444,1.21197,6.19267,0.0510968,0.0367029,0.013533,0.0135296,0.013377,0.0136966,4.16588e-05,4.16543e-05,4.14176e-05,4.19129e-05,0.000248248,0.000247777,0.000227436,0.000270155,1.88378e-05,1.88373e-05,1.87111e-05,1.89667e-05,-0.0269993,5,0.0138342,4.17819e-05,17,17,18,1,12,18
robustness,alternating,2,11,1,20,8000,1.65584,5.43367e-05,0.00021849,5.43367e-05,7.41255,9.02992,9.02992,5.83293,0,1.64229,1.64225,1.62752,1.6572,5.46311e-05,5.463e-05,5.44373e-05,5.48291e-05,0.000267945,0.000250446,0.000144431,0.000452614,5.46311e-05,5.463e-05,5.44373e-05,5.48291e-05,-0.454174,17,1.64253,5.46311e-05,13,8,22,0.910137,12,15
robustness,alternating,2,11,2,40,8000,1.65584,5.43367e-05,0.00021849,5.16817e-05,14.0207,14.5414,1.08647,0.112677,0.0371945,1.64734,1.64734,1.63891,1.65571,5.45993e-05,5.45985e-05,5.44203e-05,5.47793e-05,0.000239214,0.000236852,0.000178717,0.000307697,5.1763e-05,5.17622e-05,5.16578e-05,5.18713e-05,-0.424617,7,1.64253,5.46311e-05,14,11,18,0.939933,12,15
robustness,alternating,2,11,3,20,8000,1.65584,5.43367e-05,0.00021849,4.71768e-05,6.4358,7.81806,1.57116,0.0861339,0.00479906,1.64575,1.64573,1.63819,1.65331,5.46024e-05,5.46048e-05,5.44252e-05,5.47758e-05,0.000224749,0.000223828,0.000193692,0.00025834,4.7185e-05,4.7185e-05,4.70127e-05,4.73588e-05,-0.207558,5,1.64253,5.46311e-05,15,13,17,0.968323,12,15
robustness,alternating,2,11,4,40,8000,1.65584,5.43367e-05,0.00021849,4.50567e-05,12.2234,12.624,3.58721,0.0506483,0.0705673,1.64706,1.64708,1.64073,1.65346,5.45947e-05,5.45944e-05,5.44232e-05,5.4767e-05,0.000224805,0.000224203,0.000195084,0.000256106,4.52084e-05,4.52087e-05,4.51086e-05,4.53089e-05,-0.307505,5,1.64253,5.46311e-05,15,13,17,0.980763,12,15
robustness,alternating,2,11,5,20,8000,1.65584,5.43367e-05,0.00021849,4.11878e-05,5.61879,6.82029,2.84579,0.0879392,0.0867926,1.64642,1.64642,1.6404,1.65246,5.46047e-05,5.46019e-05,5.44376e-05,5.47798e-05,0.000231205,0.000231249,0.000205817,0.000257028,4.12991e-05,4.12993e-05,4.11257e-05,4.14701e-05,-0.175087,4,1.64253,5.46311e-05,14,13,16,0.973972,12,15
robustness,alternating,2,11,6,40,8000,1.65584,5.43367e-05,0.00021849,3.87843e-05,10.5218,10.8793,5.95561,0.34391,0.349704,1.64918,1.64907,1.64355,1.65517,5.46104e-05,5.46121e-05,5.44418e-05,5.47778e-05,0.000238673,0.000238552,0.000214184,0.000262943,3.88703e-05,3.887e-05,3.87704e-05,3.89712e-05,-0.217528,8,1.64253,5.46311e-05,13,13,15,0.963632,12,15
robustness,alternating,2,11,7,20,8000,1.65584,5.43367e-05,0.00021849,3.65491e-05,4.98598,6.0493,3.83311,0.111188,0.0731082,1.65023,1.65013,1.64442,1.65628,5.45998e-05,5.45995e-05,5.44324e-05,5.47696e-05,0.000230015,0.000229713,0.000207844,0.000252579,3.66037e-05,3.66038e-05,3.64363e-05,3.67746e-05,-0.124146,5,1.64253,5.46311e-05,14,13,15,0.96728,12,15
robustness,alternating,2,11,8,40,8000,1.65584,5.43367e-05,0.00021849,3.46998e-05,9.41371,9.71821,7.49792,0.246633,0.258093,1.65037,1.65028,1.64515,1.65573,5.46048e-05,5.46063e-05,5.44381e-05,5.47684e-05,0.000234795,0.000234943,0.000212793,0.000256618,3.47017e-05,3.4702e-05,3.46015e-05,3.48012e-05,-0.21368,6,1.64253,5.46311e-05,13,13,15,0.99082,12,15
robustness,alternating,2,11,9,20,8000,1.65584,5.43367e-05,0.00021849,3.2295e-05,4.40565,5.34816,4.73858,0.0363639,0.070942,1.6506,1.65053,1.64561,1.65572,5.4608e-05,5.46066e-05,5.44429e-05,5.47744e-05,0.000237159,0.000237273,0.00021642,0.000257907,3.22952e-05,3.22947e-05,3.21289e-05,3.24626e-05,-0.10343,4,1.64253,5.46311e-05,13,13,15,0.99559,12,15
robustness,alternating,2,11,10,40,8000,1.65584,5.43367e-05,0.00021849,3.12405e-05,8.47523,8.74483,8.80419,0.0241467,0.0538354,1.65095,1.6509,1.64611,1.65587,5.46104e-05,5.46091e-05,5.44449e-05,5.47791e-05,0.000236972,0.000237179,0.000216273,0.000257596,3.13018e-05,3.13017e-05,3.12055e-05,3.1399e-05,-0.1548,4,1.64253,5.46311e-05,13,13,15,0.999472,12,15
robustness,alternating,2,11,11,20,8000,1.65584,5.43367e-05,0.00021849,2.97074e-05,4.05264,4.91518,5.28936,0.0521144,0.0321508,1.65138,1.65136,1.64666,1.65621,5.46079e-05,5.46066e-05,5.44385e-05,5.47798e-05,0.000233314,0.000233138,0.000214044,0.000252339,2.97855e-05,2.97841e-05,2.96226e-05,2.99513e-05,-0.121277,4,1.64253,5.46311e-05,14,13,15,0.999891,12,15
robustness,alternating,2,11,12,40,8000,1.65584,5.43367e-05,0.00021849,2.93895e-05,7.97306,8.19605,9.50317,0.166679,0.171664,1.65177,1.65178,1.64714,1.65643,5.46048e-05,5.46058e-05,5.44435e-05,5.47672e-05,0.000230951,0.000230706,0.000211998,0.000250101,2.93335e-05,2.93335e-05,2.92371e-05,2.94324e-05,-0.142814,5,1.64253,5.46311e-05,14,13,15,0.999742,12,15
robustness,alternating,2,11,13,20,8000,1.65584,5.43367e-05,0.00021849,2.81395e-05,3.83875,4.65067,5.62308,0.0817742,0.0517148,1.65247,1.65245,1.64791,1.65707,5.46041e-05,5.46039e-05,5.44474e-05,5.47628e-05,0.000226996,0.000227014,0.000209476,0.000244811,2.81304e-05,2.81314e-05,2.7968e-05,2.82932e-05,-0.1059,4,1.64253,5.46311e-05,15,14,15,0.999696,12,15
robustness,alternating,2,11,14,40,8000,1.65584,5.43367e-05,0.00021849,2.72575e-05,7.39469,7.59382,10.3082,0.0552065,0.0711126,1.65258,1.65259,1.64829,1.65678,5.46028e-05,5.46035e-05,5.44413e-05,5.47594e-05,0.000227955,0.000228236,0.000209932,0.000245745,2.72061e-05,2.72054e-05,2.71106e-05,2.73044e-05,-0.142625,4,1.64253,5.46311e-05,14,14,15,1,12,15
robustness,alternating,2,11,15,20,8000,1.65584,5.43367e-05,0.00021849,2.56094e-05,3.49361,4.23335,6.1616,0.0538021,0.0769427,1.65285,1.65283,1.64871,1.65708,5.46044e-05,5.46081e-05,5.44362e-05,5.47606e-05,0.000229807,0.000229898,0.000212508,0.00024716,2.56831e-05,2.56843e-05,2.55182e-05,2.58443e-05,-0.0688826,3,1.64253,5.46311e-05,14,14,15,1,12,15
robustness,alternating,2,11,16,40,8000,1.65584,5.43367e-05,0.00021849,2.49388e-05,6.76564,6.95132,11.1838,0.0478916,0.0360612,1.6532,1.65317,1.64913,1.65723,5.46019e-05,5.4603e-05,5.44333e-05,5.47596e-05,0.000230608,0.000230648,0.000213736,0.000247677,2.49237e-05,2.4924e-05,2.48271e-05,2.50192e-05,-0.116954,4,1.64253,5.46311e-05,14,14,15,1,12,15
robustness,alternating,2,11,17,20,8000,1.65584,5.43367e-05,0.00021849,2.36566e-05,3.22721,3.91072,6.57725,0.0264156,0.0431972,1.65319,1.65313,1.64921,1.65729,5.46019e-05,5.46038e-05,5.44309e-05,5.47591e-05,0.00023073,0.000230772,0.000214214,0.00024754,2.37707e-05,2.37691e-05,2.36103e-05,2.3932e-05,-0.058197,3,1.64253,5.46311e-05,14,14,15,1,12,15
robustness,alternating,2,11,18,40,8000,1.65584,5.43367e-05,0.00021849,2.32203e-05,6.29941,6.47046,11.8327,0.00983067,0.0206943,1.65468,1.65467,1.65062,1.65876,5.46052e-05,5.46089e-05,5.44382e-05,5.47588e-05,0.000230833,0.000230936,0.000213182,0.000247934,2.31793e-05,2.31802e-05,2.30807e-05,2.32746e-05,-0.118744,4,1.64253,5.46311e-05,14,14,15,1,12,15
robustness,alternating,2,11,19,20,8000,1.65584,5.43367e-05,0.00021849,2.2495e-05,3.06875,3.7174,6.8245,0.0643846,0.0450878,1.65486,1.65484,1.65086,1.65882,5.46042e-05,5.46068e-05,5.44369e-05,5.47574e-05,0.00022941,0.000229527,0.00021231,0.000246433,2.23796e-05,2.23808e-05,2.22223e-05,2.25358e-05,-0.0529974,3,1.64253,5.46311e-05,14,14,15,1,12,15
robustness,alternating,2,11,20,40,8000,1.65584,5.43367e-05,0.00021849,2.22131e-05,6.02619,6.1809,12.213,0.11171,0.0613433,1.65569,1.65573,1.65173,1.65946,5.45976e-05,5.46003e-05,5.44418e-05,5.47457e-05,0.000226005,0.000225875,0.000209757,0.000242853,2.23214e-05,2.23216e-05,2.22237e-05,2.24165e-05,-0.0964407,6,1.64253,5.46311e-05,14,14,15,1,12,15
robustness,alternating,2,12,1,20,8000,3.12005,7.02256e-05,0.000223104,7.02256e-05,9.64222,13.9079,13.9079,10.8433,0,3.13196,3.13197,3.10444,3.16002,7.01363e-05,7.01376e-05,6.99471e-05,7.03231e-05,0.000269929,0.000245526,0.000133627,0.000491336,7.01363e-05,7.01376e-05,6.99471e-05,7.03231e-05,-0.578739,18,3.13138,7.01392e-05,11,6,19,0.926787,12,12
robustness,alternating,2,12,2,40,8000,3.12005,7.02256e-05,0.000223104,6.53669e-05,17.8246,22.083,2.0293,0.150309,0.2241,3.12476,3.12464,3.11403,3.13578,7.01677e-05,7.01723e-05,7.0001e-05,7.03215e-05,0.00024127,0.000240352,0.000189963,0.000298956,6.53537e-05,6.53531e-05,6.52596e-05,6.54489e-05,-0.395705,8,3.13138,7.01392e-05,11,9,13,0.949169,12,12
robustness,alternating,2,12,3,20,8000,3.12005,7.02256e-05,0.000223104,5.85386e-05,8.03755,11.5894,2.7851,0.240529,0.112542,3.12544,3.12545,3.11532,3.13571,7.01532e-05,7.01562e-05,6.99875e-05,7.03083e-05,0.000217147,0.000216916,0.000191295,0.000245015,5.8489e-05,5.84876e-05,5.83357e-05,5.86471e-05,-0.214612,6,3.13138,7.01392e-05,12,11,13,0.953167,12,12
robustness,alternating,2,12,4,40,8000,3.12005,7.02256e-05,0.000223104,5.48738e-05,14.9633,18.5328,6.45197,0.298944,0.270727,3.1213,3.12131,3.1132,3.1296,7.01724e-05,7.01719e-05,7.00085e-05,7.03361e-05,0.000224854,0.000224169,0.000199853,0.000253382,5.48679e-05,5.48678e-05,5.47781e-05,5.49583e-05,-0.238894,7,3.13138,7.01392e-05,11,11,13,0.967366,12,12
robustness,alternating,2,12,5,20,8000,3.12005,7.02256e-05,0.000223104,5.06318e-05,6.95193,10.0258,4.67668,0.236683,0.227229,3.12268,3.1227,3.11457,3.13083,7.01586e-05,7.01597e-05,7.00006e-05,7.03119e-05,0.000211368,0.000211436,0.000191397,0.000231387,5.05379e-05,5.05382e-05,5.03845e-05,5.06876e-05,-0.128062,6,3.13138,7.01392e-05,12,11,13,0.979798,12,12
robustness,alternating,2,12,6,40,8000,3.12005,7.02256e-05,0.000223104,4.87281e-05,13.2875,16.4698,9.04237,0.134501,0.154024,3.12275,3.12272,3.11557,3.13004,7.01586e-05,7.01599e-05,7.00044e-05,7.03079e-05,0.000208582,0.000208609,0.000190075,0.000227282,4.88502e-05,4.88515e-05,4.87613e-05,4.89371e-05,-0.195167,6,3.13138,7.01392e-05,13,11,13,0.967561,12,12
robustness,alternating,2,12,7,20,8000,3.12005,7.02256e-05,0.000223104,4.34545e-05,5.96646,8.59426,6.39378,0.366053,0.276829,3.12271,3.12264,3.11662,3.12917,7.01508e-05,7.01557e-05,6.99838e-05,7.03036e-05,0.000220655,0.000220993,0.000202379,0.000237879,4.35676e-05,4.35678e-05,4.34179e-05,4.37169e-05,-0.110933,9,3.13138,7.01392e-05,12,11,13,0.999795,12,12
robustness,alternating,2,12,8,40,8000,3.12005,7.02256e-05,0.000223104,4.14047e-05,11.2905,13.9778,12.1292,0.212023,0.157229,3.12335,3.12321,3.11746,3.12963,7.01474e-05,7.01494e-05,6.99885e-05,7.03047e-05,0.000222398,0.000222767,0.000204968,0.000239255,4.14401e-05,4.14413e-05,4.13507e-05,4.15283e-05,-0.14691,5,3.13138,7.01392e-05,11,11,12,0.972324,12,12
robustness,alternating,2,12,9,20,8000,3.12005,7.02256e-05,0.000223104,3.83025e-05,5.25907,7.57112,7.62633,0.0392402,0.0264438,3.1235,3.12338,3.11759,3.1297,7.01479e-05,7.01499e-05,6.99889e-05,7.03061e-05,0.000223642,0.000223835,0.000206992,0.000239847,3.83067e-05,3.83085e-05,3.81554e-05,3.84546e-05,-0.0871043,4,3.13138,7.01392e-05,11,11,12,0.994921,12,12
robustness,alternating,2,12,10,40,8000,3.12005,7.02256e-05,0.000223104,3.74478e-05,10.2115,12.6445,13.797,0.181424,0.190131,3.12314,3.12306,3.11749,3.12911,7.01427e-05,7.01429e-05,6.99889e-05,7.02992e-05,0.000221654,0.000221773,0.000205418,0.000237743,3.75102e-05,3.75111e-05,3.74218e-05,3.75965e-05,-0.122608,6,3.13138,7.01392e-05,11,11,12,0.986481,12,12
robustness,alternating,2,12,11,20,8000,3.12005,7.02256e-05,0.000223104,3.5383e-05,4.85821,7.00097,8.3248,0.0752308,0.0935442,3.1235,3.12342,3.11783,3.12936,7.01443e-05,7.01436e-05,6.99933e-05,7.02994e-05,0.000219868,0.000219794,0.000204579,0.000235316,3.5336e-05,3.53368e-05,3.51882e-05,3.54829e-05,-0.0587866,4,3.13138,7.01392e-05,12,12,12,0.9844,12,12
robustness,alternating,2,12,12,40,8000,3.12005,7.02256e-05,0.000223104,3.49936e-05,9.54226,11.8274,14.8315,0.313574,0.306172,3.12381,3.12374,3.11845,3.1295,7.01536e-05,7.01508e-05,7.00087e-05,7.03091e-05,0.000217313,0.000217304,0.000201949,0.000232691,3.50018e-05,3.5001e-05,3.49142e-05,3.50917e-05,-0.117652,7,3.13138,7.01392e-05,12,12,13,0.999846,12,12
robustness,alternating,2,12,13,20,8000,3.12005,7.02256e-05,0.000223104,3.295e-05,4.52416,6.52651,8.90686,0.00869494,0.0252816,3.12392,3.12386,3.11845,3.12957,7.01542e-05,7.01522e-05,7.00064e-05,7.03081e-05,0.000217327,0.000217281,0.000201845,0.000232378,3.291e-05,3.29103e-05,3.27609e-05,3.30584e-05,-0.0984543,4,3.13138,7.01392e-05,12,12,13,0.999904,12,12
robustness,alternating,2,12,14,40,8000,3.12005,7.02256e-05,0.000223104,3.15976e-05,8.61624,10.6746,16.2629,0.159752,0.161736,3.12458,3.12448,3.11893,3.13036,7.0154e-05,7.01521e-05,7.00055e-05,7.0307e-05,0.000218896,0.000218951,0.000204188,0.000233827,3.16201e-05,3.16192e-05,3.1535e-05,3.17073e-05,-0.107206,5,3.13138,7.01392e-05,12,12,13,1,12,12
robustness,alternating,2,12,15,20,8000,3.12005,7.02256e-05,0.000223104,3.00597e-05,4.1273,5.95153,9.59834,0.0376298,0.0525595,3.12447,3.12444,3.11893,3.13015,7.01541e-05,7.01532e-05,7.00048e-05,7.03063e-05,0.000218374,0.000218424,0.000203942,0.000232712,2.99525e-05,2.99532e-05,2.98063e-05,3.00984e-05,-0.064454,3,3.13138,7.01392e-05,12,12,13,1,12,12
robustness,alternating,2,12,16,40,8000,3.12005,7.02256e-05,0.000223104,2.89285e-05,7.88841,9.77088,17.3879,0.104067,0.136525,3.12362,3.1236,3.1183,3.12906,7.01535e-05,7.01529e-05,7.00047e-05,7.03079e-05,0.000218756,0.000218709,0.00020441,0.000233044,2.89879e-05,2.89866e-05,2.89018e-05,2.90759e-05,-0.115527,4,3.13138,7.01392e-05,12,12,13,1,12,12
robustness,alternating,2,12,17,20,8000,3.12005,7.02256e-05,0.000223104,2.71942e-05,3.73386,5.3782,10.2839,0.0833484,0.0616261,3.12367,3.12358,3.11848,3.12915,7.01575e-05,7.01571e-05,7.00059e-05,7.03123e-05,0.000220925,0.000220929,0.000206894,0.000234854,2.71961e-05,2.71955e-05,2.70511e-05,2.73393e-05,-0.0432078,5,3.13138,7.01392e-05,12,12,13,1,12,12
robustness,alternating,2,12,18,40,8000,3.12005,7.02256e-05,0.000223104,2.68688e-05,7.32675,9.0756,18.2561,0.134973,0.141686,3.12315,3.12306,3.1181,3.12862,7.01623e-05,7.01627e-05,7.00046e-05,7.03184e-05,0.000219838,0.000219885,0.000206069,0.000233635,2.68462e-05,2.68463e-05,2.67594e-05,2.69316e-05,-0.0792922,5,3.13138,7.01392e-05,12,12,13,1,12,12
robustness,alternating,2,12,19,20,8000,3.12005,7.02256e-05,0.000223104,2.5424e-05,3.49081,5.02913,10.7074,0.0408085,0.0402924,3.12325,3.12317,3.11828,3.12865,7.0162e-05,7.01614e-05,7.00045e-05,7.03173e-05,0.000220233,0.000220248,0.000206881,0.000233889,2.5528e-05,2.55281e-05,2.53824e-05,2.56738e-05,-0.0739533,3,3.13138,7.01392e-05,12,12,13,1,12,12
robustness,alternating,2,12,20,40,8000,3.12005,7.02256e-05,0.000223104,2.50949e-05,6.84304,8.47688,19.0037,0.057878,0.105191,3.12294,3.12293,3.11784,3.12827,7.01654e-05,7.0166e-05,7.00091e-05,7.03238e-05,0.000219743,0.000219638,0.000206226,0.000233227,2.50993e-05,2.50993e-05,2.50131e-05,2.51848e-05,-0.0927242,4,3.13138,7.01392e-05,12,12,13,1,12,12
robustness,alternating,2,13,1,20,8000,0.842023,8.66968e-05,0.000173562,8.66968e-05,11.7614,12.1142,12.1142,8.95062,0,0.848778,0.848752,0.842478,0.855029,8.66196e-05,8.6618e-05,8.63962e-05,8.68461e-05,0.000278075,0.000260409,0.000139956,0.000478447,8.66196e-05,8.6618e-05,8.63962e-05,8.68461e-05,-0.519205,19,0.848843,8.66211e-05,9,5,15,0.95963,12,13
robustness,alternating,2,13,2,40,8000,0.842023,8.66968e-05,0.000173562,8.02755e-05,21.6833,17.9812,2.17467,0.530082,0.432054,0.843346,0.843344,0.840356,0.846375,8.6732e-05,8.67329e-05,8.65332e-05,8.69301e-05,0.000227479,0.000225777,0.000183691,0.000277895,8.02293e-05,8.02286e-05,8.01134e-05,8.03496e-05,-0.356381,9,0.848843,8.66211e-05,10,8,11,0.939975,12,13
robustness,alternating,2,13,3,20,8000,0.842023,8.66968e-05,0.000173562,7.20942e-05,9.7804,10.0574,2.77416,0.544908,0.0768164,0.843194,0.843161,0.84045,0.846081,8.67509e-05,8.6749e-05,8.65504e-05,8.69638e-05,0.000180608,0.000180034,0.00015914,0.000203083,7.22422e-05,7.22418e-05,7.20455e-05,7.2442e-05,-0.191452,9,0.848843,8.66211e-05,12,11,13,0.963257,12,13
robustness,alternating,2,13,4,40,8000,0.842023,8.66968e-05,0.000173562,6.82726e-05,18.4412,15.3081,6.21281,0.0890883,0.0844368,0.843624,0.843625,0.841279,0.845991,8.67403e-05,8.67382e-05,8.65489e-05,8.69463e-05,0.000180544,0.000180167,0.000160281,0.00020166,6.83794e-05,6.83795e-05,6.82663e-05,6.84943e-05,-0.272459,5,0.848843,8.66211e-05,12,11,13,0.9802,12,13
robustness,alternating,2,13,5,20,8000,0.842023,8.66968e-05,0.000173562,6.18422e-05,8.38961,8.61914,4.7153,0.0117871,0.0317186,0.843409,0.84339,0.841211,0.845666,8.67486e-05,8.67443e-05,8.65552e-05,8.69508e-05,0.000179941,0.0001796,0.000163881,0.000197153,6.19027e-05,6.19022e-05,6.17098e-05,6.20978e-05,-0.132855,4,0.848843,8.66211e-05,12,11,13,0.995895,12,13
robustness,alternating,2,13,6,40,8000,0.842023,8.66968e-05,0.000173562,5.91795e-05,15.985,13.2635,9.27252,0.0109773,0.0087252,0.842837,0.842801,0.840853,0.844855,8.6761e-05,8.6761e-05,8.65657e-05,8.69577e-05,0.000180424,0.000180398,0.000165336,0.000195749,5.9166e-05,5.91667e-05,5.90533e-05,5.92769e-05,-0.204665,5,0.848843,8.66211e-05,12,11,13,0.998378,12,13
robustness,alternating,2,13,7,20,8000,0.842023,8.66968e-05,0.000173562,5.51182e-05,7.47741,7.70096,5.9885,0.16185,0.127653,0.843104,0.843065,0.841156,0.845196,8.67626e-05,8.67631e-05,8.65696e-05,8.69624e-05,0.000174603,0.000174234,0.000160731,0.00018924,5.51431e-05,5.51428e-05,5.49526e-05,5.5336e-05,-0.0918876,6,0.848843,8.66211e-05,12,11,13,0.997196,12,13
robustness,alternating,2,13,8,40,8000,0.842023,8.66968e-05,0.000173562,5.32099e-05,14.3726,11.9783,11.2813,0.0575205,0.0643553,0.843407,0.843397,0.841599,0.845271,8.67576e-05,8.67553e-05,8.65591e-05,8.69652e-05,0.000173438,0.000173205,0.000160093,0.000187746,5.32684e-05,5.3268e-05,5.31562e-05,5.3379e-05,-0.17055,5,0.848843,8.66211e-05,12,11,13,0.997089,12,13
robustness,alternating,2,13,9,20,8000,0.842023,8.66968e-05,0.000173562,4.88338e-05,6.62487,6.81322,7.17846,0.114694,0.100708,0.843387,0.84336,0.841581,0.845196,8.67554e-05,8.67521e-05,8.65553e-05,8.69651e-05,0.000177304,0.000177202,0.000164266,0.000190921,4.87841e-05,4.87858e-05,4.85928e-05,4.8972e-05,-0.0798432,5,0.848843,8.66211e-05,12,11,13,0.9999,12,13
robustness,alternating,2,13,10,40,8000,0.842023,8.66968e-05,0.000173562,4.7185e-05,12.7452,10.5914,13.3086,0.0240422,0.000960075,0.843723,0.843695,0.84202,0.845496,8.67473e-05,8.67454e-05,8.65475e-05,8.69516e-05,0.000176618,0.000176571,0.000163216,0.000190187,4.72421e-05,4.72418e-05,4.71322e-05,4.73527e-05,-0.120299,4,0.848843,8.66211e-05,12,12,13,0.955262,12,13
robustness,alternating,2,13,11,20,8000,0.842023,8.66968e-05,0.000173562,4.45966e-05,6.05004,6.23446,7.9808,0.080731,0.0846908,0.844064,0.844083,0.842307,0.845779,8.67452e-05,8.67417e-05,8.65503e-05,8.69505e-05,0.000174117,0.000174077,0.000161424,0.000186883,4.45853e-05,4.4583e-05,4.44014e-05,4.47772e-05,-0.102134,5,0.848843,8.66211e-05,12,12,13,1,12,13
robustness,alternating,2,13,12,40,8000,0.842023,8.66968e-05,0.000173562,4.33597e-05,11.7119,9.76773,14.5959,0.047316,0.0479841,0.843751,0.843755,0.842012,0.845482,8.67577e-05,8.67537e-05,8.65544e-05,8.69657e-05,0.000174085,0.000173987,0.000161457,0.000186901,4.33326e-05,4.3333e-05,4.32223e-05,4.34407e-05,-0.152101,4,0.848843,8.66211e-05,12,12,13,1,12,13
robustness,alternating,2,13,13,20,8000,0.842023,8.66968e-05,0.000173562,4.11154e-05,5.57778,5.7593,8.63997,0.0647008,0.0617382,0.843699,0.843697,0.842018,0.845404,8.67615e-05,8.6758e-05,8.65631e-05,8.69721e-05,0.00017354,0.000173475,0.000161485,0.000185779,4.09139e-05,4.09143e-05,4.07251e-05,4.11018e-05,-0.0648812,4,0.848843,8.66211e-05,12,12,13,1,12,13
robustness,alternating,2,13,14,40,8000,0.842023,8.66968e-05,0.000173562,4.06583e-05,10.9823,9.22058,15.5049,0.30126,0.241212,0.842989,0.842971,0.841369,0.844664,8.67991e-05,8.67944e-05,8.65975e-05,8.70161e-05,0.000172429,0.000172191,0.000160895,0.000184729,4.06677e-05,4.06686e-05,4.05582e-05,4.07764e-05,-0.127829,8,0.848843,8.66211e-05,12,12,13,1,12,13
robustness,alternating,2,13,15,20,8000,0.842023,8.66968e-05,0.000173562,3.82902e-05,5.1945,5.37661,9.17495,0.026549,0.019665,0.843153,0.843157,0.841524,0.844752,8.67909e-05,8.67856e-05,8.6585e-05,8.70045e-05,0.000172892,0.000172678,0.000161413,0.000184883,3.82347e-05,3.82358e-05,3.80469e-05,3.84217e-05,-0.0507631,3,0.848843,8.66211e-05,12,12,13,1,12,13
robustness,alternating,2,13,16,40,8000,0.842023,8.66968e-05,0.000173562,3.73288e-05,10.0829,8.4569,16.6252,0.0327218,0.0194742,0.843073,0.843083,0.841495,0.844628,8.67958e-05,8.67918e-05,8.6588e-05,8.70136e-05,0.000172878,0.000172514,0.000161555,0.000185214,3.71606e-05,3.71605e-05,3.70493e-05,3.72696e-05,-0.0991625,4,0.848843,8.66211e-05,12,12,13,1,12,13
robustness,alternating,2,13,17,20,8000,0.842023,8.66968e-05,0.000173562,3.54661e-05,4.81138,4.98074,9.70971,0.0338691,0.00951365,0.843092,0.84309,0.841554,0.844632,8.67944e-05,8.67945e-05,8.65849e-05,8.70091e-05,0.000172029,0.000171814,0.000161026,0.000183967,3.54397e-05,3.54401e-05,3.5253e-05,3.5621e-05,-0.0639375,3,0.848843,8.66211e-05,12,12,13,1,12,13
robustness,alternating,2,13,18,40,8000,0.842023,8.66968e-05,0.000173562,3.43976e-05,9.29118,7.77936,17.6116,0.0625879,0.0650046,0.843058,0.843043,0.841553,0.844622,8.67975e-05,8.67962e-05,8.65832e-05,8.70107e-05,0.000172389,0.00017225,0.000161298,0.000183919,3.43474e-05,3.43467e-05,3.42379e-05,3.44571e-05,-0.0798851,4,0.848843,8.66211e-05,12,12,13,1,12,13
robustness,alternating,2,13,19,20,8000,0.842023,8.66968e-05,0.000173562,3.2551e-05,4.41591,4.55912,10.2617,0.0350443,0.0414532,0.843019,0.843002,0.84152,0.844558,8.67972e-05,8.6796e-05,8.65856e-05,8.7009e-05,0.00017305,0.000172938,0.000162134,0.000184588,3.25665e-05,3.25672e-05,3.23809e-05,3.27485e-05,-0.0268785,4,0.848843,8.66211e-05,12,12,13,1,12,13
robustness,alternating,2,13,20,40,8000,0.842023,8.66968e-05,0.000173562,3.15969e-05,8.53468,7.11744,18.554,0.0791229,0.0726903,0.843056,0.843055,0.841574,0.844581,8.67938e-05,8.67929e-05,8.65842e-05,8.70071e-05,0.000173298,0.000173246,0.000162132,0.000185066,3.16372e-05,3.16371e-05,3.15289e-05,3.17465e-05,-0.0616598,4,0.848843,8.66211e-05,12,12,13,1,12,13
robustness,alternating,2,14,1,20,8000,0.00105566,6.50552e-05,0.000251873,6.50552e-05,8.78159,2.2762,2.2762,3.5371,0,0.00107193,0.00107158,0.00101829,0.0011254,6.53384e-05,6.53374e-05,6.50631e-05,6.56144e-05,0.000268618,0.000250261,0.00014088,0.00045776,6.53384e-05,6.53374e-05,6.50631e-05,6.56144e-05,0.03351,15,0.00107478,6.53518e-05,11,7,19,0.929397,12,11
robustness,alternating,2,14,2,40,8000,0.00105566,6.50552e-05,0.000251873,6.07217e-05,16.4759,4.20466,1.26502,0.0316021,0.0284431,0.00108484,0.00108499,0.00104937,0.00112024,6.53453e-05,6.53408e-05,6.50625e-05,6.56421e-05,0.000263875,0.000263653,0.000202065,0.000326816,6.07496e-05,6.07492e-05,6.06127e-05,6.08877e-05,0.0936266,7,0.00107478,6.53518e-05,11,9,13,0.94792,12,11
robustness,alternating,2,14,3,20,8000,0.00105566,6.50552e-05,0.000251873,5.40006e-05,7.28937,1.88052,1.54543,0.105886,0.0643817,0.00107571,0.00107559,0.00104451,0.00110708,6.53205e-05,6.53193e-05,6.50522e-05,6.56006e-05,0.000238633,0.000238467,0.000208275,0.000268968,5.40965e-05,5.40976e-05,5.38225e-05,5.43665e-05,0.0316708,5,0.00107478,6.53518e-05,11,11,13,0.953526,12,11
robustness,alternating,2,14,4,40,8000,0.00105566,6.50552e-05,0.000251873,5.03019e-05,13.6487,3.45173,4.11658,0.271685,0.210164,0.00106146,0.00106123,0.00103617,0.00108779,6.53161e-05,6.53142e-05,6.50525e-05,6.55815e-05,0.000249047,0.000248911,0.000222488,0.000276503,5.04067e-05,5.04056e-05,5.02734e-05,5.05446e-05,0.101312,6,0.00107478,6.53518e-05,11,10,12,0.94853,12,11
robustness,alternating,2,14,5,20,8000,0.00105566,6.50552e-05,0.000251873,4.59866e-05,6.20759,1.59556,2.63708,0.0726932,0.0918196,0.00106355,0.00106343,0.00103991,0.00108819,6.53077e-05,6.53027e-05,6.50485e-05,6.55795e-05,0.000238288,0.000237936,0.000217155,0.000261211,4.60947e-05,4.60974e-05,4.5834e-05,4.63578e-05,0.0303888,5,0.00107478,6.53518e-05,11,11,13,0.992387,12,11
robustness,alternating,2,14,6,40,8000,0.00105566,6.50552e-05,0.000251873,4.2822e-05,11.6191,2.93205,6.16363,0.338868,0.281995,0.0010665,0.00106645,0.00103972,0.0010921,6.53191e-05,6.53231e-05,6.49915e-05,6.56243e-05,0.000250985,0.000250346,0.000228618,0.000274757,4.27807e-05,4.27806e-05,4.26367e-05,4.29195e-05,0.00559815,8,0.00107478,6.53518e-05,11,10,12,0.995462,12,11
robustness,alternating,2,14,7,20,8000,0.00105566,6.50552e-05,0.000251873,3.89275e-05,5.2547,1.35362,3.59867,0.0311022,0.0341887,0.00106284,0.00106264,0.00103773,0.00108792,6.53225e-05,6.53233e-05,6.49997e-05,6.5642e-05,0.000252573,0.000252433,0.000231677,0.000273403,3.90299e-05,3.90326e-05,3.87657e-05,3.9286e-05,0.0105886,4,0.00107478,6.53518e-05,11,10,11,0.979677,12,11
robustness,alternating,2,14,8,40,8000,0.00105566,6.50552e-05,0.000251873,3.71912e-05,10.0913,2.5543,7.70465,0.0803238,0.0551421,0.0010656,0.00106545,0.00104175,0.00108878,6.53189e-05,6.53196e-05,6.4993e-05,6.56396e-05,0.000254576,0.000254483,0.000234527,0.000275239,3.72598e-05,3.72594e-05,3.71272e-05,3.73954e-05,0.0356765,4,0.00107478,6.53518e-05,11,10,11,0.997652,12,11
robustness,alternating,2,14,9,20,8000,0.00105566,6.50552e-05,0.000251873,3.44472e-05,4.64992,1.20218,4.20897,0.00406809,0.00276103,0.00106682,0.00106677,0.00104395,0.00108888,6.53185e-05,6.53198e-05,6.49923e-05,6.56395e-05,0.000256472,0.000256359,0.000237064,0.00027602,3.43064e-05,3.43073e-05,3.40465e-05,3.45576e-05,-0.00392685,2,0.00107478,6.53518e-05,11,10,11,0.999904,12,11
robustness,alternating,2,14,10,40,8000,0.00105566,6.50552e-05,0.000251873,3.31875e-05,9.00495,2.28302,8.80035,0.0268083,0.0150683,0.00107161,0.00107173,0.0010491,0.00109301,6.53194e-05,6.53197e-05,6.49958e-05,6.56312e-05,0.00025474,0.000254391,0.000236317,0.000274224,3.32877e-05,3.32892e-05,3.31523e-05,3.34201e-05,0.0325762,5,0.00107478,6.53518e-05,11,11,11,1,12,11
robustness,alternating,2,14,11,20,8000,0.00105566,6.50552e-05,0.000251873,3.06726e-05,4.14039,1.07963,4.72315,0.050522,0.0415194,0.00106902,0.00106929,0.00104665,0.00109038,6.53201e-05,6.53219e-05,6.49885e-05,6.56375e-05,0.000258404,0.000258471,0.000240003,0.000277122,3.07096e-05,3.07091e-05,3.04619e-05,3.09586e-05,0.0385379,3,0.00107478,6.53518e-05,11,11,11,1,12,11
robustness,alternating,2,14,12,40,8000,0.00105566,6.50552e-05,0.000251873,2.95155e-05,8.0086,2.05117,9.80529,0.0568346,0.0547631,0.00107214,0.00107229,0.00105084,0.00109299,6.53104e-05,6.53118e-05,6.49781e-05,6.56328e-05,0.000260156,0.000260048,0.000242185,0.000278599,2.9489e-05,2.94893e-05,2.93547e-05,2.96213e-05,0.0427051,4,0.00107478,6.53518e-05,11,11,11,1,12,11
robustness,alternating,2,14,13,20,8000,0.00105566,6.50552e-05,0.000251873,2.81324e-05,3.79751,0.986685,5.06917,0.061821,0.0506294,0.00107056,0.00107056,0.00105062,0.00109029,6.53181e-05,6.53202e-05,6.49854e-05,6.56393e-05,0.000256796,0.00025665,0.000239228,0.000274644,2.804e-05,2.80378e-05,2.77982e-05,2.82834e-05,-0.0117769,3,0.00107478,6.53518e-05,11,11,11,1,12,11
robustness,alternating,2,14,14,40,8000,0.00105566,6.50552e-05,0.000251873,2.79283e-05,7.57792,1.91365,10.2397,0.192877,0.164721,0.00106789,0.00106751,0.00104883,0.00108773,6.53278e-05,6.53234e-05,6.50009e-05,6.56597e-05,0.000253268,0.000252878,0.000236807,0.000270996,2.78897e-05,2.78889e-05,2.77565e-05,2.80261e-05,0.000231853,7,0.00107478,6.53518e-05,11,11,11,1,12,11
robustness,alternating,2,14,15,20,8000,0.00105566,6.50552e-05,0.000251873,2.68678e-05,3.62679,0.93072,5.24144,0.0755522,0.0699046,0.00107327,0.00107282,0.00105456,0.00109303,6.53165e-05,6.531e-05,6.50023e-05,6.56536e-05,0.000250137,0.000249685,0.000235074,0.000267057,2.67188e-05,2.67161e-05,2.64841e-05,2.69583e-05,0.0104264,4,0.00107478,6.53518e-05,11,11,11,1,12,11
robustness,alternating,2,14,16,40,8000,0.00105566,6.50552e-05,0.000251873,2.60757e-05,7.07527,1.78547,10.7467,0.0234026,0.0154195,0.00107204,0.00107176,0.00105402,0.00109101,6.53278e-05,6.53214e-05,6.50118e-05,6.56615e-05,0.000249271,0.000248571,0.000234458,0.000265939,2.62748e-05,2.62753e-05,2.61408e-05,2.64046e-05,0.00464265,4,0.00107478,6.53518e-05,11,11,11,1,12,11
robustness,alternating,2,14,17,20,8000,0.00105566,6.50552e-05,0.000251873,2.46009e-05,3.3208,0.85332,5.55023,0.0395524,0.0136704,0.0010721,0.00107184,0.00105377,0.0010909,6.5325e-05,6.53192e-05,6.50066e-05,6.56566e-05,0.000250905,0.000250334,0.00023636,0.000267353,2.46687e-05,2.46677e-05,2.44356e-05,2.49029e-05,0.00065804,3,0.00107478,6.53518e-05,11,11,11,1,12,11
robustness,alternating,2,14,18,40,8000,0.00105566,6.50552e-05,0.000251873,2.43918e-05,6.61836,1.67173,11.2075,0.0929354,0.111767,0.0010705,0.00107018,0.00105279,0.00108903,6.53292e-05,6.53239e-05,6.50092e-05,6.56675e-05,0.000249459,0.000249063,0.000234861,0.00026589,2.43951e-05,2.43947e-05,2.42608e-05,2.453e-05,0.00861082,4,0.00107478,6.53518e-05,11,11,11,1,12,11
robustness,alternating,2,14,19,20,8000,0.00105566,6.50552e-05,0.000251873,2.33018e-05,3.14544,0.807222,5.72719,0.0144105,0.0156323,0.00106942,0.00106907,0.00105173,0.00108776,6.53333e-05,6.5331e-05,6.50132e-05,6.567e-05,0.000249149,0.000248665,0.000234664,0.000265435,2.32455e-05,2.32469e-05,2.30167e-05,2.34758e-05,0.00628812,2,0.00107478,6.53518e-05,11,11,11,1,12,11
robustness,alternating,2,14,20,40,8000,0.00105566,6.50552e-05,0.000251873,2.26169e-05,6.13676,1.54896,11.6933,0.0232932,0.0357271,0.00106922,0.00106888,0.00105186,0.00108759,6.53336e-05,6.53296e-05,6.50177e-05,6.56676e-05,0.000249344,0.00024908,0.000234864,0.000265324,2.26568e-05,2.26568e-05,2.25239e-05,2.27906e-05,0.0236892,3,0.00107478,6.53518e-05,11,11,11,1,12,11
robustness,alternating,2,15,1,20,8000,0.203389,4.93178e-05,0.000391678,4.93178e-05,6.63642,3.5095,3.5095,2.29936,0,0.204815,0.204806,0.202164,0.20747,4.94902e-05,4.94896e-05,4.92207e-05,4.97603e-05,0.000256659,0.000240507,0.000123826,0.000447305,4.94902e-05,4.94896e-05,4.92207e-05,4.97603e-05,-0.387453,16,0.204815,4.94911e-05,15,9,29,0.922631,12,10
robustness,alternating,2,15,2,40,8000,0.203389,4.93178e-05,0.000391678,4.602e-05,12.3529,4.13614,0.969305,0.282267,0.117478,0.203753,0.203763,0.20235,0.205155,4.95108e-05,4.95089e-05,4.92527e-05,4.97751e-05,0.000348656,0.00034661,0.000263028,0.000442474,4.59201e-05,4.59213e-05,4.57842e-05,4.60533e-05,-0.125149,8,0.204815,4.94911e-05,11,9,14,0.953784,12,10
robustness,alternating,2,15,3,20,8000,0.203389,4.93178e-05,0.000391678,3.97356e-05,5.347,2.96171,1.46386,0.0902853,0.00245627,0.204033,0.204025,0.202755,0.205346,4.95194e-05,4.95167e-05,4.92631e-05,4.97915e-05,0.000381633,0.000381548,0.000338198,0.000423876,3.96982e-05,3.96977e-05,3.94497e-05,3.99456e-05,-0.148396,4,0.204815,4.94911e-05,10,9,11,0.993184,12,10
robustness,alternating,2,15,4,40,8000,0.203389,4.93178e-05,0.000391678,3.75417e-05,10.0771,3.74101,3.3246,0.0588769,0.0665549,0.203506,0.203498,0.20244,0.204588,4.95452e-05,4.95397e-05,4.92871e-05,4.98281e-05,0.000377434,0.000377355,0.000339169,0.000415186,3.74917e-05,3.74911e-05,3.736e-05,3.76222e-05,-0.0766282,5,0.204815,4.94911e-05,10,9,11,0.995382,12,10
robustness,alternating,2,15,5,20,8000,0.203389,4.93178e-05,0.000391678,3.34606e-05,4.50261,2.56966,2.40009,0.006046,0.0217133,0.203536,0.203533,0.202494,0.204581,4.95391e-05,4.95345e-05,4.92855e-05,4.98135e-05,0.000367742,0.000367809,0.000335211,0.000399695,3.37025e-05,3.37001e-05,3.34721e-05,3.39401e-05,-0.0792737,3,0.204815,4.94911e-05,10,9,11,0.997011,12,10
robustness,alternating,2,15,6,40,8000,0.203389,4.93178e-05,0.000391678,3.15925e-05,8.48021,3.42932,4.97754,0.12807,0.0372313,0.20361,0.203611,0.202662,0.204564,4.95359e-05,4.95308e-05,4.9273e-05,4.98143e-05,0.000374482,0.000373947,0.00034467,0.000404931,3.15853e-05,3.15857e-05,3.14497e-05,3.17182e-05,-0.0394106,5,0.204815,4.94911e-05,10,9,11,1,12,10
robustness,alternating,2,15,7,20,8000,0.203389,4.93178e-05,0.000391678,2.84873e-05,3.83338,2.28631,3.14214,0.0312158,0.0125523,0.203691,0.20369,0.202756,0.204629,4.9535e-05,4.95307e-05,4.92713e-05,4.98076e-05,0.000376107,0.000375954,0.000347774,0.000404398,2.86097e-05,2.86096e-05,2.83844e-05,2.88363e-05,-0.0621442,3,0.204815,4.94911e-05,10,9,11,1,12,10
robustness,alternating,2,15,8,40,8000,0.203389,4.93178e-05,0.000391678,2.74482e-05,7.36777,3.12405,6.12903,0.0180556,0.0618991,0.203611,0.203612,0.202737,0.204487,4.95396e-05,4.95347e-05,4.92779e-05,4.9811e-05,0.000374037,0.00037409,0.00034699,0.000401193,2.75245e-05,2.75236e-05,2.73959e-05,2.76575e-05,-0.0520337,3,0.204815,4.94911e-05,10,10,11,0.971855,12,10
robustness,alternating,2,15,9,20,8000,0.203389,4.93178e-05,0.000391678,2.5182e-05,3.3886,2.0498,3.63531,0.0203339,0.00434654,0.203614,0.203612,0.202761,0.20447,4.95403e-05,4.95382e-05,4.92837e-05,4.98031e-05,0.000374634,0.000374531,0.000348659,0.000400993,2.52843e-05,2.52816e-05,2.50664e-05,2.55048e-05,-0.0495368,2,0.204815,4.94911e-05,10,10,11,0.999329,12,10
robustness,alternating,2,15,10,40,8000,0.203389,4.93178e-05,0.000391678,2.42533e-05,6.51019,2.8704,7.01672,0.0224084,0.016652,0.203536,0.203542,0.202701,0.204377,4.95437e-05,4.95417e-05,4.92858e-05,4.98099e-05,0.00037648,0.000376192,0.000350979,0.00040256,2.41938e-05,2.41922e-05,2.40661e-05,2.43217e-05,-0.0391839,4,0.204815,4.94911e-05,10,10,10,0.999497,12,10
robustness,alternating,2,15,11,20,8000,0.203389,4.93178e-05,0.000391678,2.25424e-05,3.03341,1.85956,4.02916,0.0106333,0.0134532,0.203567,0.203568,0.202738,0.204386,4.95424e-05,4.95402e-05,4.92828e-05,4.98088e-05,0.000377597,0.000377355,0.000352848,0.000403418,2.24123e-05,2.24129e-05,2.21975e-05,2.26254e-05,-0.0467631,2,0.204815,4.94911e-05,10,10,10,0.999287,12,10
robustness,alternating,2,15,12,40,8000,0.203389,4.93178e-05,0.000391678,2.1821e-05,5.8573,2.63493,7.69255,0.0451802,0.020139,0.203404,0.20341,0.202604,0.204203,4.95489e-05,4.95496e-05,4.9288e-05,4.98044e-05,0.000376008,0.000375843,0.000351766,0.000401424,2.18135e-05,2.18128e-05,2.16871e-05,2.19415e-05,-0.0415565,3,0.204815,4.94911e-05,10,10,10,0.999676,12,10
robustness,alternating,2,15,13,20,8000,0.203389,4.93178e-05,0.000391678,2.00476e-05,2.6977,1.71722,4.4014,0.0536331,0.0462303,0.203342,0.203364,0.202538,0.204105,4.95461e-05,4.95486e-05,4.92947e-05,4.97938e-05,0.000384041,0.000383966,0.000359948,0.000408098,1.99936e-05,1.9993e-05,1.97846e-05,2.02001e-05,-0.0730214,5,0.204815,4.94911e-05,10,10,10,0.999639,12,10
robustness,alternating,2,15,14,40,8000,0.203389,4.93178e-05,0.000391678,1.94901e-05,5.23163,2.50605,8.34018,0.0304218,0.0198946,0.203405,0.203424,0.202638,0.204146,4.9548e-05,4.95499e-05,4.9294e-05,4.98033e-05,0.000382212,0.000382253,0.000358548,0.000406149,1.95573e-05,1.95575e-05,1.94302e-05,1.96863e-05,-0.00670035,3,0.204815,4.94911e-05,10,10,10,0.999873,12,10
robustness,alternating,2,15,15,20,8000,0.203389,4.93178e-05,0.000391678,1.84251e-05,2.47936,1.57922,4.6435,0.00276264,0.0159402,0.203464,0.203484,0.202682,0.204209,4.95461e-05,4.9547e-05,4.92933e-05,4.97955e-05,0.000380591,0.000380668,0.000357465,0.000404027,1.85157e-05,1.85151e-05,1.83154e-05,1.87148e-05,-0.0425691,2,0.204815,4.94911e-05,10,10,10,0.999786,12,10
robustness,alternating,2,15,16,40,8000,0.203389,4.93178e-05,0.000391678,1.81538e-05,4.87293,2.26982,8.71148,0.0446572,0.0724611,0.203547,0.203554,0.202793,0.204301,4.95458e-05,4.95463e-05,4.92968e-05,4.97925e-05,0.000380099,0.000380086,0.000357268,0.000403113,1.81015e-05,1.81012e-05,1.79776e-05,1.82273e-05,-0.0458825,3,0.204815,4.94911e-05,10,10,10,0.999995,12,10
robustness,alternating,2,15,17,20,8000,0.203389,4.93178e-05,0.000391678,1.70954e-05,2.30043,1.45989,4.84191,0.00355872,0.0059092,0.20349,0.203495,0.202743,0.204249,4.95479e-05,4.955e-05,4.92961e-05,4.98011e-05,0.000377896,0.00037782,0.000355366,0.000401122,1.72392e-05,1.72391e-05,1.70411e-05,1.7434e-05,-0.0351758,3,0.204815,4.94911e-05,10,10,10,1,12,10
robustness,alternating,2,15,18,40,8000,0.203389,4.93178e-05,0.000391678,1.64292e-05,4.41001,2.18946,9.19066,0.100046,0.0576836,0.20351,0.20351,0.202798,0.204245,4.95501e-05,4.95534e-05,4.92918e-05,4.98038e-05,0.000382125,0.000382236,0.000359244,0.000404267,1.64455e-05,1.64458e-05,1.63218e-05,1.65699e-05,-0.0274526,5,0.204815,4.94911e-05,10,10,10,1,12,10
robustness,alternating,2,15,19,20,8000,0.203389,4.93178e-05,0.000391678,1.60238e-05,2.15624,1.35421,5.00179,0.0591279,0.0643522,0.203474,0.203472,0.202743,0.204209,4.95458e-05,4.95457e-05,4.92955e-05,4.97983e-05,0.000377675,0.000377929,0.00035458,0.000399877,1.59131e-05,1.59116e-05,1.57201e-05,1.61064e-05,-0.0630046,4,0.204815,4.94911e-05,10,10,10,1,12,10
robustness,alternating,2,15,20,40,8000,0.203389,4.93178e-05,0.000391678,1.58592e-05,4.257,1.92985,9.34905,0.0909142,0.0662863,0.20341,0.203406,0.202699,0.204134,4.95377e-05,4.95382e-05,4.9289e-05,4.9788e-05,0.000374511,0.000375119,0.000350662,0.000394788,1.58439e-05,1.58447e-05,1.57199e-05,1.59697e-05,-0.0472999,5,0.204815,4.94911e-05,10,10,10,1,12,10
robustness,alternating,2,16,1,20,8000,0.00817383,6.34585e-05,0.000129333,6.34585e-05,8.50181,1.55251,1.55251,2.99132,0,0.0081367,0.00813517,0.00785366,0.00843903,6.36086e-05,6.36104e-05,6.33248e-05,6.38854e-05,0.000266871,0.000254919,0.00014882,0.000426118,6.36086e-05,6.36104e-05,6.33248e-05,6.38854e-05,-0.0336505,15,0.00812328,6.361e-05,11,7,19,0.946499,12,21
robustness,alternating,2,16,2,40,8000,0.00817383,6.34585e-05,0.000129333,6.17195e-05,16.5583,3.12427,0.513103,0.634972,0.0939066,0.0079708,0.00797004,0.00783266,0.00810911,6.36479e-05,6.36513e-05,6.33771e-05,6.39111e-05,0.000157022,0.000156229,0.00010456,0.000211719,6.17657e-05,6.17662e-05,6.16266e-05,6.19021e-05,0.015346,9,0.00812328,6.361e-05,18,13,26,0.943142,12,21
robustness,alternating,2,16,3,20,8000,0.00817383,6.34585e-05,0.000129333,5.79619e-05,7.7654,1.62655,0.76682,0.123013,0.0179484,0.00801545,0.00801366,0.0078906,0.00814844,6.36359e-05,6.36362e-05,6.33587e-05,6.39097e-05,0.000133358,0.000133067,0.00010565,0.000162073,5.79682e-05,5.79694e-05,5.76902e-05,5.82445e-05,-3.7568e-05,5,0.00812328,6.361e-05,21,17,26,0.94341,12,21
robustness,alternating,2,16,4,40,8000,0.00817383,6.34585e-05,0.000129333,5.59148e-05,15.001,3.24352,2.08798,0.0783193,0.0827587,0.00803207,0.00803077,0.00792922,0.00813814,6.36384e-05,6.36386e-05,6.33752e-05,6.39043e-05,0.000136425,0.000135916,0.000111173,0.000163503,5.59037e-05,5.59027e-05,5.57652e-05,5.60437e-05,0.00715002,5,0.00812328,6.361e-05,20,17,25,0.95779,12,21
robustness,alternating,2,16,5,20,8000,0.00817383,6.34585e-05,0.000129333,5.21791e-05,6.99066,1.61378,1.55201,0.0495289,0.0724346,0.00804962,0.00804823,0.00794842,0.00815095,6.36407e-05,6.36425e-05,6.33646e-05,6.39069e-05,0.000137935,0.000137607,0.000116366,0.000160453,5.23801e-05,5.23801e-05,5.21181e-05,5.26473e-05,0.0103119,3,0.00812328,6.361e-05,20,17,23,0.947459,12,21
robustness,alternating,2,16,6,40,8000,0.00817383,6.34585e-05,0.000129333,5.07612e-05,13.6183,3.2659,3.48627,0.0376024,0.00107451,0.00806856,0.00806776,0.00798042,0.00815772,6.36444e-05,6.36418e-05,6.33694e-05,6.39133e-05,0.00013799,0.000137711,0.000117496,0.00015914,5.08379e-05,5.08364e-05,5.07013e-05,5.09756e-05,-0.0193376,5,0.00812328,6.361e-05,20,17,23,0.960177,12,21
robustness,alternating,2,16,7,20,8000,0.00817383,6.34585e-05,0.000129333,4.85195e-05,6.50036,1.70427,2.04892,0.0682252,0.0549282,0.00806924,0.00806832,0.00798357,0.00815649,6.3645e-05,6.36455e-05,6.33671e-05,6.3919e-05,0.000135808,0.0001355,0.000117535,0.000154816,4.8202e-05,4.8203e-05,4.79392e-05,4.84659e-05,0.00914529,3,0.00812328,6.361e-05,20,18,23,0.942045,12,21
robustness,alternating,2,16,8,40,8000,0.00817383,6.34585e-05,0.000129333,4.7063e-05,12.6262,3.37476,4.48969,0.0396278,0.0631492,0.00809716,0.0080971,0.008018,0.00817798,6.36462e-05,6.36471e-05,6.33633e-05,6.39258e-05,0.000134655,0.000134314,0.000116235,0.000154235,4.70789e-05,4.70781e-05,4.69425e-05,4.72194e-05,0.00589202,4,0.00812328,6.361e-05,21,18,23,0.950817,12,21
robustness,alternating,2,16,9,20,8000,0.00817383,6.34585e-05,0.000129333,4.55879e-05,6.10761,1.78716,2.44697,0.12018,0.109171,0.00811022,0.00811085,0.00803074,0.00818727,6.36401e-05,6.36443e-05,6.33649e-05,6.39057e-05,0.000126776,0.000126846,0.000110211,0.000143854,4.55682e-05,4.55665e-05,4.53086e-05,4.5835e-05,0.0099798,6,0.00812328,6.361e-05,22,19,25,0.977187,12,21
robustness,alternating,2,16,10,40,8000,0.00817383,6.34585e-05,0.000129333,4.47141e-05,11.996,3.62533,5.12703,0.05628,0.0562461,0.00811387,0.00811512,0.00803814,0.00818607,6.36373e-05,6.36395e-05,6.33743e-05,6.39015e-05,0.000125614,0.000125678,0.000109792,0.000142002,4.47487e-05,4.47483e-05,4.4614e-05,4.48849e-05,0.00469913,4,0.00812328,6.361e-05,22,20,25,0.94024,12,21
robustness,alternating,2,16,11,20,8000,0.00817383,6.34585e-05,0.000129333,4.20263e-05,5.63044,1.71614,2.93057,0.0972665,0.0852623,0.0081022,0.00810291,0.00802932,0.00817341,6.36401e-05,6.36419e-05,6.3373e-05,6.39062e-05,0.000128817,0.00012879,0.000113248,0.000144523,4.22883e-05,4.22894e-05,4.20321e-05,4.2549e-05,-0.00294389,4,0.00812328,6.361e-05,21,19,24,0.967616,12,21
robustness,alternating,2,16,12,40,8000,0.00817383,6.34585e-05,0.000129333,4.10935e-05,11.0247,3.42358,6.10937,0.0727989,0.00355136,0.00812069,0.00812178,0.00804866,0.00818992,6.36302e-05,6.36304e-05,6.33542e-05,6.38971e-05,0.000129814,0.000129685,0.000115068,0.00014522,4.10409e-05,4.10409e-05,4.09049e-05,4.11788e-05,0.00750244,4,0.00812328,6.361e-05,21,19,23,0.960001,12,21
robustness,alternating,2,16,13,20,8000,0.00817383,6.34585e-05,0.000129333,3.8939e-05,5.21682,1.63937,3.34978,0.0493778,0.0558783,0.00812837,0.00812915,0.00805812,0.00819806,6.36269e-05,6.36303e-05,6.33498e-05,6.38962e-05,0.000131298,0.000131201,0.000116734,0.000146444,3.90481e-05,3.90479e-05,3.87885e-05,3.93067e-05,-0.00515039,3,0.00812328,6.361e-05,21,19,23,0.98096,12,21
robustness,alternating,2,16,14,40,8000,0.00817383,6.34585e-05,0.000129333,3.78438e-05,10.1528,3.19456,6.99113,0.108684,0.0827663,0.00812483,0.00812476,0.00805872,0.00819204,6.36225e-05,6.36226e-05,6.33466e-05,6.38948e-05,0.000132444,0.000132163,0.000118081,0.000147619,3.78951e-05,3.78955e-05,3.77604e-05,3.80311e-05,0.0243468,5,0.00812328,6.361e-05,21,19,22,0.948028,12,21
robustness,alternating,2,16,15,20,8000,0.00817383,6.34585e-05,0.000129333,3.60632e-05,4.83154,1.53954,3.74027,0.0424063,0.04071,0.00812801,0.00812735,0.00806146,0.00819445,6.36183e-05,6.3619e-05,6.3344e-05,6.38862e-05,0.000133825,0.000133321,0.000119774,0.000149152,3.61257e-05,3.61252e-05,3.58764e-05,3.63795e-05,0.031728,3,0.00812328,6.361e-05,20,19,22,0.975011,12,21
robustness,alternating,2,16,16,40,8000,0.00817383,6.34585e-05,0.000129333,3.52155e-05,9.44772,3.02831,7.70424,0.0573372,0.0459502,0.00813091,0.00813112,0.00806752,0.00819474,6.36179e-05,6.36187e-05,6.33464e-05,6.38918e-05,0.000134445,0.000134029,0.000120758,0.000149601,3.53021e-05,3.53019e-05,3.51649e-05,3.54365e-05,-0.00286089,4,0.00812328,6.361e-05,20,19,21,0.962017,12,21
robustness,alternating,2,16,17,20,8000,0.00817383,6.34585e-05,0.000129333,3.4149e-05,4.57509,1.52086,4.00018,0.0256957,0.0295282,0.00812949,0.00812958,0.00806714,0.00819344,6.36184e-05,6.3621e-05,6.33444e-05,6.38895e-05,0.000133818,0.00013353,0.000120366,0.000148517,3.40545e-05,3.40538e-05,3.38043e-05,3.43046e-05,-0.00503436,2,0.00812328,6.361e-05,20,19,21,0.967725,12,21
robustness,alternating,2,16,18,40,8000,0.00817383,6.34585e-05,0.000129333,3.40455e-05,9.13382,3.1568,8.02169,0.166075,0.137025,0.00813534,0.00813468,0.00807451,0.00819782,6.36122e-05,6.36132e-05,6.33314e-05,6.38861e-05,0.000131219,0.000130874,0.000118644,0.000144913,3.41176e-05,3.41182e-05,3.39819e-05,3.42527e-05,-0.00261389,6,0.00812328,6.361e-05,21,20,22,0.96237,12,21
robustness,alternating,2,16,19,20,8000,0.00817383,6.34585e-05,0.000129333,3.33868e-05,4.47297,1.6183,4.10367,0.0667269,0.073608,0.00813396,0.00813366,0.00807309,0.00819518,6.36138e-05,6.36147e-05,6.33457e-05,6.38867e-05,0.000130068,0.000129651,0.000117748,0.000143251,3.31128e-05,3.31123e-05,3.28682e-05,3.33638e-05,-0.0297127,3,0.00812328,6.361e-05,21,21,23,0.975067,12,21
robustness,alternating,2,16,20,40,8000,0.00817383,6.34585e-05,0.000129333,3.27787e-05,8.79396,3.20723,8.36541,0.0649126,0.00714246,0.00813693,0.00813652,0.00807613,0.00819868,6.36095e-05,6.36086e-05,6.33366e-05,6.38844e-05,0.000129114,0.000128768,0.000116787,0.000142417,3.27998e-05,3.27995e-05,3.26641e-05,3.29352e-05,-0.00484303,4,0.00812328,6.361e-05,21,21,23,0.998752,12,21
robustness,alternating,2,17,1,20,8000,0.844872,3.43188e-05,0.000198144,3.43188e-05,4.65586,5.89922,5.89922,4.09138,0,0.861717,0.861737,0.846194,0.877367,3.44286e-05,3.44303e-05,3.42024e-05,3.46564e-05,0.000234609,0.000220852,0.000129211,0.000382559,3.44286e-05,3.44303e-05,3.42024e-05,3.46564e-05,-0.527452,17,0.861964,3.4424e-05,23,13,39,0.930331,12,25
robustness,alternating,2,17,2,40,8000,0.844872,3.43188e-05,0.000198144,3.3277e-05,8.98867,9.85167,0.430396,0.0882472,0.0361512,0.848851,0.848916,0.841325,0.856374,3.45174e-05,3.45162e-05,3.43248e-05,3.47144e-05,0.000235735,0.000231209,0.000152593,0.000338351,3.33006e-05,3.32993e-05,3.31824e-05,3.34239e-05,-0.40525,7,0.861964,3.4424e-05,22,15,33,0.939698,12,25
robustness,alternating,2,17,3,20,8000,0.844872,3.43188e-05,0.000198144,3.15422e-05,4.27917,5.03694,0.570633,0.0515132,4.75766e-06,0.848007,0.847999,0.841043,0.854956,3.45263e-05,3.45268e-05,3.43308e-05,3.47201e-05,0.000227088,0.000226567,0.000174345,0.000282077,3.13158e-05,3.13173e-05,3.11181e-05,3.15126e-05,-0.259063,4,0.861964,3.4424e-05,22,18,29,0.930936,12,25
robustness,alternating,2,17,4,40,8000,0.844872,3.43188e-05,0.000198144,3.00314e-05,8.11198,8.32287,1.51834,0.141833,0.242612,0.84893,0.84892,0.843456,0.854486,3.45276e-05,3.45262e-05,3.43414e-05,3.47187e-05,0.00023812,0.000237821,0.000187616,0.000287878,3.01362e-05,3.01367e-05,3.00223e-05,3.02495e-05,-0.310615,4,0.861964,3.4424e-05,21,17,27,0.964963,12,25
robustness,alternating,2,17,5,20,8000,0.844872,3.43188e-05,0.000198144,2.86889e-05,3.89207,4.41337,1.1104,0.0458449,0.0140253,0.848687,0.848619,0.843348,0.854369,3.45252e-05,3.45251e-05,3.43426e-05,3.47143e-05,0.000220925,0.000220767,0.000179629,0.000261274,2.87673e-05,2.87661e-05,2.85816e-05,2.89558e-05,-0.201084,4,0.861964,3.4424e-05,23,19,27,0.937381,12,25
robustness,alternating,2,17,6,40,8000,0.844872,3.43188e-05,0.000198144,2.78865e-05,7.53259,7.25186,2.23991,0.059453,0.0498146,0.846657,0.846607,0.841919,0.851495,3.45415e-05,3.45412e-05,3.43574e-05,3.47272e-05,0.000226233,0.000226371,0.000187355,0.000264953,2.78383e-05,2.7838e-05,2.77289e-05,2.79497e-05,-0.238065,4,0.861964,3.4424e-05,22,19,26,0.930577,12,25
robustness,alternating,2,17,7,20,8000,0.844872,3.43188e-05,0.000198144,2.65946e-05,3.60795,3.96144,1.50696,0.0258041,0.0129456,0.846963,0.84689,0.84233,0.851822,3.45407e-05,3.45413e-05,3.43557e-05,3.47284e-05,0.000226219,0.000226274,0.000190989,0.000262072,2.64423e-05,2.64432e-05,2.62572e-05,2.66246e-05,-0.139427,3,0.861964,3.4424e-05,22,19,26,0.955348,12,25
robustness,alternating,2,17,8,40,8000,0.844872,3.43188e-05,0.000198144,2.62572e-05,7.0925,6.47908,2.78822,0.14752,0.0759039,0.846457,0.846438,0.842302,0.85058,3.45445e-05,3.45417e-05,3.4368e-05,3.47214e-05,0.000218273,0.000217972,0.000184981,0.000251707,2.62351e-05,2.62349e-05,2.61258e-05,2.63452e-05,-0.179913,5,0.861964,3.4424e-05,23,20,27,0.951011,12,25
robustness,alternating,2,17,9,20,8000,0.844872,3.43188e-05,0.000198144,2.53484e-05,3.43888,3.65121,1.74301,0.0553383,0.0335916,0.846803,0.846764,0.842867,0.850823,3.45391e-05,3.45371e-05,3.4367e-05,3.47158e-05,0.000211763,0.000210858,0.000181692,0.000243905,2.52805e-05,2.52792e-05,2.50973e-05,2.54626e-05,-0.138749,4,0.861964,3.4424e-05,24,21,27,0.936747,12,25
robustness,alternating,2,17,10,40,8000,0.844872,3.43188e-05,0.000198144,2.4948e-05,6.73886,5.90594,3.22887,0.0665454,0.0374665,0.845612,0.845615,0.841921,0.849339,3.4542e-05,3.45404e-05,3.43758e-05,3.47147e-05,0.00020898,0.000208365,0.000180141,0.000240118,2.49156e-05,2.49164e-05,2.4805e-05,2.50243e-05,-0.176706,4,0.861964,3.4424e-05,24,21,28,0.958291,12,25
robustness,alternating,2,17,11,20,8000,0.844872,3.43188e-05,0.000198144,2.41137e-05,3.27138,3.39986,1.97686,0.0426185,0.0278981,0.845923,0.845916,0.84227,0.849647,3.45414e-05,3.45392e-05,3.43732e-05,3.47156e-05,0.000208561,0.000208036,0.000181228,0.000237921,2.39005e-05,2.39004e-05,2.37247e-05,2.40756e-05,-0.0925628,2,0.861964,3.4424e-05,24,21,27,0.952731,12,25
robustness,alternating,2,17,12,40,8000,0.844872,3.43188e-05,0.000198144,2.35154e-05,6.35189,5.43552,3.7111,0.0274286,0.045485,0.845947,0.845933,0.842484,0.849418,3.45387e-05,3.45373e-05,3.43749e-05,3.47048e-05,0.000207709,0.000207128,0.000181432,0.000236216,2.3482e-05,2.34811e-05,2.33758e-05,2.35914e-05,-0.147191,4,0.861964,3.4424e-05,24,22,27,0.920897,12,25
robustness,alternating,2,17,13,20,8000,0.844872,3.43188e-05,0.000198144,2.2483e-05,3.05016,3.14548,2.28576,0.0185643,0.0301812,0.84633,0.846269,0.842981,0.849788,3.45369e-05,3.45345e-05,3.43702e-05,3.4707e-05,0.000207648,0.000207061,0.000182668,0.000234689,2.25601e-05,2.25592e-05,2.23866e-05,2.27357e-05,-0.104356,2,0.861964,3.4424e-05,24,22,27,0.939807,12,25
robustness,alternating,2,17,14,40,8000,0.844872,3.43188e-05,0.000198144,2.22173e-05,6.00125,5.04746,4.14807,0.0256704,0.0461957,0.845483,0.84547,0.842244,0.848748,3.45399e-05,3.45398e-05,3.43759e-05,3.47039e-05,0.000206596,0.000205903,0.000181945,0.000233365,2.22284e-05,2.22285e-05,2.21231e-05,2.23346e-05,-0.144241,4,0.861964,3.4424e-05,25,22,27,0.953218,12,25
robustness,alternating,2,17,15,20,8000,0.844872,3.43188e-05,0.000198144,2.12038e-05,2.8766,2.94279,2.5281,0.0409523,0.0442206,0.844917,0.844928,0.841616,0.848188,3.45401e-05,3.45404e-05,3.43768e-05,3.47048e-05,0.000209489,0.000208944,0.000185282,0.000236427,2.1274e-05,2.12749e-05,2.11007e-05,2.14482e-05,-0.101559,3,0.861964,3.4424e-05,24,22,27,0.964908,12,25
robustness,alternating,2,17,16,40,8000,0.844872,3.43188e-05,0.000198144,2.06188e-05,5.56947,4.6682,4.6862,0.0936016,0.0762264,0.845514,0.845437,0.842454,0.848807,3.45402e-05,3.45412e-05,3.43798e-05,3.47047e-05,0.000212677,0.000211869,0.000188113,0.000240258,2.06219e-05,2.06222e-05,2.05175e-05,2.0727e-05,-0.112824,4,0.861964,3.4424e-05,23,22,26,0.938726,12,25
robustness,alternating,2,17,17,20,8000,0.844872,3.43188e-05,0.000198144,2.01383e-05,2.73206,2.77513,2.72993,0.0443388,0.0364433,0.84586,0.845805,0.842813,0.849136,3.45355e-05,3.45347e-05,3.43721e-05,3.47031e-05,0.00020833,0.00020747,0.000185072,0.000234064,2.0132e-05,2.01323e-05,1.99612e-05,2.03024e-05,-0.085266,3,0.861964,3.4424e-05,24,23,26,0.904069,12,25
robustness,alternating,2,17,18,40,8000,0.844872,3.43188e-05,0.000198144,2.01712e-05,5.44858,4.46439,4.83686,0.125014,0.120026,0.84628,0.846222,0.843282,0.849532,3.45286e-05,3.45307e-05,3.43673e-05,3.46882e-05,0.000204621,0.00020437,0.000182484,0.000229322,2.01649e-05,2.01651e-05,2.00593e-05,2.02715e-05,-0.118713,6,0.861964,3.4424e-05,25,23,27,0.9688,12,25
robustness,alternating,2,17,19,20,8000,0.844872,3.43188e-05,0.000198144,1.96212e-05,2.66191,2.67664,2.8279,0.0216054,0.0178252,0.846776,0.846728,0.843716,0.84995,3.45277e-05,3.45291e-05,3.43649e-05,3.46894e-05,0.000203517,0.000203402,0.00018158,0.000227735,1.95375e-05,1.95374e-05,1.93688e-05,1.97094e-05,-0.0801226,2,0.861964,3.4424e-05,25,23,27,0.967857,12,25
robustness,alternating,2,17,20,40,8000,0.844872,3.43188e-05,0.000198144,1.92753e-05,5.20658,4.23056,5.13847,0.0156609,0.0130081,0.846368,0.846311,0.84341,0.849442,3.45304e-05,3.45326e-05,3.437e-05,3.4688e-05,0.000202592,0.000202627,0.000181918,0.000224588,1.93449e-05,1.93446e-05,1.92392e-05,1.945e-05,-0.10898,3,0.861964,3.4424e-05,25,24,27,0.944742,12,25
robustness,alternating,2,18,1,20,8000,0.0111182,5.93734e-05,0.00026007,5.93734e-05,7.95144,1.29494,1.29494,3.00888,0,0.0110884,0.0110887,0.0106607,0.0115125,5.93058e-05,5.93033e-05,5.90367e-05,5.95814e-05,0.000267314,0.000245936,0.000137686,0.000472893,5.93058e-05,5.93033e-05,5.90367e-05,5.95814e-05,-0.0123048,14,0.011107,5.93105e-05,13,7,21,0.931413,12,11
robustness,alternating,2,18,2,40,8000,0.0111182,5.93734e-05,0.00026007,5.55684e-05,14.8983,2.58909,1.01537,0.0160013,0.0514278,0.0110497,0.011048,0.0108502,0.0112524,5.9292e-05,5.92931e-05,5.90268e-05,5.95566e-05,0.000265505,0.000264042,0.000197378,0.000338091,5.55223e-05,5.55228e-05,5.53842e-05,5.56596e-05,-0.0251636,7,0.011107,5.93105e-05,12,9,15,0.963829,12,11
robustness,alternating,2,18,3,20,8000,0.0111182,5.93734e-05,0.00026007,4.91761e-05,6.58579,1.09499,1.37703,0.0122666,0.0297996,0.0110108,0.01101,0.0108253,0.0111969,5.92832e-05,5.92798e-05,5.9019e-05,5.95543e-05,0.000259691,0.000259645,0.000226977,0.000293254,4.93566e-05,4.93572e-05,4.90853e-05,4.96249e-05,-0.0084809,4,0.011107,5.93105e-05,12,11,13,0.94972,12,11
robustness,alternating,2,18,4,40,8000,0.0111182,5.93734e-05,0.00026007,4.73395e-05,12.692,2.19001,3.2483,0.134878,0.17823,0.0110615,0.0110613,0.0109108,0.0112136,5.92783e-05,5.9276e-05,5.90166e-05,5.95519e-05,0.00025129,0.000250924,0.000222083,0.000282144,4.7382e-05,4.73816e-05,4.72477e-05,4.75199e-05,-0.0029358,6,0.011107,5.93105e-05,12,11,14,0.982297,12,11
robustness,alternating,2,18,5,20,8000,0.0111182,5.93734e-05,0.00026007,4.25882e-05,5.70352,0.940799,2.27218,0.0561128,0.0316055,0.0110935,0.0110932,0.0109491,0.0112363,5.92813e-05,5.92773e-05,5.90271e-05,5.95488e-05,0.000260911,0.000260345,0.000235702,0.00028875,4.2506e-05,4.25039e-05,4.22429e-05,4.27714e-05,-0.0185188,4,0.011107,5.93105e-05,12,11,13,0.992447,12,11
robustness,alternating,2,18,6,40,8000,0.0111182,5.93734e-05,0.00026007,3.99954e-05,10.7231,1.93443,5.24109,0.172259,0.19433,0.0110902,0.0110909,0.0109586,0.0112208,5.9282e-05,5.92809e-05,5.90287e-05,5.9544e-05,0.000266896,0.0002666,0.000242721,0.000292454,4.00848e-05,4.00846e-05,3.99492e-05,4.02221e-05,-0.0208319,5,0.011107,5.93105e-05,11,11,13,0.995745,12,11
robustness,alternating,2,18,7,20,8000,0.0111182,5.93734e-05,0.00026007,3.63168e-05,4.86364,0.858638,3.12433,0.0582579,0.0582193,0.011127,0.0111272,0.0109959,0.0112552,5.92847e-05,5.92813e-05,5.90308e-05,5.95428e-05,0.000272317,0.00027243,0.000248618,0.000295937,3.64032e-05,3.64018e-05,3.61412e-05,3.66615e-05,-0.020666,3,0.011107,5.93105e-05,11,11,12,0.977648,12,11
robustness,alternating,2,18,8,40,8000,0.0111182,5.93734e-05,0.00026007,3.45362e-05,9.25939,1.76577,6.72245,0.11599,0.111656,0.0111556,0.0111556,0.0110354,0.0112776,5.92903e-05,5.92877e-05,5.90374e-05,5.95523e-05,0.000274576,0.000274579,0.000252131,0.000297279,3.47452e-05,3.47453e-05,3.46091e-05,3.48828e-05,-0.0317452,4,0.011107,5.93105e-05,11,11,12,0.994494,12,11
robustness,alternating,2,18,9,20,8000,0.0111182,5.93734e-05,0.00026007,3.16691e-05,4.2412,0.802266,3.75587,0.0653666,0.0584008,0.0111526,0.0111529,0.0110363,0.0112693,5.92961e-05,5.92902e-05,5.90465e-05,5.95641e-05,0.000279868,0.000279726,0.000259113,0.00030131,3.17894e-05,3.17892e-05,3.15452e-05,3.20397e-05,-0.0289031,4,0.011107,5.93105e-05,11,11,11,0.988738,12,11
robustness,alternating,2,18,10,40,8000,0.0111182,5.93734e-05,0.00026007,3.02295e-05,8.10475,1.6551,7.89106,0.117197,0.107413,0.0111297,0.0111297,0.0110189,0.0112407,5.93003e-05,5.92953e-05,5.90529e-05,5.95658e-05,0.000282642,0.000282042,0.000262544,0.000304799,3.0288e-05,3.02882e-05,3.01536e-05,3.04222e-05,-0.0148097,4,0.011107,5.93105e-05,11,11,11,1,12,11
robustness,alternating,2,18,11,20,8000,0.0111182,5.93734e-05,0.00026007,2.82801e-05,3.78735,0.744214,4.21635,0.00453631,0.0100024,0.0111295,0.0111295,0.0110182,0.0112397,5.93022e-05,5.92974e-05,5.90546e-05,5.95663e-05,0.000282859,0.000282489,0.000263138,0.000304128,2.82377e-05,2.82381e-05,2.79933e-05,2.84791e-05,-0.00160504,3,0.011107,5.93105e-05,11,11,11,1,12,11
robustness,alternating,2,18,12,40,8000,0.0111182,5.93734e-05,0.00026007,2.709e-05,7.26301,1.53752,8.74297,0.0661535,0.0967116,0.0111549,0.0111553,0.0110467,0.0112602,5.92968e-05,5.92932e-05,5.90484e-05,5.95629e-05,0.000284544,0.000284181,0.00026498,0.0003056,2.71184e-05,2.71173e-05,2.69864e-05,2.72508e-05,-0.0239941,4,0.011107,5.93105e-05,11,11,11,1,12,11
robustness,alternating,2,18,13,20,8000,0.0111182,5.93734e-05,0.00026007,2.5406e-05,3.40243,0.704572,4.60689,0.00876765,0.0234588,0.0111627,0.0111625,0.0110552,0.0112671,5.92957e-05,5.92937e-05,5.90384e-05,5.95656e-05,0.000287154,0.00028665,0.000267964,0.00030779,2.52622e-05,2.52628e-05,2.50267e-05,2.5495e-05,-0.0187723,2,0.011107,5.93105e-05,11,11,11,1,12,11
robustness,alternating,2,18,14,40,8000,0.0111182,5.93734e-05,0.00026007,2.49686e-05,6.69426,1.38352,9.3186,0.119126,0.0641946,0.0111396,0.0111399,0.011032,0.0112449,5.92942e-05,5.929e-05,5.90405e-05,5.95637e-05,0.000284341,0.000283866,0.000266453,0.000304151,2.48614e-05,2.48621e-05,2.47268e-05,2.49946e-05,0.00356402,5,0.011107,5.93105e-05,11,11,11,1,12,11
robustness,alternating,2,18,15,20,8000,0.0111182,5.93734e-05,0.00026007,2.41572e-05,3.23519,0.599508,4.77657,0.0930141,0.0645909,0.0111435,0.011141,0.0110414,0.0112616,5.92768e-05,5.92751e-05,5.90063e-05,5.9561e-05,0.000279448,0.000278917,0.00026264,0.000297544,2.40839e-05,2.40889e-05,2.38578e-05,2.42911e-05,-0.0218136,6,0.011107,5.93105e-05,11,11,11,1,12,11
robustness,alternating,2,18,16,40,8000,0.0111182,5.93734e-05,0.00026007,2.31668e-05,6.21119,1.2573,9.80751,0.0723176,0.103296,0.0111589,0.0111557,0.0110545,0.0112757,5.92748e-05,5.92737e-05,5.90105e-05,5.95477e-05,0.000280094,0.000279563,0.000263419,0.00029827,2.32609e-05,2.32619e-05,2.31284e-05,2.33928e-05,0.00707827,3,0.011107,5.93105e-05,11,11,11,1,12,11
robustness,alternating,2,18,17,20,8000,0.0111182,5.93734e-05,0.00026007,2.20121e-05,2.94792,0.57417,5.06804,0.00669088,0.00609138,0.0111684,0.0111647,0.0110621,0.0112865,5.92711e-05,5.92683e-05,5.90098e-05,5.95415e-05,0.000279659,0.000279059,0.000263191,0.000297843,2.2106e-05,2.21047e-05,2.18811e-05,2.23298e-05,0.00683641,2,0.011107,5.93105e-05,11,11,11,1,12,11
robustness,alternating,2,18,18,40,8000,0.0111182,5.93734e-05,0.00026007,2.14926e-05,5.76232,1.16513,10.2618,0.0179289,0.00345405,0.0111772,0.0111741,0.0110695,0.0112945,5.92676e-05,5.92644e-05,5.90007e-05,5.95382e-05,0.000279779,0.000279137,0.000263183,0.000297727,2.15279e-05,2.1528e-05,2.13946e-05,2.16584e-05,0.0116024,3,0.011107,5.93105e-05,11,11,11,1,12,11
robustness,alternating,2,18,19,20,8000,0.0111182,5.93734e-05,0.00026007,2.04649e-05,2.74072,0.535952,5.27827,0.00495376,0.00960986,0.0111754,0.011173,0.0110693,0.0112925,5.92658e-05,5.92642e-05,5.89966e-05,5.95358e-05,0.000279067,0.000278481,0.000262998,0.000296591,2.05685e-05,2.057e-05,2.03477e-05,2.07878e-05,-0.00889257,2,0.011107,5.93105e-05,11,11,11,1,12,11
robustness,alternating,2,18,20,40,8000,0.0111182,5.93734e-05,0.00026007,2.0215e-05,5.41977,1.0682,10.6085,0.0331708,0.0511319,0.0111649,0.0111624,0.01106,0.0112787,5.9266e-05,5.92653e-05,5.89963e-05,5.95411e-05,0.000278582,0.000278073,0.000262901,0.000295757,2.01691e-05,2.0169e-05,2.00383e-05,2.03014e-05,-0.0228806,3,0.011107,5.93105e-05,11,11,11,1,12,11
robustness,alternating,2,19,1,20,8000,0.0320614,5.7304e-05,0.000232591,5.7304e-05,7.66997,0.746653,0.746653,3.79231,0,0.03142,0.031402,0.0303296,0.0325636,5.74844e-05,5.74838e-05,5.72117e-05,5.77611e-05,0.000264198,0.000246851,0.000145962,0.00044319,5.74844e-05,5.74838e-05,5.72117e-05,5.77611e-05,-0.106484,15,0.0313608,5.74908e-05,13,8,21,0.909322,12,14
robustness,alternating,2,19,2,40,8000,0.0320614,5.7304e-05,0.000232591,5.36726e-05,14.3696,1.575,1.03854,0.112913,0.166025,0.0316071,0.0316065,0.0311782,0.0320312,5.74599e-05,5.74566e-05,5.71997e-05,5.77336e-05,0.000279339,0.000277883,0.00021487,0.00034849,5.36431e-05,5.36439e-05,5.35037e-05,5.37815e-05,-0.0263902,7,0.0313608,5.74908e-05,11,9,15,0.981792,12,14
robustness,alternating,2,19,3,20,8000,0.0320614,5.7304e-05,0.000232591,4.91342e-05,6.57647,0.569821,1.14438,0.226965,0.0882944,0.0317664,0.031762,0.0313826,0.0321403,5.74167e-05,5.74138e-05,5.71748e-05,5.76675e-05,0.000216231,0.000215642,0.000185568,0.000248048,4.93195e-05,4.93191e-05,4.90496e-05,4.95933e-05,-0.00937978,7,0.0313608,5.74908e-05,15,13,17,0.964112,12,14
robustness,alternating,2,19,4,40,8000,0.0320614,5.7304e-05,0.000232591,4.73736e-05,12.6832,1.16207,2.75161,0.0448433,0.127676,0.0318838,0.0318861,0.0315816,0.032177,5.7416e-05,5.74176e-05,5.71805e-05,5.76577e-05,0.000213247,0.000212299,0.000186138,0.000244162,4.74278e-05,4.74281e-05,4.72883e-05,4.75642e-05,-0.00200825,5,0.0313608,5.74908e-05,15,13,17,0.980881,12,14
robustness,alternating,2,19,5,20,8000,0.0320614,5.7304e-05,0.000232591,4.38345e-05,5.86711,0.476042,1.8712,0.0224122,0.0715614,0.0319293,0.031936,0.0316285,0.0322145,5.74186e-05,5.74193e-05,5.71867e-05,5.76557e-05,0.000209888,0.000209346,0.000186467,0.000234989,4.38153e-05,4.38162e-05,4.35524e-05,4.4078e-05,0.00254435,3,0.0313608,5.74908e-05,15,13,17,0.994041,12,14
robustness,alternating,2,19,6,40,8000,0.0320614,5.7304e-05,0.000232591,4.15028e-05,11.1114,1.00044,4.34901,0.19295,0.150372,0.0319599,0.0319652,0.0316904,0.0322182,5.74179e-05,5.74176e-05,5.7185e-05,5.76582e-05,0.000215771,0.000215393,0.000193438,0.000240683,4.15476e-05,4.15483e-05,4.14121e-05,4.16834e-05,-0.0228158,6,0.0313608,5.74908e-05,14,13,16,0.978097,12,14
robustness,alternating,2,19,7,20,8000,0.0320614,5.7304e-05,0.000232591,3.83421e-05,5.13197,0.415748,2.6245,0.0391842,0.00368651,0.0319933,0.0319978,0.031732,0.0322396,5.74177e-05,5.74143e-05,5.7186e-05,5.76579e-05,0.000219224,0.000218576,0.000197885,0.00024222,3.8353e-05,3.83526e-05,3.80975e-05,3.86057e-05,0.0159645,3,0.0313608,5.74908e-05,14,13,15,0.971646,12,14
robustness,alternating,2,19,8,40,8000,0.0320614,5.7304e-05,0.000232591,3.70723e-05,9.92523,0.886928,5.5546,0.00371808,0.0258338,0.032035,0.0320397,0.0317892,0.0322668,5.74207e-05,5.74179e-05,5.7191e-05,5.76586e-05,0.000218012,0.000217644,0.000197432,0.000240577,3.72025e-05,3.7203e-05,3.70653e-05,3.73394e-05,-0.00650708,4,0.0313608,5.74908e-05,14,13,15,0.974149,12,14
robustness,alternating,2,19,9,20,8000,0.0320614,5.7304e-05,0.000232591,3.42866e-05,4.58916,0.371765,3.18073,0.0739615,0.0376914,0.0320326,0.0320362,0.0317857,0.0322657,5.74203e-05,5.74188e-05,5.71893e-05,5.76632e-05,0.000223215,0.000222671,0.000202921,0.000245229,3.4424e-05,3.44246e-05,3.41763e-05,3.46711e-05,0.0165649,3,0.0313608,5.74908e-05,14,13,15,0.996235,12,14
robustness,alternating,2,19,10,40,8000,0.0320614,5.7304e-05,0.000232591,3.33899e-05,8.93935,0.799637,6.55665,0.00517129,0.0535097,0.0320627,0.0320644,0.0318373,0.0322805,5.74169e-05,5.74152e-05,5.71873e-05,5.76528e-05,0.000223269,0.000222798,0.000203389,0.000244561,3.33488e-05,3.33484e-05,3.32149e-05,3.34839e-05,-0.00264605,4,0.0313608,5.74908e-05,14,13,15,0.997719,12,14
robustness,alternating,2,19,11,20,8000,0.0320614,5.7304e-05,0.000232591,3.11634e-05,4.17112,0.339072,3.6091,0.0308053,0.0250545,0.0320972,0.032096,0.0318717,0.0323173,5.74134e-05,5.74108e-05,5.719e-05,5.76495e-05,0.000225543,0.000225283,0.000205916,0.000246094,3.11741e-05,3.1175e-05,3.09274e-05,3.14174e-05,-0.00745856,3,0.0313608,5.74908e-05,13,13,15,0.999898,12,14
robustness,alternating,2,19,12,40,8000,0.0320614,5.7304e-05,0.000232591,3.06e-05,8.19242,0.742302,7.31584,0.0831472,0.0928438,0.0321121,0.0321115,0.0319016,0.0323171,5.7422e-05,5.742e-05,5.72031e-05,5.76485e-05,0.00022278,0.000222621,0.000203172,0.00024311,3.0647e-05,3.06472e-05,3.05143e-05,3.07805e-05,-0.0226366,4,0.0313608,5.74908e-05,14,13,15,0.999882,12,14
robustness,alternating,2,19,13,20,8000,0.0320614,5.7304e-05,0.000232591,2.86809e-05,3.83885,0.31681,3.9496,0.043349,0.0271592,0.0321083,0.0321101,0.0318965,0.0323175,5.74209e-05,5.7421e-05,5.7199e-05,5.76456e-05,0.000225026,0.000224696,0.000205743,0.000244787,2.88107e-05,2.88126e-05,2.85633e-05,2.90548e-05,-0.0415861,3,0.0313608,5.74908e-05,14,13,14,0.976496,12,14
robustness,alternating,2,19,14,40,8000,0.0320614,5.7304e-05,0.000232591,2.81547e-05,7.53777,0.691638,7.98125,0.0247313,0.0655675,0.0320636,0.0320665,0.0318571,0.0322683,5.74227e-05,5.74213e-05,5.72013e-05,5.76497e-05,0.00022551,0.000225298,0.000206788,0.000244742,2.80587e-05,2.80577e-05,2.79291e-05,2.8191e-05,-0.01775,3,0.0313608,5.74908e-05,14,13,14,1,12,14
robustness,alternating,2,19,15,20,8000,0.0320614,5.7304e-05,0.000232591,2.67933e-05,3.5862,0.311878,4.2085,0.0191309,0.0135579,0.0320519,0.0320548,0.0318405,0.0322544,5.74247e-05,5.74231e-05,5.72026e-05,5.76533e-05,0.000224976,0.000224662,0.000206813,0.000244164,2.67108e-05,2.67131e-05,2.64723e-05,2.69487e-05,0.000231453,2,0.0313608,5.74908e-05,14,13,14,1,12,14
robustness,alternating,2,19,16,40,8000,0.0320614,5.7304e-05,0.000232591,2.63226e-05,7.04726,0.676356,8.47981,0.0696116,0.0542613,0.0320228,0.0320264,0.0318134,0.0322199,5.74268e-05,5.74278e-05,5.71985e-05,5.76523e-05,0.000223042,0.000222665,0.000205245,0.000241734,2.64169e-05,2.64163e-05,2.6283e-05,2.65473e-05,-0.00234748,5,0.0313608,5.74908e-05,14,13,14,1,12,14
robustness,alternating,2,19,17,20,8000,0.0320614,5.7304e-05,0.000232591,2.49108e-05,3.33423,0.295663,4.4667,0.036646,0.0182656,0.0320089,0.0320114,0.031803,0.0322072,5.74257e-05,5.74268e-05,5.71949e-05,5.76529e-05,0.000224008,0.000223541,0.000206624,0.000242705,2.51139e-05,2.51135e-05,2.48797e-05,2.53451e-05,0.00911854,2,0.0313608,5.74908e-05,14,13,14,1,12,14
robustness,alternating,2,19,18,40,8000,0.0320614,5.7304e-05,0.000232591,2.43841e-05,6.52826,0.623985,9.00734,0.0449161,0.0144153,0.0319984,0.0319984,0.0317928,0.0322014,5.7424e-05,5.74275e-05,5.7195e-05,5.76439e-05,0.000225885,0.000225551,0.000208889,0.000244308,2.42963e-05,2.42967e-05,2.41629e-05,2.44285e-05,0.0030289,4,0.0313608,5.74908e-05,14,13,14,1,12,14
robustness,alternating,2,19,19,20,8000,0.0320614,5.7304e-05,0.000232591,2.28086e-05,3.05286,0.2545,4.75503,0.0587622,0.0653157,0.0320019,0.0320028,0.031792,0.032205,5.74216e-05,5.7423e-05,5.71952e-05,5.764e-05,0.000229263,0.000229117,0.000211682,0.000247727,2.29007e-05,2.29004e-05,2.26745e-05,2.31259e-05,-0.00343775,3,0.0313608,5.74908e-05,14,13,14,1,12,14
robustness,alternating,2,19,20,40,8000,0.0320614,5.7304e-05,0.000232591,2.24927e-05,6.0219,0.556189,9.52202,0.0200066,0.0464272,0.032037,0.0320357,0.0318396,0.0322412,5.74205e-05,5.74211e-05,5.71987e-05,5.76345e-05,0.000228096,0.000227977,0.000210582,0.000246538,2.25207e-05,2.25201e-05,2.23883e-05,2.26516e-05,-0.00204854,4,0.0313608,5.74908e-05,14,13,14,1,12,14
robustness,alternating,2,20,1,20,8000,0.00148679,5.13882e-05,0.000334693,5.13882e-05,6.92219,2.2605,2.2605,3.64081,0,0.0014696,0.00146959,0.00138158,0.00155922,5.13406e-05,5.1343e-05,5.10627e-05,5.16188e-05,0.000267007,0.00024764,0.000148174,0.000445533,5.13406e-05,5.1343e-05,5.10627e-05,5.16188e-05,0.0526458,14,0.00147114,5.13377e-05,14,9,23,0.912546,12,11
robustness,alternating,2,20,2,40,8000,0.00148679,5.13882e-05,0.000334693,4.80539e-05,13.0056,4.19903,0.897631,0.138998,0.0436833,0.00145572,0.00145562,0.00140734,0.00150424,5.13105e-05,5.1311e-05,5.10287e-05,5.15933e-05,0.000312913,0.000310313,0.000231456,0.000402657,4.78897e-05,4.78911e-05,4.77511e-05,4.80254e-05,0.0837081,7,0.00147114,5.13377e-05,11,9,15,0.967136,12,11
robustness,alternating,2,20,3,20,8000,0.00148679,5.13882e-05,0.000334693,4.18483e-05,5.63713,1.9789,1.2908,0.0698182,0.034177,0.00147343,0.0014737,0.00142887,0.00151725,5.13424e-05,5.13417e-05,5.10724e-05,5.16091e-05,0.000344681,0.000344062,0.000304063,0.000386336,4.16771e-05,4.16754e-05,4.14078e-05,4.19554e-05,0.0223479,5,0.00147114,5.13377e-05,11,9,12,0.989738,12,11
robustness,alternating,2,20,4,40,8000,0.00148679,5.13882e-05,0.000334693,3.92638e-05,10.6266,3.75069,3.29746,0.0120654,0.0688295,0.00148077,0.00148059,0.00144182,0.0015192,5.13466e-05,5.13453e-05,5.10799e-05,5.16125e-05,0.000347844,0.00034741,0.000310748,0.000387069,3.91527e-05,3.91524e-05,3.90177e-05,3.92904e-05,0.0541649,4,0.00147114,5.13377e-05,11,9,11,0.980343,12,11
robustness,alternating,2,20,5,20,8000,0.00148679,5.13882e-05,0.000334693,3.55757e-05,4.79219,1.74242,2.1438,0.0769514,0.0454765,0.00148893,0.00148858,0.00145221,0.00152602,5.13472e-05,5.13455e-05,5.10892e-05,5.16096e-05,0.00033146,0.000331064,0.000301855,0.000362542,3.5542e-05,3.554e-05,3.52834e-05,3.57977e-05,0.0218549,4,0.00147114,5.13377e-05,11,10,12,0.993146,12,11
robustness,alternating,2,20,6,40,8000,0.00148679,5.13882e-05,0.000334693,3.36309e-05,9.10205,3.32486,4.83538,0.0657488,0.0688132,0.00147682,0.00147703,0.00144326,0.00151033,5.13403e-05,5.13386e-05,5.10806e-05,5.16032e-05,0.000333941,0.000333585,0.000306241,0.000363533,3.37275e-05,3.37284e-05,3.3591e-05,3.38604e-05,0.0391382,4,0.00147114,5.13377e-05,11,10,11,0.97667,12,11
robustness,alternating,2,20,7,20,8000,0.00148679,5.13882e-05,0.000334693,3.09104e-05,4.16375,1.56078,2.77823,0.0229909,0.034443,0.0014747,0.00147489,0.00144195,0.00150669,5.1339e-05,5.13356e-05,5.10801e-05,5.15926e-05,0.000331711,0.000331316,0.000306303,0.000359061,3.08285e-05,3.08275e-05,3.0579e-05,3.10771e-05,0.0200428,2,0.00147114,5.13377e-05,11,10,11,0.986631,12,11
robustness,alternating,2,20,8,40,8000,0.00148679,5.13882e-05,0.000334693,2.99796e-05,8.11386,2.90285,5.83225,0.112902,0.0958876,0.00148147,0.00148117,0.00145196,0.00151144,5.1336e-05,5.13383e-05,5.10811e-05,5.15847e-05,0.000326445,0.000325992,0.00030272,0.000351897,2.99683e-05,2.99677e-05,2.98337e-05,3.01036e-05,0.0571227,5,0.00147114,5.13377e-05,11,11,11,0.957565,12,11
robustness,alternating,2,20,9,20,8000,0.00148679,5.13882e-05,0.000334693,2.78661e-05,3.75368,1.37314,3.19222,0.0283109,0.0355402,0.00148289,0.00148268,0.0014541,0.00151233,5.13373e-05,5.13375e-05,5.10836e-05,5.15874e-05,0.000324681,0.000324143,0.000302543,0.000348717,2.77444e-05,2.77436e-05,2.75019e-05,2.79866e-05,0.0277481,2,0.00147114,5.13377e-05,11,11,11,0.973583,12,11
robustness,alternating,2,20,10,40,8000,0.00148679,5.13882e-05,0.000334693,2.64045e-05,7.14626,2.67459,6.80835,0.090705,0.114014,0.00148022,0.00148012,0.00145282,0.00150834,5.1335e-05,5.13357e-05,5.10808e-05,5.15851e-05,0.00032808,0.000327801,0.000305439,0.000351359,2.64145e-05,2.64131e-05,2.62838e-05,2.65484e-05,0.000211732,5,0.00147114,5.13377e-05,11,11,11,0.99992,12,11
robustness,alternating,2,20,11,20,8000,0.00148679,5.13882e-05,0.000334693,2.41997e-05,3.25979,1.3181,3.69082,0.0541009,0.0480938,0.0014787,0.00147859,0.00145099,0.00150652,5.13333e-05,5.13322e-05,5.10815e-05,5.1584e-05,0.000330975,0.000330729,0.000308612,0.000353639,2.44187e-05,2.44184e-05,2.41819e-05,2.46526e-05,-0.00359202,2,0.00147114,5.13377e-05,11,11,11,1,12,11
robustness,alternating,2,20,12,40,8000,0.00148679,5.13882e-05,0.000334693,2.33165e-05,6.31052,2.52544,7.65142,0.0853701,0.0256021,0.001483,0.00148307,0.00145581,0.00151013,5.13315e-05,5.13324e-05,5.10765e-05,5.15828e-05,0.000333393,0.000333137,0.00031164,0.000355256,2.3396e-05,2.33953e-05,2.32664e-05,2.35303e-05,0.0180214,4,0.00147114,5.13377e-05,11,11,11,1,12,11
robustness,alternating,2,20,13,20,8000,0.00148679,5.13882e-05,0.000334693,2.19114e-05,2.95155,1.21619,4.002,0.00424885,0.00603992,0.00148464,0.00148469,0.00145741,0.00151217,5.13324e-05,5.13325e-05,5.1078e-05,5.15854e-05,0.000334238,0.000334211,0.000312849,0.000355779,2.18798e-05,2.18787e-05,2.16601e-05,2.21036e-05,0.0204387,2,0.00147114,5.13377e-05,11,11,11,1,12,11
robustness,alternating,2,20,14,40,8000,0.00148679,5.13882e-05,0.000334693,2.13575e-05,5.78032,2.305,8.18628,0.0334187,0.0257461,0.00148979,0.00148958,0.00146356,0.00151734,5.13305e-05,5.13304e-05,5.10763e-05,5.1581e-05,0.000333173,0.000333081,0.000312504,0.000354162,2.13547e-05,2.13545e-05,2.12231e-05,2.1486e-05,0.0242468,3,0.00147114,5.13377e-05,11,11,11,1,12,11
robustness,alternating,2,20,15,20,8000,0.00148679,5.13882e-05,0.000334693,1.99607e-05,2.68878,1.13424,4.26728,0.0251815,0.0241219,0.00149067,0.00149076,0.00146512,0.00151626,5.13321e-05,5.13336e-05,5.10796e-05,5.1584e-05,0.000335814,0.000335705,0.000315335,0.000356733,1.99524e-05,1.99542e-05,1.97338e-05,2.01688e-05,0.0185565,3,0.00147114,5.13377e-05,11,11,11,1,12,11
robustness,alternating,2,20,16,40,8000,0.00148679,5.13882e-05,0.000334693,1.94218e-05,5.25643,2.16873,8.71477,0.00226748,7.47466e-05,0.00148833,0.00148862,0.00146355,0.00151268,5.13365e-05,5.13357e-05,5.1086e-05,5.15897e-05,0.000335929,0.000335746,0.000315374,0.000356866,1.94028e-05,1.94021e-05,1.92705e-05,1.95361e-05,0.0358892,3,0.00147114,5.13377e-05,11,11,11,1,12,11
robustness,alternating,2,20,17,20,8000,0.00148679,5.13882e-05,0.000334693,1.82401e-05,2.45701,1.0706,4.50126,0.0204442,0.0232023,0.00148732,0.00148743,0.00146325,0.00151195,5.13301e-05,5.13301e-05,5.10831e-05,5.1583e-05,0.00033888,0.000338487,0.000318567,0.000360415,1.8173e-05,1.81736e-05,1.79624e-05,1.83863e-05,-0.0105902,3,0.00147114,5.13377e-05,11,11,11,1,12,11
robustness,alternating,2,20,18,40,8000,0.00148679,5.13882e-05,0.000334693,1.80395e-05,4.8823,2.0064,9.09218,0.0868451,0.0681631,0.00148554,0.00148528,0.00146196,0.00150986,5.13321e-05,5.13299e-05,5.10858e-05,5.15877e-05,0.000336937,0.000336723,0.000316954,0.000357304,1.79353e-05,1.79351e-05,1.78061e-05,1.80644e-05,0.00338845,3,0.00147114,5.13377e-05,11,11,11,1,12,11
robustness,alternating,2,20,19,20,8000,0.00148679,5.13882e-05,0.000334693,1.72474e-05,2.3233,0.97286,4.63625,0.0248494,0.0111386,0.0014861,0.0014859,0.0014624,0.00151029,5.13311e-05,5.1329e-05,5.10835e-05,5.15868e-05,0.000336932,0.000336753,0.000317076,0.000357036,1.70694e-05,1.70695e-05,1.68617e-05,1.72795e-05,0.0275237,2,0.00147114,5.13377e-05,11,11,11,1,12,11
robustness,alternating,2,20,20,40,8000,0.00148679,5.13882e-05,0.000334693,1.68618e-05,4.56358,1.86354,9.4137,0.0514044,0.0047182,0.00148561,0.00148569,0.00146179,0.00150949,5.13309e-05,5.13306e-05,5.10809e-05,5.15864e-05,0.000335795,0.000335701,0.000316429,0.000355794,1.68356e-05,1.68353e-05,1.67105e-05,1.69647e-05,-0.00199775,3,0.00147114,5.13377e-05,11,11,11,1,12,11
robustness,alternating,2,21,1,20,8000,0.0232812,3.8188e-05,0.000346871,3.8188e-05,5.11037,3.09657,3.09657,4.66931,0,0.022037,0.0220199,0.0211325,0.0229729,3.82597e-05,3.82581e-05,3.79835e-05,3.85349e-05,0.000279611,0.000264806,0.000146564,0.000466468,3.82597e-05,3.82581e-05,3.79835e-05,3.85349e-05,-0.0880998,16,0.0220252,3.82677e-05,17,11,31,0.910397,12,13
robustness,alternating,2,21,2,40,8000,0.0232812,3.8188e-05,0.000346871,3.61463e-05,9.68108,5.86572,0.580132,0.149754,0.0107983,0.0227857,0.0227804,0.0222265,0.0233635,3.82117e-05,3.82088e-05,3.79544e-05,3.84751e-05,0.000337208,0.000334644,0.000246655,0.000441407,3.61009e-05,3.61005e-05,3.59659e-05,3.62378e-05,-0.00325489,6,0.0220252,3.82677e-05,14,11,19,0.951417,12,13
robustness,alternating,2,21,3,20,8000,0.0232812,3.8188e-05,0.000346871,3.24117e-05,4.33738,2.54811,0.797277,0.0417763,0.0312555,0.0230753,0.0230767,0.0225641,0.0235834,3.82287e-05,3.82293e-05,3.79672e-05,3.84828e-05,0.000354338,0.000354271,0.000300448,0.000409491,3.24695e-05,3.24723e-05,3.21954e-05,3.27388e-05,-0.0674741,5,0.0220252,3.82677e-05,13,12,15,0.910622,12,13
robustness,alternating,2,21,4,40,8000,0.0232812,3.8188e-05,0.000346871,3.07948e-05,8.24778,4.9254,2.03095,0.0545597,0.0459276,0.0232999,0.0233032,0.0228814,0.0237021,3.82196e-05,3.822e-05,3.7953e-05,3.84846e-05,0.000358959,0.000358714,0.000312872,0.000406281,3.09055e-05,3.09047e-05,3.07726e-05,3.1041e-05,-0.021899,4,0.0220252,3.82677e-05,13,12,15,0.950867,12,13
robustness,alternating,2,21,5,20,8000,0.0232812,3.8188e-05,0.000346871,2.83842e-05,3.79842,2.13888,1.34684,0.0197725,0.0208994,0.023245,0.0232408,0.0228524,0.0236454,3.82213e-05,3.82234e-05,3.79554e-05,3.84831e-05,0.000353127,0.000352715,0.000313698,0.000393527,2.83558e-05,2.8357e-05,2.81035e-05,2.86048e-05,-0.0416214,2,0.0220252,3.82677e-05,13,12,15,0.981244,12,13
robustness,alternating,2,21,6,40,8000,0.0232812,3.8188e-05,0.000346871,2.76333e-05,7.40105,4.04933,2.88975,0.110185,0.0985772,0.0233393,0.0233453,0.0229716,0.0236997,3.82103e-05,3.82158e-05,3.79342e-05,3.84707e-05,0.000342605,0.000342179,0.000306669,0.0003796,2.76087e-05,2.76089e-05,2.74732e-05,2.77407e-05,0.00580568,5,0.0220252,3.82677e-05,14,13,15,0.96212,12,13
robustness,alternating,2,21,7,20,8000,0.0232812,3.8188e-05,0.000346871,2.57069e-05,3.44013,1.78319,1.71237,0.0192578,0.0200606,0.0232671,0.0232675,0.0229143,0.0236213,3.82102e-05,3.82148e-05,3.79315e-05,3.84731e-05,0.000338966,0.000338801,0.000305731,0.000372318,2.56689e-05,2.56681e-05,2.54281e-05,2.59076e-05,0.00023223,3,0.0220252,3.82677e-05,14,13,15,0.975572,12,13
robustness,alternating,2,21,8,40,8000,0.0232812,3.8188e-05,0.000346871,2.48973e-05,6.66825,3.46279,3.63316,0.0312392,0.0286847,0.0232955,0.0232996,0.0229698,0.0236231,3.82032e-05,3.8207e-05,3.79195e-05,3.84738e-05,0.000338111,0.000338069,0.000305676,0.000369412,2.47962e-05,2.47971e-05,2.46615e-05,2.4928e-05,-0.0350146,3,0.0220252,3.82677e-05,14,13,15,0.984605,12,13
robustness,alternating,2,21,9,20,8000,0.0232812,3.8188e-05,0.000346871,2.32144e-05,3.10659,1.55764,2.05272,0.00721403,0.000908767,0.0233313,0.0233317,0.0230144,0.0236554,3.82087e-05,3.82105e-05,3.79383e-05,3.84764e-05,0.00034278,0.00034228,0.000313124,0.000372965,2.29982e-05,2.30019e-05,2.27605e-05,2.32282e-05,0.0119162,2,0.0220252,3.82677e-05,14,13,15,0.99567,12,13
robustness,alternating,2,21,10,40,8000,0.0232812,3.8188e-05,0.000346871,2.24531e-05,6.01363,3.07144,4.29731,0.0478023,0.0037292,0.0234046,0.023405,0.0231026,0.0237014,3.82059e-05,3.82073e-05,3.79339e-05,3.84684e-05,0.000342199,0.000341519,0.000313126,0.000372041,2.23069e-05,2.23061e-05,2.2175e-05,2.24386e-05,0.0165588,4,0.0220252,3.82677e-05,14,13,15,0.99857,12,13
robustness,alternating,2,21,11,20,8000,0.0232812,3.8188e-05,0.000346871,2.11858e-05,2.83512,1.37959,2.32976,0.0301762,0.0152234,0.0234088,0.0234071,0.023115,0.0237079,3.82033e-05,3.82069e-05,3.79304e-05,3.84712e-05,0.000340061,0.000339596,0.000312361,0.000368744,2.1052e-05,2.10513e-05,2.08285e-05,2.1276e-05,-0.00473408,2,0.0220252,3.82677e-05,14,13,15,0.998909,12,13
robustness,alternating,2,21,12,40,8000,0.0232812,3.8188e-05,0.000346871,2.00895e-05,5.38059,2.85074,4.93961,0.0980245,0.128488,0.0233464,0.0233406,0.0230753,0.0236411,3.82137e-05,3.82141e-05,3.79545e-05,3.84754e-05,0.000346276,0.000346315,0.000318758,0.000373504,2.00451e-05,2.00478e-05,1.99106e-05,2.01753e-05,-0.0165969,5,0.0220252,3.82677e-05,13,13,14,0.987903,12,13
robustness,alternating,2,21,13,20,8000,0.0232812,3.8188e-05,0.000346871,1.90221e-05,2.54556,1.29817,2.62527,0.01054,0.00545387,0.0233295,0.0233233,0.02306,0.0236171,3.82124e-05,3.82116e-05,3.79541e-05,3.84743e-05,0.000344113,0.000343998,0.00031768,0.000370817,1.90405e-05,1.90399e-05,1.88255e-05,1.92577e-05,-0.0163243,2,0.0220252,3.82677e-05,13,13,14,0.990176,12,13
robustness,alternating,2,21,14,40,8000,0.0232812,3.8188e-05,0.000346871,1.81668e-05,4.86563,2.66032,5.46212,0.101778,0.0956134,0.0232942,0.0232928,0.0230271,0.0235762,3.82203e-05,3.82191e-05,3.79581e-05,3.84799e-05,0.000346882,0.00034699,0.000321614,0.000372453,1.83254e-05,1.83254e-05,1.81957e-05,1.84555e-05,-0.0304587,3,0.0220252,3.82677e-05,13,13,14,1,12,13
robustness,alternating,2,21,15,20,8000,0.0232812,3.8188e-05,0.000346871,1.73294e-05,2.31905,1.21462,2.85644,0.0101277,0.00964258,0.0232777,0.0232731,0.023014,0.023554,3.82197e-05,3.82199e-05,3.79548e-05,3.84826e-05,0.000349736,0.000349819,0.00032461,0.000375111,1.72477e-05,1.72485e-05,1.70392e-05,1.74552e-05,-0.013404,3,0.0220252,3.82677e-05,13,13,14,1,12,13
robustness,alternating,2,21,16,40,8000,0.0232812,3.8188e-05,0.000346871,1.69062e-05,4.52799,2.41018,5.80472,0.0202112,0.00133574,0.0232764,0.0232724,0.0230125,0.0235527,3.82212e-05,3.82196e-05,3.79568e-05,3.8488e-05,0.000349685,0.000349818,0.000324316,0.000375334,1.68483e-05,1.68495e-05,1.67198e-05,1.69767e-05,-0.0194047,2,0.0220252,3.82677e-05,13,13,14,1,12,13
robustness,alternating,2,21,17,20,8000,0.0232812,3.8188e-05,0.000346871,1.58865e-05,2.12596,1.14434,3.05351,0.024014,0.0316731,0.0232711,0.0232689,0.0230051,0.0235421,3.82224e-05,3.82211e-05,3.79593e-05,3.84806e-05,0.000351861,0.000351839,0.000326568,0.000377091,1.59396e-05,1.59385e-05,1.57438e-05,1.6139e-05,-0.0167106,3,0.0220252,3.82677e-05,13,13,14,1,12,13
robustness,alternating,2,21,18,40,8000,0.0232812,3.8188e-05,0.000346871,1.53519e-05,4.1117,2.31772,6.22712,0.0628998,0.049669,0.023291,0.0232936,0.023029,0.0235523,3.82229e-05,3.82238e-05,3.79644e-05,3.84832e-05,0.000354246,0.000354158,0.000329239,0.000379497,1.53802e-05,1.53803e-05,1.52535e-05,1.55072e-05,-3.11767e-05,3,0.0220252,3.82677e-05,13,13,14,1,12,13
robustness,alternating,2,21,19,20,8000,0.0232812,3.8188e-05,0.000346871,1.4864e-05,1.98912,1.05517,3.19316,0.0200143,0.0222825,0.0232591,0.023262,0.0229844,0.0235255,3.82235e-05,3.8227e-05,3.79609e-05,3.84821e-05,0.000351446,0.000351453,0.000326999,0.000376316,1.48937e-05,1.48925e-05,1.47005e-05,1.5087e-05,0.00036788,3,0.0220252,3.82677e-05,13,13,14,1,12,13
robustness,alternating,2,21,20,40,8000,0.0232812,3.8188e-05,0.000346871,1.49207e-05,3.99622,2.0082,6.34429,0.0926112,0.0992029,0.0232615,0.0232604,0.0229893,0.0235293,3.82252e-05,3.82279e-05,3.79681e-05,3.8481e-05,0.000349348,0.000349167,0.000325739,0.000373617,1.47878e-05,1.47867e-05,1.46611e-05,1.49163e-05,0.0229532,4,0.0220252,3.82677e-05,13,13,14,1,12,13
robustness,alternating,2,22,1,20,8000,3.06271,6.15639e-05,0.000243022,6.15639e-05,8.45118,12.092,12.092,9.05001,0,3.06233,3.06208,3.03189,3.09309,6.15932e-05,6.15937e-05,6.14076e-05,6.1782e-05,0.00025621,0.000241157,0.000140812,0.000426535,6.15932e-05,6.15937e-05,6.14076e-05,6.1782e-05,-0.576259,17,3.06208,6.15955e-05,13,7,21,0.961299,12,13
robustness,alternating,2,22,2,40,8000,3.06271,6.15639e-05,0.000243022,5.71677e-05,15.5862,19.2254,1.85988,0.257684,0.323001,3.0586,3.05868,3.04563,3.07119,6.16054e-05,6.16069e-05,6.14474e-05,6.17604e-05,0.000283945,0.000283549,0.000217922,0.000351275,5.72181e-05,5.72175e-05,5.71245e-05,5.73147e-05,-0.396679,8,3.06208,6.15955e-05,11,9,13,0.9443,12,13
robustness,alternating,2,22,3,20,8000,3.06271,6.15639e-05,0.000243022,5.07571e-05,6.96769,9.96931,2.58492,0.144743,0.0746391,3.06106,3.06102,3.04906,3.07311,6.15945e-05,6.15948e-05,6.14416e-05,6.17443e-05,0.000260163,0.000260281,0.000228791,0.000292081,5.08497e-05,5.08498e-05,5.06934e-05,5.10048e-05,-0.221988,6,3.06208,6.15955e-05,11,11,13,0.941911,12,13
robustness,alternating,2,22,4,40,8000,3.06271,6.15639e-05,0.000243022,4.82446e-05,13.1534,16.2273,5.60973,0.0203297,0.0141708,3.0625,3.0626,3.05258,3.07216,6.1586e-05,6.15867e-05,6.14369e-05,6.17298e-05,0.00025878,0.000258362,0.000231433,0.0002874,4.83231e-05,4.83227e-05,4.82304e-05,4.84159e-05,-0.280895,5,3.06208,6.15955e-05,11,11,13,0.974419,12,13
robustness,alternating,2,22,5,20,8000,3.06271,6.15639e-05,0.000243022,4.41438e-05,6.05985,8.67028,4.16245,0.115498,0.06672,3.06223,3.06229,3.05273,3.07156,6.1583e-05,6.15819e-05,6.144e-05,6.17295e-05,0.000250878,0.000250645,0.000228161,0.000274734,4.41122e-05,4.41127e-05,4.3961e-05,4.4263e-05,-0.157178,5,3.06208,6.15955e-05,12,11,13,0.994522,12,13
robustness,alternating,2,22,6,40,8000,3.06271,6.15639e-05,0.000243022,4.26987e-05,11.6414,14.3513,7.94032,0.216887,0.183193,3.06353,3.06358,3.05524,3.07166,6.15779e-05,6.15754e-05,6.14422e-05,6.17216e-05,0.000245813,0.000245812,0.000223402,0.000268429,4.27722e-05,4.27721e-05,4.26855e-05,4.28603e-05,-0.21276,6,3.06208,6.15955e-05,12,11,13,0.985103,12,13
robustness,alternating,2,22,7,20,8000,3.06271,6.15639e-05,0.000243022,3.86049e-05,5.29949,7.5824,5.4837,0.160743,0.15363,3.06218,3.06206,3.05398,3.07058,6.15827e-05,6.1583e-05,6.14412e-05,6.17289e-05,0.000251831,0.000251787,0.000232336,0.000272001,3.87609e-05,3.87596e-05,3.86119e-05,3.89135e-05,-0.117173,5,3.06208,6.15955e-05,12,11,13,0.99974,12,13
robustness,alternating,2,22,8,40,8000,3.06271,6.15639e-05,0.000243022,3.72822e-05,10.1646,12.5365,10.2166,0.00935064,0.0503462,3.06444,3.06442,3.05692,3.07219,6.1579e-05,6.15791e-05,6.14371e-05,6.17267e-05,0.000251783,0.000251684,0.000231877,0.000272501,3.73118e-05,3.73117e-05,3.72236e-05,3.74013e-05,-0.169464,5,3.06208,6.15955e-05,12,11,13,0.99969,12,13
robustness,alternating,2,22,9,20,8000,3.06271,6.15639e-05,0.000243022,3.43383e-05,4.7138,6.74448,6.50144,0.0564991,0.0715391,3.06546,3.06539,3.05778,3.0733,6.15767e-05,6.15764e-05,6.14306e-05,6.17228e-05,0.000253958,0.000253859,0.000235052,0.000273202,3.43794e-05,3.4378e-05,3.42307e-05,3.45286e-05,-0.113254,3,3.06208,6.15955e-05,12,11,13,1,12,13
robustness,alternating,2,22,10,40,8000,3.06271,6.15639e-05,0.000243022,3.37019e-05,9.18852,11.329,11.7211,0.214751,0.213183,3.06484,3.06485,3.05733,3.0721,6.15752e-05,6.15746e-05,6.14415e-05,6.17082e-05,0.000250746,0.00025052,0.000232253,0.000269225,3.36628e-05,3.36628e-05,3.35753e-05,3.3751e-05,-0.168154,6,3.06208,6.15955e-05,12,12,13,0.975724,12,13
robustness,alternating,2,22,11,20,8000,3.06271,6.15639e-05,0.000243022,3.16266e-05,4.34155,6.21196,7.14829,0.0431133,0.0221283,3.06435,3.06428,3.05708,3.07152,6.15761e-05,6.1576e-05,6.14436e-05,6.1712e-05,0.000248491,0.000248298,0.000230708,0.000266548,3.16527e-05,3.1653e-05,3.1505e-05,3.18015e-05,-0.0839963,4,3.06208,6.15955e-05,12,12,13,1,12,13
robustness,alternating,2,22,12,40,8000,3.06271,6.15639e-05,0.000243022,3.12719e-05,8.526,10.5054,12.7423,0.25938,0.259197,3.06347,3.0636,3.05627,3.07028,6.15782e-05,6.15767e-05,6.14545e-05,6.1703e-05,0.000244711,0.000244632,0.000226207,0.00026316,3.12195e-05,3.12197e-05,3.11318e-05,3.13069e-05,-0.131798,6,3.06208,6.15955e-05,13,13,13,1,12,13
robustness,alternating,2,22,13,20,8000,3.06271,6.15639e-05,0.000243022,2.91033e-05,3.99516,5.71671,7.7502,0.056639,0.0709646,3.06289,3.063,3.0559,3.06962,6.15787e-05,6.15776e-05,6.14571e-05,6.17036e-05,0.000245446,0.00024525,0.000228164,0.000263124,2.92516e-05,2.9251e-05,2.91059e-05,2.9397e-05,-0.0848079,4,3.06208,6.15955e-05,13,13,13,1,12,13
robustness,alternating,2,22,14,40,8000,3.06271,6.15639e-05,0.000243022,2.74795e-05,7.49202,9.24368,14.336,0.393914,0.336257,3.0633,3.06344,3.05617,3.06996,6.15749e-05,6.15788e-05,6.1457e-05,6.16835e-05,0.00025011,0.000249614,0.000231747,0.000270445,2.75774e-05,2.75779e-05,2.74906e-05,2.76659e-05,-0.135084,9,3.06208,6.15955e-05,13,13,13,1,12,13
robustness,alternating,2,22,15,20,8000,3.06271,6.15639e-05,0.000243022,2.5988e-05,3.56751,5.1044,8.49332,0.0214019,0.00984664,3.06357,3.06371,3.05651,3.07028,6.15746e-05,6.15772e-05,6.14564e-05,6.16852e-05,0.000250064,0.000249541,0.000232639,0.000269238,2.60904e-05,2.60902e-05,2.5946e-05,2.6236e-05,-0.0789722,3,3.06208,6.15955e-05,13,13,13,1,12,13
robustness,alternating,2,22,16,40,8000,3.06271,6.15639e-05,0.000243022,2.53147e-05,6.90182,8.51564,15.2457,0.0408933,0.0065244,3.06289,3.06296,3.05606,3.06942,6.15753e-05,6.15763e-05,6.14581e-05,6.16874e-05,0.000250846,0.00025022,0.000233234,0.00027079,2.52321e-05,2.52326e-05,2.51452e-05,2.53177e-05,-0.128801,4,3.06208,6.15955e-05,13,13,13,1,12,13
robustness,alternating,2,22,17,20,8000,3.06271,6.15639e-05,0.000243022,2.35734e-05,3.23604,4.63101,9.06931,0.0950257,0.121187,3.06267,3.06273,3.05575,3.06922,6.15785e-05,6.15795e-05,6.14632e-05,6.16916e-05,0.000254272,0.000253552,0.000236496,0.000274824,2.36267e-05,2.36272e-05,2.3482e-05,2.37704e-05,-0.092575,4,3.06208,6.15955e-05,13,13,13,1,12,13
robustness,alternating,2,22,18,40,8000,3.06271,6.15639e-05,0.000243022,2.29539e-05,6.25817,7.73102,16.2378,0.0444759,0.0326166,3.06291,3.06295,3.0561,3.06944,6.15794e-05,6.15821e-05,6.14614e-05,6.16917e-05,0.00025527,0.000254811,0.000237563,0.000274743,2.29183e-05,2.29193e-05,2.28322e-05,2.30028e-05,-0.121524,4,3.06208,6.15955e-05,13,13,13,1,12,13
robustness,alternating,2,22,19,20,8000,3.06271,6.15639e-05,0.000243022,2.23123e-05,3.06293,4.38252,9.37011,0.108735,0.0893975,3.06282,3.06288,3.05619,3.06922,6.15771e-05,6.15796e-05,6.14585e-05,6.16894e-05,0.000252047,0.000251785,0.000234914,0.000269764,2.22064e-05,2.2205e-05,2.20605e-05,2.23553e-05,-0.105111,5,3.06208,6.15955e-05,13,13,13,1,12,13
robustness,alternating,2,22,20,40,8000,3.06271,6.15639e-05,0.000243022,2.17239e-05,5.92282,7.31047,16.7547,0.00566823,0.0431451,3.06296,3.0631,3.0564,3.0693,6.15768e-05,6.15792e-05,6.14568e-05,6.16906e-05,0.000252333,0.00025185,0.000235578,0.000270292,2.1656e-05,2.16563e-05,2.15701e-05,2.17414e-05,-0.0853452,3,3.06208,6.15955e-05,13,13,13,1,12,13
robustness,alternating,2,23,1,20,8000,0.00966661,6.00985e-05,0.000461774,6.00985e-05,8.04992,1.38492,1.38492,3.02462,0,0.00995963,0.00995875,0.00957098,0.0103563,5.98315e-05,5.98296e-05,5.95592e-05,6.01035e-05,0.00026518,0.000253076,0.000149202,0.000424957,5.98315e-05,5.98296e-05,5.95592e-05,6.01035e-05,-0.0260411,15,0.00996146,5.98321e-05,12,8,20,0.907299,12,7
robustness,alternating,2,23,2,40,8000,0.00966661,6.00985e-05,0.000461774,5.37086e-05,14.4035,2.72186,1.66252,0.652715,0.00768085,0.00983578,0.00983639,0.00965411,0.0100198,5.97946e-05,5.97914e-05,5.95288e-05,6.00665e-05,0.000429419,0.000426253,0.000359984,0.000507007,5.35562e-05,5.35557e-05,5.34168e-05,5.36975e-05,0.0321598,9,0.00996146,5.98321e-05,7,7,9,0.984058,12,7
robustness,alternating,2,23,3,20,8000,0.00966661,6.00985e-05,0.000461774,4.36714e-05,5.84957,1.46333,2.19592,0.100462,0.0280567,0.00984345,0.00984332,0.00967151,0.010018,5.98223e-05,5.98234e-05,5.95336e-05,6.01103e-05,0.000466078,0.000465849,0.000429853,0.00050363,4.35044e-05,4.35052e-05,4.32292e-05,4.37755e-05,-0.0212161,5,0.00996146,5.98321e-05,7,7,7,0.967896,12,7
robustness,alternating,2,23,4,40,8000,0.00966661,6.00985e-05,0.000461774,4.009e-05,10.7513,3.01987,5.35684,0.0240976,0.0380926,0.00988327,0.00988383,0.00973504,0.0100306,5.98133e-05,5.98169e-05,5.95218e-05,6.01075e-05,0.000463656,0.000463185,0.000431554,0.000497836,4.02066e-05,4.02065e-05,4.00684e-05,4.0343e-05,-0.00169396,4,0.00996146,5.98321e-05,7,7,7,0.982609,12,7
robustness,alternating,2,23,5,20,8000,0.00966661,6.00985e-05,0.000461774,3.37411e-05,4.51946,1.63988,3.54474,0.109933,0.0996514,0.00985397,0.00985227,0.00970955,0.0100021,5.98219e-05,5.98272e-05,5.95184e-05,6.01132e-05,0.000479031,0.000478437,0.000449405,0.000510124,3.39727e-05,3.39707e-05,3.37166e-05,3.42285e-05,-0.00944898,4,0.00996146,5.98321e-05,7,7,7,0.999993,12,7
robustness,alternating,2,23,6,40,8000,0.00966661,6.00985e-05,0.000461774,3.24887e-05,8.71278,3.08042,7.41914,0.188227,0.222655,0.00982861,0.00982523,0.00970045,0.00996025,5.98233e-05,5.98291e-05,5.95278e-05,6.00965e-05,0.000468681,0.000468674,0.000441122,0.000495886,3.24804e-05,3.24806e-05,3.23448e-05,3.26168e-05,-0.0199186,6,0.00996146,5.98321e-05,7,7,7,1,12,7
robustness,alternating,2,23,7,20,8000,0.00966661,6.00985e-05,0.000461774,2.89659e-05,3.87985,1.51945,4.19336,0.0377657,0.029464,0.0098265,0.0098252,0.00970228,0.00995425,5.98249e-05,5.98302e-05,5.95368e-05,6.00971e-05,0.000462721,0.000462442,0.000437095,0.000488735,2.8985e-05,2.89858e-05,2.87377e-05,2.92331e-05,0.00271774,3,0.00996146,5.98321e-05,7,7,7,1,12,7
robustness,alternating,2,23,8,40,8000,0.00966661,6.00985e-05,0.000461774,2.70226e-05,7.2469,3.09563,8.90217,0.116499,0.110887,0.00979273,0.00979149,0.00967754,0.00991376,5.98127e-05,5.98137e-05,5.95248e-05,6.00937e-05,0.000466741,0.000466658,0.000441044,0.000491845,2.71261e-05,2.71251e-05,2.69968e-05,2.72584e-05,-0.00238917,5,0.00996146,5.98321e-05,7,7,7,1,12,7
robustness,alternating,2,23,9,20,8000,0.00966661,6.00985e-05,0.000461774,2.39955e-05,3.21408,1.57002,4.86851,0.0648033,0.0561973,0.00977325,0.00977036,0.00966394,0.00989027,5.98191e-05,5.98202e-05,5.95327e-05,6.00934e-05,0.000475479,0.000475825,0.0004502,0.000498893,2.3975e-05,2.39723e-05,2.37499e-05,2.42096e-05,0.0359223,5,0.00996146,5.98321e-05,7,7,7,1,12,7
robustness,alternating,2,23,10,40,8000,0.00966661,6.00985e-05,0.000461774,2.3097e-05,6.19412,3.03518,9.96726,0.0579941,0.0432725,0.00974712,0.00974502,0.00964014,0.00985828,5.98094e-05,5.98115e-05,5.95259e-05,6.00868e-05,0.000472103,0.000472588,0.000447236,0.000495871,2.31652e-05,2.31644e-05,2.30338e-05,2.32976e-05,-0.0107087,4,0.00996146,5.98321e-05,7,7,7,1,12,7
robustness,alternating,2,23,11,20,8000,0.00966661,6.00985e-05,0.000461774,2.15416e-05,2.8854,1.43474,5.20183,0.0470739,0.049966,0.00973533,0.00973413,0.0096242,0.00984485,5.97925e-05,5.97946e-05,5.95099e-05,6.00661e-05,0.000465605,0.000465648,0.000440663,0.000490094,2.15777e-05,2.15758e-05,2.1346e-05,2.18138e-05,0.00852219,4,0.00996146,5.98321e-05,7,7,7,1,12,7
robustness,alternating,2,23,12,40,8000,0.00966661,6.00985e-05,0.000461774,2.08548e-05,5.59282,2.77079,10.5756,0.0391101,0.04554,0.00975472,0.00975385,0.00964679,0.0098603,5.97934e-05,5.97959e-05,5.95121e-05,6.00613e-05,0.000463695,0.000463639,0.000439897,0.000487607,2.09226e-05,2.09234e-05,2.07901e-05,2.10536e-05,0.020715,4,0.00996146,5.98321e-05,7,7,7,1,12,7
robustness,alternating,2,23,13,20,8000,0.00966661,6.00985e-05,0.000461774,1.89358e-05,2.53637,1.39389,5.55579,0.0541863,0.0467967,0.0097576,0.0097573,0.00965098,0.00986147,5.97967e-05,5.97958e-05,5.95231e-05,6.00702e-05,0.000467354,0.000467494,0.000443749,0.000491115,1.91128e-05,1.91149e-05,1.88981e-05,1.93236e-05,-0.00454534,3,0.00996146,5.98321e-05,7,7,7,1,12,7
robustness,alternating,2,23,14,40,8000,0.00966661,6.00985e-05,0.000461774,1.80816e-05,4.84912,2.77085,11.328,0.0948186,0.0521523,0.00975223,0.00975089,0.00965354,0.00985414,5.97913e-05,5.97895e-05,5.95085e-05,6.00759e-05,0.000472629,0.000472295,0.000450153,0.000495645,1.79807e-05,1.79801e-05,1.78511e-05,1.81084e-05,-0.0195668,6,0.00996146,5.98321e-05,7,7,7,1,12,7
robustness,alternating,2,23,15,20,8000,0.00966661,6.00985e-05,0.000461774,1.72545e-05,2.31116,1.3004,5.78417,0.064814,0.0492447,0.00974969,0.00974874,0.00965104,0.00984989,5.97884e-05,5.97884e-05,5.9504e-05,6.00706e-05,0.000469876,0.000469658,0.000447966,0.000492567,1.69502e-05,1.69475e-05,1.6745e-05,1.71589e-05,-0.0272794,2,0.00996146,5.98321e-05,7,7,7,1,12,7
robustness,alternating,2,23,16,40,8000,0.00966661,6.00985e-05,0.000461774,1.69725e-05,4.55165,2.47936,11.6289,0.152513,0.0728462,0.00974384,0.00974448,0.00964491,0.00983914,5.97755e-05,5.97711e-05,5.94917e-05,6.00711e-05,0.000466569,0.000465937,0.000444837,0.000491036,1.6968e-05,1.69673e-05,1.68371e-05,1.70994e-05,0.0313761,8,0.00996146,5.98321e-05,7,7,7,1,12,7
robustness,alternating,2,23,17,20,8000,0.00966661,6.00985e-05,0.000461774,1.56395e-05,2.09484,1.24373,6.00354,0.0364317,0.038377,0.00974479,0.00974491,0.00964729,0.00984089,5.9776e-05,5.97716e-05,5.94965e-05,6.00663e-05,0.00046729,0.000466593,0.000445381,0.000491733,1.58497e-05,1.585e-05,1.56492e-05,1.60504e-05,-0.0173372,1,0.00996146,5.98321e-05,7,7,7,1,12,7
robustness,alternating,2,23,18,40,8000,0.00966661,6.00985e-05,0.000461774,1.53511e-05,4.11685,2.39273,12.0688,0.00888275,0.0446492,0.00975753,0.00975777,0.00966461,0.00984742,5.97726e-05,5.97716e-05,5.94891e-05,6.00592e-05,0.000467363,0.000466774,0.000445539,0.000491172,1.54536e-05,1.54553e-05,1.53263e-05,1.55803e-05,-0.00194411,3,0.00996146,5.98321e-05,7,7,7,1,12,7
robustness,alternating,2,23,19,20,8000,0.00966661,6.00985e-05,0.000461774,1.44155e-05,1.93089,1.17507,6.16981,0.0213088,0.0100176,0.00975993,0.00976082,0.00966819,0.00985036,5.97739e-05,5.97725e-05,5.94895e-05,6.00698e-05,0.000469893,0.000469224,0.000447985,0.000493038,1.43754e-05,1.43777e-05,1.41755e-05,1.45691e-05,-0.0612209,3,0.00996146,5.98321e-05,7,7,7,1,12,7
robustness,alternating,2,23,20,40,8000,0.00966661,6.00985e-05,0.000461774,1.42745e-05,3.82813,2.24037,12.3609,0.0780702,0.0662828,0.00975539,0.00975515,0.00966636,0.00984531,5.97761e-05,5.97743e-05,5.94911e-05,6.00629e-05,0.000466916,0.000466313,0.000445366,0.000489863,1.42415e-05,1.42417e-05,1.41118e-05,1.43713e-05,-0.0330255,4,0.00996146,5.98321e-05,7,7,7,1,12,7
robustness,alternating,2,24,1,20,8000,0.00189826,9.25037e-05,0.000285091,9.25037e-05,12.4446,4.95301,4.95301,5.41892,0,0.00188227,0.00188209,0.00182401,0.00194109,9.23826e-05,9.23836e-05,9.21006e-05,9.26625e-05,0.000257689,0.00023975,0.000126621,0.00044313,9.23826e-05,9.23836e-05,9.21006e-05,9.26625e-05,0.0236086,17,0.00188213,9.23881e-05,9,5,15,0.94588,12,7
robustness,alternating,2,24,2,40,8000,0.00189826,9.25037e-05,0.000285091,8.36486e-05,22.5992,8.59357,2.38376,0.061693,0.164079,0.00190987,0.00190937,0.00187786,0.00194306,9.23822e-05,9.23815e-05,9.2091e-05,9.26727e-05,0.000258793,0.000258665,0.000214682,0.000304173,8.36909e-05,8.3692e-05,8.35494e-05,8.38306e-05,0.049645,8,0.00188213,9.23881e-05,8,7,9,0.968741,12,7
robustness,alternating,2,24,3,20,8000,0.00189826,9.25037e-05,0.000285091,6.92458e-05,9.3157,3.14375,3.14444,0.11163,0.0642216,0.00191527,0.00191464,0.00188567,0.00194525,9.23911e-05,9.23891e-05,9.21143e-05,9.26781e-05,0.000270204,0.000270138,0.000248744,0.000291819,6.93614e-05,6.93593e-05,6.90861e-05,6.96389e-05,0.0079155,5,0.00188213,9.23881e-05,8,7,9,1,12,7
robustness,alternating,2,24,4,40,8000,0.00189826,9.25037e-05,0.000285091,6.31507e-05,17.0613,5.45034,7.97156,0.298956,0.197508,0.00191588,0.00191597,0.00189045,0.00194045,9.23908e-05,9.23917e-05,9.21108e-05,9.26796e-05,0.000277224,0.000277011,0.000256475,0.000298393,6.31239e-05,6.31243e-05,6.29874e-05,6.32605e-05,0.0166842,7,0.00188213,9.23881e-05,7,7,8,0.996118,12,7
robustness,alternating,2,24,5,20,8000,0.00189826,9.25037e-05,0.000285091,5.42677e-05,7.30069,2.11553,5.1793,0.0550459,0.0278125,0.00191437,0.00191447,0.0018901,0.001938,9.23911e-05,9.23895e-05,9.2102e-05,9.26848e-05,0.000281545,0.000281799,0.00026346,0.000299341,5.42605e-05,5.42574e-05,5.39948e-05,5.45317e-05,0.00333776,4,0.00188213,9.23881e-05,7,7,8,1,12,7
robustness,alternating,2,24,6,40,8000,0.00189826,9.25037e-05,0.000285091,5.10864e-05,13.8019,3.93475,11.2604,0.0314432,0.0397327,0.00191384,0.00191398,0.00189077,0.0019364,9.23901e-05,9.23846e-05,9.21059e-05,9.26745e-05,0.000280371,0.000280362,0.000262774,0.000297662,5.11392e-05,5.1139e-05,5.10048e-05,5.12757e-05,0.00442233,4,0.00188213,9.23881e-05,7,7,8,1,12,7
robustness,alternating,2,24,7,20,8000,0.00189826,9.25037e-05,0.000285091,4.55528e-05,6.12826,1.65243,6.36328,0.0138098,0.0305019,0.00191228,0.00191231,0.00188964,0.00193475,9.23923e-05,9.23888e-05,9.21102e-05,9.26806e-05,0.000280142,0.000280109,0.000264499,0.000295578,4.54697e-05,4.5469e-05,4.52056e-05,4.57294e-05,0.0018109,3,0.00188213,9.23881e-05,7,7,7,0.999983,12,7
robustness,alternating,2,24,8,40,8000,0.00189826,9.25037e-05,0.000285091,4.39079e-05,11.8625,3.2365,13.2173,0.204242,0.193884,0.00191147,0.00191155,0.00188982,0.00193241,9.23965e-05,9.23909e-05,9.21201e-05,9.26883e-05,0.000277437,0.000277526,0.0002629,0.000291737,4.38123e-05,4.38119e-05,4.36757e-05,4.39501e-05,0.0403174,5,0.00188213,9.23881e-05,7,7,7,1,12,7
robustness,alternating,2,24,9,20,8000,0.00189826,9.25037e-05,0.000285091,3.96619e-05,5.33575,1.38873,7.1636,0.00395108,0.00581188,0.00191057,0.00191077,0.00188873,0.00193107,9.23913e-05,9.23875e-05,9.21114e-05,9.26791e-05,0.00027814,0.00027813,0.000264329,0.000292305,3.95414e-05,3.95419e-05,3.92835e-05,3.98002e-05,-0.0016973,3,0.00188213,9.23881e-05,7,7,7,1,12,7
robustness,alternating,2,24,10,40,8000,0.00189826,9.25037e-05,0.000285091,3.76444e-05,10.1703,2.60581,14.9247,0.0440995,0.0614012,0.0019085,0.00190887,0.00188739,0.00192789,9.23899e-05,9.23889e-05,9.21085e-05,9.26765e-05,0.000278956,0.000278768,0.000265015,0.000293419,3.75297e-05,3.75294e-05,3.73935e-05,3.76642e-05,0.0298891,4,0.00188213,9.23881e-05,7,7,7,1,12,7
robustness,alternating,2,24,11,20,8000,0.00189826,9.25037e-05,0.000285091,3.41096e-05,4.5888,1.12918,7.9179,0.0450349,0.0488319,0.00191024,0.00191048,0.00188979,0.00192988,9.2389e-05,9.23891e-05,9.2109e-05,9.26672e-05,0.000279235,0.000279101,0.000265789,0.000292775,3.44241e-05,3.44218e-05,3.41718e-05,3.46815e-05,-0.0107006,3,0.00188213,9.23881e-05,7,7,7,1,12,7
robustness,alternating,2,24,12,40,8000,0.00189826,9.25037e-05,0.000285091,3.2185e-05,8.69534,2.10221,16.413,0.249416,0.162168,0.00191169,0.00191143,0.00189185,0.0019315,9.24005e-05,9.24044e-05,9.21179e-05,9.26685e-05,0.000280979,0.000281227,0.000267574,0.0002939,3.22726e-05,3.22724e-05,3.21351e-05,3.2411e-05,-0.00693692,7,0.00188213,9.23881e-05,7,7,7,1,12,7
robustness,alternating,2,24,13,20,8000,0.00189826,9.25037e-05,0.000285091,2.98021e-05,4.00931,0.960781,8.50311,0.0211966,0.00639576,0.00191158,0.00191147,0.00189154,0.00193141,9.24022e-05,9.24076e-05,9.21208e-05,9.26717e-05,0.000281079,0.000281288,0.000267642,0.00029389,2.99435e-05,2.9944e-05,2.97062e-05,3.01829e-05,0.00787715,2,0.00188213,9.23881e-05,7,7,7,1,12,7
robustness,alternating,2,24,14,40,8000,0.00189826,9.25037e-05,0.000285091,2.88768e-05,7.80158,1.86743,17.3148,0.0163819,0.0251808,0.00191006,0.00190993,0.00189002,0.00192989,9.24043e-05,9.24099e-05,9.21185e-05,9.2675e-05,0.00028075,0.000280876,0.000267746,0.000293626,2.90418e-05,2.90422e-05,2.89062e-05,2.91771e-05,0.0181501,4,0.00188213,9.23881e-05,7,7,7,1,12,7
robustness,alternating,2,24,15,20,8000,0.00189826,9.25037e-05,0.000285091,2.68809e-05,3.61631,0.864116,8.89997,0.0387092,0.014725,0.00190913,0.00190908,0.00188895,0.00192882,9.24055e-05,9.24119e-05,9.21203e-05,9.26666e-05,0.000280788,0.000280883,0.000267827,0.000293457,2.71408e-05,2.71412e-05,2.69014e-05,2.73776e-05,0.027652,2,0.00188213,9.23881e-05,7,7,7,1,12,7
robustness,alternating,2,24,16,40,8000,0.00189826,9.25037e-05,0.000285091,2.57628e-05,6.96029,1.66003,18.1637,0.148704,0.0787076,0.00190607,0.00190588,0.00188592,0.00192544,9.24114e-05,9.24191e-05,9.21259e-05,9.26719e-05,0.000281935,0.000281986,0.000269101,0.000294333,2.59702e-05,2.59706e-05,2.58377e-05,2.61016e-05,0.00541847,4,0.00188213,9.23881e-05,7,7,7,1,12,7
robustness,alternating,2,24,17,20,8000,0.00189826,9.25037e-05,0.000285091,2.40908e-05,3.24096,0.781625,9.27903,0.0492207,0.0223165,0.00190672,0.00190695,0.001887,0.00192564,9.24093e-05,9.24146e-05,9.21235e-05,9.26769e-05,0.000283205,0.000283177,0.000270706,0.000295556,2.41626e-05,2.41628e-05,2.39291e-05,2.43943e-05,0.0201554,3,0.00188213,9.23881e-05,7,7,7,1,12,7
robustness,alternating,2,24,18,40,8000,0.00189826,9.25037e-05,0.000285091,2.34591e-05,6.3379,1.52049,18.7917,0.00975037,0.00969137,0.00190616,0.00190634,0.00188699,0.00192488,9.24072e-05,9.24106e-05,9.2124e-05,9.267e-05,0.000283529,0.000283429,0.000271205,0.000295765,2.34342e-05,2.34338e-05,2.33039e-05,2.35666e-05,0.0232391,4,0.00188213,9.23881e-05,7,7,7,1,12,7
robustness,alternating,2,24,19,20,8000,0.00189826,9.25037e-05,0.000285091,2.20694e-05,2.96901,0.724193,9.55365,0.0166288,0.0185075,0.00190562,0.00190577,0.00188671,0.00192449,9.24071e-05,9.24114e-05,9.21228e-05,9.26711e-05,0.000283426,0.000283329,0.000271391,0.000295701,2.22262e-05,2.22273e-05,2.20016e-05,2.24482e-05,0.0150559,2,0.00188213,9.23881e-05,7,7,7,1,12,7
robustness,alternating,2,24,20,40,8000,0.00189826,9.25037e-05,0.000285091,2.15544e-05,5.82329,1.40963,19.311,0.029525,0.0124278,0.00190573,0.00190607,0.00188706,0.00192414,9.2411e-05,9.24151e-05,9.21271e-05,9.26798e-05,0.000284043,0.000284033,0.000271858,0.000296234,2.14337e-05,2.14329e-05,2.13032e-05,2.15657e-05,-0.00439603,3,0.00188213,9.23881e-05,7,7,7,1,12,7
robustness,alternating,2,25,1,20,8000,0.269315,5.0659e-05,0.000204286,5.0659e-05,6.82575,4.25918,4.25918,2.27784,0,0.27397,0.273937,0.270099,0.277845,5.05986e-05,5.06002e-05,5.0328e-05,5.08689e-05,0.000259118,0.000239291,0.000135384,0.00044778,5.05986e-05,5.06002e-05,5.0328e-05,5.08689e-05,-0.466877,16,0.273856,5.06001e-05,15,9,26,0.91392,12,17
robustness,alternating,2,25,2,40,8000,0.269315,5.0659e-05,0.000204286,4.84461e-05,13.0169,4.96697,0.641457,0.147483,0.0363583,0.269828,0.269793,0.268291,0.271428,5.0737e-05,5.07333e-05,5.04927e-05,5.09955e-05,0.000212352,0.000209694,0.000148336,0.00028565,4.85988e-05,4.85992e-05,4.84672e-05,4.87297e-05,-0.247732,8,0.273856,5.06001e-05,17,13,23,0.924374,12,17
robustness,alternating,2,25,3,20,8000,0.269315,5.0659e-05,0.000204286,4.46614e-05,6.01765,3.65083,0.94904,0.00993638,0.00666843,0.269553,0.269532,0.268123,0.271048,5.07558e-05,5.07521e-05,5.05207e-05,5.10039e-05,0.000218769,0.000218561,0.000180434,0.000257495,4.45425e-05,4.45402e-05,4.43073e-05,4.47808e-05,-0.165687,4,0.273856,5.06001e-05,16,14,19,0.919838,12,17
robustness,alternating,2,25,4,40,8000,0.269315,5.0659e-05,0.000204286,4.35861e-05,11.711,4.13135,2.01251,0.219189,0.155491,0.269688,0.26967,0.268521,0.270913,5.07363e-05,5.07327e-05,5.05076e-05,5.0977e-05,0.000207385,0.000206988,0.000171698,0.000243671,4.33896e-05,4.33883e-05,4.3259e-05,4.35218e-05,-0.155848,5,0.273856,5.06001e-05,17,15,20,0.931532,12,17
robustness,alternating,2,25,5,20,8000,0.269315,5.0659e-05,0.000204286,4.02349e-05,5.42121,3.23202,1.63892,0.0170296,0.048403,0.269516,0.269508,0.268382,0.27069,5.07433e-05,5.07376e-05,5.05195e-05,5.0979e-05,0.000209885,0.000209511,0.00018139,0.000240163,4.02268e-05,4.02263e-05,3.99989e-05,4.0463e-05,-0.09481,4,0.273856,5.06001e-05,17,15,19,0.958643,12,17
robustness,alternating,2,25,6,40,8000,0.269315,5.0659e-05,0.000204286,3.8978e-05,10.4729,3.59503,3.31689,0.0293197,0.0180668,0.270067,0.27007,0.269044,0.271138,5.07238e-05,5.07214e-05,5.04897e-05,5.09653e-05,0.000209437,0.000209054,0.000182941,0.000237904,3.8867e-05,3.88685e-05,3.87339e-05,3.8993e-05,-0.0971925,4,0.273856,5.06001e-05,17,15,19,0.971838,12,17
robustness,alternating,2,25,7,20,8000,0.269315,5.0659e-05,0.000204286,3.64776e-05,4.91496,2.90655,2.22471,0.0137494,0.00925138,0.270233,0.270229,0.269238,0.271264,5.07149e-05,5.07136e-05,5.04746e-05,5.09529e-05,0.000209819,0.000209518,0.000185966,0.000235235,3.63506e-05,3.63485e-05,3.6128e-05,3.65793e-05,-0.110615,3,0.273856,5.06001e-05,17,15,19,0.985556,12,17
robustness,alternating,2,25,8,40,8000,0.269315,5.0659e-05,0.000204286,3.56432e-05,9.57688,3.21907,4.26126,0.109378,0.0716061,0.270542,0.270528,0.269647,0.271494,5.06982e-05,5.06999e-05,5.04553e-05,5.09342e-05,0.000206494,0.000206336,0.000184444,0.000229939,3.5687e-05,3.56861e-05,3.55585e-05,3.58169e-05,-0.0948452,5,0.273856,5.06001e-05,17,16,19,0.940111,12,17
robustness,alternating,2,25,9,20,8000,0.269315,5.0659e-05,0.000204286,3.30452e-05,4.45248,2.62579,2.75993,0.0933427,0.0859624,0.270517,0.270521,0.269627,0.27145,5.07095e-05,5.07127e-05,5.04625e-05,5.095e-05,0.000213736,0.000213431,0.000192295,0.000236074,3.31058e-05,3.31049e-05,3.28853e-05,3.33276e-05,-0.131215,5,0.273856,5.06001e-05,17,15,18,0.955764,12,17
robustness,alternating,2,25,10,40,8000,0.269315,5.0659e-05,0.000204286,3.2777e-05,8.80678,2.93512,5.07303,0.16944,0.177156,0.270013,0.270003,0.269183,0.270857,5.07265e-05,5.07267e-05,5.04874e-05,5.09585e-05,0.000208128,0.00020751,0.00018817,0.000229504,3.27975e-05,3.27971e-05,3.26693e-05,3.29268e-05,-0.106207,6,0.273856,5.06001e-05,17,16,19,0.977683,12,17
robustness,alternating,2,25,11,20,8000,0.269315,5.0659e-05,0.000204286,3.11083e-05,4.19151,2.46176,3.06195,0.00971497,0.0103321,0.269992,0.26999,0.269181,0.270816,5.07273e-05,5.07287e-05,5.04881e-05,5.0959e-05,0.000208388,0.000207983,0.000188901,0.000228993,3.09912e-05,3.0991e-05,3.07704e-05,3.12127e-05,-0.069479,3,0.273856,5.06001e-05,17,16,19,0.986929,12,17
robustness,alternating,2,25,12,40,8000,0.269315,5.0659e-05,0.000204286,2.99946e-05,8.05918,2.68171,5.86113,0.0586152,0.091016,0.269752,0.269747,0.269009,0.270537,5.07396e-05,5.07375e-05,5.05046e-05,5.09792e-05,0.000208931,0.000208511,0.000189666,0.000229042,3.00256e-05,3.00271e-05,2.98923e-05,3.01527e-05,-0.0920204,4,0.273856,5.06001e-05,17,16,19,0.99231,12,17
robustness,alternating,2,25,13,20,8000,0.269315,5.0659e-05,0.000204286,2.84611e-05,3.83483,2.25206,3.47475,0.0123815,0.0120466,0.269794,0.269784,0.269033,0.270585,5.07436e-05,5.07416e-05,5.05127e-05,5.09854e-05,0.000212002,0.000211803,0.000192877,0.000231849,2.82802e-05,2.82809e-05,2.80627e-05,2.84935e-05,-0.0859457,3,0.273856,5.06001e-05,17,16,18,0.979173,12,17
robustness,alternating,2,25,14,40,8000,0.269315,5.0659e-05,0.000204286,2.82203e-05,7.58243,2.52348,6.36371,0.173725,0.119886,0.269627,0.269616,0.26892,0.270349,5.07463e-05,5.07488e-05,5.05018e-05,5.09815e-05,0.000207805,0.00020759,0.000189212,0.000227026,2.82045e-05,2.82042e-05,2.8076e-05,2.83358e-05,-0.0731333,6,0.273856,5.06001e-05,17,17,19,0.990157,12,17
robustness,alternating,2,25,15,20,8000,0.269315,5.0659e-05,0.000204286,2.67428e-05,3.60331,2.11629,3.7427,0.0244204,0.0290828,0.269639,0.269627,0.268935,0.270369,5.07456e-05,5.07474e-05,5.05012e-05,5.09785e-05,0.000208052,0.000207929,0.000190012,0.000226715,2.68738e-05,2.68726e-05,2.66608e-05,2.70891e-05,-0.0687574,2,0.273856,5.06001e-05,17,17,18,0.953778,12,17
robustness,alternating,2,25,16,40,8000,0.269315,5.0659e-05,0.000204286,2.60011e-05,6.98617,2.32497,6.99231,0.0774544,0.0439254,0.269524,0.269518,0.268835,0.270244,5.0754e-05,5.07564e-05,5.0516e-05,5.09845e-05,0.000209906,0.0002094,0.000192479,0.000228811,2.59364e-05,2.59358e-05,2.58073e-05,2.60632e-05,-0.0828445,5,0.273856,5.06001e-05,17,17,17,0.977192,12,17
robustness,alternating,2,25,17,20,8000,0.269315,5.0659e-05,0.000204286,2.48604e-05,3.34967,1.96768,4.03626,0.00621255,0.00667575,0.269507,0.269502,0.268815,0.270229,5.07544e-05,5.0756e-05,5.05176e-05,5.09889e-05,0.000209623,0.000209214,0.000192519,0.000228001,2.48489e-05,2.48494e-05,2.46412e-05,2.50576e-05,-0.0312732,2,0.273856,5.06001e-05,17,17,17,0.999904,12,17
robustness,alternating,2,25,18,40,8000,0.269315,5.0659e-05,0.000204286,2.40203e-05,6.45396,2.14692,7.5534,0.0879736,0.0942521,0.269458,0.269457,0.268771,0.270155,5.07535e-05,5.07518e-05,5.05184e-05,5.0994e-05,0.00021125,0.000210818,0.000194642,0.000228921,2.39917e-05,2.39912e-05,2.3865e-05,2.41167e-05,-0.0715558,4,0.273856,5.06001e-05,17,17,17,1,12,17
robustness,alternating,2,25,19,20,8000,0.269315,5.0659e-05,0.000204286,2.29058e-05,3.08631,1.81236,4.34107,0.0190293,0.0274456,0.269467,0.269473,0.268786,0.270157,5.07528e-05,5.07512e-05,5.05214e-05,5.09891e-05,0.000211332,0.000210891,0.000195027,0.00022889,2.30266e-05,2.30282e-05,2.28192e-05,2.32293e-05,-0.0475386,2,0.273856,5.06001e-05,17,17,17,1,12,17
robustness,alternating,2,25,20,40,8000,0.269315,5.0659e-05,0.000204286,2.22811e-05,5.98666,1.99072,8.04605,0.0832365,0.0548447,0.269511,0.26952,0.268832,0.270167,5.07527e-05,5.07518e-05,5.05264e-05,5.0985e-05,0.000212836,0.000212608,0.000196119,0.000230413,2.23248e-05,2.23247e-05,2.21993e-05,2.24483e-05,-0.0509646,4,0.273856,5.06001e-05,17,17,17,1,12,17
robustness,alternating,2,26,1,20,8000,0.487647,5.47067e-05,0.000222702,5.47067e-05,7.39471,6.05374,6.05374,3.12531,0,0.487362,0.487361,0.481976,0.492818,5.47611e-05,5.47604e-05,5.45176e-05,5.50035e-05,0.000268943,0.000252905,0.000134718,0.000456877,5.47611e-05,5.47604e-05,5.45176e-05,5.50035e-05,-0.456319,17,0.487403,5.47596e-05,13,8,24,0.913788,12,15
robustness,alternating,2,26,2,40,8000,0.487647,5.47067e-05,0.000222702,5.26232e-05,14.174,8.3565,0.654171,0.312776,0.170757,0.489715,0.489708,0.487018,0.492393,5.47271e-05,5.47252e-05,5.45083e-05,5.49484e-05,0.000192342,0.00019038,0.000130826,0.000260087,5.26433e-05,5.26439e-05,5.25103e-05,5.27734e-05,-0.372353,7,0.487403,5.47596e-05,17,13,25,0.941332,12,15
robustness,alternating,2,26,3,20,8000,0.487647,5.47067e-05,0.000222702,4.76752e-05,6.44425,5.2403,1.22125,0.149455,0.0294533,0.488582,0.488563,0.486213,0.490977,5.47749e-05,5.47739e-05,5.45592e-05,5.49963e-05,0.000220484,0.000220273,0.000184533,0.000257003,4.76979e-05,4.76956e-05,4.74821e-05,4.79144e-05,-0.176397,5,0.487403,5.47596e-05,15,13,17,0.939633,12,15
robustness,alternating,2,26,4,40,8000,0.487647,5.47067e-05,0.000222702,4.54246e-05,12.2351,7.17131,2.86295,0.0891451,0.0734105,0.489823,0.489835,0.48782,0.491813,5.47552e-05,5.47562e-05,5.45401e-05,5.49692e-05,0.000224685,0.000224674,0.000192911,0.000257119,4.55254e-05,4.55255e-05,4.54048e-05,4.56457e-05,-0.224841,6,0.487403,5.47596e-05,15,13,17,0.97044,12,15
robustness,alternating,2,26,5,20,8000,0.487647,5.47067e-05,0.000222702,4.15993e-05,5.62297,4.56537,2.26937,0.0587407,0.0418754,0.48984,0.489838,0.487959,0.491718,5.47655e-05,5.47647e-05,5.45603e-05,5.49743e-05,0.000233864,0.000233791,0.00020779,0.000260883,4.14916e-05,4.14898e-05,4.1285e-05,4.16994e-05,-0.143349,4,0.487403,5.47596e-05,14,13,16,0.973869,12,15
robustness,alternating,2,26,6,40,8000,0.487647,5.47067e-05,0.000222702,3.98778e-05,10.7411,6.27757,4.56488,0.0234537,0.0570427,0.488831,0.488855,0.487026,0.490587,5.47871e-05,5.47869e-05,5.4588e-05,5.49923e-05,0.000233519,0.00023297,0.000208054,0.000260454,3.98464e-05,3.98461e-05,3.9726e-05,3.99678e-05,-0.16287,5,0.487403,5.47596e-05,14,13,16,0.983094,12,15
robustness,alternating,2,26,7,20,8000,0.487647,5.47067e-05,0.000222702,3.7184e-05,5.02616,4.0739,3.03102,0.0376043,0.0139629,0.488573,0.488583,0.48683,0.490307,5.47854e-05,5.47844e-05,5.45853e-05,5.49894e-05,0.000227157,0.000226696,0.000204391,0.000250601,3.72988e-05,3.72985e-05,3.70925e-05,3.75019e-05,-0.120407,3,0.487403,5.47596e-05,15,13,16,0.982351,12,15
robustness,alternating,2,26,8,40,8000,0.487647,5.47067e-05,0.000222702,3.61716e-05,9.74279,5.66527,5.70209,0.036732,0.0665482,0.488186,0.488195,0.486558,0.489816,5.47895e-05,5.4789e-05,5.45917e-05,5.4985e-05,0.000225686,0.000225282,0.000203801,0.000248951,3.61814e-05,3.61822e-05,3.60601e-05,3.63044e-05,-0.180259,5,0.487403,5.47596e-05,15,13,16,0.978675,12,15
robustness,alternating,2,26,9,20,8000,0.487647,5.47067e-05,0.000222702,3.38277e-05,4.57249,3.70104,3.61001,0.00641332,0.00921334,0.487907,0.487902,0.486354,0.489506,5.47938e-05,5.47919e-05,5.45967e-05,5.49938e-05,0.000224943,0.000224339,0.000205306,0.000246862,3.38806e-05,3.38804e-05,3.36788e-05,3.40844e-05,-0.0947721,3,0.487403,5.47596e-05,15,14,16,0.949538,12,15
robustness,alternating,2,26,10,40,8000,0.487647,5.47067e-05,0.000222702,3.25698e-05,8.77265,5.09785,6.80725,0.0862305,0.0733173,0.487805,0.487815,0.486339,0.48926,5.4802e-05,5.47993e-05,5.46055e-05,5.50036e-05,0.000227333,0.000226386,0.000207617,0.000249397,3.25033e-05,3.25033e-05,3.23816e-05,3.26224e-05,-0.1281,4,0.487403,5.47596e-05,15,13,15,0.981776,12,15
robustness,alternating,2,26,11,20,8000,0.487647,5.47067e-05,0.000222702,3.09219e-05,4.17971,3.3812,4.11127,0.053661,0.0371175,0.487833,0.487846,0.4864,0.489234,5.48026e-05,5.47982e-05,5.46113e-05,5.50037e-05,0.000227069,0.000226295,0.000208167,0.000248189,3.06187e-05,3.06205e-05,3.04166e-05,3.08157e-05,-0.0760307,3,0.487403,5.47596e-05,15,14,15,0.957265,12,15
robustness,alternating,2,26,12,40,8000,0.487647,5.47067e-05,0.000222702,3.06455e-05,8.25434,4.78174,7.39769,0.26746,0.176777,0.487809,0.487816,0.486411,0.489245,5.48138e-05,5.48075e-05,5.46287e-05,5.50188e-05,0.000222111,0.000221622,0.000204328,0.000240902,3.05515e-05,3.05508e-05,3.04361e-05,3.06707e-05,-0.0931872,7,0.487403,5.47596e-05,15,15,16,0.95536,12,15
robustness,alternating,2,26,13,20,8000,0.487647,5.47067e-05,0.000222702,2.83437e-05,3.83122,3.09876,4.55602,0.0983803,0.112043,0.487809,0.487817,0.486412,0.489216,5.48158e-05,5.48117e-05,5.46316e-05,5.50168e-05,0.000224221,0.000223543,0.000206842,0.000242883,2.86712e-05,2.86712e-05,2.84722e-05,2.88697e-05,-0.0729685,3,0.487403,5.47596e-05,15,15,15,0.942352,12,15
robustness,alternating,2,26,14,40,8000,0.487647,5.47067e-05,0.000222702,2.78416e-05,7.49911,4.34533,8.25802,0.029469,0.0659702,0.487788,0.48779,0.48639,0.489154,5.48149e-05,5.48092e-05,5.4632e-05,5.50121e-05,0.000225058,0.000224632,0.000207567,0.000244092,2.77969e-05,2.77972e-05,2.76789e-05,2.79146e-05,-0.0991378,4,0.487403,5.47596e-05,15,15,15,0.999551,12,15
robustness,alternating,2,26,15,20,8000,0.487647,5.47067e-05,0.000222702,2.65064e-05,3.58287,2.897,4.87296,0.014052,0.00552547,0.487831,0.48783,0.48643,0.489216,5.48145e-05,5.48116e-05,5.4634e-05,5.50086e-05,0.000224719,0.000224438,0.000207226,0.000243181,2.64489e-05,2.64495e-05,2.62519e-05,2.66468e-05,-0.0529166,2,0.487403,5.47596e-05,15,15,15,1,12,15
robustness,alternating,2,26,16,40,8000,0.487647,5.47067e-05,0.000222702,2.61646e-05,7.04741,4.08213,8.77259,0.105315,0.0876993,0.487834,0.487823,0.486461,0.48922,5.48178e-05,5.48159e-05,5.46285e-05,5.5014e-05,0.000222456,0.000222186,0.000205655,0.000239987,2.62461e-05,2.62456e-05,2.61287e-05,2.63641e-05,-0.107454,6,0.487403,5.47596e-05,15,15,15,1,12,15
robustness,alternating,2,26,17,20,8000,0.487647,5.47067e-05,0.000222702,2.49524e-05,3.37282,2.72749,5.14103,0.0141648,0.000497999,0.487781,0.487763,0.486415,0.489156,5.48187e-05,5.48181e-05,5.46271e-05,5.50108e-05,0.000223796,0.000223519,0.000207265,0.000241423,2.48874e-05,2.48875e-05,2.46967e-05,2.50796e-05,-0.0605934,2,0.487403,5.47596e-05,15,15,15,1,12,15
robustness,alternating,2,26,18,40,8000,0.487647,5.47067e-05,0.000222702,2.45986e-05,6.62561,3.83933,9.25309,0.0817673,0.0622159,0.487884,0.487881,0.486582,0.489205,5.48202e-05,5.48209e-05,5.46253e-05,5.50075e-05,0.000222674,0.000222317,0.000206327,0.000239662,2.45603e-05,2.4559e-05,2.44428e-05,2.46791e-05,-0.0793185,4,0.487403,5.47596e-05,15,15,15,1,12,15
robustness,alternating,2,26,19,20,8000,0.487647,5.47067e-05,0.000222702,2.34138e-05,3.16485,2.55983,5.40645,0.0141372,0.019734,0.487795,0.487795,0.486493,0.489096,5.48213e-05,5.48211e-05,5.46278e-05,5.50078e-05,0.000223427,0.000223032,0.000207375,0.000240512,2.33923e-05,2.33934e-05,2.31978e-05,2.35837e-05,-0.066085,3,0.487403,5.47596e-05,15,15,15,1,12,15
robustness,alternating,2,26,20,40,8000,0.487647,5.47067e-05,0.000222702,2.30188e-05,6.20009,3.59345,9.73783,0.0360414,0.0292721,0.487897,0.487901,0.486634,0.489177,5.48222e-05,5.48225e-05,5.46264e-05,5.50148e-05,0.000222901,0.000222678,0.000207434,0.000239288,2.3008e-05,2.30082e-05,2.28915e-05,2.31249e-05,-0.0953387,3,0.487403,5.47596e-05,15,15,15,1,12,15
robustness,alternating,2,27,1,20,8000,0.325409,5.78473e-05,0.000232689,5.78473e-05,7.80154,5.21225,5.21225,2.56675,0,0.32491,0.324885,0.321151,0.328763,5.79066e-05,5.79078e-05,5.76382e-05,5.8171e-05,0.000268018,0.000251586,0.000140666,0.000457484,5.79066e-05,5.79078e-05,5.76382e-05,5.8171e-05,-0.492616,16,0.32468,5.79083e-05,13,7,22,0.943228,12,13
robustness,alternating,2,27,2,40,8000,0.325409,5.78473e-05,0.000232689,5.43373e-05,14.6102,6.02824,1.0276,0.0160546,0.125252,0.325874,0.325874,0.324174,0.327561,5.78669e-05,5.78678e-05,5.76278e-05,5.81067e-05,0.000259431,0.000257687,0.000199163,0.000324513,5.43414e-05,5.43412e-05,5.42069e-05,5.44752e-05,-0.273372,7,0.32468,5.79083e-05,12,10,15,0.930702,12,13
robustness,alternating,2,27,3,20,8000,0.325409,5.78473e-05,0.000232689,4.8542e-05,6.54657,4.37362,1.50635,0.0103738,0.0794033,0.325651,0.325645,0.32412,0.327237,5.78719e-05,5.78711e-05,5.76442e-05,5.81059e-05,0.000255577,0.000255137,0.000222971,0.000289044,4.85534e-05,4.85535e-05,4.83219e-05,4.87851e-05,-0.161923,4,0.32468,5.79083e-05,13,11,14,0.967195,12,13
robustness,alternating,2,27,4,40,8000,0.325409,5.78473e-05,0.000232689,4.647e-05,12.4948,5.13772,3.30131,0.086627,0.0300268,0.325595,0.325584,0.324323,0.326889,5.78689e-05,5.78684e-05,5.76462e-05,5.8104e-05,0.000249633,0.000249278,0.000220169,0.000280665,4.65454e-05,4.65444e-05,4.64164e-05,4.66756e-05,-0.194136,5,0.32468,5.79083e-05,13,11,14,0.958717,12,13
robustness,alternating,2,27,5,20,8000,0.325409,5.78473e-05,0.000232689,4.23521e-05,5.71178,3.80977,2.50432,0.00169187,0.0340073,0.325684,0.325674,0.324441,0.326928,5.78661e-05,5.78672e-05,5.76446e-05,5.81022e-05,0.000249618,0.000249213,0.000224921,0.000275531,4.23349e-05,4.23346e-05,4.21081e-05,4.25623e-05,-0.132809,3,0.32468,5.79083e-05,13,11,14,0.98157,12,13
robustness,alternating,2,27,6,40,8000,0.325409,5.78473e-05,0.000232689,4.08095e-05,10.9729,4.49675,4.93725,0.0728449,0.0342712,0.326026,0.32603,0.324878,0.327155,5.78458e-05,5.78422e-05,5.76336e-05,5.80749e-05,0.000246094,0.00024572,0.000222954,0.00027066,4.09086e-05,4.09088e-05,4.07816e-05,4.1035e-05,-0.116885,5,0.32468,5.79083e-05,13,12,14,0.959625,12,13
robustness,alternating,2,27,7,20,8000,0.325409,5.78473e-05,0.000232689,3.73386e-05,5.03565,3.35781,3.31263,0.0598904,0.0712334,0.325916,0.325914,0.324815,0.327017,5.78531e-05,5.78509e-05,5.7634e-05,5.80835e-05,0.000248059,0.000247707,0.000226359,0.000270254,3.75544e-05,3.75545e-05,3.73414e-05,3.77758e-05,-0.118552,3,0.32468,5.79083e-05,13,12,14,0.983145,12,13
robustness,alternating,2,27,8,40,8000,0.325409,5.78473e-05,0.000232689,3.6471e-05,9.80631,4.00904,6.19114,0.0854307,0.123273,0.325676,0.32568,0.324645,0.326721,5.7869e-05,5.78684e-05,5.7645e-05,5.81071e-05,0.000246102,0.000245931,0.000224792,0.000267846,3.64189e-05,3.6418e-05,3.62916e-05,3.65468e-05,-0.106632,4,0.32468,5.79083e-05,13,12,14,0.989473,12,13
robustness,alternating,2,27,9,20,8000,0.325409,5.78473e-05,0.000232689,3.41571e-05,4.60658,3.06546,3.82558,0.0462885,0.0185789,0.325854,0.325856,0.324803,0.326895,5.7857e-05,5.78559e-05,5.7633e-05,5.80891e-05,0.000245325,0.000245099,0.0002256,0.000265932,3.39224e-05,3.39244e-05,3.37039e-05,3.41375e-05,-0.0920654,3,0.32468,5.79083e-05,13,12,14,0.992453,12,13
robustness,alternating,2,27,10,40,8000,0.325409,5.78473e-05,0.000232689,3.29518e-05,8.86007,3.61758,7.20824,0.0431542,0.0348882,0.325532,0.325521,0.324576,0.326496,5.78714e-05,5.78706e-05,5.76397e-05,5.81155e-05,0.00024351,0.000243317,0.000223609,0.00026402,3.29486e-05,3.29482e-05,3.2822e-05,3.3076e-05,-0.0583849,4,0.32468,5.79083e-05,13,13,14,0.981917,12,13
robustness,alternating,2,27,11,20,8000,0.325409,5.78473e-05,0.000232689,3.0854e-05,4.16109,2.76905,4.35815,0.00265865,0.0174734,0.325429,0.32543,0.324455,0.326411,5.78789e-05,5.78764e-05,5.76484e-05,5.81199e-05,0.000243982,0.000243936,0.000224808,0.000263848,3.08089e-05,3.08086e-05,3.0597e-05,3.10257e-05,-0.0857546,3,0.32468,5.79083e-05,13,13,13,0.960067,12,13
robustness,alternating,2,27,12,40,8000,0.325409,5.78473e-05,0.000232689,3.01578e-05,8.10884,3.30738,8.01572,0.0781332,0.0549947,0.325504,0.325511,0.324562,0.326443,5.78673e-05,5.78646e-05,5.76421e-05,5.81034e-05,0.000242052,0.000241918,0.000223064,0.000261311,3.01742e-05,3.01745e-05,3.00462e-05,3.03019e-05,-0.0910547,4,0.32468,5.79083e-05,13,13,14,0.999059,12,13
robustness,alternating,2,27,13,20,8000,0.325409,5.78473e-05,0.000232689,2.76655e-05,3.73108,2.48611,4.87223,0.125206,0.132474,0.325552,0.325558,0.324639,0.326459,5.7883e-05,5.7881e-05,5.76533e-05,5.81142e-05,0.000247598,0.000247565,0.00022826,0.000267276,2.78836e-05,2.78812e-05,2.76836e-05,2.80878e-05,-0.0431844,5,0.32468,5.79083e-05,13,13,13,1,12,13
robustness,alternating,2,27,14,40,8000,0.325409,5.78473e-05,0.000232689,2.70372e-05,7.26977,2.97368,8.91761,0.0219624,0.024717,0.325611,0.325606,0.324754,0.326501,5.78852e-05,5.78828e-05,5.76537e-05,5.81201e-05,0.000248757,0.000248475,0.000230048,0.000268135,2.69582e-05,2.69589e-05,2.68321e-05,2.70844e-05,-0.0893193,4,0.32468,5.79083e-05,13,13,13,1,12,13
robustness,alternating,2,27,15,20,8000,0.325409,5.78473e-05,0.000232689,2.57765e-05,3.47633,2.3139,5.17678,0.0390592,0.0138766,0.325563,0.325558,0.324674,0.326457,5.78852e-05,5.78829e-05,5.76517e-05,5.8118e-05,0.000246751,0.000246474,0.000228763,0.000265593,2.57117e-05,2.57124e-05,2.55027e-05,2.59209e-05,-0.0508329,2,0.32468,5.79083e-05,13,13,13,1,12,13
robustness,alternating,2,27,16,40,8000,0.325409,5.78473e-05,0.000232689,2.52396e-05,6.78642,2.77004,9.43716,0.0514961,0.0240487,0.325497,0.325497,0.324617,0.326351,5.78865e-05,5.78846e-05,5.76536e-05,5.81239e-05,0.000245182,0.000244911,0.000227393,0.000263398,2.52765e-05,2.52765e-05,2.51518e-05,2.54016e-05,-0.0675424,4,0.32468,5.79083e-05,13,13,13,1,12,13
robustness,alternating,2,27,17,20,8000,0.325409,5.78473e-05,0.000232689,2.4452e-05,3.2977,2.19311,5.39033,0.0667434,0.0625634,0.325447,0.325451,0.324561,0.326314,5.78837e-05,5.78814e-05,5.76532e-05,5.81211e-05,0.000242552,0.000242473,0.000224869,0.000260617,2.43294e-05,2.4329e-05,2.41249e-05,2.45293e-05,-0.0533381,4,0.32468,5.79083e-05,13,13,13,1,12,13
robustness,alternating,2,27,18,40,8000,0.325409,5.78473e-05,0.000232689,2.42578e-05,6.52243,2.66076,9.72091,0.145248,0.105259,0.325426,0.32543,0.324584,0.326279,5.78893e-05,5.78852e-05,5.7665e-05,5.81236e-05,0.000239221,0.000239226,0.000220871,0.000257642,2.43057e-05,2.43041e-05,2.41811e-05,2.44334e-05,-0.0325244,6,0.32468,5.79083e-05,13,13,13,1,12,13
robustness,alternating,2,27,19,20,8000,0.325409,5.78473e-05,0.000232689,2.3222e-05,3.13182,2.08344,5.58864,0.00566219,0.00824792,0.32541,0.325411,0.324562,0.326246,5.78928e-05,5.78894e-05,5.76653e-05,5.8129e-05,0.000239328,0.000239188,0.00022136,0.000257134,2.31607e-05,2.31611e-05,2.29582e-05,2.33593e-05,-0.050655,2,0.32468,5.79083e-05,13,13,13,1,12,13
robustness,alternating,2,27,20,40,8000,0.325409,5.78473e-05,0.000232689,2.24346e-05,6.03221,2.45946,10.2478,0.0611844,0.0819297,0.325222,0.325224,0.324423,0.326023,5.79052e-05,5.79012e-05,5.76741e-05,5.81412e-05,0.000239521,0.000239022,0.00022289,0.000257258,2.24981e-05,2.24986e-05,2.23762e-05,2.26226e-05,-0.0670437,4,0.32468,5.79083e-05,13,13,13,1,12,13
robustness,alternating,2,28,1,20,8000,0.749298,5.07873e-05,0.000248174,5.07873e-05,6.8842,6.72861,6.72861,3.72833,0,0.752563,0.752363,0.742689,0.762775,5.07639e-05,5.07626e-05,5.05353e-05,5.09957e-05,0.000268132,0.000253866,0.000143489,0.000444402,5.07639e-05,5.07626e-05,5.05353e-05,5.09957e-05,-0.506926,16,0.752653,5.07618e-05,14,9,24,0.910383,12,13
robustness,alternating,2,28,2,40,8000,0.749298,5.07873e-05,0.000248174,4.72907e-05,12.7655,10.0689,1.1588,0.263004,0.318054,0.752549,0.75255,0.747609,0.757535,5.07615e-05,5.07587e-05,5.05537e-05,5.09828e-05,0.000325217,0.000323399,0.000249152,0.000410325,4.72907e-05,4.72894e-05,4.71674e-05,4.74173e-05,-0.440421,7,0.752653,5.07618e-05,11,9,14,0.949673,12,13
robustness,alternating,2,28,3,20,8000,0.749298,5.07873e-05,0.000248174,4.29517e-05,5.82208,5.67842,1.45722,0.217318,0.0074858,0.751755,0.751735,0.747211,0.756372,5.07395e-05,5.07394e-05,5.05432e-05,5.09423e-05,0.000272232,0.000272157,0.000235034,0.000310769,4.2873e-05,4.2874e-05,4.26708e-05,4.3076e-05,-0.23856,6,0.752653,5.07618e-05,13,11,15,0.978488,12,13
robustness,alternating,2,28,4,40,8000,0.749298,5.07873e-05,0.000248174,4.04686e-05,10.924,8.57619,3.41096,0.147354,0.21925,0.752026,0.752037,0.748142,0.755899,5.07394e-05,5.07397e-05,5.05384e-05,5.09444e-05,0.000280114,0.000279546,0.0002468,0.000316078,4.04981e-05,4.04977e-05,4.0381e-05,4.06125e-05,-0.321903,5,0.752653,5.07618e-05,13,11,14,0.954325,12,13
robustness,alternating,2,28,5,20,8000,0.749298,5.07873e-05,0.000248174,3.70177e-05,5.01773,4.89439,2.55916,0.013665,0.0522877,0.751995,0.752034,0.748277,0.7557,5.07405e-05,5.07409e-05,5.05357e-05,5.09434e-05,0.000279157,0.000279002,0.00024983,0.000309033,3.69399e-05,3.69391e-05,3.67464e-05,3.71352e-05,-0.155568,3,0.752653,5.07618e-05,13,11,14,0.973539,12,13
robustness,alternating,2,28,6,40,8000,0.749298,5.07873e-05,0.000248174,3.55589e-05,9.59867,7.49639,5.03186,0.0385649,0.0342228,0.750535,0.750516,0.74731,0.753873,5.07568e-05,5.07533e-05,5.05536e-05,5.09678e-05,0.000278579,0.000277757,0.000250408,0.000308395,3.54908e-05,3.54919e-05,3.53771e-05,3.56049e-05,-0.234655,5,0.752653,5.07618e-05,13,12,14,0.951922,12,13
robustness,alternating,2,28,7,20,8000,0.749298,5.07873e-05,0.000248174,3.23904e-05,4.3905,4.28825,3.41847,0.0695729,0.131772,0.750935,0.750937,0.747703,0.754178,5.07513e-05,5.07478e-05,5.05557e-05,5.09555e-05,0.000287423,0.000287291,0.000261011,0.00031455,3.23239e-05,3.2323e-05,3.21418e-05,3.25146e-05,-0.12895,4,0.752653,5.07618e-05,13,11,13,0.982402,12,13
robustness,alternating,2,28,8,40,8000,0.749298,5.07873e-05,0.000248174,3.08897e-05,8.33829,6.56337,6.57337,0.0838288,0.152108,0.750879,0.750919,0.747828,0.753891,5.07509e-05,5.07472e-05,5.05541e-05,5.09539e-05,0.000289923,0.000289456,0.000264748,0.00031661,3.08957e-05,3.08952e-05,3.07848e-05,3.10058e-05,-0.184621,4,0.752653,5.07618e-05,12,11,13,0.996891,12,13
robustness,alternating,2,28,9,20,8000,0.749298,5.07873e-05,0.000248174,2.86612e-05,3.88501,3.80378,4.111,0.0152706,0.0676544,0.751343,0.751388,0.748316,0.754228,5.07475e-05,5.07466e-05,5.05504e-05,5.09499e-05,0.000290636,0.000290335,0.000266586,0.000315444,2.86757e-05,2.86744e-05,2.84916e-05,2.88622e-05,-0.115595,3,0.752653,5.07618e-05,12,11,13,0.998973,12,13
robustness,alternating,2,28,10,40,8000,0.749298,5.07873e-05,0.000248174,2.75622e-05,7.44007,5.86953,7.67195,0.0571232,0.0935027,0.751077,0.751095,0.74817,0.753887,5.07497e-05,5.0749e-05,5.05549e-05,5.09509e-05,0.000292529,0.000292313,0.000268103,0.000317088,2.74636e-05,2.74638e-05,2.73516e-05,2.75747e-05,-0.163883,4,0.752653,5.07618e-05,12,11,13,1,12,13
robustness,alternating,2,28,11,20,8000,0.749298,5.07873e-05,0.000248174,2.6532e-05,3.5964,3.49904,4.50641,0.146312,0.0852185,0.75105,0.751067,0.748019,0.753923,5.07459e-05,5.07438e-05,5.05642e-05,5.09367e-05,0.000283461,0.000282892,0.000262392,0.000306001,2.63385e-05,2.63388e-05,2.61579e-05,2.65155e-05,-0.0623148,6,0.752653,5.07618e-05,13,12,13,0.999652,12,13
robustness,alternating,2,28,12,40,8000,0.749298,5.07873e-05,0.000248174,2.55344e-05,6.89267,5.38454,8.34144,0.0123598,0.0983121,0.751453,0.751477,0.748539,0.754218,5.07429e-05,5.07415e-05,5.05545e-05,5.09377e-05,0.000283526,0.0002829,0.000262787,0.000305968,2.55608e-05,2.55609e-05,2.5451e-05,2.567e-05,-0.154917,3,0.752653,5.07618e-05,13,13,13,0.985589,12,13
robustness,alternating,2,28,13,20,8000,0.749298,5.07873e-05,0.000248174,2.44277e-05,3.31116,3.21458,4.89718,0.0586713,0.0323164,0.751583,0.751592,0.748725,0.754347,5.07391e-05,5.07375e-05,5.05488e-05,5.09358e-05,0.000280194,0.000279686,0.00026045,0.00030105,2.4341e-05,2.43413e-05,2.41581e-05,2.45238e-05,-0.08759,4,0.752653,5.07618e-05,13,13,13,0.992697,12,13
robustness,alternating,2,28,14,40,8000,0.749298,5.07873e-05,0.000248174,2.39238e-05,6.45793,4.99697,8.87315,0.0778075,0.0297091,0.752046,0.752075,0.749307,0.754642,5.07349e-05,5.0733e-05,5.05423e-05,5.09362e-05,0.000278281,0.000277798,0.000259135,0.00029916,2.39194e-05,2.3919e-05,2.38096e-05,2.40313e-05,-0.16656,4,0.752653,5.07618e-05,13,13,13,0.993523,12,13
robustness,alternating,2,28,15,20,8000,0.749298,5.07873e-05,0.000248174,2.30253e-05,3.12107,3.01453,5.15762,0.0656829,0.0422426,0.751917,0.751922,0.749226,0.754558,5.07282e-05,5.07251e-05,5.05366e-05,5.09338e-05,0.000274909,0.000274537,0.000256886,0.000294485,2.29581e-05,2.296e-05,2.27772e-05,2.31351e-05,-0.0815186,4,0.752653,5.07618e-05,13,13,13,0.994009,12,13
robustness,alternating,2,28,16,40,8000,0.749298,5.07873e-05,0.000248174,2.27273e-05,6.13495,4.69906,9.26818,0.110585,0.0759455,0.751161,0.751131,0.748574,0.753781,5.07294e-05,5.07283e-05,5.05463e-05,5.09188e-05,0.000272009,0.000271848,0.000254232,0.000290291,2.27621e-05,2.2762e-05,2.2654e-05,2.28726e-05,-0.151248,5,0.752653,5.07618e-05,13,13,13,0.997045,12,13
robustness,alternating,2,28,17,20,8000,0.749298,5.07873e-05,0.000248174,2.16086e-05,2.92904,2.82213,5.4207,0.00974817,0.0188072,0.751173,0.751145,0.748576,0.753781,5.07272e-05,5.07267e-05,5.0545e-05,5.09143e-05,0.000271506,0.000271487,0.000254435,0.000289279,2.17012e-05,2.17003e-05,2.1524e-05,2.18812e-05,-0.0851252,2,0.752653,5.07618e-05,13,13,13,0.997558,12,13
robustness,alternating,2,28,18,40,8000,0.749298,5.07873e-05,0.000248174,2.14102e-05,5.77942,4.4072,9.70302,0.0697642,0.088141,0.751275,0.751254,0.748747,0.753849,5.07229e-05,5.07214e-05,5.05422e-05,5.09112e-05,0.000270506,0.00027034,0.000253199,0.00028806,2.14193e-05,2.14199e-05,2.13114e-05,2.1526e-05,-0.123809,4,0.752653,5.07618e-05,13,13,13,0.997954,12,13
robustness,alternating,2,28,19,20,8000,0.749298,5.07873e-05,0.000248174,2.06053e-05,2.79304,2.6814,5.60702,0.0301663,0.018413,0.751103,0.751109,0.748582,0.753588,5.07221e-05,5.07213e-05,5.05378e-05,5.09065e-05,0.000269504,0.000269372,0.000252816,0.000286922,2.0546e-05,2.05442e-05,2.03714e-05,2.07236e-05,-0.0888769,3,0.752653,5.07618e-05,13,13,13,0.998348,12,13
robustness,alternating,2,28,20,40,8000,0.749298,5.07873e-05,0.000248174,2.02509e-05,5.46647,4.15374,10.0858,0.0505939,0.0227637,0.751039,0.751022,0.74859,0.753533,5.07203e-05,5.0719e-05,5.0538e-05,5.09058e-05,0.000269112,0.000269121,0.000252193,0.000286415,2.015e-05,2.01504e-05,2.00411e-05,2.02578e-05,-0.10928,3,0.752653,5.07618e-05,13,13,13,0.998338,12,13
robustness,alternating,2,29,1,20,8000,0.000914479,6.16461e-05,0.00027674,6.16461e-05,8.32955,2.17076,2.17076,3.50612,0,0.000929239,0.000929168,0.000878158,0.000981291,6.15727e-05,6.15712e-05,6.12933e-05,6.18476e-05,0.000261763,0.000244957,0.000148291,0.000433651,6.15727e-05,6.15712e-05,6.12933e-05,6.18476e-05,0.0851602,14,0.000927046,6.15731e-05,12,7,19,0.943029,12,10
robustness,alternating,2,29,2,40,8000,0.000914479,6.16461e-05,0.00027674,5.74667e-05,15.6083,3.97266,1.12342,0.0468638,0.00232889,0.000923019,0.000923247,0.0008877,0.000957945,6.15546e-05,6.15542e-05,6.12994e-05,6.18156e-05,0.000269963,0.000268704,0.000211118,0.000335571,5.73114e-05,5.73115e-05,5.71716e-05,5.74492e-05,0.103462,7,0.000927046,6.15731e-05,11,9,14,0.966465,12,10
robustness,alternating,2,29,3,20,8000,0.000914479,6.16461e-05,0.00027674,5.04283e-05,6.81381,1.79424,1.51874,0.00654817,0.00406457,0.00092106,0.000921296,0.000890144,0.0009509,6.15467e-05,6.15486e-05,6.12998e-05,6.17927e-05,0.000265995,0.000265362,0.000234844,0.000298262,5.05374e-05,5.05361e-05,5.02709e-05,5.0808e-05,0.0258457,4,0.000927046,6.15731e-05,11,10,13,0.98897,12,10
robustness,alternating,2,29,4,40,8000,0.000914479,6.16461e-05,0.00027674,4.73351e-05,12.8565,3.31284,3.89895,0.136137,0.0779317,0.000915816,0.000915761,0.000888214,0.000943431,6.1547e-05,6.15508e-05,6.12886e-05,6.18048e-05,0.000272496,0.000272173,0.000243092,0.000303077,4.7365e-05,4.73662e-05,4.72256e-05,4.75002e-05,0.0334066,5,0.000927046,6.15731e-05,11,10,12,0.968761,12,10
robustness,alternating,2,29,5,20,8000,0.000914479,6.16461e-05,0.00027674,4.20579e-05,5.68281,1.53866,2.65989,0.0712379,0.0581937,0.000922155,0.000922375,0.0008958,0.000947961,6.1553e-05,6.15574e-05,6.12967e-05,6.18074e-05,0.000284617,0.000284554,0.000260321,0.000310062,4.19843e-05,4.1984e-05,4.17213e-05,4.22468e-05,0.0265598,4,0.000927046,6.15731e-05,11,10,11,0.961221,12,10
robustness,alternating,2,29,6,40,8000,0.000914479,6.16461e-05,0.00027674,4.05156e-05,11.0043,2.86678,5.76713,0.148408,0.115241,0.000921576,0.000921414,0.000897433,0.000945211,6.15497e-05,6.15541e-05,6.12924e-05,6.18005e-05,0.000279095,0.00027867,0.000256966,0.000303257,4.04967e-05,4.04973e-05,4.03601e-05,4.06338e-05,0.0684506,5,0.000927046,6.15731e-05,11,10,11,0.978967,12,10
robustness,alternating,2,29,7,20,8000,0.000914479,6.16461e-05,0.00027674,3.63624e-05,4.91325,1.35757,3.43636,0.0727775,0.0780466,0.000915985,0.000915739,0.000893144,0.000939365,6.15481e-05,6.1558e-05,6.12855e-05,6.17961e-05,0.000283332,0.000282938,0.00026228,0.000305773,3.66167e-05,3.66192e-05,3.63574e-05,3.68728e-05,0.0211383,3,0.000927046,6.15731e-05,11,10,11,0.997112,12,10
robustness,alternating,2,29,8,40,8000,0.000914479,6.16461e-05,0.00027674,3.50784e-05,9.52748,2.53617,7.25668,0.00294782,0.0514847,0.000912639,0.000912409,0.000891101,0.000935072,6.15503e-05,6.15561e-05,6.1287e-05,6.18041e-05,0.000283098,0.000282955,0.000262038,0.000305039,3.51321e-05,3.5133e-05,3.49979e-05,3.52688e-05,0.0446637,4,0.000927046,6.15731e-05,11,10,11,0.999713,12,10
robustness,alternating,2,29,9,20,8000,0.000914479,6.16461e-05,0.00027674,3.18922e-05,4.30924,1.22102,4.0458,0.0647977,0.0661913,0.00090874,0.00090817,0.000887394,0.000930865,6.15421e-05,6.1546e-05,6.12776e-05,6.18049e-05,0.000288297,0.000288151,0.000267666,0.000309288,3.19645e-05,3.19668e-05,3.17126e-05,3.22108e-05,0.0388743,4,0.000927046,6.15731e-05,11,10,11,1,12,10
robustness,alternating,2,29,10,40,8000,0.000914479,6.16461e-05,0.00027674,3.00826e-05,8.17061,2.32197,8.62527,0.19131,0.184754,0.000907839,0.000907576,0.000886882,0.000929209,6.15495e-05,6.15476e-05,6.12712e-05,6.1844e-05,0.000293078,0.000292875,0.000271903,0.000314119,3.01414e-05,3.01411e-05,3.00074e-05,3.02774e-05,0.0387118,6,0.000927046,6.15731e-05,10,10,10,1,12,10
robustness,alternating,2,29,11,20,8000,0.000914479,6.16461e-05,0.00027674,2.80327e-05,3.78774,1.1237,4.57198,0.00253507,0.00716175,0.000907975,0.000907684,0.000887909,0.000928753,6.1552e-05,6.15493e-05,6.12703e-05,6.18422e-05,0.00029361,0.000293502,0.000273382,0.000313522,2.79794e-05,2.79774e-05,2.77394e-05,2.82222e-05,0.00436472,2,0.000927046,6.15731e-05,10,10,10,1,12,10
robustness,alternating,2,29,12,40,8000,0.000914479,6.16461e-05,0.00027674,2.70651e-05,7.35104,2.11728,9.45191,0.00468559,0.0242692,0.000908447,0.000908298,0.000888787,0.000928279,6.1559e-05,6.15576e-05,6.12754e-05,6.18587e-05,0.000295132,0.000295116,0.000275096,0.000315284,2.68576e-05,2.68584e-05,2.67245e-05,2.69878e-05,0.0403501,4,0.000927046,6.15731e-05,10,10,10,1,12,10
robustness,alternating,2,29,13,20,8000,0.000914479,6.16461e-05,0.00027674,2.54993e-05,3.44544,1.02741,4.91736,0.0457801,0.00770428,0.000906982,0.00090707,0.000887304,0.000926346,6.15587e-05,6.15547e-05,6.12851e-05,6.18527e-05,0.000293079,0.000293137,0.000273403,0.000312598,2.53391e-05,2.53376e-05,2.51067e-05,2.55723e-05,-0.00149841,2,0.000927046,6.15731e-05,10,10,10,1,12,10
robustness,alternating,2,29,14,40,8000,0.000914479,6.16461e-05,0.00027674,2.4496e-05,6.65326,1.95456,10.1557,0.0233959,0.0753271,0.000904827,0.000904739,0.000885973,0.000924377,6.15547e-05,6.15492e-05,6.12842e-05,6.18511e-05,0.000293169,0.00029317,0.000274457,0.000312292,2.4536e-05,2.45357e-05,2.44042e-05,2.46693e-05,0.0111843,3,0.000927046,6.15731e-05,10,10,10,1,12,10
robustness,alternating,2,29,15,20,8000,0.000914479,6.16461e-05,0.00027674,2.34568e-05,3.16945,0.944262,5.19583,0.0452609,0.0400184,0.000904465,0.000904282,0.000885684,0.000924323,6.15485e-05,6.15439e-05,6.12702e-05,6.18437e-05,0.000290269,0.000290129,0.000271953,0.000308823,2.33732e-05,2.33737e-05,2.31438e-05,2.36034e-05,0.000993684,3,0.000927046,6.15731e-05,10,10,10,1,12,10
robustness,alternating,2,29,16,40,8000,0.000914479,6.16461e-05,0.00027674,2.29791e-05,6.24126,1.77479,10.5713,0.0670669,0.0381824,0.000903658,0.000903526,0.000884913,0.00092307,6.15422e-05,6.15359e-05,6.127e-05,6.18365e-05,0.000288773,0.00028888,0.000270433,0.000306776,2.29634e-05,2.29644e-05,2.28325e-05,2.30941e-05,0.0295003,4,0.000927046,6.15731e-05,10,10,10,1,12,10
robustness,alternating,2,29,17,20,8000,0.000914479,6.16461e-05,0.00027674,2.16761e-05,2.92885,0.875171,5.43859,0.0093093,0.0174663,0.000902002,0.000901704,0.000883642,0.000921114,6.15413e-05,6.15362e-05,6.12662e-05,6.18327e-05,0.000288142,0.000288351,0.000270266,0.00030597,2.17731e-05,2.17728e-05,2.15492e-05,2.20022e-05,0.00923435,2,0.000927046,6.15731e-05,10,10,10,1,12,10
robustness,alternating,2,29,18,40,8000,0.000914479,6.16461e-05,0.00027674,2.0958e-05,5.6923,1.6688,11.125,0.0728981,0.0522508,0.000902178,0.000901965,0.000884031,0.000920828,6.15419e-05,6.15367e-05,6.12645e-05,6.1835e-05,0.00029038,0.000290542,0.000272163,0.000308259,2.08913e-05,2.08923e-05,2.07583e-05,2.10212e-05,0.0579942,4,0.000927046,6.15731e-05,10,10,10,1,12,10
robustness,alternating,2,29,19,20,8000,0.000914479,6.16461e-05,0.00027674,1.99607e-05,2.69706,0.822529,5.67246,0.0124968,0.00242148,0.000902893,0.000902687,0.000884921,0.000921788,6.15425e-05,6.15385e-05,6.12623e-05,6.18329e-05,0.000291195,0.000291355,0.000273005,0.000308712,1.98002e-05,1.97998e-05,1.9584e-05,2.00214e-05,-0.00115294,2,0.000927046,6.15731e-05,10,10,10,1,12,10
robustness,alternating,2,29,20,40,8000,0.000914479,6.16461e-05,0.00027674,1.95472e-05,5.30913,1.55555,11.5115,0.0569284,0.00937438,0.000903432,0.00090317,0.000885283,0.000922584,6.15408e-05,6.15374e-05,6.1261e-05,6.18272e-05,0.000290371,0.000290575,0.000272192,0.000308159,1.94895e-05,1.94882e-05,1.93599e-05,1.96211e-05,0.0131951,3,0.000927046,6.15731e-05,10,10,10,1,12,10
robustness,alternating,2,30,1,20,8000,0.0217527,6.47009e-05,0.000144224,6.47009e-05,8.65836,1.02518,1.02518,3.59349,0,0.0216915,0.0216848,0.0211958,0.0222055,6.48768e-05,6.48778e-05,6.46051e-05,6.51485e-05,0.000272148,0.000249662,0.000144007,0.000480689,6.48768e-05,6.48778e-05,6.46051e-05,6.51485e-05,-0.0642444,15,0.021681,6.48802e-05,11,7,19,0.91816,12,19
robustness,alternating,2,30,2,40,8000,0.0217527,6.47009e-05,0.000144224,6.24292e-05,16.7218,2.69688,0.665978,0.548881,0.0371542,0.0214318,0.021434,0.0211119,0.0217371,6.49059e-05,6.49101e-05,6.46359e-05,6.51689e-05,0.000175876,0.000174811,0.000126013,0.00022925,6.23114e-05,6.23127e-05,6.21701e-05,6.24494e-05,-0.0319843,8,0.021681,6.48802e-05,16,13,21,0.906033,12,19
robustness,alternating,2,30,3,20,8000,0.0217527,6.47009e-05,0.000144224,5.72472e-05,7.66089,1.15159,1.04137,0.0399377,0.105272,0.0214055,0.0214062,0.0211305,0.0216809,6.49023e-05,6.49107e-05,6.46214e-05,6.51623e-05,0.000172395,0.000172445,0.00014569,0.000199805,5.71017e-05,5.71016e-05,5.68322e-05,5.73686e-05,-0.0328913,4,0.021681,6.48802e-05,16,14,19,0.943808,12,19
robustness,alternating,2,30,4,40,8000,0.0217527,6.47009e-05,0.000144224,5.47889e-05,14.6753,2.63271,2.74214,0.0382065,0.154527,0.0214673,0.0214652,0.0212384,0.0216961,6.49029e-05,6.49074e-05,6.46362e-05,6.51664e-05,0.000172791,0.000172352,0.000148418,0.000198351,5.47889e-05,5.47894e-05,5.46548e-05,5.49246e-05,-0.0348152,5,0.021681,6.48802e-05,16,14,19,0.96883,12,19
robustness,alternating,2,30,5,20,8000,0.0217527,6.47009e-05,0.000144224,5.11938e-05,6.85082,1.20381,1.8675,0.0669791,0.0249686,0.0214983,0.0214958,0.0212893,0.0217139,6.48916e-05,6.48935e-05,6.46339e-05,6.51456e-05,0.000165513,0.000164948,0.000145775,0.00018699,5.12332e-05,5.12306e-05,5.09673e-05,5.15048e-05,-0.00433039,4,0.021681,6.48802e-05,17,15,19,0.971557,12,19
robustness,alternating,2,30,6,40,8000,0.0217527,6.47009e-05,0.000144224,4.95388e-05,13.2691,2.69988,4.16883,0.0232335,0.0383784,0.021485,0.0214809,0.0212977,0.0216862,6.48924e-05,6.48944e-05,6.46372e-05,6.51468e-05,0.000164363,0.000163845,0.000145567,0.000184689,4.96555e-05,4.96556e-05,4.95165e-05,4.97925e-05,-0.00897286,4,0.021681,6.48802e-05,17,15,19,0.977167,12,19
robustness,alternating,2,30,7,20,8000,0.0217527,6.47009e-05,0.000144224,4.75794e-05,6.36713,1.37359,2.36077,0.154304,0.114467,0.021528,0.0215255,0.0213592,0.0217106,6.48721e-05,6.48672e-05,6.463e-05,6.51264e-05,0.000155067,0.000155189,0.000138591,0.000171823,4.75589e-05,4.75599e-05,4.72966e-05,4.78151e-05,-0.0445973,6,0.021681,6.48802e-05,18,16,20,0.956404,12,19
robustness,alternating,2,30,8,40,8000,0.0217527,6.47009e-05,0.000144224,4.62203e-05,12.3802,2.94752,5.0706,0.0262653,0.0136197,0.0215738,0.0215727,0.0214061,0.0217464,6.48732e-05,6.4868e-05,6.46304e-05,6.5129e-05,0.000154902,0.000154995,0.000138657,0.00017101,4.62132e-05,4.62122e-05,4.60788e-05,4.63491e-05,0.000184608,5,0.021681,6.48802e-05,18,16,20,0.970455,12,19
robustness,alternating,2,30,9,20,8000,0.0217527,6.47009e-05,0.000144224,4.40692e-05,5.8974,1.42955,2.83983,0.0642561,0.0394911,0.0216143,0.0216151,0.021447,0.0217781,6.48704e-05,6.48671e-05,6.46325e-05,6.51215e-05,0.000151592,0.000151592,0.000136215,0.000166571,4.40897e-05,4.40883e-05,4.38324e-05,4.43508e-05,-0.0160907,4,0.021681,6.48802e-05,18,17,20,0.94295,12,19
robustness,alternating,2,30,10,40,8000,0.0217527,6.47009e-05,0.000144224,4.26696e-05,11.4291,2.94205,6.03547,0.0668696,0.0748548,0.021602,0.0216036,0.0214378,0.0217592,6.48651e-05,6.48645e-05,6.4629e-05,6.51169e-05,0.000152662,0.000152647,0.000137685,0.000167474,4.26025e-05,4.26026e-05,4.24663e-05,4.27375e-05,-0.0440123,4,0.021681,6.48802e-05,18,17,20,0.963126,12,19
robustness,alternating,2,30,11,20,8000,0.0217527,6.47009e-05,0.000144224,4.08532e-05,5.46703,1.42625,3.27873,0.0611078,0.0365477,0.0216021,0.0216032,0.0214463,0.0217546,6.48646e-05,6.4863e-05,6.4623e-05,6.5118e-05,0.000151398,0.000151325,0.000137273,0.000165656,4.05804e-05,4.05803e-05,4.03208e-05,4.084e-05,-0.0159796,3,0.021681,6.48802e-05,18,17,20,0.971527,12,19
robustness,alternating,2,30,12,40,8000,0.0217527,6.47009e-05,0.000144224,4.00824e-05,10.7361,3.01658,6.73855,0.136709,0.053284,0.0216316,0.0216353,0.0214783,0.0217756,6.48644e-05,6.48608e-05,6.46209e-05,6.51195e-05,0.000149903,0.000149726,0.000136163,0.000164067,4.00243e-05,4.00241e-05,3.98886e-05,4.01594e-05,0.00340765,5,0.021681,6.48802e-05,19,17,20,0.960964,12,19
robustness,alternating,2,30,13,20,8000,0.0217527,6.47009e-05,0.000144224,3.80715e-05,5.09478,1.40648,3.65836,0.00736851,0.0230529,0.0216499,0.0216526,0.0215002,0.0217917,6.48798e-05,6.48754e-05,6.46376e-05,6.51349e-05,0.000152812,0.000152518,0.000139752,0.00016647,3.7611e-05,3.76136e-05,3.73571e-05,3.78638e-05,-0.0278359,4,0.021681,6.48802e-05,18,17,19,0.965871,12,19
robustness,alternating,2,30,14,40,8000,0.0217527,6.47009e-05,0.000144224,3.70001e-05,9.91055,2.84434,7.57614,0.0715034,0.0627769,0.0216395,0.0216421,0.0214953,0.0217732,6.48767e-05,6.48767e-05,6.46308e-05,6.51257e-05,0.000151644,0.000151437,0.000138824,0.000165178,3.70301e-05,3.70292e-05,3.68949e-05,3.71688e-05,-0.0151826,4,0.021681,6.48802e-05,19,17,20,0.986736,12,19
robustness,alternating,2,30,15,20,8000,0.0217527,6.47009e-05,0.000144224,3.54666e-05,4.74619,1.35397,4.01386,0.0126259,0.00530848,0.0216468,0.0216509,0.0215058,0.0217793,6.48761e-05,6.4875e-05,6.46317e-05,6.51259e-05,0.000150591,0.000150457,0.000138271,0.00016337,3.56167e-05,3.56139e-05,3.53646e-05,3.58697e-05,-0.00593609,3,0.021681,6.48802e-05,19,18,20,0.961993,12,19
robustness,alternating,2,30,16,40,8000,0.0217527,6.47009e-05,0.000144224,3.46024e-05,9.26831,2.74947,8.22771,0.0689108,0.0365183,0.0216429,0.0216454,0.0215046,0.0217758,6.48787e-05,6.48777e-05,6.46341e-05,6.51264e-05,0.000151924,0.000151882,0.00013905,0.000164828,3.44004e-05,3.44009e-05,3.42665e-05,3.45345e-05,0.0076857,5,0.021681,6.48802e-05,18,17,19,0.992808,12,19
robustness,alternating,2,30,17,20,8000,0.0217527,6.47009e-05,0.000144224,3.33377e-05,4.4613,1.32062,4.3044,0.0510072,0.0153459,0.0216554,0.0216574,0.0215193,0.0217862,6.48765e-05,6.48736e-05,6.46376e-05,6.51255e-05,0.000151008,0.000151036,0.000138468,0.000163863,3.31533e-05,3.31515e-05,3.29087e-05,3.33994e-05,-0.0370516,2,0.021681,6.48802e-05,19,18,19,0.995033,12,19
robustness,alternating,2,30,18,40,8000,0.0217527,6.47009e-05,0.000144224,3.30304e-05,8.84725,2.79108,8.65489,0.1475,0.0918347,0.0216719,0.0216732,0.0215442,0.0217987,6.48741e-05,6.48761e-05,6.46303e-05,6.51127e-05,0.000149849,0.000149723,0.000137793,0.000162118,3.28508e-05,3.28506e-05,3.27169e-05,3.29856e-05,-0.00973981,5,0.021681,6.48802e-05,19,19,19,0.994651,12,19
robustness,alternating,2,30,19,20,8000,0.0217527,6.47009e-05,0.000144224,3.16459e-05,4.2349,1.31067,4.53529,0.0118881,0.0175326,0.021673,0.0216732,0.0215466,0.0217994,6.48734e-05,6.4875e-05,6.46327e-05,6.51164e-05,0.000150749,0.00015063,0.000138849,0.000162773,3.13609e-05,3.13596e-05,3.11188e-05,3.16004e-05,-0.0109248,3,0.021681,6.48802e-05,19,19,19,1,12,19
robustness,alternating,2,30,20,40,8000,0.0217527,6.47009e-05,0.000144224,3.12053e-05,8.35841,2.70779,9.15083,0.120299,0.0383542,0.0216827,0.0216828,0.0215556,0.0218085,6.48662e-05,6.48648e-05,6.46205e-05,6.51251e-05,0.000149629,0.00014968,0.000138192,0.000161162,3.12485e-05,3.12474e-05,3.11152e-05,3.13811e-05,-0.0208578,5,0.021681,6.48802e-05,19,19,19,1,12,19
robustness,alternating,2,31,1,20,8000,0.146555,5.82261e-05,0.000420221,5.82261e-05,7.82474,2.57391,2.57391,1.61994,0,0.14591,0.145887,0.144258,0.147586,5.82888e-05,5.82871e-05,5.80194e-05,5.85617e-05,0.000261027,0.000243166,0.00013985,0.000440315,5.82888e-05,5.82871e-05,5.80194e-05,5.85617e-05,-0.295657,16,0.14587,5.82993e-05,13,7,21,0.942003,12,8
robustness,alternating,2,31,2,40,8000,0.146555,5.82261e-05,0.000420221,5.25781e-05,14.0992,2.26966,1.57483,0.61487,0.0387246,0.146331,0.146322,0.14533,0.147361,5.82631e-05,5.82595e-05,5.8007e-05,5.85232e-05,0.000409838,0.000410039,0.000337152,0.000481921,5.26032e-05,5.26014e-05,5.24708e-05,5.274e-05,-0.0447763,9,0.14587,5.82993e-05,8,7,9,0.959753,12,8
robustness,alternating,2,31,3,20,8000,0.146555,5.82261e-05,0.000420221,4.42506e-05,5.94664,2.14036,2.00264,0.0155905,0.0444655,0.146134,0.14614,0.145198,0.147061,5.82724e-05,5.82705e-05,5.80184e-05,5.85216e-05,0.000414277,0.000414054,0.0003792,0.000450997,4.40468e-05,4.40497e-05,4.37882e-05,4.42999e-05,-0.118783,4,0.14587,5.82993e-05,8,7,9,0.99974,12,8
robustness,alternating,2,31,4,40,8000,0.146555,5.82261e-05,0.000420221,4.1661e-05,11.1717,2.33513,4.58129,0.208808,0.173196,0.146668,0.146661,0.145893,0.14746,5.82381e-05,5.82357e-05,5.79948e-05,5.84911e-05,0.000401479,0.000401009,0.000370414,0.000434701,4.17187e-05,4.17172e-05,4.15886e-05,4.18531e-05,-0.056094,7,0.14587,5.82993e-05,9,8,9,0.992357,12,8
robustness,alternating,2,31,5,20,8000,0.146555,5.82261e-05,0.000420221,3.64155e-05,4.89371,1.89224,3.1217,0.00161945,0.0396387,0.14673,0.146725,0.145993,0.14748,5.82374e-05,5.82345e-05,5.79966e-05,5.84855e-05,0.000401924,0.000401634,0.000374548,0.000429906,3.63945e-05,3.63948e-05,3.61483e-05,3.66421e-05,-0.0911862,3,0.14587,5.82993e-05,9,8,9,0.998777,12,8
robustness,alternating,2,31,6,40,8000,0.146555,5.82261e-05,0.000420221,3.37841e-05,9.05947,2.50201,6.75056,0.141392,0.120423,0.146373,0.146364,0.145695,0.147077,5.82673e-05,5.82655e-05,5.80266e-05,5.85229e-05,0.000408188,0.000407886,0.000384139,0.00043412,3.37354e-05,3.37347e-05,3.36099e-05,3.38674e-05,0.00293227,6,0.14587,5.82993e-05,8,8,9,0.998588,12,8
robustness,alternating,2,31,7,20,8000,0.146555,5.82261e-05,0.000420221,3.0315e-05,4.07389,1.74189,3.99301,0.0216058,0.0301315,0.146353,0.146343,0.145703,0.147036,5.82709e-05,5.82682e-05,5.80312e-05,5.85254e-05,0.000408293,0.000408004,0.000385644,0.000432657,3.01504e-05,3.01521e-05,2.99118e-05,3.03849e-05,-0.0541671,2,0.14587,5.82993e-05,8,8,9,1,12,8
robustness,alternating,2,31,8,40,8000,0.146555,5.82261e-05,0.000420221,2.82608e-05,7.57836,2.57437,8.27164,0.11621,0.144781,0.146368,0.14636,0.145741,0.147004,5.82754e-05,5.82735e-05,5.80332e-05,5.85217e-05,0.000411482,0.000410809,0.000388869,0.000435325,2.8369e-05,2.8369e-05,2.82396e-05,2.85019e-05,0.0106955,4,0.14587,5.82993e-05,8,8,8,1,12,8
robustness,alternating,2,31,9,20,8000,0.146555,5.82261e-05,0.000420221,2.54207e-05,3.41617,1.65908,4.69204,0.0541277,0.0344216,0.146242,0.146239,0.145633,0.146871,5.8285e-05,5.82846e-05,5.8048e-05,5.85228e-05,0.000413521,0.000412921,0.000392171,0.000436327,2.56603e-05,2.56605e-05,2.54303e-05,2.58905e-05,-0.0522903,3,0.14587,5.82993e-05,8,8,8,1,12,8
robustness,alternating,2,31,10,40,8000,0.146555,5.82261e-05,0.000420221,2.39919e-05,6.43362,2.62885,9.44729,0.159523,0.0962786,0.146354,0.14635,0.145728,0.147002,5.82873e-05,5.8289e-05,5.80444e-05,5.85272e-05,0.000416382,0.000415892,0.000395332,0.000438944,2.41837e-05,2.4184e-05,2.40529e-05,2.4315e-05,-0.0214819,5,0.14587,5.82993e-05,8,8,8,1,12,8
robustness,alternating,2,31,11,20,8000,0.146555,5.82261e-05,0.000420221,2.21883e-05,2.98178,1.55747,5.15372,0.0138496,0.0118622,0.146424,0.146414,0.1458,0.147075,5.82884e-05,5.82918e-05,5.80409e-05,5.85238e-05,0.000418858,0.000418443,0.000398361,0.000440837,2.21203e-05,2.21187e-05,2.19077e-05,2.23341e-05,-0.0521456,2,0.14587,5.82993e-05,8,8,8,1,12,8
robustness,alternating,2,31,12,40,8000,0.146555,5.82261e-05,0.000420221,2.12769e-05,5.70555,2.4987,10.195,0.00746789,0.0239539,0.146414,0.146409,0.145808,0.147052,5.82926e-05,5.82953e-05,5.8041e-05,5.8539e-05,0.000420022,0.000419798,0.000399625,0.000440945,2.11898e-05,2.1189e-05,2.10596e-05,2.13211e-05,-0.00876943,3,0.14587,5.82993e-05,8,8,8,1,12,8
robustness,alternating,2,31,13,20,8000,0.146555,5.82261e-05,0.000420221,2.01926e-05,2.71359,1.42446,5.43876,0.0685437,0.0580388,0.146364,0.146363,0.145772,0.146976,5.8288e-05,5.82898e-05,5.80397e-05,5.85351e-05,0.000416669,0.000416079,0.000397362,0.000437573,1.99513e-05,1.9951e-05,1.97411e-05,2.01617e-05,-0.0404714,4,0.14587,5.82993e-05,8,8,8,1,12,8
robustness,alternating,2,31,14,40,8000,0.146555,5.82261e-05,0.000420221,1.95799e-05,5.2505,2.25655,10.6624,0.0792325,0.019632,0.146387,0.146383,0.145802,0.147,5.82825e-05,5.82839e-05,5.80403e-05,5.85303e-05,0.00041513,0.000414572,0.000396315,0.000435749,1.95104e-05,1.95106e-05,1.93797e-05,1.9638e-05,-0.0149197,3,0.14587,5.82993e-05,8,8,8,1,12,8
robustness,alternating,2,31,15,20,8000,0.146555,5.82261e-05,0.000420221,1.8404e-05,2.47323,1.32269,5.69422,0.0196091,0.012869,0.146401,0.146393,0.145829,0.147004,5.82806e-05,5.8281e-05,5.80377e-05,5.85259e-05,0.000414101,0.000413574,0.000395539,0.000434559,1.83668e-05,1.83656e-05,1.81637e-05,1.85745e-05,-0.0317641,3,0.14587,5.82993e-05,8,8,8,1,12,8
robustness,alternating,2,31,16,40,8000,0.146555,5.82261e-05,0.000420221,1.78e-05,4.77321,2.13971,11.1525,0.00313138,0.00962872,0.146348,0.14634,0.145788,0.146947,5.8283e-05,5.82848e-05,5.80379e-05,5.85312e-05,0.000414212,0.000413722,0.000395835,0.000434743,1.7754e-05,1.77539e-05,1.76293e-05,1.78811e-05,-0.0164509,2,0.14587,5.82993e-05,8,8,8,1,12,8
robustness,alternating,2,31,17,20,8000,0.146555,5.82261e-05,0.000420221,1.68414e-05,2.26323,1.2401,5.91741,0.0173321,0.0129645,0.146377,0.146368,0.145804,0.146987,5.82771e-05,5.82763e-05,5.8028e-05,5.85262e-05,0.00041286,0.000412454,0.000394495,0.000432394,1.68467e-05,1.68488e-05,1.66485e-05,1.70404e-05,-0.024078,3,0.14587,5.82993e-05,8,8,8,1,12,8
robustness,alternating,2,31,18,40,8000,0.146555,5.82261e-05,0.000420221,1.62061e-05,4.3458,2.05922,11.5915,0.0464188,0.0435396,0.146453,0.146446,0.145902,0.147047,5.82784e-05,5.8278e-05,5.80323e-05,5.85314e-05,0.000414355,0.00041406,0.000395558,0.000434276,1.62177e-05,1.62165e-05,1.60967e-05,1.63435e-05,-0.000996392,3,0.14587,5.82993e-05,8,8,8,1,12,8
robustness,alternating,2,31,19,20,8000,0.146555,5.82261e-05,0.000420221,1.56446e-05,2.10241,1.15698,6.08834,0.0413724,0.0443791,0.146475,0.146464,0.145921,0.147068,5.82744e-05,5.82728e-05,5.80255e-05,5.85271e-05,0.00041316,0.000412926,0.000394165,0.000432448,1.54665e-05,1.54648e-05,1.52757e-05,1.56561e-05,-0.0252301,2,0.14587,5.82993e-05,8,8,8,1,12,8
robustness,alternating,2,31,20,40,8000,0.146555,5.82261e-05,0.000420221,1.52044e-05,4.07718,1.89663,11.8674,0.0365302,0.0077263,0.146531,0.146517,0.145988,0.147113,5.82743e-05,5.8275e-05,5.80278e-05,5.85281e-05,0.000412489,0.000412282,0.000393944,0.000431433,1.51959e-05,1.51964e-05,1.50711e-05,1.53207e-05,-0.00084621,3,0.14587,5.82993e-05,8,8,8,1,12,8
robustness,alternating,2,32,1,20,8000,0.0315541,4.45216e-05,0.000165634,4.45216e-05,5.95899,2.21791,2.21791,4.27091,0,0.0317418,0.0317184,0.0304476,0.0331078,4.47404e-05,4.47398e-05,4.44672e-05,4.50191e-05,0.000277662,0.00026277,0.000140957,0.000457674,4.47404e-05,4.47398e-05,4.44672e-05,4.50191e-05,-0.0666122,15,0.0317292,4.47416e-05,15,9,27,0.93125,12,24
robustness,alternating,2,32,2,40,8000,0.0315541,4.45216e-05,0.000165634,4.31029e-05,11.54,3.92709,0.446456,0.148139,0.0283835,0.0318503,0.0318538,0.0313113,0.0323755,4.47564e-05,4.4753e-05,4.44939e-05,4.5031e-05,0.000221219,0.000219013,0.000146192,0.000303513,4.31228e-05,4.3124e-05,4.29844e-05,4.32598e-05,-0.00829236,6,0.0317292,4.47416e-05,18,13,27,0.947486,12,24
robustness,alternating,2,32,3,20,8000,0.0315541,4.45216e-05,0.000165634,4.12711e-05,5.52392,1.35665,0.47634,0.185296,0.0822595,0.0319566,0.0319597,0.0314609,0.0324202,4.46915e-05,4.4687e-05,4.44456e-05,4.49531e-05,0.000158016,0.000157407,0.000119335,0.000198988,4.11978e-05,4.12002e-05,4.09293e-05,4.14593e-05,-0.0267962,6,0.0317292,4.47416e-05,25,19,33,0.951019,12,24
robustness,alternating,2,32,4,40,8000,0.0315541,4.45216e-05,0.000165634,4.04761e-05,10.8367,2.35153,1.16112,0.0950023,0.0913532,0.0316505,0.0316496,0.031279,0.0320363,4.46892e-05,4.46846e-05,4.44471e-05,4.49473e-05,0.00014664,0.00014599,0.00011253,0.000183072,4.0546e-05,4.05446e-05,4.04097e-05,4.06809e-05,-0.0155198,5,0.0317292,4.47416e-05,27,21,35,0.95042,12,24
robustness,alternating,2,32,5,20,8000,0.0315541,4.45216e-05,0.000165634,3.89735e-05,5.2164,0.768931,0.791417,0.0462162,0.0885111,0.0315784,0.0315774,0.0312098,0.0319491,4.46651e-05,4.46586e-05,4.44282e-05,4.49228e-05,0.000135422,0.000134836,0.000107972,0.000164588,3.90551e-05,3.90594e-05,3.87954e-05,3.93099e-05,-0.0360243,4,0.0317292,4.47416e-05,29,23,36,0.940501,12,24
robustness,alternating,2,32,6,40,8000,0.0315541,4.45216e-05,0.000165634,3.85012e-05,10.308,1.33447,1.69847,0.0754607,0.146093,0.0316507,0.0316531,0.0313262,0.0319771,4.46615e-05,4.46567e-05,4.44324e-05,4.49093e-05,0.00013111,0.000130524,0.000105128,0.000159105,3.86085e-05,3.86085e-05,3.8474e-05,3.87453e-05,-0.0134941,5,0.0317292,4.47416e-05,30,25,37,0.917789,12,24
robustness,alternating,2,32,7,20,8000,0.0315541,4.45216e-05,0.000165634,3.62344e-05,4.84979,0.494605,1.16703,0.112557,0.0439799,0.0316647,0.0316631,0.0313427,0.0319906,4.47037e-05,4.47034e-05,4.44738e-05,4.49389e-05,0.0001462,0.000145269,0.000121585,0.000173875,3.62587e-05,3.62566e-05,3.60063e-05,3.65108e-05,-0.0473142,5,0.0317292,4.47416e-05,27,23,32,0.918248,12,24
robustness,alternating,2,32,8,40,8000,0.0315541,4.45216e-05,0.000165634,3.52268e-05,9.43134,1.00547,2.58944,0.0710819,0.0366094,0.0316274,0.0316261,0.0313403,0.0319165,4.47074e-05,4.47063e-05,4.4473e-05,4.4941e-05,0.000148047,0.000147125,0.00012448,0.000173863,3.53177e-05,3.5318e-05,3.51822e-05,3.54512e-05,-0.0502303,4,0.0317292,4.47416e-05,26,23,31,0.925294,12,24
robustness,alternating,2,32,9,20,8000,0.0315541,4.45216e-05,0.000165634,3.37688e-05,4.51977,0.3769,1.50516,0.0115164,0.0239518,0.0316273,0.0316267,0.0313446,0.0319087,4.4712e-05,4.47113e-05,4.44827e-05,4.49423e-05,0.000149888,0.000149222,0.000127897,0.000174385,3.37177e-05,3.37157e-05,3.34658e-05,3.39686e-05,-0.0323196,3,0.0317292,4.47416e-05,26,23,30,0.91451,12,24
robustness,alternating,2,32,10,40,8000,0.0315541,4.45216e-05,0.000165634,3.321e-05,8.89137,0.817489,3.13822,0.0479532,0.0544633,0.0315892,0.0315878,0.0313264,0.0318527,4.47083e-05,4.47107e-05,4.44764e-05,4.49387e-05,0.000148153,0.000147325,0.000127604,0.000171251,3.32261e-05,3.32242e-05,3.30935e-05,3.33632e-05,-0.0150362,4,0.0317292,4.47416e-05,26,23,31,0.961975,12,24
robustness,alternating,2,32,11,20,8000,0.0315541,4.45216e-05,0.000165634,3.19357e-05,4.27442,0.374757,1.75654,0.0017859,0.0245122,0.0316217,0.0316194,0.0313608,0.0318814,4.4707e-05,4.47091e-05,4.44756e-05,4.49321e-05,0.000147992,0.000147363,0.000128,0.000169638,3.19201e-05,3.19192e-05,3.16739e-05,3.21655e-05,-0.00839136,2,0.0317292,4.47416e-05,26,23,31,0.971382,12,24
robustness,alternating,2,32,12,40,8000,0.0315541,4.45216e-05,0.000165634,3.12633e-05,8.37018,0.825811,3.66792,0.0146636,0.00186168,0.0316863,0.0316856,0.0314428,0.0319291,4.47012e-05,4.47031e-05,4.4473e-05,4.4921e-05,0.000147382,0.000146837,0.000127356,0.000169378,3.14094e-05,3.14099e-05,3.12772e-05,3.15434e-05,-0.00157804,4,0.0317292,4.47416e-05,27,23,31,0.97512,12,24
robustness,alternating,2,32,13,20,8000,0.0315541,4.45216e-05,0.000165634,2.98712e-05,3.99811,0.396024,2.03965,0.0520278,0.014082,0.0316599,0.0316587,0.0314212,0.0319046,4.47077e-05,4.47091e-05,4.44842e-05,4.49271e-05,0.000150448,0.000149981,0.000130605,0.000171272,2.99957e-05,2.99964e-05,2.97551e-05,3.02378e-05,0.0105971,3,0.0317292,4.47416e-05,26,23,29,0.946977,12,24
robustness,alternating,2,32,14,40,8000,0.0315541,4.45216e-05,0.000165634,2.93752e-05,7.86468,0.870747,4.18167,0.0205874,0.0268346,0.0316188,0.0316174,0.0313936,0.0318523,4.47092e-05,4.47103e-05,4.44882e-05,4.49312e-05,0.000150368,0.000150109,0.000130614,0.0001706,2.94343e-05,2.94348e-05,2.93015e-05,2.95666e-05,-0.00812165,3,0.0317292,4.47416e-05,26,23,29,0.955274,12,24
robustness,alternating,2,32,15,20,8000,0.0315541,4.45216e-05,0.000165634,2.82524e-05,3.78144,0.439818,2.26165,0.0202018,0.00232524,0.0316407,0.0316389,0.0314131,0.0318718,4.47122e-05,4.47121e-05,4.44907e-05,4.49282e-05,0.000151533,0.000151394,0.000132209,0.000171407,2.82872e-05,2.82869e-05,2.80468e-05,2.85338e-05,-0.00427016,3,0.0317292,4.47416e-05,26,23,29,0.969935,12,24
robustness,alternating,2,32,16,40,8000,0.0315541,4.45216e-05,0.000165634,2.74514e-05,7.34961,0.871379,4.70515,0.0951438,0.0731368,0.0316494,0.0316478,0.0314268,0.0318769,4.47158e-05,4.47134e-05,4.44942e-05,4.4935e-05,0.000155217,0.00015523,0.000135949,0.000174868,2.73137e-05,2.73136e-05,2.71802e-05,2.74471e-05,0.0121693,5,0.0317292,4.47416e-05,25,23,27,0.936286,12,24
robustness,alternating,2,32,17,20,8000,0.0315541,4.45216e-05,0.000165634,2.62181e-05,3.50916,0.414281,2.54062,0.0240571,0.0324494,0.0316395,0.0316394,0.0314227,0.0318593,4.47189e-05,4.47188e-05,4.45039e-05,4.49329e-05,0.00015864,0.000158799,0.000139326,0.000177669,2.60945e-05,2.6095e-05,2.58575e-05,2.63298e-05,-0.0303654,3,0.0317292,4.47416e-05,24,23,27,0.94437,12,24
robustness,alternating,2,32,18,40,8000,0.0315541,4.45216e-05,0.000165634,2.57771e-05,6.90134,0.871007,5.16074,0.0330067,0.00479455,0.0316047,0.0316053,0.0313935,0.0318108,4.472e-05,4.4719e-05,4.4506e-05,4.49377e-05,0.000157999,0.000158228,0.000138807,0.000176631,2.57522e-05,2.5752e-05,2.56198e-05,2.58856e-05,-0.0139639,3,0.0317292,4.47416e-05,25,23,27,0.972874,12,24
robustness,alternating,2,32,19,20,8000,0.0315541,4.45216e-05,0.000165634,2.51385e-05,3.36465,0.467767,2.68868,0.0310729,0.033073,0.0316082,0.0316099,0.0314011,0.0318193,4.47162e-05,4.47174e-05,4.45029e-05,4.49293e-05,0.000155575,0.000155614,0.000136707,0.000174192,2.5172e-05,2.51736e-05,2.49395e-05,2.54017e-05,-0.00335118,3,0.0317292,4.47416e-05,25,23,27,0.969967,12,24
robustness,alternating,2,32,20,40,8000,0.0315541,4.45216e-05,0.000165634,2.50354e-05,6.70277,1.03185,5.36256,0.0694992,0.0867225,0.0316003,0.0316006,0.0313936,0.0318076,4.47153e-05,4.47172e-05,4.45044e-05,4.49298e-05,0.000154476,0.000154344,0.000136298,0.000172612,2.49542e-05,2.49541e-05,2.48222e-05,2.50871e-05,-0.00546198,4,0.0317292,4.47416e-05,25,24,27,0.93524,12,24
robustness,alternating,2,33,1,20,8000,4.97013,4.94411e-05,0.000246268,4.94411e-05,6.83027,10.9452,10.9452,8.1331,0,4.96736,4.97039,4.92834,4.99633,4.92696e-05,4.92677e-05,4.91138e-05,4.94298e-05,0.000238163,0.000222797,0.000120751,0.000405453,4.92696e-05,4.92677e-05,4.91138e-05,4.94298e-05,-0.469887,18,4.99214,4.9227e-05,16,9,29,0.934589,12,17
robustness,alternating,2,33,2,40,8000,4.97013,4.94411e-05,0.000246268,4.72559e-05,12.9459,18.5385,0.927349,0.128631,0.0913567,4.98514,4.98626,4.96847,4.99822,4.92284e-05,4.92261e-05,4.90816e-05,4.93778e-05,0.000203868,0.000202013,0.000140704,0.000272876,4.72851e-05,4.72848e-05,4.71987e-05,4.73716e-05,-0.372624,8,4.99214,4.9227e-05,18,13,25,0.948068,12,17
robustness,alternating,2,33,3,20,8000,4.97013,4.94411e-05,0.000246268,4.26134e-05,5.88702,9.40971,1.71963,0.29655,0.0987771,4.98471,4.9857,4.96883,4.99729,4.92421e-05,4.92408e-05,4.90947e-05,4.9399e-05,0.000252491,0.000252608,0.000214629,0.000289453,4.25893e-05,4.2589e-05,4.24475e-05,4.27305e-05,-0.175191,6,4.99214,4.9227e-05,15,13,17,0.961853,12,17
robustness,alternating,2,33,4,40,8000,4.97013,4.94411e-05,0.000246268,4.05671e-05,11.1134,15.8816,4.00024,0.106578,0.123714,4.99031,4.99108,4.97903,4.99877,4.92274e-05,4.92265e-05,4.90807e-05,4.93826e-05,0.000257975,0.000258207,0.000223419,0.000291969,4.05165e-05,4.05173e-05,4.04346e-05,4.05974e-05,-0.216233,6,4.99214,4.9227e-05,14,13,16,0.935957,12,17
robustness,alternating,2,33,5,20,8000,4.97013,4.94411e-05,0.000246268,3.74183e-05,5.16933,8.25043,3.06198,0.0456679,0.00298505,4.99025,4.99092,4.97947,4.99857,4.92248e-05,4.92245e-05,4.90763e-05,4.938e-05,0.000255986,0.000256197,0.000226608,0.000284969,3.73126e-05,3.73137e-05,3.71737e-05,3.74478e-05,-0.104923,4,4.99214,4.9227e-05,14,13,16,0.969401,12,17
robustness,alternating,2,33,6,40,8000,4.97013,4.94411e-05,0.000246268,3.63094e-05,9.94703,14.1546,5.95661,0.180085,0.121652,4.98705,4.9875,4.97589,4.99674,4.92341e-05,4.92337e-05,4.90882e-05,4.9381e-05,0.000251,0.000250746,0.000224383,0.000278038,3.62548e-05,3.62544e-05,3.61727e-05,3.63353e-05,-0.214405,6,4.99214,4.9227e-05,15,13,16,0.958574,12,17
robustness,alternating,2,33,7,20,8000,4.97013,4.94411e-05,0.000246268,3.41676e-05,4.72023,7.51554,3.90196,0.121729,0.103515,4.98734,4.9878,4.97684,4.99669,4.92293e-05,4.92313e-05,4.90822e-05,4.93736e-05,0.000241541,0.000241432,0.000216154,0.000265992,3.41708e-05,3.41719e-05,3.40316e-05,3.43073e-05,-0.0915349,5,4.99214,4.9227e-05,15,14,17,0.978003,12,17
robustness,alternating,2,33,8,40,8000,4.97013,4.94411e-05,0.000246268,3.33514e-05,9.13668,12.9448,7.31578,0.131615,0.152121,4.98391,4.98415,4.97257,4.99409,4.92423e-05,4.92415e-05,4.90932e-05,4.93951e-05,0.000239468,0.000239445,0.000215537,0.000263753,3.33364e-05,3.33367e-05,3.32555e-05,3.34163e-05,-0.204054,5,4.99214,4.9227e-05,15,14,17,0.98824,12,17
robustness,alternating,2,33,9,20,8000,4.97013,4.94411e-05,0.000246268,3.14623e-05,4.34651,6.91074,4.60099,0.051544,0.0677677,4.98246,4.98272,4.97109,4.9928,4.92477e-05,4.92474e-05,4.90971e-05,4.9397e-05,0.000237899,0.000237812,0.00021609,0.000259695,3.13657e-05,3.13661e-05,3.12314e-05,3.15015e-05,-0.10779,4,4.99214,4.9227e-05,15,15,17,0.969894,12,17
robustness,alternating,2,33,10,40,8000,4.97013,4.94411e-05,0.000246268,3.05435e-05,8.36747,11.8314,8.60597,0.0469072,0.0254111,4.97967,4.97988,4.96857,4.9901,4.92557e-05,4.92542e-05,4.91097e-05,4.94048e-05,0.000237351,0.000237403,0.000216557,0.000257921,3.0548e-05,3.05487e-05,3.04673e-05,3.06277e-05,-0.176474,4,4.99214,4.9227e-05,15,15,17,0.986196,12,17
robustness,alternating,2,33,11,20,8000,4.97013,4.94411e-05,0.000246268,2.89407e-05,3.99814,6.35304,5.25257,0.0336318,0.0533553,4.97803,4.9782,4.96725,4.98857,4.92611e-05,4.92603e-05,4.91158e-05,4.94104e-05,0.000235994,0.000235965,0.000216698,0.00025502,2.89296e-05,2.89297e-05,2.87953e-05,2.90637e-05,-0.0613549,4,4.99214,4.9227e-05,16,15,17,0.994213,12,17
robustness,alternating,2,33,12,40,8000,4.97013,4.94411e-05,0.000246268,2.84561e-05,7.79561,10.9993,9.56514,0.140166,0.15653,4.97816,4.97823,4.96808,4.98818,4.92558e-05,4.92553e-05,4.91139e-05,4.93987e-05,0.000234004,0.000234024,0.000214763,0.000252932,2.84189e-05,2.84184e-05,2.83396e-05,2.84977e-05,-0.139175,5,4.99214,4.9227e-05,16,15,17,0.993081,12,17
robustness,alternating,2,33,13,20,8000,4.97013,4.94411e-05,0.000246268,2.70869e-05,3.74205,5.94256,5.73157,0.0382974,0.0528594,4.97813,4.97829,4.96799,4.98797,4.92552e-05,4.92544e-05,4.91136e-05,4.94009e-05,0.000232135,0.000232391,0.000213827,0.000249538,2.71427e-05,2.71426e-05,2.70074e-05,2.72782e-05,-0.0759982,3,4.99214,4.9227e-05,16,15,17,0.989418,12,17
robustness,alternating,2,33,14,40,8000,4.97013,4.94411e-05,0.000246268,2.66963e-05,7.31352,10.3029,10.3737,0.106503,0.153002,4.98089,4.98105,4.97139,4.99027,4.92457e-05,4.92448e-05,4.91045e-05,4.9386e-05,0.000230846,0.000230822,0.000212308,0.000248598,2.66412e-05,2.66407e-05,2.65626e-05,2.67211e-05,-0.112286,5,4.99214,4.9227e-05,17,16,17,0.985243,12,17
robustness,alternating,2,33,15,20,8000,4.97013,4.94411e-05,0.000246268,2.56579e-05,3.54463,5.62718,6.10083,0.0785902,0.0902046,4.98086,4.98093,4.97148,4.98995,4.92423e-05,4.92419e-05,4.91035e-05,4.93814e-05,0.000228321,0.000228631,0.000209755,0.000245255,2.56248e-05,2.56256e-05,2.54908e-05,2.57561e-05,-0.0878145,4,4.99214,4.9227e-05,17,16,17,0.979714,12,17
robustness,alternating,2,33,16,40,8000,4.97013,4.94411e-05,0.000246268,2.53249e-05,6.9378,9.76056,11.0039,0.134951,0.145513,4.97917,4.97922,4.96993,4.98798,4.92393e-05,4.92366e-05,4.9108e-05,4.9375e-05,0.000226955,0.000227121,0.000208393,0.000244669,2.53003e-05,2.52995e-05,2.52221e-05,2.53788e-05,-0.118933,5,4.99214,4.9227e-05,17,17,17,0.965156,12,17
robustness,alternating,2,33,17,20,8000,4.97013,4.94411e-05,0.000246268,2.42875e-05,3.35531,5.32658,6.45493,0.0342792,0.0550296,4.97956,4.97952,4.9703,4.9886,4.92334e-05,4.92305e-05,4.91049e-05,4.93694e-05,0.000224583,0.000224625,0.000206688,0.000242711,2.44004e-05,2.44022e-05,2.4266e-05,2.45337e-05,-0.057995,4,4.99214,4.9227e-05,17,17,17,0.992247,12,17
robustness,alternating,2,33,18,40,8000,4.97013,4.94411e-05,0.000246268,2.38693e-05,6.53906,9.19449,11.6727,0.00828907,0.0755253,4.98031,4.98039,4.97111,4.98916,4.92298e-05,4.92272e-05,4.90983e-05,4.93661e-05,0.000224534,0.000224435,0.000206569,0.000242942,2.38348e-05,2.38345e-05,2.37558e-05,2.39132e-05,-0.121931,4,4.99214,4.9227e-05,17,17,17,0.994954,12,17
robustness,alternating,2,33,19,20,8000,4.97013,4.94411e-05,0.000246268,2.28197e-05,3.15253,5.00492,6.83422,0.00557164,0.0161892,4.98035,4.98047,4.97127,4.98911,4.92292e-05,4.92279e-05,4.90977e-05,4.93649e-05,0.000224949,0.00022494,0.000207595,0.000243104,2.27715e-05,2.27717e-05,2.26389e-05,2.29042e-05,-0.026058,3,4.99214,4.9227e-05,17,17,17,0.994522,12,17
robustness,alternating,2,33,20,40,8000,4.97013,4.94411e-05,0.000246268,2.191e-05,6.0023,8.44426,12.573,0.184813,0.181489,4.98044,4.98044,4.97142,4.98962,4.92371e-05,4.92353e-05,4.91092e-05,4.93702e-05,0.000227914,0.000227857,0.000209377,0.000246868,2.18477e-05,2.18476e-05,2.17687e-05,2.19252e-05,-0.112634,6,4.99214,4.9227e-05,17,17,17,0.999564,12,17
robustness,alternating,2,34,1,20,8000,0.00242178,7.38486e-05,0.000343318,7.38486e-05,9.92349,2.73334,2.73334,3.79993,0,0.00244668,0.00244783,0.00235662,0.0025324,7.37891e-05,7.37891e-05,7.35109e-05,7.40654e-05,0.000270814,0.000251013,0.000138514,0.000473319,7.37891e-05,7.37891e-05,7.35109e-05,7.40654e-05,0.0217717,15,0.00245138,7.37991e-05,10,6,17,0.918205,12,8
robustness,alternating,2,34,2,40,8000,0.00242178,7.38486e-05,0.000343318,6.62684e-05,17.8749,4.64817,2.04904,0.481323,0.0856185,0.00237357,0.00237307,0.00232518,0.0024219,7.37618e-05,7.37591e-05,7.35065e-05,7.4022e-05,0.000347615,0.000345818,0.000287684,0.000412301,6.62601e-05,6.62612e-05,6.61216e-05,6.63972e-05,0.0468352,9,0.00245138,7.37991e-05,7,7,9,0.982581,12,8
robustness,alternating,2,34,3,20,8000,0.00242178,7.38486e-05,0.000343318,5.46222e-05,7.33992,1.70988,2.60304,0.0374701,0.0502163,0.00236987,0.00236896,0.00232549,0.00241518,7.37576e-05,7.37524e-05,7.35002e-05,7.40241e-05,0.000349698,0.000349639,0.000322849,0.00037756,5.47549e-05,5.47569e-05,5.44761e-05,5.50264e-05,-0.00191859,5,0.00245138,7.37991e-05,7,7,8,0.987909,12,8
robustness,alternating,2,34,4,40,8000,0.00242178,7.38486e-05,0.000343318,5.06154e-05,13.6528,3.18406,6.31038,0.0279435,0.00579816,0.00237435,0.00237368,0.00233604,0.00241443,7.37603e-05,7.37563e-05,7.35012e-05,7.40301e-05,0.000349521,0.000349261,0.000324891,0.000375719,5.06721e-05,5.06717e-05,5.05385e-05,5.08082e-05,0.0261928,4,0.00245138,7.37991e-05,7,7,8,0.995255,12,8
robustness,alternating,2,34,5,20,8000,0.00242178,7.38486e-05,0.000343318,4.34582e-05,5.83974,1.35722,4.11859,0.0523548,0.0592424,0.00238831,0.00238821,0.00234971,0.00242644,7.37757e-05,7.37742e-05,7.35164e-05,7.40513e-05,0.000357153,0.000356622,0.000335722,0.000379859,4.3381e-05,4.33808e-05,4.3111e-05,4.36455e-05,0.0223499,4,0.00245138,7.37991e-05,7,7,8,1,12,8
robustness,alternating,2,34,6,40,8000,0.00242178,7.38486e-05,0.000343318,4.10305e-05,11.0674,2.61732,8.91978,0.082014,0.0386499,0.00239375,0.00239354,0.00235799,0.00243009,7.37691e-05,7.37669e-05,7.35041e-05,7.40424e-05,0.000354387,0.000354058,0.000333658,0.000376262,4.10683e-05,4.10688e-05,4.09337e-05,4.12017e-05,0.0244477,5,0.00245138,7.37991e-05,7,7,8,1,12,8
robustness,alternating,2,34,7,20,8000,0.00242178,7.38486e-05,0.000343318,3.74798e-05,5.03639,1.19126,4.93018,0.139577,0.125484,0.00238888,0.00238925,0.00235178,0.00242331,7.3769e-05,7.37743e-05,7.34913e-05,7.40303e-05,0.000341807,0.000342105,0.000322917,0.000360324,3.74824e-05,3.74843e-05,3.7232e-05,3.7725e-05,0.0579263,7,0.00245138,7.37991e-05,8,8,8,0.999467,12,8
robustness,alternating,2,34,8,40,8000,0.00242178,7.38486e-05,0.000343318,3.52885e-05,9.51857,2.3192,10.483,0.0781829,0.0740617,0.00238558,0.00238607,0.00235015,0.00241822,7.37676e-05,7.37696e-05,7.34925e-05,7.40281e-05,0.000343343,0.000343687,0.000324451,0.000360913,3.53149e-05,3.53154e-05,3.51811e-05,3.5451e-05,0.0167462,4,0.00245138,7.37991e-05,8,8,8,0.999856,12,8
robustness,alternating,2,34,9,20,8000,0.00242178,7.38486e-05,0.000343318,3.23789e-05,4.35095,1.07643,5.62264,0.0551046,0.0579582,0.00238542,0.00238562,0.00235187,0.0024181,7.37721e-05,7.37739e-05,7.34925e-05,7.40369e-05,0.000339666,0.000340006,0.000321824,0.000357069,3.23479e-05,3.23486e-05,3.20968e-05,3.25964e-05,0.00542774,3,0.00245138,7.37991e-05,8,8,8,0.999685,12,8
robustness,alternating,2,34,10,40,8000,0.00242178,7.38486e-05,0.000343318,3.06644e-05,8.27129,2.11622,11.7419,0.0727295,0.0754087,0.00238595,0.00238607,0.00235371,0.00241689,7.37664e-05,7.37704e-05,7.34797e-05,7.40269e-05,0.000341646,0.000341914,0.000324398,0.000358538,3.05604e-05,3.05609e-05,3.04262e-05,3.0691e-05,0.0155886,5,0.00245138,7.37991e-05,8,8,8,0.9995,12,8
robustness,alternating,2,34,11,20,8000,0.00242178,7.38486e-05,0.000343318,2.83844e-05,3.81418,0.997687,6.16491,0.0453669,0.0346935,0.00238558,0.00238563,0.00235425,0.00241654,7.37665e-05,7.37714e-05,7.34764e-05,7.40283e-05,0.000340035,0.000340119,0.000323132,0.000356279,2.82378e-05,2.82377e-05,2.79977e-05,2.84794e-05,0.00266552,2,0.00245138,7.37991e-05,8,8,8,0.999149,12,8
robustness,alternating,2,34,12,40,8000,0.00242178,7.38486e-05,0.000343318,2.77359e-05,7.48135,1.92181,12.5392,0.159669,0.125025,0.00238078,0.00238077,0.00235151,0.00240991,7.37692e-05,7.37766e-05,7.34681e-05,7.40379e-05,0.000336748,0.000336904,0.000319742,0.000353218,2.76732e-05,2.76719e-05,2.75379e-05,2.78074e-05,0.0181008,6,0.00245138,7.37991e-05,8,8,8,0.998745,12,8
robustness,alternating,2,34,13,20,8000,0.00242178,7.38486e-05,0.000343318,2.53844e-05,3.41106,0.931028,6.57216,0.0350839,0.0364556,0.00238341,0.00238329,0.00235367,0.00241304,7.3766e-05,7.37723e-05,7.34719e-05,7.40342e-05,0.000338612,0.000338844,0.000321677,0.000354512,2.54395e-05,2.54392e-05,2.5205e-05,2.5674e-05,0.00482997,2,0.00245138,7.37991e-05,8,8,8,0.9984,12,8
robustness,alternating,2,34,14,40,8000,0.00242178,7.38486e-05,0.000343318,2.45334e-05,6.61752,1.81924,13.411,0.0134622,0.0100053,0.00238267,0.00238259,0.00235409,0.00241156,7.37678e-05,7.37729e-05,7.34758e-05,7.40369e-05,0.000339093,0.000339109,0.000322647,0.000354889,2.44638e-05,2.44635e-05,2.43322e-05,2.45949e-05,0.0136322,4,0.00245138,7.37991e-05,8,8,8,0.999129,12,8
robustness,alternating,2,34,15,20,8000,0.00242178,7.38486e-05,0.000343318,2.30329e-05,3.09508,0.870961,6.89139,0.0245688,0.0185309,0.00238408,0.00238398,0.00235557,0.00241379,7.37693e-05,7.37754e-05,7.34734e-05,7.40378e-05,0.000338168,0.000338204,0.000321677,0.000353825,2.29825e-05,2.29816e-05,2.27588e-05,2.32104e-05,-0.0120759,2,0.00245138,7.37991e-05,8,8,8,0.998926,12,8
robustness,alternating,2,34,16,40,8000,0.00242178,7.38486e-05,0.000343318,2.21271e-05,5.96846,1.72396,14.0661,0.0402006,0.0472969,0.00237886,0.00237857,0.00235094,0.00240828,7.37711e-05,7.37738e-05,7.34861e-05,7.40485e-05,0.000339424,0.00033937,0.000323822,0.000355135,2.19932e-05,2.19921e-05,2.18642e-05,2.21252e-05,0.029163,4,0.00245138,7.37991e-05,8,8,8,0.999779,12,8
robustness,alternating,2,34,17,20,8000,0.00242178,7.38486e-05,0.000343318,2.06884e-05,2.78002,0.842352,7.20967,0.00514799,0.0139363,0.00238034,0.00238013,0.00235252,0.00240971,7.37714e-05,7.37743e-05,7.34934e-05,7.40472e-05,0.000339587,0.000339563,0.000323735,0.000355268,2.06654e-05,2.06637e-05,2.04477e-05,2.08864e-05,0.00374581,2,0.00245138,7.37991e-05,8,8,8,0.999898,12,8
robustness,alternating,2,34,18,40,8000,0.00242178,7.38486e-05,0.000343318,2.0161e-05,5.43814,1.63984,14.6014,0.0230031,0.0175008,0.00238344,0.0023832,0.00235561,0.00241252,7.377e-05,7.37709e-05,7.34932e-05,7.40441e-05,0.000339624,0.000339737,0.000323577,0.000354955,2.01047e-05,2.01055e-05,1.99747e-05,2.02317e-05,-0.00275431,3,0.00245138,7.37991e-05,8,8,8,1,12,8
robustness,alternating,2,34,19,20,8000,0.00242178,7.38486e-05,0.000343318,1.9137e-05,2.57156,0.791823,7.42027,0.0175636,0.0119734,0.00238356,0.0023834,0.00235557,0.00241191,7.37733e-05,7.37727e-05,7.34916e-05,7.40521e-05,0.000338527,0.000338655,0.000322395,0.000353756,1.91566e-05,1.91566e-05,1.89429e-05,1.93739e-05,-0.00439411,2,0.00245138,7.37991e-05,8,8,8,1,12,8
robustness,alternating,2,34,20,40,8000,0.00242178,7.38486e-05,0.000343318,1.86119e-05,5.02028,1.55218,15.0231,0.0142049,0.00499479,0.00238486,0.00238466,0.00235737,0.00241293,7.3769e-05,7.37714e-05,7.34902e-05,7.404e-05,0.000339332,0.000339432,0.000323685,0.000354329,1.85253e-05,1.85254e-05,1.8394e-05,1.86556e-05,-0.0158118,3,0.00245138,7.37991e-05,8,8,8,1,12,8
robustness,alternating,2,35,1,20,8000,0.274584,7.31756e-05,0.000173687,7.31756e-05,9.86051,6.07651,6.07651,3.49761,0,0.27312,0.273118,0.270439,0.275785,7.31898e-05,7.31885e-05,7.29269e-05,7.34563e-05,0.00026203,0.000244465,0.000139409,0.00045141,7.31898e-05,7.31885e-05,7.29269e-05,7.34564e-05,-0.465944,17,0.273117,7.31963e-05,11,6,17,0.922166,12,15
robustness,alternating,2,35,2,40,8000,0.274584,7.31756e-05,0.000173687,7.10518e-05,19.0921,7.44264,0.599643,0.946092,0.441816,0.274771,0.274764,0.273727,0.275858,7.31419e-05,7.31409e-05,7.29152e-05,7.33733e-05,0.000130862,0.000129709,9.18195e-05,0.000170225,7.11737e-05,7.11732e-05,7.10424e-05,7.13046e-05,-0.239626,10,0.273117,7.31963e-05,19,15,26,0.914388,12,15
robustness,alternating,2,35,3,20,8000,0.274584,7.31756e-05,0.000173687,6.50925e-05,8.7713,5.52875,1.25781,0.142446,0.127842,0.274393,0.274382,0.273401,0.275407,7.31671e-05,7.31703e-05,7.29443e-05,7.33784e-05,0.000143726,0.00014319,0.00012063,0.000168793,6.51634e-05,6.5164e-05,6.4922e-05,6.54039e-05,-0.152941,6,0.273117,7.31963e-05,17,15,20,0.92542,12,15
robustness,alternating,2,35,4,40,8000,0.274584,7.31756e-05,0.000173687,6.31769e-05,16.976,6.95744,2.83322,0.125247,0.285245,0.274685,0.274683,0.273892,0.275487,7.31554e-05,7.3154e-05,7.2932e-05,7.33801e-05,0.000139425,0.000138846,0.000118949,0.000162578,6.32603e-05,6.32603e-05,6.31291e-05,6.33935e-05,-0.152727,6,0.273117,7.31963e-05,17,15,21,0.974995,12,15
robustness,alternating,2,35,5,20,8000,0.274584,7.31756e-05,0.000173687,5.77124e-05,7.77682,4.96036,2.41239,0.184697,0.0121417,0.274808,0.274806,0.274038,0.275602,7.31493e-05,7.31473e-05,7.29482e-05,7.33585e-05,0.000156457,0.000156103,0.000136702,0.000177533,5.7391e-05,5.73895e-05,5.71526e-05,5.76269e-05,-0.113836,7,0.273117,7.31963e-05,16,14,18,0.96086,12,15
robustness,alternating,2,35,6,40,8000,0.274584,7.31756e-05,0.000173687,5.55585e-05,14.9289,6.20101,4.99536,0.0620121,0.0419534,0.274969,0.274981,0.274253,0.27564,7.31395e-05,7.3137e-05,7.29354e-05,7.33488e-05,0.000155306,0.000154919,0.000136723,0.000175324,5.55236e-05,5.55235e-05,5.53946e-05,5.56538e-05,-0.09033,5,0.273117,7.31963e-05,16,15,18,0.934452,12,15
robustness,alternating,2,35,7,20,8000,0.274584,7.31756e-05,0.000173687,5.12127e-05,6.90098,4.41898,3.42929,0.088989,0.024655,0.275039,0.275048,0.274344,0.275733,7.3133e-05,7.31298e-05,7.29373e-05,7.3337e-05,0.000160407,0.000160362,0.000142202,0.000178538,5.12166e-05,5.12177e-05,5.09864e-05,5.14482e-05,-0.0780582,4,0.273117,7.31963e-05,15,14,17,0.974878,12,15
robustness,alternating,2,35,8,40,8000,0.274584,7.31756e-05,0.000173687,4.98253e-05,13.3884,5.645,6.6225,0.0813518,0.121844,0.275014,0.275022,0.27439,0.275621,7.31355e-05,7.31355e-05,7.29203e-05,7.33445e-05,0.000157856,0.000157788,0.000140816,0.000175571,4.9996e-05,4.99972e-05,4.98635e-05,5.01287e-05,-0.121145,5,0.273117,7.31963e-05,16,15,17,0.951828,12,15
robustness,alternating,2,35,9,20,8000,0.274584,7.31756e-05,0.000173687,4.68475e-05,6.31276,4.08627,4.11225,0.0104127,0.0632141,0.275029,0.275034,0.274414,0.275639,7.31335e-05,7.31344e-05,7.2921e-05,7.33459e-05,0.000157617,0.000157424,0.000141995,0.000173756,4.69289e-05,4.6929e-05,4.67038e-05,4.71545e-05,-0.0675152,3,0.273117,7.31963e-05,16,15,17,0.972604,12,15
robustness,alternating,2,35,10,40,8000,0.274584,7.31756e-05,0.000173687,4.4692e-05,12.009,5.06601,8.07944,0.241495,0.179657,0.275145,0.275155,0.274542,0.275723,7.31263e-05,7.31273e-05,7.29195e-05,7.33268e-05,0.000160831,0.00016074,0.00014525,0.000176834,4.47686e-05,4.47673e-05,4.46417e-05,4.4898e-05,-0.103718,6,0.273117,7.31963e-05,15,15,17,0.955189,12,15
robustness,alternating,2,35,11,20,8000,0.274584,7.31756e-05,0.000173687,4.21389e-05,5.67827,3.66824,4.84894,0.0153067,0.0277799,0.275079,0.275086,0.274468,0.275648,7.31274e-05,7.31271e-05,7.29224e-05,7.33272e-05,0.000161183,0.000160971,0.000146588,0.000176462,4.21828e-05,4.21821e-05,4.19543e-05,4.24113e-05,-0.0697106,3,0.273117,7.31963e-05,15,15,17,0.976784,12,15
robustness,alternating,2,35,12,40,8000,0.274584,7.31756e-05,0.000173687,4.08456e-05,10.9755,4.66988,9.17112,0.055674,0.0168577,0.27517,0.275174,0.274588,0.275731,7.31232e-05,7.31238e-05,7.29199e-05,7.3323e-05,0.000162224,0.00016225,0.000147605,0.000177079,4.08309e-05,4.08313e-05,4.07013e-05,4.09602e-05,-0.0580688,4,0.273117,7.31963e-05,15,15,16,0.962462,12,15
robustness,alternating,2,35,13,20,8000,0.274584,7.31756e-05,0.000173687,3.88991e-05,5.24171,3.40449,5.35582,0.0300883,0.0532768,0.275135,0.275132,0.274558,0.275713,7.31221e-05,7.31224e-05,7.29158e-05,7.33221e-05,0.000161616,0.000161529,0.00014781,0.000175889,3.87972e-05,3.87965e-05,3.85733e-05,3.9025e-05,-0.0460389,3,0.273117,7.31963e-05,15,15,16,0.985067,12,15
robustness,alternating,2,35,14,40,8000,0.274584,7.31756e-05,0.000173687,3.80451e-05,10.2229,4.43311,9.96599,0.0608554,0.0563546,0.275207,0.275211,0.27465,0.275755,7.31197e-05,7.31204e-05,7.29181e-05,7.33156e-05,0.00016115,0.000160912,0.000147412,0.000175301,3.79495e-05,3.795e-05,3.78215e-05,3.80778e-05,-0.0510233,4,0.273117,7.31963e-05,15,15,16,0.993419,12,15
robustness,alternating,2,35,15,20,8000,0.274584,7.31756e-05,0.000173687,3.57603e-05,4.81875,3.12956,5.84691,0.0572227,0.0464258,0.275194,0.275197,0.274649,0.275739,7.31216e-05,7.31225e-05,7.29144e-05,7.33149e-05,0.00016207,0.000161918,0.000148626,0.000175832,3.59444e-05,3.59425e-05,3.57225e-05,3.61674e-05,-0.0316052,3,0.273117,7.31963e-05,15,15,15,0.999995,12,15
robustness,alternating,2,35,16,40,8000,0.274584,7.31756e-05,0.000173687,3.46943e-05,9.32257,3.99844,10.917,0.118965,0.0497856,0.275194,0.275201,0.274663,0.275703,7.31209e-05,7.31226e-05,7.29218e-05,7.33067e-05,0.000163633,0.000163379,0.000150716,0.000177161,3.46092e-05,3.46079e-05,3.4482e-05,3.47373e-05,-0.0637026,5,0.273117,7.31963e-05,15,15,15,1,12,15
robustness,alternating,2,35,17,20,8000,0.274584,7.31756e-05,0.000173687,3.25577e-05,4.38719,2.82818,6.34797,0.0805399,0.0750137,0.275137,0.275143,0.274621,0.275653,7.31199e-05,7.31219e-05,7.29189e-05,7.33056e-05,0.000165264,0.00016502,0.00015255,0.000178813,3.27715e-05,3.27724e-05,3.25523e-05,3.29856e-05,-0.0292547,3,0.273117,7.31963e-05,15,15,15,1,12,15
robustness,alternating,2,35,18,40,8000,0.274584,7.31756e-05,0.000173687,3.20076e-05,8.60063,3.66866,11.6796,0.018594,0.0536131,0.275018,0.275018,0.274499,0.275534,7.31193e-05,7.31209e-05,7.29052e-05,7.33164e-05,0.000165592,0.000165428,0.000152393,0.000179445,3.19723e-05,3.19728e-05,3.18435e-05,3.21002e-05,-0.0214006,4,0.273117,7.31963e-05,15,15,15,1,12,15
robustness,alternating,2,35,19,20,8000,0.274584,7.31756e-05,0.000173687,3.05993e-05,4.1233,2.6696,6.65437,0.0068875,0.00075909,0.274986,0.274987,0.274462,0.275509,7.31196e-05,7.31226e-05,7.29053e-05,7.33159e-05,0.000166979,0.000166768,0.000154075,0.000180541,3.03723e-05,3.03718e-05,3.01568e-05,3.05883e-05,-0.0374927,3,0.273117,7.31963e-05,15,15,15,1,12,15
robustness,alternating,2,35,20,40,8000,0.274584,7.31756e-05,0.000173687,2.95443e-05,7.93873,3.35063,12.3787,0.0617411,0.114037,0.27495,0.274953,0.274423,0.275466,7.31172e-05,7.31193e-05,7.29075e-05,7.33189e-05,0.0001677,0.000167412,0.000154871,0.000181323,2.95511e-05,2.95512e-05,2.94233e-05,2.96795e-05,-0.0470255,4,0.273117,7.31963e-05,15,15,15,1,12,15
robustness,alternating,2,36,1,20,8000,0.192736,5.91761e-05,0.000232007,5.91761e-05,7.96121,3.5646,3.5646,1.66563,0,0.192787,0.192783,0.190842,0.19474,5.91718e-05,5.91694e-05,5.89084e-05,5.94436e-05,0.000261989,0.000247446,0.000146969,0.000429761,5.91718e-05,5.91694e-05,5.89084e-05,5.94436e-05,-0.345289,16,0.192732,5.917e-05,13,8,20,0.901021,12,13
robustness,alternating,2,36,2,40,8000,0.192736,5.91761e-05,0.000232007,5.55158e-05,14.8992,3.21309,1.01298,0.0174883,0.125167,0.193086,0.193074,0.192,0.19417,5.91431e-05,5.91447e-05,5.88775e-05,5.9401e-05,0.000255712,0.000254212,0.000192822,0.000324589,5.55456e-05,5.55437e-05,5.54111e-05,5.56831e-05,-0.136158,6,0.192732,5.917e-05,12,10,15,0.916414,12,13
robustness,alternating,2,36,3,20,8000,0.192736,5.91761e-05,0.000232007,4.98544e-05,6.70712,3.00117,1.37821,0.0508003,0.0216934,0.193302,0.193299,0.192331,0.194274,5.91289e-05,5.91311e-05,5.88712e-05,5.93828e-05,0.000249372,0.00024913,0.000217788,0.00028188,4.96619e-05,4.96593e-05,4.94097e-05,4.99159e-05,-0.168257,5,0.192732,5.917e-05,13,11,14,0.966036,12,13
robustness,alternating,2,36,4,40,8000,0.192736,5.91761e-05,0.000232007,4.81223e-05,12.9149,2.76335,3.0626,0.248421,0.15395,0.192965,0.192962,0.192136,0.193789,5.91344e-05,5.91332e-05,5.88716e-05,5.94101e-05,0.000236146,0.000235712,0.000207005,0.000266789,4.81344e-05,4.81351e-05,4.79993e-05,4.82664e-05,-0.110846,7,0.192732,5.917e-05,13,12,15,0.95655,12,13
robustness,alternating,2,36,5,20,8000,0.192736,5.91761e-05,0.000232007,4.4194e-05,5.94561,2.65564,2.21566,0.0433347,0.0360899,0.192963,0.192964,0.192164,0.193762,5.91259e-05,5.91232e-05,5.88616e-05,5.94014e-05,0.000227718,0.00022736,0.000204987,0.000252659,4.43307e-05,4.43322e-05,4.40806e-05,4.45779e-05,-0.115601,4,0.192732,5.917e-05,13,13,15,0.950537,12,13
robustness,alternating,2,36,6,40,8000,0.192736,5.91761e-05,0.000232007,4.25183e-05,11.411,2.44631,4.61613,0.0112492,0.0350836,0.192977,0.192978,0.192259,0.19369,5.91252e-05,5.91253e-05,5.88577e-05,5.9392e-05,0.000227524,0.000227412,0.000205695,0.000250563,4.25982e-05,4.25973e-05,4.2463e-05,4.27318e-05,-0.0906371,4,0.192732,5.917e-05,13,13,15,0.966257,12,13
robustness,alternating,2,36,7,20,8000,0.192736,5.91761e-05,0.000232007,3.95236e-05,5.31728,2.37693,2.90665,0.0217664,0.0413269,0.193022,0.193025,0.192341,0.193701,5.91238e-05,5.9125e-05,5.88637e-05,5.93899e-05,0.000225499,0.000225319,0.000205463,0.000246731,3.95432e-05,3.95427e-05,3.93042e-05,3.97881e-05,-0.0859105,3,0.192732,5.917e-05,14,13,15,0.98921,12,13
robustness,alternating,2,36,8,40,8000,0.192736,5.91761e-05,0.000232007,3.8142e-05,10.2365,2.20892,5.82933,0.0059042,0.0174642,0.19303,0.193027,0.192401,0.19366,5.91258e-05,5.91277e-05,5.88597e-05,5.93876e-05,0.000225819,0.000225574,0.000206553,0.00024631,3.81593e-05,3.81605e-05,3.80245e-05,3.82919e-05,-0.0620061,4,0.192732,5.917e-05,14,13,15,0.994803,12,13
robustness,alternating,2,36,9,20,8000,0.192736,5.91761e-05,0.000232007,3.53043e-05,4.74964,2.12327,3.53089,0.042263,0.028429,0.192912,0.192911,0.192307,0.193527,5.91345e-05,5.91372e-05,5.88652e-05,5.93977e-05,0.000225713,0.000225196,0.00020773,0.000244944,3.55969e-05,3.55958e-05,3.53613e-05,3.58312e-05,-0.07463,3,0.192732,5.917e-05,14,13,15,0.99841,12,13
robustness,alternating,2,36,10,40,8000,0.192736,5.91761e-05,0.000232007,3.3983e-05,9.12028,1.96151,6.98228,0.129403,0.0461296,0.19283,0.192826,0.192217,0.193451,5.91412e-05,5.91385e-05,5.88737e-05,5.94231e-05,0.000228735,0.000228517,0.000209913,0.000248205,3.39895e-05,3.39896e-05,3.38582e-05,3.41261e-05,-0.0491138,5,0.192732,5.917e-05,13,13,14,0.961803,12,13
robustness,alternating,2,36,11,20,8000,0.192736,5.91761e-05,0.000232007,3.19528e-05,4.29874,1.92203,4.02676,0.00620145,0.0115302,0.192855,0.19285,0.192245,0.193482,5.91394e-05,5.91383e-05,5.88691e-05,5.94183e-05,0.000228014,0.000227826,0.000209839,0.000246705,3.19727e-05,3.19726e-05,3.17437e-05,3.22002e-05,-0.0531298,2,0.192732,5.917e-05,13,13,14,0.97348,12,13
robustness,alternating,2,36,12,40,8000,0.192736,5.91761e-05,0.000232007,3.14945e-05,8.45241,1.8456,7.67214,0.124436,0.135629,0.193022,0.193017,0.192453,0.193616,5.91241e-05,5.91307e-05,5.88316e-05,5.94075e-05,0.000224463,0.000224258,0.000206434,0.000242964,3.15282e-05,3.15266e-05,3.13978e-05,3.16636e-05,-0.0458335,6,0.192732,5.917e-05,14,13,15,1,12,13
robustness,alternating,2,36,13,20,8000,0.192736,5.91761e-05,0.000232007,2.94686e-05,3.96454,1.77504,4.39429,0.0456431,0.0312031,0.192969,0.192969,0.192408,0.193544,5.91312e-05,5.91355e-05,5.88485e-05,5.94141e-05,0.000227015,0.000227,0.000209438,0.000244906,2.9514e-05,2.95134e-05,2.92838e-05,2.97419e-05,-0.0702743,3,0.192732,5.917e-05,13,13,14,0.994965,12,13
robustness,alternating,2,36,14,40,8000,0.192736,5.91761e-05,0.000232007,2.93473e-05,7.87616,1.75315,8.26738,0.171697,0.190048,0.19291,0.192912,0.192351,0.193476,5.91331e-05,5.91332e-05,5.88728e-05,5.94139e-05,0.000222898,0.00022276,0.000206277,0.000240537,2.93354e-05,2.93342e-05,2.92068e-05,2.94672e-05,0.010598,6,0.192732,5.917e-05,14,13,14,0.979022,12,13
robustness,alternating,2,36,15,20,8000,0.192736,5.91761e-05,0.000232007,2.76274e-05,3.71683,1.67043,4.6667,0.0284882,0.0208407,0.19281,0.192811,0.192242,0.193369,5.91469e-05,5.91463e-05,5.88726e-05,5.94268e-05,0.000224633,0.00022443,0.000208537,0.000241549,2.75965e-05,2.75957e-05,2.73755e-05,2.78175e-05,-0.0391289,3,0.192732,5.917e-05,14,13,14,0.987757,12,13
robustness,alternating,2,36,16,40,8000,0.192736,5.91761e-05,0.000232007,2.64181e-05,7.09003,1.54171,9.0794,0.137251,0.138461,0.192829,0.192829,0.192257,0.193388,5.91472e-05,5.91489e-05,5.88691e-05,5.94242e-05,0.000227002,0.000226645,0.000210445,0.000244599,2.64425e-05,2.64414e-05,2.63152e-05,2.65728e-05,-0.0405223,5,0.192732,5.917e-05,14,13,14,0.989778,12,13
robustness,alternating,2,36,17,20,8000,0.192736,5.91761e-05,0.000232007,2.4663e-05,3.31802,1.4828,5.10528,0.077494,0.0698352,0.192863,0.192864,0.192299,0.193408,5.91437e-05,5.91473e-05,5.88602e-05,5.94219e-05,0.00022869,0.000228523,0.000212194,0.000245912,2.49792e-05,2.49776e-05,2.47618e-05,2.51989e-05,-0.0357751,3,0.192732,5.917e-05,14,13,14,0.986842,12,13
robustness,alternating,2,36,18,40,8000,0.192736,5.91761e-05,0.000232007,2.43068e-05,6.52339,1.41036,9.66471,0.0281183,0.0582689,0.19287,0.19287,0.192314,0.193399,5.91461e-05,5.91492e-05,5.88611e-05,5.94266e-05,0.000229238,0.000229057,0.000212634,0.000246591,2.43239e-05,2.43238e-05,2.41986e-05,2.44493e-05,-0.04318,3,0.192732,5.917e-05,14,13,14,0.988753,12,13
robustness,alternating,2,36,19,20,8000,0.192736,5.91761e-05,0.000232007,2.3566e-05,3.17043,1.42181,5.26759,0.0462125,0.051415,0.192868,0.192872,0.19233,0.193398,5.91416e-05,5.91411e-05,5.88567e-05,5.94253e-05,0.000227393,0.000227161,0.000211821,0.000243964,2.34901e-05,2.34885e-05,2.32741e-05,2.37055e-05,-0.0332708,3,0.192732,5.917e-05,14,13,14,0.988233,12,13
robustness,alternating,2,36,20,40,8000,0.192736,5.91761e-05,0.000232007,2.30109e-05,6.17562,1.35137,10.0239,0.00774076,0.0104207,0.19284,0.192845,0.192303,0.193364,5.91442e-05,5.91441e-05,5.88608e-05,5.94312e-05,0.000227031,0.00022683,0.00021167,0.000242893,2.30496e-05,2.30497e-05,2.29209e-05,2.31771e-05,-0.0275795,3,0.192732,5.917e-05,14,13,14,0.985472,12,13
robustness,alternating,2,37,1,20,8000,0.366699,0.000106728,0.000220518,0.000106728,14.4031,11.8595,11.8595,9.27465,0,0.364294,0.36431,0.361759,0.366865,0.000106834,0.000106832,0.000106578,0.000107099,0.000256583,0.000241309,0.000134791,0.000422572,0.000106834,0.000106832,0.000106578,0.000107099,-0.50164,20,0.364273,0.00010684,7,5,13,0.952279,12,8
robustness,alternating,2,37,2,40,8000,0.366699,0.000106728,0.000220518,9.72555e-05,26.1631,15.9256,2.78652,0.500428,0.074633,0.366568,0.366582,0.365575,0.367565,0.00010674,0.00010674,0.00010651,0.000106978,0.000212538,0.000211955,0.000174658,0.0002522,9.73022e-05,9.73029e-05,9.71669e-05,9.7435e-05,-0.266712,10,0.364273,0.00010684,9,7,10,0.972316,12,8
robustness,alternating,2,37,3,20,8000,0.366699,0.000106728,0.000220518,7.97485e-05,10.7622,8.50199,4.43691,0.417088,0.32248,0.366317,0.366313,0.365378,0.367297,0.000106761,0.000106761,0.000106532,0.000106997,0.00024166,0.000241787,0.000222705,0.000261098,7.99296e-05,7.99286e-05,7.96983e-05,8.01539e-05,-0.128979,7,0.364273,0.00010684,7,7,8,0.975649,12,8
robustness,alternating,2,37,4,40,8000,0.366699,0.000106728,0.000220518,7.34526e-05,19.7598,11.1466,9.77677,0.131951,0.235058,0.366139,0.366142,0.365329,0.366936,0.000106763,0.000106763,0.00010654,0.000106997,0.000243445,0.000243336,0.000226076,0.000261044,7.35624e-05,7.35621e-05,7.34328e-05,7.36915e-05,-0.196724,5,0.364273,0.00010684,7,7,8,0.994506,12,8
robustness,alternating,2,37,5,20,8000,0.366699,0.000106728,0.000220518,6.45012e-05,8.70457,6.72182,6.94481,0.149257,0.0168692,0.366259,0.366247,0.36551,0.367037,0.000106752,0.00010675,0.000106527,0.000106995,0.00023528,0.000235366,0.000220519,0.00025019,6.47223e-05,6.47239e-05,6.44995e-05,6.4944e-05,-0.0916668,6,0.364273,0.00010684,8,7,8,0.981088,12,8
robustness,alternating,2,37,6,40,8000,0.366699,0.000106728,0.000220518,6.09748e-05,16.4031,8.97213,13.4415,0.0427182,0.0273118,0.36623,0.36622,0.365534,0.36693,0.000106749,0.000106747,0.000106522,0.000106986,0.000234612,0.00023472,0.000219506,0.000248935,6.10517e-05,6.10524e-05,6.09258e-05,6.11803e-05,-0.117916,5,0.364273,0.00010684,8,8,8,0.937589,12,8
robustness,alternating,2,37,7,20,8000,0.366699,0.000106728,0.000220518,5.44452e-05,7.34749,5.59364,8.59886,0.0178104,0.0364766,0.36621,0.366208,0.365524,0.366895,0.000106747,0.000106748,0.000106514,0.000106981,0.000235246,0.000235189,0.000221396,0.000248739,5.42803e-05,5.42795e-05,5.40605e-05,5.45025e-05,-0.0822164,3,0.364273,0.00010684,8,8,8,0.999646,12,8
robustness,alternating,2,37,8,40,8000,0.366699,0.000106728,0.000220518,5.18348e-05,13.9443,7.42403,16.126,0.0906368,0.00590055,0.366234,0.366229,0.365564,0.366911,0.00010675,0.00010675,0.000106519,0.000106992,0.000234414,0.000234223,0.000220837,0.000248245,5.1686e-05,5.1686e-05,5.15605e-05,5.18132e-05,-0.0998268,5,0.364273,0.00010684,8,8,8,1,12,8
robustness,alternating,2,37,9,20,8000,0.366699,0.000106728,0.000220518,4.74455e-05,6.40286,4.83476,9.7502,0.10034,0.0338863,0.366294,0.366286,0.365632,0.366963,0.000106751,0.000106751,0.00010652,0.000106991,0.000230955,0.000230744,0.000218449,0.000244004,4.74685e-05,4.74706e-05,4.72506e-05,4.76903e-05,-0.0800681,4,0.364273,0.00010684,8,8,8,1,12,8
robustness,alternating,2,37,10,40,8000,0.366699,0.000106728,0.000220518,4.51995e-05,12.1593,6.35236,18.0749,0.0581374,0.0801005,0.366305,0.366298,0.365663,0.36696,0.000106754,0.000106752,0.000106528,0.000106988,0.000231204,0.000230965,0.000218968,0.000244086,4.52525e-05,4.52546e-05,4.51276e-05,4.53751e-05,-0.0968415,5,0.364273,0.00010684,8,8,8,1,12,8
robustness,alternating,2,37,11,20,8000,0.366699,0.000106728,0.000220518,4.09324e-05,5.52392,4.10931,10.8215,0.102638,0.12376,0.366308,0.366304,0.365686,0.366959,0.000106755,0.000106751,0.000106533,0.000106985,0.000234349,0.000234313,0.000222203,0.000246915,4.0892e-05,4.08923e-05,4.06775e-05,4.11071e-05,-0.0505721,5,0.364273,0.00010684,8,8,8,1,12,8
robustness,alternating,2,37,12,40,8000,0.366699,0.000106728,0.000220518,3.9142e-05,10.5297,5.33647,19.854,0.0548081,0.0932695,0.366296,0.366291,0.365683,0.366912,0.000106754,0.000106752,0.000106528,0.000106985,0.000234727,0.000234724,0.000222498,0.000246984,3.92167e-05,3.92162e-05,3.90925e-05,3.93435e-05,-0.0669549,4,0.364273,0.00010684,8,8,8,1,12,8
robustness,alternating,2,37,13,20,8000,0.366699,0.000106728,0.000220518,3.63226e-05,4.9018,3.61611,11.5798,0.0103942,0.0278825,0.366289,0.366288,0.36568,0.366894,0.000106756,0.000106755,0.000106533,0.000106986,0.000235498,0.000235479,0.000223468,0.000247476,3.62296e-05,3.6229e-05,3.60224e-05,3.64414e-05,-0.0491963,3,0.364273,0.00010684,8,8,8,1,12,8
robustness,alternating,2,37,14,40,8000,0.366699,0.000106728,0.000220518,3.47639e-05,9.35195,4.65191,21.1399,0.0681873,0.116452,0.366313,0.366319,0.36573,0.366894,0.000106754,0.000106755,0.000106524,0.000106983,0.000236174,0.000236076,0.000224605,0.000248194,3.46738e-05,3.4675e-05,3.45488e-05,3.47978e-05,-0.0711835,4,0.364273,0.00010684,8,8,8,1,12,8
robustness,alternating,2,37,15,20,8000,0.366699,0.000106728,0.000220518,3.34342e-05,4.51202,3.32967,12.0548,0.164275,0.126448,0.366323,0.366327,0.36572,0.366916,0.000106756,0.000106753,0.000106539,0.000106984,0.000232811,0.000232715,0.000221221,0.000244434,3.32117e-05,3.32067e-05,3.30068e-05,3.34302e-05,-0.0390245,6,0.364273,0.00010684,8,8,8,1,12,8
robustness,alternating,2,37,16,40,8000,0.366699,0.000106728,0.000220518,3.25639e-05,8.76014,4.40233,21.786,0.114079,0.0339843,0.366243,0.366247,0.365612,0.366847,0.000106755,0.000106752,0.000106534,0.000106987,0.000231683,0.000231615,0.000220218,0.000243171,3.2631e-05,3.26312e-05,3.25059e-05,3.27552e-05,-0.0710215,6,0.364273,0.00010684,8,8,8,1,12,8
robustness,alternating,2,37,17,20,8000,0.366699,0.000106728,0.000220518,3.06817e-05,4.14056,3.04788,12.5076,0.00201574,0.00616142,0.366204,0.366205,0.365581,0.366811,0.000106757,0.000106754,0.000106537,0.000106989,0.000231745,0.000231655,0.000220468,0.000243085,3.06847e-05,3.06859e-05,3.04788e-05,3.08918e-05,-0.0342295,2,0.364273,0.00010684,8,8,8,1,12,8
robustness,alternating,2,37,18,40,8000,0.366699,0.000106728,0.000220518,3.00325e-05,8.07915,4.04589,22.5295,0.0663986,0.0535012,0.36618,0.366182,0.365582,0.366768,0.000106754,0.000106749,0.00010654,0.000106985,0.000231045,0.000230987,0.000219694,0.000242332,3.00822e-05,3.00826e-05,2.99581e-05,3.02047e-05,-0.0690557,4,0.364273,0.00010684,8,8,8,1,12,8
robustness,alternating,2,37,19,20,8000,0.366699,0.000106728,0.000220518,2.85512e-05,3.85304,2.836,12.858,0.0201045,0.0150244,0.366202,0.366209,0.365607,0.366788,0.000106751,0.000106744,0.000106536,0.000106986,0.000230809,0.000230696,0.00021962,0.000242123,2.84497e-05,2.84502e-05,2.82441e-05,2.86554e-05,-0.0238811,3,0.364273,0.00010684,8,8,8,1,12,8
robustness,alternating,2,37,20,40,8000,0.366699,0.000106728,0.000220518,2.77427e-05,7.46316,3.71572,23.2021,0.0149179,0.0258248,0.366137,0.366142,0.365558,0.366706,0.000106753,0.000106748,0.000106534,0.000106984,0.000230915,0.000230785,0.000219658,0.000242706,2.77084e-05,2.77069e-05,2.75859e-05,2.78324e-05,-0.0636976,3,0.364273,0.00010684,8,8,8,1,12,8
robustness,alternating,2,38,1,20,8000,0.0168294,7.65938e-05,0.000530194,7.65938e-05,10.2525,2.43151,2.43151,3.91992,0,0.0166676,0.0166667,0.016339,0.0170012,7.66712e-05,7.66714e-05,7.63995e-05,7.69508e-05,0.000261731,0.000245831,0.000139396,0.000432428,7.66712e-05,7.66714e-05,7.63995e-05,7.69508e-05,-0.0385439,16,0.0166609,7.66779e-05,10,6,17,0.943202,12,5
robustness,alternating,2,38,2,40,8000,0.0168294,7.65938e-05,0.000530194,6.64046e-05,17.7923,3.65791,2.78965,1.16457,0.399237,0.0167604,0.0167635,0.0165269,0.0169817,7.66627e-05,7.6669e-05,7.63752e-05,7.69309e-05,0.000444471,0.00044377,0.000381277,0.000511153,6.64585e-05,6.64576e-05,6.63196e-05,6.66009e-05,-0.0454516,10,0.0166609,7.66779e-05,6,5,7,0.999604,12,5
robustness,alternating,2,38,3,20,8000,0.0168294,7.65938e-05,0.000530194,5.01028e-05,6.7065,0.809849,3.61644,0.295765,0.0336132,0.0166897,0.0166893,0.0164766,0.0168991,7.67359e-05,7.67388e-05,7.6468e-05,7.69839e-05,0.000508067,0.000508274,0.000479061,0.000536003,5.0136e-05,5.01362e-05,4.98602e-05,5.04073e-05,-0.0436386,7,0.0166609,7.66779e-05,5,5,6,1,12,5
robustness,alternating,2,38,4,40,8000,0.0168294,7.65938e-05,0.000530194,4.48346e-05,12.0129,2.17201,8.64762,0.0997105,0.0374781,0.0166655,0.0166645,0.0164807,0.0168562,7.67485e-05,7.67492e-05,7.64949e-05,7.69918e-05,0.00051275,0.000512795,0.000486818,0.000538091,4.48335e-05,4.48327e-05,4.4697e-05,4.49704e-05,-0.0267327,4,0.0166609,7.66779e-05,5,5,5,0.995551,12,5
robustness,alternating,2,38,5,20,8000,0.0168294,7.65938e-05,0.000530194,3.66386e-05,4.90425,1.16899,5.44909,0.0738407,0.0418338,0.0166954,0.0166957,0.0165122,0.0168741,7.67611e-05,7.67675e-05,7.65005e-05,7.7005e-05,0.00052192,0.000522106,0.000499224,0.00054441,3.66774e-05,3.66766e-05,3.64173e-05,3.694e-05,-0.0281342,5,0.0166609,7.66779e-05,5,5,5,1,12,5
robustness,alternating,2,38,6,40,8000,0.0168294,7.65938e-05,0.000530194,3.35442e-05,8.98776,2.76283,11.7139,0.105577,0.0846233,0.0166869,0.0166876,0.016512,0.0168633,7.6765e-05,7.6772e-05,7.64997e-05,7.70125e-05,0.00052516,0.000525466,0.000503184,0.000546717,3.35913e-05,3.35905e-05,3.34603e-05,3.37235e-05,-0.00294889,4,0.0166609,7.66779e-05,5,5,5,1,12,5
robustness,alternating,2,38,7,20,8000,0.0168294,7.65938e-05,0.000530194,2.89284e-05,3.87221,1.4135,6.49854,0.0238318,0.0128089,0.0166822,0.0166837,0.0165074,0.0168546,7.67679e-05,7.67733e-05,7.65069e-05,7.7017e-05,0.000525378,0.00052573,0.00050388,0.000545871,2.90825e-05,2.90843e-05,2.88379e-05,2.93269e-05,0.0125885,2,0.0166609,7.66779e-05,5,5,5,1,12,5
robustness,alternating,2,38,8,40,8000,0.0168294,7.65938e-05,0.000530194,2.65816e-05,7.12222,3.13112,13.6048,0.204176,0.16232,0.016661,0.0166592,0.0165009,0.0168351,7.6782e-05,7.67831e-05,7.65363e-05,7.70339e-05,0.000531179,0.000531161,0.000511283,0.000551046,2.66994e-05,2.66995e-05,2.65634e-05,2.68334e-05,-0.00449397,6,0.0166609,7.66779e-05,5,5,5,1,12,5
robustness,alternating,2,38,9,20,8000,0.0168294,7.65938e-05,0.000530194,2.3512e-05,3.14719,1.5521,7.23579,0.0373207,0.0256134,0.0166668,0.0166649,0.0165056,0.0168356,7.67864e-05,7.67891e-05,7.65387e-05,7.7036e-05,0.000535598,0.000535369,0.00051567,0.000556738,2.342e-05,2.34189e-05,2.31922e-05,2.36491e-05,-0.0439267,4,0.0166609,7.66779e-05,5,5,5,1,12,5
robustness,alternating,2,38,10,40,8000,0.0168294,7.65938e-05,0.000530194,2.2297e-05,5.97422,3.1752,14.7685,0.0134465,0.0143357,0.016697,0.0166959,0.0165333,0.0168685,7.67824e-05,7.67842e-05,7.65332e-05,7.70293e-05,0.000534334,0.000534116,0.000514751,0.000554375,2.23863e-05,2.23858e-05,2.22545e-05,2.25208e-05,-0.0125329,4,0.0166609,7.66779e-05,5,5,5,1,12,5
robustness,alternating,2,38,11,20,8000,0.0168294,7.65938e-05,0.000530194,2.02975e-05,2.71692,1.52337,7.67332,0.00422387,0.00631913,0.0166934,0.0166907,0.0165318,0.0168621,7.67818e-05,7.67841e-05,7.65282e-05,7.70272e-05,0.000533881,0.00053371,0.000514405,0.000553702,2.03447e-05,2.03455e-05,2.0129e-05,2.05635e-05,-0.0271883,2,0.0166609,7.66779e-05,5,5,5,1,12,5
robustness,alternating,2,38,12,40,8000,0.0168294,7.65938e-05,0.000530194,1.95349e-05,5.23415,3.04458,15.5186,0.019274,0.0289231,0.0166825,0.0166792,0.0165274,0.0168486,7.67822e-05,7.67848e-05,7.65278e-05,7.70234e-05,0.000533565,0.00053328,0.000514423,0.000552946,1.94954e-05,1.94958e-05,1.93652e-05,1.96247e-05,-0.0256812,2,0.0166609,7.66779e-05,5,5,5,1,12,5
robustness,alternating,2,38,13,20,8000,0.0168294,7.65938e-05,0.000530194,1.76189e-05,2.35838,1.50554,8.03791,0.0399142,0.0457763,0.0166753,0.0166729,0.0165218,0.0168397,7.67864e-05,7.67852e-05,7.65352e-05,7.70329e-05,0.000534496,0.000534347,0.000515522,0.000553661,1.78342e-05,1.78327e-05,1.7625e-05,1.80445e-05,-0.0051583,2,0.0166609,7.66779e-05,5,5,5,1,12,5
robustness,alternating,2,38,14,40,8000,0.0168294,7.65938e-05,0.000530194,1.68089e-05,4.50374,3.04888,16.2589,0.094384,0.041641,0.0166553,0.016651,0.0165049,0.0168174,7.67947e-05,7.67935e-05,7.65494e-05,7.70509e-05,0.000537195,0.000537348,0.000518348,0.000556371,1.67839e-05,1.6783e-05,1.66657e-05,1.69075e-05,0.0189498,6,0.0166609,7.66779e-05,5,5,5,1,12,5
robustness,alternating,2,38,15,20,8000,0.0168294,7.65938e-05,0.000530194,1.57731e-05,2.11131,1.43976,8.28915,0.0245164,0.019138,0.0166677,0.0166646,0.0165176,0.0168268,7.67892e-05,7.67885e-05,7.65451e-05,7.7044e-05,0.000536189,0.000536206,0.000517576,0.000555585,1.56952e-05,1.56952e-05,1.54967e-05,1.58957e-05,0.000344085,2,0.0166609,7.66779e-05,5,5,5,1,12,5
robustness,alternating,2,38,16,40,8000,0.0168294,7.65938e-05,0.000530194,1.53301e-05,4.10753,2.85003,16.6606,0.0431945,0.0229164,0.0166778,0.0166754,0.016526,0.0168357,7.67831e-05,7.67818e-05,7.65365e-05,7.70358e-05,0.000534691,0.000534642,0.000516196,0.000553426,1.53871e-05,1.53859e-05,1.52579e-05,1.55202e-05,0.0234952,4,0.0166609,7.66779e-05,5,5,5,1,12,5
robustness,alternating,2,38,17,20,8000,0.0168294,7.65938e-05,0.000530194,1.43803e-05,1.92488,1.36117,8.47873,0.00351303,0.00432464,0.0166899,0.0166882,0.0165395,0.0168453,7.67821e-05,7.67799e-05,7.65387e-05,7.70338e-05,0.000535282,0.000535201,0.000516964,0.000553843,1.43403e-05,1.43413e-05,1.41472e-05,1.45319e-05,-0.010184,1,0.0166609,7.66779e-05,5,5,5,1,12,5
robustness,alternating,2,38,18,40,8000,0.0168294,7.65938e-05,0.000530194,1.37725e-05,3.69019,2.75533,17.0836,0.0345434,0.0458345,0.0166798,0.0166776,0.0165325,0.0168326,7.67852e-05,7.67818e-05,7.65395e-05,7.70363e-05,0.000535712,0.000535663,0.000517623,0.000554402,1.38093e-05,1.3808e-05,1.36839e-05,1.39377e-05,-0.00600299,3,0.0166609,7.66779e-05,5,5,5,1,12,5
robustness,alternating,2,38,19,20,8000,0.0168294,7.65938e-05,0.000530194,1.28991e-05,1.72661,1.3307,8.68034,0.0143592,0.0106877,0.0166807,0.0166789,0.0165325,0.0168307,7.6785e-05,7.67834e-05,7.6538e-05,7.70368e-05,0.000536589,0.000536594,0.000518624,0.000554947,1.29151e-05,1.29156e-05,1.27319e-05,1.30976e-05,-0.00157397,2,0.0166609,7.66779e-05,5,5,5,1,12,5
robustness,alternating,2,38,20,40,8000,0.0168294,7.65938e-05,0.000530194,1.25014e-05,3.34959,2.65546,17.4288,0.0152122,0.0119457,0.0166835,0.0166818,0.0165351,0.0168325,7.67828e-05,7.67809e-05,7.65421e-05,7.70346e-05,0.000536106,0.00053602,0.000518406,0.000554136,1.26061e-05,1.26065e-05,1.24824e-05,1.2729e-05,-0.000518237,2,0.0166609,7.66779e-05,5,5,5,1,12,5
robustness,alternating,2,39,1,20,8000,2.00089,6.34626e-05,0.000277031,6.34626e-05,8.67427,11.0764,11.0764,7.8978,0,1.99723,1.99716,1.98411,2.01082,6.36759e-05,6.36761e-05,6.34846e-05,6.38636e-05,0.000265382,0.000252884,0.000149835,0.000422464,6.36759e-05,6.36761e-05,6.34846e-05,6.38636e-05,-0.458271,18,1.99724,6.36779e-05,11,7,19,0.955497,12,11
robustness,alternating,2,39,2,40,8000,2.00089,6.34626e-05,0.000277031,6.03573e-05,16.3985,17.9339,1.28985,0.355151,0.495252,1.99784,1.99793,1.98992,2.00556,6.36742e-05,6.36771e-05,6.34998e-05,6.38411e-05,0.000214222,0.000213764,0.000163256,0.000268083,6.03499e-05,6.03495e-05,6.02446e-05,6.04555e-05,-0.454487,7,1.99724,6.36779e-05,13,11,17,0.947925,12,11
robustness,alternating,2,39,3,20,8000,2.00089,6.34626e-05,0.000277031,5.28122e-05,7.21854,9.21629,2.38886,0.332429,0.0257339,1.99557,1.99554,1.98875,2.00253,6.37093e-05,6.37066e-05,6.35395e-05,6.38848e-05,0.000254513,0.000254185,0.000225407,0.000285674,5.28958e-05,5.28955e-05,5.27221e-05,5.30657e-05,-0.233738,7,1.99724,6.36779e-05,11,11,13,0.946988,12,11
robustness,alternating,2,39,4,40,8000,2.00089,6.34626e-05,0.000277031,5.07774e-05,13.7957,15.0882,5.03748,0.280437,0.395246,1.99826,1.99837,1.9925,2.00388,6.36835e-05,6.36822e-05,6.35054e-05,6.38626e-05,0.000244815,0.000244334,0.000217021,0.000274339,5.08722e-05,5.08736e-05,5.07715e-05,5.09694e-05,-0.351404,7,1.99724,6.36779e-05,12,11,13,0.975019,12,11
robustness,alternating,2,39,5,20,8000,2.00089,6.34626e-05,0.000277031,4.52083e-05,6.17922,7.8886,4.06406,0.16794,0.0195503,1.99888,1.99892,1.99294,2.00459,6.36882e-05,6.3683e-05,6.35248e-05,6.38694e-05,0.00026131,0.000260911,0.000237465,0.000286741,4.50971e-05,4.50968e-05,4.49329e-05,4.52639e-05,-0.16472,6,1.99724,6.36779e-05,11,11,12,0.938684,12,11
robustness,alternating,2,39,6,40,8000,2.00089,6.34626e-05,0.000277031,4.31456e-05,11.7222,12.8256,8.02302,0.063038,0.0697022,1.99973,1.99976,1.99452,2.00485,6.36783e-05,6.36742e-05,6.35168e-05,6.38552e-05,0.000261003,0.000260373,0.000238555,0.000284677,4.29687e-05,4.29691e-05,4.2873e-05,4.30632e-05,-0.249333,4,1.99724,6.36779e-05,11,11,12,0.960127,12,11
robustness,alternating,2,39,7,20,8000,2.00089,6.34626e-05,0.000277031,3.85025e-05,5.26264,6.7181,5.54144,0.157831,0.143851,2.00017,2.00023,1.99502,2.00516,6.36804e-05,6.36782e-05,6.35243e-05,6.38462e-05,0.000273183,0.000272851,0.000253556,0.000294908,3.84204e-05,3.84198e-05,3.82606e-05,3.85813e-05,-0.149728,7,1.99724,6.36779e-05,11,10,11,0.987773,12,11
robustness,alternating,2,39,8,40,8000,2.00089,6.34626e-05,0.000277031,3.66504e-05,9.95752,10.9141,10.564,0.0631563,0.0863081,2.00113,2.00119,1.99621,2.00592,6.36692e-05,6.36674e-05,6.35186e-05,6.38297e-05,0.000274951,0.0002746,0.00025571,0.000295688,3.6517e-05,3.65174e-05,3.64221e-05,3.66126e-05,-0.208179,5,1.99724,6.36779e-05,11,10,11,0.998496,12,11
robustness,alternating,2,39,9,20,8000,2.00089,6.34626e-05,0.000277031,3.44627e-05,4.71048,6.01312,6.43144,0.176796,0.156954,2.00049,2.00057,1.99561,2.00518,6.36665e-05,6.36688e-05,6.35069e-05,6.38174e-05,0.000266629,0.000266276,0.000249864,0.000285075,3.44015e-05,3.44012e-05,3.42394e-05,3.4565e-05,-0.0833301,6,1.99724,6.36779e-05,11,11,11,0.983631,12,11
robustness,alternating,2,39,10,40,8000,2.00089,6.34626e-05,0.000277031,3.31339e-05,9.00212,9.86213,11.9397,0.00557143,0.00737066,2.00055,2.00054,1.99584,2.00517,6.36668e-05,6.36698e-05,6.35097e-05,6.38177e-05,0.00026667,0.000266468,0.000249911,0.000284492,3.31709e-05,3.31714e-05,3.30757e-05,3.32658e-05,-0.192845,4,1.99724,6.36779e-05,11,11,11,0.998378,12,11
robustness,alternating,2,39,11,20,8000,2.00089,6.34626e-05,0.000277031,3.06641e-05,4.19128,5.35124,7.26831,0.0449579,0.0198729,1.99981,1.99979,1.99511,2.00451,6.36746e-05,6.36771e-05,6.35146e-05,6.38252e-05,0.000268424,0.000268283,0.000251712,0.000285792,3.06781e-05,3.0678e-05,3.0517e-05,3.08385e-05,-0.086849,4,1.99724,6.36779e-05,11,11,11,1,12,11
robustness,alternating,2,39,12,40,8000,2.00089,6.34626e-05,0.000277031,2.97982e-05,8.09587,8.87336,13.2446,0.0513248,0.0678541,1.99949,1.99944,1.99488,2.00416,6.36782e-05,6.36791e-05,6.35208e-05,6.38296e-05,0.000268357,0.000268262,0.000251436,0.000286041,2.97207e-05,2.97211e-05,2.96248e-05,2.98154e-05,-0.143063,4,1.99724,6.36779e-05,11,11,11,1,12,11
robustness,alternating,2,39,13,20,8000,2.00089,6.34626e-05,0.000277031,2.805e-05,3.83397,4.89485,7.84423,0.0428129,0.0404242,1.99947,1.99946,1.99483,2.0041,6.3678e-05,6.36796e-05,6.35215e-05,6.38292e-05,0.00026665,0.000266579,0.000250547,0.000283422,2.80663e-05,2.80661e-05,2.79064e-05,2.82245e-05,-0.0966442,3,1.99724,6.36779e-05,11,11,11,1,12,11
robustness,alternating,2,39,14,40,8000,2.00089,6.34626e-05,0.000277031,2.75022e-05,7.47206,8.18544,14.1428,0.109766,0.126412,1.99852,1.99845,1.99395,2.00319,6.36882e-05,6.36889e-05,6.35358e-05,6.38374e-05,0.000265424,0.000265377,0.000249679,0.000281525,2.74469e-05,2.74475e-05,2.73523e-05,2.75409e-05,-0.15155,5,1.99724,6.36779e-05,11,11,11,1,12,11
robustness,alternating,2,39,15,20,8000,2.00089,6.34626e-05,0.000277031,2.61282e-05,3.57128,4.55888,8.26763,0.0582703,0.0607301,1.9984,1.99835,1.99394,2.00307,6.36926e-05,6.36925e-05,6.35443e-05,6.38405e-05,0.000262188,0.000261992,0.000246444,0.000279281,2.62969e-05,2.62974e-05,2.61406e-05,2.64554e-05,-0.0720859,5,1.99724,6.36779e-05,11,11,11,1,12,11
robustness,alternating,2,39,16,40,8000,2.00089,6.34626e-05,0.000277031,2.56655e-05,6.97304,7.63421,14.8613,0.038524,0.114949,1.99985,1.99977,1.9954,2.00438,6.36755e-05,6.3674e-05,6.35296e-05,6.38249e-05,0.000261332,0.00026108,0.000245877,0.000277914,2.57761e-05,2.57762e-05,2.5683e-05,2.5869e-05,-0.121695,4,1.99724,6.36779e-05,11,11,11,1,12,11
robustness,alternating,2,39,17,20,8000,2.00089,6.34626e-05,0.000277031,2.38213e-05,3.25598,4.15704,8.77586,0.127818,0.089125,2.00021,2.00017,1.99566,2.0048,6.36751e-05,6.36702e-05,6.35278e-05,6.38299e-05,0.000265282,0.00026499,0.000249852,0.000282341,2.39695e-05,2.39715e-05,2.38131e-05,2.4121e-05,-0.0145065,5,1.99724,6.36779e-05,11,11,11,1,12,11
robustness,alternating,2,39,18,40,8000,2.00089,6.34626e-05,0.000277031,2.34452e-05,6.36982,6.97893,15.7299,0.0331271,0.0991926,1.99973,1.9997,1.99538,2.00427,6.36807e-05,6.36795e-05,6.35324e-05,6.38352e-05,0.000264905,0.000264722,0.000249582,0.000280992,2.34194e-05,2.34191e-05,2.33261e-05,2.3512e-05,-0.112712,4,1.99724,6.36779e-05,11,11,11,1,12,11
robustness,alternating,2,39,19,20,8000,2.00089,6.34626e-05,0.000277031,2.19895e-05,3.00559,3.83795,9.17943,0.0605426,0.055395,1.99925,1.99924,1.99488,2.00368,6.36888e-05,6.3688e-05,6.35337e-05,6.38395e-05,0.000266729,0.000266327,0.000251546,0.000283181,2.19755e-05,2.19756e-05,2.18215e-05,2.21282e-05,-0.0805238,4,1.99724,6.36779e-05,11,11,11,1,12,11
robustness,alternating,2,39,20,40,8000,2.00089,6.34626e-05,0.000277031,2.15401e-05,5.85223,6.41771,16.4751,0.0325949,0.0343209,2.00014,2.0001,1.99586,2.00455,6.36763e-05,6.36756e-05,6.3521e-05,6.38288e-05,0.0002666,0.000266197,0.00025157,0.000282941,2.15752e-05,2.15748e-05,2.1484e-05,2.16679e-05,-0.103506,4,1.99724,6.36779e-05,11,11,11,1,12,11
robustness,alternating,2,40,1,20,8000,0.0104006,4.88093e-05,0.000304774,4.88093e-05,6.53718,2.01697,2.01697,3.52228,0,0.0103052,0.0103031,0.00979562,0.0108169,4.84958e-05,4.84898e-05,4.82254e-05,4.87792e-05,0.000261947,0.000247943,0.000137813,0.000431999,4.84958e-05,4.84898e-05,4.82254e-05,4.87792e-05,-0.0200805,15,0.0103016,4.85029e-05,15,9,26,0.925654,12,13
robustness,alternating,2,40,2,40,8000,0.0104006,4.88093e-05,0.000304774,4.53481e-05,12.1596,3.92753,0.856015,0.194858,0.161263,0.0102908,0.0102867,0.0100731,0.0105193,4.84708e-05,4.84668e-05,4.8212e-05,4.8751e-05,0.000307907,0.000305417,0.000230768,0.000392795,4.54293e-05,4.54298e-05,4.52891e-05,4.55656e-05,-0.0139382,6,0.0103016,4.85029e-05,12,10,16,0.929272,12,13
robustness,alternating,2,40,3,20,8000,0.0104006,4.88093e-05,0.000304774,3.9869e-05,5.33979,1.80414,1.17285,0.0908245,0.0880828,0.0103421,0.0103422,0.0101347,0.0105548,4.84991e-05,4.85004e-05,4.82318e-05,4.87694e-05,0.000340222,0.000340154,0.000297508,0.000382298,3.98857e-05,3.98832e-05,3.96159e-05,4.01617e-05,-0.0434359,5,0.0103016,4.85029e-05,11,10,13,0.98756,12,13
robustness,alternating,2,40,4,40,8000,0.0104006,4.88093e-05,0.000304774,3.81261e-05,10.2231,3.38693,2.81547,0.103495,0.048946,0.0104078,0.0104067,0.010242,0.0105733,4.849e-05,4.84894e-05,4.82237e-05,4.87556e-05,0.000329329,0.000328468,0.000293215,0.000368315,3.81677e-05,3.81668e-05,3.80312e-05,3.83072e-05,-0.0146885,5,0.0103016,4.85029e-05,11,11,13,0.966043,12,13
robustness,alternating,2,40,5,20,8000,0.0104006,4.88093e-05,0.000304774,3.52165e-05,4.71666,1.46757,1.80493,0.1039,0.0727186,0.0103959,0.0103969,0.010235,0.0105538,4.8475e-05,4.84744e-05,4.82076e-05,4.87359e-05,0.000314478,0.000313762,0.000287186,0.000344099,3.49437e-05,3.49423e-05,3.46866e-05,3.51958e-05,-0.00974866,4,0.0103016,4.85029e-05,12,11,13,0.989243,12,13
robustness,alternating,2,40,6,40,8000,0.0104006,4.88093e-05,0.000304774,3.42206e-05,9.17588,2.71828,3.87514,0.217895,0.138112,0.0103951,0.0103952,0.0102445,0.0105499,4.84522e-05,4.8456e-05,4.81658e-05,4.87292e-05,0.000303175,0.000302321,0.000278206,0.000331592,3.41802e-05,3.41812e-05,3.40426e-05,3.43153e-05,-0.00510477,6,0.0103016,4.85029e-05,13,12,14,0.954176,12,13
robustness,alternating,2,40,7,20,8000,0.0104006,4.88093e-05,0.000304774,3.19224e-05,4.27546,1.19656,2.25247,0.0693983,0.0666088,0.0104061,0.0104072,0.0102553,0.010556,4.84452e-05,4.8448e-05,4.8159e-05,4.87247e-05,0.000299064,0.000298364,0.000276218,0.000324485,3.16141e-05,3.16151e-05,3.13663e-05,3.18657e-05,0.00437353,3,0.0103016,4.85029e-05,13,12,14,0.98428,12,13
robustness,alternating,2,40,8,40,8000,0.0104006,4.88093e-05,0.000304774,3.01914e-05,8.09549,2.41569,4.96838,0.0633568,0.133469,0.0104641,0.0104654,0.0103269,0.0105975,4.84491e-05,4.8446e-05,4.81754e-05,4.87227e-05,0.00030039,0.000299751,0.000278194,0.000325011,3.02792e-05,3.02783e-05,3.01473e-05,3.04127e-05,-0.0107074,4,0.0103016,4.85029e-05,13,12,13,0.962243,12,13
robustness,alternating,2,40,9,20,8000,0.0104006,4.88093e-05,0.000304774,2.81011e-05,3.76366,1.10717,2.77163,0.00439138,0.0123537,0.0104685,0.010469,0.0103331,0.010599,4.84466e-05,4.84435e-05,4.81756e-05,4.87176e-05,0.000299211,0.000298622,0.000278146,0.000322244,2.8197e-05,2.81986e-05,2.79536e-05,2.84393e-05,-0.000924802,2,0.0103016,4.85029e-05,13,12,13,0.973717,12,13
robustness,alternating,2,40,10,40,8000,0.0104006,4.88093e-05,0.000304774,2.72389e-05,7.30381,2.13295,5.76949,0.006023,0.0272055,0.0104672,0.0104683,0.0103359,0.0105949,4.8445e-05,4.84424e-05,4.81719e-05,4.87135e-05,0.000300012,0.000299569,0.000278676,0.000322569,2.71427e-05,2.71425e-05,2.7011e-05,2.72759e-05,-0.0185225,4,0.0103016,4.85029e-05,13,12,13,0.991245,12,13
robustness,alternating,2,40,11,20,8000,0.0104006,4.88093e-05,0.000304774,2.53382e-05,3.39362,1.00533,3.14699,0.0087014,0.0161384,0.0104815,0.0104823,0.0103517,0.0106054,4.84423e-05,4.8439e-05,4.81749e-05,4.87148e-05,0.000298563,0.000298221,0.000278177,0.000320141,2.54884e-05,2.54882e-05,2.52508e-05,2.57229e-05,0.00924953,2,0.0103016,4.85029e-05,13,13,13,0.942664,12,13
robustness,alternating,2,40,12,40,8000,0.0104006,4.88093e-05,0.000304774,2.50394e-05,6.71403,1.86873,6.36628,0.0887474,0.131606,0.0104873,0.0104876,0.0103608,0.0106084,4.84405e-05,4.84356e-05,4.81852e-05,4.87056e-05,0.000296037,0.000295589,0.000276593,0.000317308,2.50389e-05,2.50375e-05,2.49066e-05,2.51726e-05,-0.00548376,4,0.0103016,4.85029e-05,13,13,13,0.992317,12,13
robustness,alternating,2,40,13,20,8000,0.0104006,4.88093e-05,0.000304774,2.35426e-05,3.15314,0.875368,3.39093,0.00592407,0.00178357,0.0104858,0.0104858,0.0103604,0.0106057,4.8442e-05,4.84367e-05,4.81813e-05,4.87106e-05,0.000296385,0.000295899,0.000276935,0.000316905,2.35354e-05,2.35351e-05,2.33076e-05,2.37665e-05,-0.00629417,2,0.0103016,4.85029e-05,13,13,13,0.999991,12,13
robustness,alternating,2,40,14,40,8000,0.0104006,4.88093e-05,0.000304774,2.3179e-05,6.2152,1.65982,6.87105,0.0820337,0.0851373,0.0104552,0.0104564,0.0103283,0.0105785,4.84359e-05,4.84317e-05,4.81728e-05,4.87079e-05,0.000294589,0.000294324,0.000275784,0.000314245,2.30614e-05,2.30617e-05,2.29286e-05,2.31937e-05,-0.0127237,4,0.0103016,4.85029e-05,13,13,13,1,12,13
robustness,alternating,2,40,15,20,8000,0.0104006,4.88093e-05,0.000304774,2.18053e-05,2.92045,0.789909,3.62697,0.0033651,0.0104535,0.0104638,0.010465,0.0103383,0.0105832,4.84364e-05,4.84339e-05,4.81743e-05,4.87059e-05,0.000294231,0.000294112,0.000276236,0.000313068,2.186e-05,2.18617e-05,2.16366e-05,2.2085e-05,-0.0119713,2,0.0103016,4.85029e-05,13,13,13,1,12,13
robustness,alternating,2,40,16,40,8000,0.0104006,4.88093e-05,0.000304774,2.16196e-05,5.79706,1.48496,7.29417,0.088142,0.107468,0.0104612,0.0104614,0.0103356,0.0105814,4.84372e-05,4.84343e-05,4.81664e-05,4.87118e-05,0.00029153,0.000291354,0.000273315,0.000309856,2.16814e-05,2.16809e-05,2.15503e-05,2.18149e-05,-0.00815732,5,0.0103016,4.85029e-05,13,13,13,1,12,13
robustness,alternating,2,40,17,20,8000,0.0104006,4.88093e-05,0.000304774,2.04679e-05,2.74133,0.705152,3.80866,0.0167081,0.00289601,0.0104504,0.0104502,0.0103246,0.0105721,4.84402e-05,4.84375e-05,4.81778e-05,4.87103e-05,0.000293253,0.000293196,0.000275456,0.000311333,2.04165e-05,2.04154e-05,2.02016e-05,2.06329e-05,-0.0172404,2,0.0103016,4.85029e-05,13,13,13,1,12,13
robustness,alternating,2,40,18,40,8000,0.0104006,4.88093e-05,0.000304774,1.97258e-05,5.28926,1.43346,7.80801,0.053751,0.0621686,0.0104184,0.0104177,0.0102914,0.0105421,4.84388e-05,4.84329e-05,4.81801e-05,4.87109e-05,0.000295135,0.00029502,0.000277469,0.000313539,1.96157e-05,1.96146e-05,1.94902e-05,1.97448e-05,-0.00639016,5,0.0103016,4.85029e-05,13,13,13,1,12,13
robustness,alternating,2,40,19,20,8000,0.0104006,4.88093e-05,0.000304774,1.84331e-05,2.46881,0.714268,4.0851,0.0378068,0.0474796,0.0104029,0.0104027,0.0102761,0.0105265,4.84358e-05,4.84283e-05,4.81836e-05,4.87066e-05,0.000296594,0.000296483,0.000279037,0.000314686,1.85531e-05,1.85527e-05,1.83418e-05,1.8764e-05,-0.0131842,2,0.0103016,4.85029e-05,13,13,13,1,12,13
robustness,alternating,2,40,20,40,8000,0.0104006,4.88093e-05,0.000304774,1.80602e-05,4.84264,1.39759,8.25994,0.0220196,0.0118437,0.0104066,0.0104067,0.0102823,0.0105298,4.84359e-05,4.84327e-05,4.81896e-05,4.8698e-05,0.0002969,0.000296769,0.000279158,0.000315001,1.80821e-05,1.8084e-05,1.79527e-05,1.82115e-05,-0.0194119,3,0.0103016,4.85029e-05,13,13,13,1,12,13
robustness,alternating,2,41,1,20,8000,0.000824368,5.60693e-05,0.000224817,5.60693e-05,7.58159,2.16996,2.16996,3.46168,0,0.000816875,0.000816772,0.000765475,0.000869029,5.6183e-05,5.61839e-05,5.59073e-05,5.64529e-05,0.000261213,0.000245676,0.000136883,0.000433486,5.6183e-05,5.61839e-05,5.59073e-05,5.64529e-05,0.0614877,14,0.000816945,5.61953e-05,13,8,23,0.922366,12,13
robustness,alternating,2,41,2,40,8000,0.000824368,5.60693e-05,0.000224817,5.33283e-05,14.4941,3.92573,0.786878,0.114871,0.0245592,0.000825691,0.00082575,0.000784643,0.000866724,5.61828e-05,5.61805e-05,5.59112e-05,5.64539e-05,0.000223714,0.00022222,0.000162047,0.000291064,5.33363e-05,5.33348e-05,5.31999e-05,5.3476e-05,0.104019,6,0.000816945,5.61953e-05,14,11,19,0.952132,12,13
robustness,alternating,2,41,3,20,8000,0.000824368,5.60693e-05,0.000224817,4.82507e-05,6.52438,1.80372,1.08424,0.0112958,0.00692291,0.000819875,0.000819968,0.00078541,0.00085403,5.61908e-05,5.61864e-05,5.59314e-05,5.64562e-05,0.000230001,0.00022972,0.000196534,0.000264027,4.81147e-05,4.81142e-05,4.78417e-05,4.83878e-05,0.0384561,4,0.000816945,5.61953e-05,14,12,16,0.952725,12,13
robustness,alternating,2,41,4,40,8000,0.000824368,5.60693e-05,0.000224817,4.59925e-05,12.5003,3.31399,2.79792,0.00440268,0.0423451,0.000813312,0.000813545,0.00078247,0.000843467,5.61937e-05,5.619e-05,5.59256e-05,5.64649e-05,0.000227664,0.000227223,0.00019706,0.000258538,4.61074e-05,4.61078e-05,4.5974e-05,4.62424e-05,0.0652372,4,0.000816945,5.61953e-05,14,13,16,0.930502,12,13
robustness,alternating,2,41,5,20,8000,0.000824368,5.60693e-05,0.000224817,4.24926e-05,5.74577,1.55314,1.86975,0.0283582,0.0360434,0.00081508,0.000815146,0.000787408,0.000842234,5.61909e-05,5.61857e-05,5.59277e-05,5.64576e-05,0.000226767,0.000226401,0.000202834,0.000251399,4.23104e-05,4.23099e-05,4.20551e-05,4.25692e-05,0.0289312,4,0.000816945,5.61953e-05,14,13,15,0.945882,12,13
robustness,alternating,2,41,6,40,8000,0.000824368,5.60693e-05,0.000224817,4.01108e-05,10.9017,2.87688,4.41035,0.15724,0.204479,0.000831479,0.000831592,0.000806448,0.000856325,5.61891e-05,5.61866e-05,5.59389e-05,5.64441e-05,0.000231853,0.000231655,0.000207147,0.000257276,4.0138e-05,4.01383e-05,4.00064e-05,4.0268e-05,0.0920384,6,0.000816945,5.61953e-05,13,13,15,0.960234,12,13
robustness,alternating,2,41,7,20,8000,0.000824368,5.60693e-05,0.000224817,3.7562e-05,5.07906,1.36676,2.54238,0.0532171,0.0449621,0.000837615,0.000837596,0.000813837,0.000861775,5.6183e-05,5.61826e-05,5.5933e-05,5.64368e-05,0.000226405,0.000226317,0.000203943,0.000249236,3.74945e-05,3.74921e-05,3.72364e-05,3.77534e-05,0.0276712,3,0.000816945,5.61953e-05,14,13,15,0.978954,12,13
robustness,alternating,2,41,8,40,8000,0.000824368,5.60693e-05,0.000224817,3.59947e-05,9.78299,2.54735,5.53876,0.0592238,0.0784332,0.000839998,0.000839905,0.000817275,0.000863412,5.61865e-05,5.61863e-05,5.59403e-05,5.64399e-05,0.00022856,0.000228458,0.000207092,0.000250547,3.59454e-05,3.59453e-05,3.58111e-05,3.60796e-05,0.0252946,4,0.000816945,5.61953e-05,14,13,15,0.991054,12,13
robustness,alternating,2,41,9,20,8000,0.000824368,5.60693e-05,0.000224817,3.32523e-05,4.49633,1.21925,3.13029,0.0463795,0.056695,0.00083515,0.000835166,0.000813518,0.000856212,5.61848e-05,5.61848e-05,5.59283e-05,5.64401e-05,0.000236373,0.000236428,0.000215297,0.000257385,3.30204e-05,3.30219e-05,3.27636e-05,3.3273e-05,0.0511547,5,0.000816945,5.61953e-05,13,13,14,0.9473,12,13
robustness,alternating,2,41,10,40,8000,0.000824368,5.60693e-05,0.000224817,3.15911e-05,8.58614,2.2812,6.74597,0.104536,0.179621,0.000837003,0.00083714,0.000815631,0.00085755,5.61805e-05,5.6182e-05,5.59226e-05,5.64335e-05,0.000238949,0.00023895,0.00021811,0.000259858,3.16972e-05,3.16986e-05,3.15638e-05,3.18278e-05,0.0470343,4,0.000816945,5.61953e-05,13,13,14,0.965734,12,13
robustness,alternating,2,41,11,20,8000,0.000824368,5.60693e-05,0.000224817,2.95648e-05,3.99771,1.10282,3.63333,0.0292426,0.0309306,0.000838507,0.000838548,0.000817985,0.000858667,5.61822e-05,5.6184e-05,5.59275e-05,5.64377e-05,0.000239058,0.000238997,0.000219346,0.000258981,2.97736e-05,2.97743e-05,2.95266e-05,3.00198e-05,0.0256071,2,0.000816945,5.61953e-05,13,13,13,0.95922,12,13
robustness,alternating,2,41,12,40,8000,0.000824368,5.60693e-05,0.000224817,2.83597e-05,7.70787,2.07137,7.63185,0.152158,0.111998,0.000839719,0.000839799,0.000819495,0.000859897,5.6178e-05,5.618e-05,5.59187e-05,5.6427e-05,0.000243142,0.000243084,0.000224541,0.000261788,2.84332e-05,2.84324e-05,2.83007e-05,2.85671e-05,0.0686462,5,0.000816945,5.61953e-05,13,13,13,0.998973,12,13
robustness,alternating,2,41,13,20,8000,0.000824368,5.60693e-05,0.000224817,2.71421e-05,3.67011,1.00511,3.96384,0.0396862,0.0323297,0.000841921,0.000841942,0.00082191,0.000862203,5.61755e-05,5.61766e-05,5.59211e-05,5.64225e-05,0.000240341,0.000240111,0.000221921,0.000259173,2.71363e-05,2.71364e-05,2.68961e-05,2.73762e-05,0.0389079,3,0.000816945,5.61953e-05,13,13,13,0.999234,12,13
robustness,alternating,2,41,14,40,8000,0.000824368,5.60693e-05,0.000224817,2.62601e-05,7.13723,1.89114,8.20742,0.0432958,0.0575272,0.000843756,0.000843676,0.000823524,0.000864644,5.6172e-05,5.61733e-05,5.59195e-05,5.64215e-05,0.000239799,0.000239675,0.00022144,0.000258138,2.64457e-05,2.64462e-05,2.63113e-05,2.65791e-05,0.0601026,4,0.000816945,5.61953e-05,13,13,13,0.998499,12,13
robustness,alternating,2,41,15,20,8000,0.000824368,5.60693e-05,0.000224817,2.49978e-05,3.38016,0.92402,4.25636,0.014106,0.00173964,0.000845528,0.000845177,0.000825656,0.000866501,5.61724e-05,5.6174e-05,5.59204e-05,5.64218e-05,0.000239284,0.000239182,0.000221405,0.000257687,2.51374e-05,2.51381e-05,2.49032e-05,2.53733e-05,0.0373302,2,0.000816945,5.61953e-05,13,13,13,0.998361,12,13
robustness,alternating,2,41,16,40,8000,0.000824368,5.60693e-05,0.000224817,2.45123e-05,6.66219,1.74341,8.68658,0.00719404,0.0233534,0.000844728,0.00084429,0.000825892,0.000864869,5.61723e-05,5.61731e-05,5.59231e-05,5.64195e-05,0.000239561,0.000239405,0.000221668,0.000257709,2.44827e-05,2.44839e-05,2.43505e-05,2.46136e-05,0.0290915,3,0.000816945,5.61953e-05,13,13,13,0.99841,12,13
robustness,alternating,2,41,17,20,8000,0.000824368,5.60693e-05,0.000224817,2.35769e-05,3.18803,0.856218,4.4502,0.0356289,0.0211639,0.000844127,0.00084383,0.000825333,0.000863945,5.61706e-05,5.61714e-05,5.59207e-05,5.64152e-05,0.000239253,0.000239162,0.000221836,0.000257027,2.3348e-05,2.33508e-05,2.31169e-05,2.35801e-05,0.0279352,2,0.000816945,5.61953e-05,13,13,13,0.998347,12,13
robustness,alternating,2,41,18,40,8000,0.000824368,5.60693e-05,0.000224817,2.32817e-05,6.32772,1.62855,9.02395,0.127493,0.0583242,0.000842502,0.000842052,0.00082527,0.000861376,5.61723e-05,5.6169e-05,5.59134e-05,5.64308e-05,0.00023692,0.000236852,0.000219643,0.000254463,2.32665e-05,2.32663e-05,2.31348e-05,2.3397e-05,0.0665136,5,0.000816945,5.61953e-05,13,13,13,0.99706,12,13
robustness,alternating,2,41,19,20,8000,0.000824368,5.60693e-05,0.000224817,2.24474e-05,3.0353,0.803396,4.60429,0.0303354,0.0205412,0.000844393,0.000843931,0.000826737,0.000863654,5.61682e-05,5.61671e-05,5.59026e-05,5.64278e-05,0.000235075,0.00023507,0.00021808,0.000252174,2.24115e-05,2.24121e-05,2.21885e-05,2.26409e-05,0.023911,3,0.000816945,5.61953e-05,13,13,13,0.996697,12,13
robustness,alternating,2,41,20,40,8000,0.000824368,5.60693e-05,0.000224817,2.20559e-05,5.99456,1.53321,9.35999,0.0348979,0.0189828,0.000842974,0.000842717,0.000825261,0.000861976,5.61675e-05,5.61689e-05,5.59045e-05,5.64234e-05,0.000234355,0.000234325,0.000217537,0.000251708,2.2096e-05,2.20956e-05,2.19664e-05,2.22267e-05,0.0184701,3,0.000816945,5.61953e-05,13,13,13,0.996701,12,13
robustness,alternating,2,42,1,20,8000,0.211394,8.04403e-05,0.000212391,8.04403e-05,10.8262,5.89421,5.89421,3.7385,0,0.21099,0.210974,0.209199,0.212766,8.03341e-05,8.03343e-05,8.00694e-05,8.06007e-05,0.000293573,0.000276792,0.000150925,0.000487362,8.03341e-05,8.03343e-05,8.00694e-05,8.06007e-05,-0.377852,18,0.210948,8.03373e-05,9,5,15,0.950749,12,11
robustness,alternating,2,42,2,40,8000,0.211394,8.04403e-05,0.000212391,7.52375e-05,20.1981,6.93352,1.41733,0.611548,0.052472,0.21074,0.210735,0.209852,0.211633,8.03609e-05,8.036e-05,8.01067e-05,8.06165e-05,0.000213747,0.00021327,0.000168852,0.000260982,7.51337e-05,7.51332e-05,7.50009e-05,7.52706e-05,-0.0996239,8,0.210948,8.03373e-05,11,9,13,0.956238,12,11
robustness,alternating,2,42,3,20,8000,0.211394,8.04403e-05,0.000212391,6.6306e-05,8.9239,4.80643,2.10243,0.0582683,0.0340718,0.210523,0.21052,0.20971,0.211356,8.03645e-05,8.03658e-05,8.01114e-05,8.0611e-05,0.00020729,0.000207252,0.000184492,0.000230648,6.62567e-05,6.62572e-05,6.60069e-05,6.65058e-05,-0.1876,5,0.210948,8.03373e-05,11,10,13,0.991456,12,11
robustness,alternating,2,42,4,40,8000,0.211394,8.04403e-05,0.000212391,6.25647e-05,16.796,5.59767,4.94481,0.0383441,0.0155943,0.210895,0.210896,0.210209,0.211574,8.03474e-05,8.03479e-05,8.01028e-05,8.0594e-05,0.000208092,0.000208255,0.000186486,0.000229163,6.26696e-05,6.26699e-05,6.25332e-05,6.28051e-05,-0.0993777,5,0.210948,8.03373e-05,11,10,12,0.952799,12,11
robustness,alternating,2,42,5,20,8000,0.211394,8.04403e-05,0.000212391,5.6015e-05,7.53887,4.01123,3.64713,0.0508774,0.0222765,0.210791,0.210785,0.210128,0.211488,8.03549e-05,8.03552e-05,8.01064e-05,8.05972e-05,0.000210712,0.000210778,0.00019223,0.000228692,5.61415e-05,5.614e-05,5.5898e-05,5.63879e-05,-0.120914,4,0.210948,8.03373e-05,11,10,12,0.989304,12,11
robustness,alternating,2,42,6,40,8000,0.211394,8.04403e-05,0.000212391,5.34413e-05,14.3468,4.65707,7.48433,0.0253377,0.0189468,0.210894,0.210887,0.210269,0.211526,8.03504e-05,8.03511e-05,8.01058e-05,8.05958e-05,0.00021179,0.000212002,0.000194835,0.000229002,5.33336e-05,5.33334e-05,5.32003e-05,5.34679e-05,-0.0529461,4,0.210948,8.03373e-05,11,10,12,0.994992,12,11
robustness,alternating,2,42,7,20,8000,0.211394,8.04403e-05,0.000212391,4.94648e-05,6.65731,3.5508,4.63031,0.123379,0.109623,0.21085,0.210846,0.210244,0.211464,8.03463e-05,8.03475e-05,8.01046e-05,8.05905e-05,0.000206494,0.000206282,0.000191227,0.000222634,4.9331e-05,4.93329e-05,4.90881e-05,4.95675e-05,-0.0926337,5,0.210948,8.03373e-05,11,11,12,0.988642,12,11
robustness,alternating,2,42,8,40,8000,0.211394,8.04403e-05,0.000212391,4.75902e-05,12.776,4.19566,9.113,0.0723688,0.0532192,0.210746,0.21074,0.210183,0.211326,8.03506e-05,8.03497e-05,8.01124e-05,8.05898e-05,0.000205015,0.000204609,0.000190299,0.000221041,4.77666e-05,4.77649e-05,4.76333e-05,4.7903e-05,-0.0477817,5,0.210948,8.03373e-05,11,11,12,0.987228,12,11
robustness,alternating,2,42,9,20,8000,0.211394,8.04403e-05,0.000212391,4.31201e-05,5.80339,3.05252,5.58267,0.147698,0.10792,0.210804,0.210808,0.210236,0.211357,8.03501e-05,8.03521e-05,8.00994e-05,8.05938e-05,0.000211168,0.000211378,0.00019639,0.000226114,4.32193e-05,4.32161e-05,4.29883e-05,4.34597e-05,-0.0619351,6,0.210948,8.03373e-05,11,11,11,0.990216,12,11
robustness,alternating,2,42,10,40,8000,0.211394,8.04403e-05,0.000212391,4.15493e-05,11.1543,3.50862,10.7945,0.0305755,0.000923101,0.210837,0.210837,0.210297,0.21137,8.03461e-05,8.03459e-05,8.00936e-05,8.05956e-05,0.00021097,0.000210991,0.000196536,0.000225851,4.16537e-05,4.16541e-05,4.15216e-05,4.17845e-05,-0.0672697,4,0.210948,8.03373e-05,11,11,11,0.999195,12,11
robustness,alternating,2,42,11,20,8000,0.211394,8.04403e-05,0.000212391,3.84219e-05,5.17108,2.69882,6.28787,0.0519192,0.0380302,0.210819,0.210819,0.210291,0.211355,8.03506e-05,8.03502e-05,8.01013e-05,8.06002e-05,0.000212464,0.000212392,0.000198554,0.000226683,3.85731e-05,3.85763e-05,3.83417e-05,3.87985e-05,-0.0551916,3,0.210948,8.03373e-05,11,11,11,1,12,11
robustness,alternating,2,42,12,40,8000,0.211394,8.04403e-05,0.000212391,3.73292e-05,10.0213,3.10652,11.9692,0.0122915,0.0444222,0.210893,0.210895,0.210359,0.211417,8.03486e-05,8.03498e-05,8.00957e-05,8.06029e-05,0.000212314,0.000212218,0.000198503,0.000226657,3.73175e-05,3.73174e-05,3.71855e-05,3.74489e-05,-0.0709939,4,0.210948,8.03373e-05,11,11,11,1,12,11
robustness,alternating,2,42,13,20,8000,0.211394,8.04403e-05,0.000212391,3.51052e-05,4.72469,2.46807,6.78572,0.0194146,0.01564,0.210966,0.210965,0.210448,0.211487,8.03414e-05,8.03419e-05,8.00931e-05,8.05934e-05,0.000210462,0.00021038,0.000197282,0.000224009,3.52881e-05,3.52901e-05,3.50585e-05,3.55123e-05,-0.0422723,3,0.210948,8.03373e-05,11,11,11,1,12,11
robustness,alternating,2,42,14,40,8000,0.211394,8.04403e-05,0.000212391,3.43584e-05,9.22378,2.88851,12.7962,0.033771,0.083534,0.211009,0.211009,0.210503,0.211516,8.03358e-05,8.03333e-05,8.00892e-05,8.059e-05,0.000209977,0.000209767,0.000197503,0.000223041,3.43123e-05,3.4311e-05,3.41811e-05,3.4443e-05,-0.044966,4,0.210948,8.03373e-05,11,11,11,1,12,11
robustness,alternating,2,42,15,20,8000,0.211394,8.04403e-05,0.000212391,3.26636e-05,4.39609,2.31185,7.1522,0.0472225,0.0424327,0.211033,0.211035,0.210528,0.211536,8.0334e-05,8.03307e-05,8.00869e-05,8.05899e-05,0.000208894,0.000208713,0.000196693,0.000221697,3.25723e-05,3.25726e-05,3.23459e-05,3.27981e-05,-0.00846228,3,0.210948,8.03373e-05,11,11,11,1,12,11
robustness,alternating,2,42,16,40,8000,0.211394,8.04403e-05,0.000212391,3.16738e-05,8.5031,2.66427,13.5434,0.00727054,0.0229705,0.211102,0.211108,0.210607,0.211593,8.03282e-05,8.03242e-05,8.00831e-05,8.05857e-05,0.000208597,0.000208562,0.000196419,0.000221089,3.17691e-05,3.17679e-05,3.16382e-05,3.19015e-05,-0.0339042,3,0.210948,8.03373e-05,11,11,11,1,12,11
robustness,alternating,2,42,17,20,8000,0.211394,8.04403e-05,0.000212391,2.96551e-05,3.99118,2.07643,7.60379,0.0670734,0.0501978,0.21106,0.21106,0.210556,0.211559,8.03344e-05,8.03286e-05,8.00946e-05,8.05895e-05,0.000210277,0.00021025,0.000197871,0.000222957,2.97378e-05,2.97366e-05,2.95109e-05,2.99645e-05,-0.0448756,4,0.210948,8.03373e-05,11,11,11,1,12,11
robustness,alternating,2,42,18,40,8000,0.211394,8.04403e-05,0.000212391,2.88402e-05,7.74239,2.35435,14.3322,0.0419625,0.0183817,0.210991,0.210993,0.210497,0.211494,8.03433e-05,8.03398e-05,8.01032e-05,8.05966e-05,0.000211486,0.000211314,0.000199306,0.000224286,2.87172e-05,2.87171e-05,2.85904e-05,2.88457e-05,-0.0281908,4,0.210948,8.03373e-05,11,11,11,1,12,11
robustness,alternating,2,42,19,20,8000,0.211394,8.04403e-05,0.000212391,2.75456e-05,3.70728,1.92651,7.92042,0.0332122,0.0157999,0.211055,0.211056,0.210566,0.211547,8.03372e-05,8.03355e-05,8.00996e-05,8.05762e-05,0.000209859,0.00020984,0.000198016,0.000222128,2.76548e-05,2.76564e-05,2.74337e-05,2.78746e-05,-0.0378463,3,0.210948,8.03373e-05,11,11,11,1,12,11
robustness,alternating,2,42,20,40,8000,0.211394,8.04403e-05,0.000212391,2.70258e-05,7.2553,2.22437,14.8372,0.00611663,0.0353036,0.211072,0.211074,0.210582,0.211569,8.03362e-05,8.03349e-05,8.00963e-05,8.05765e-05,0.000209716,0.000209785,0.000197859,0.000221615,2.70842e-05,2.70848e-05,2.69559e-05,2.72101e-05,-0.0136138,4,0.210948,8.03373e-05,11,11,11,1,12,11
robustness,alternating,2,43,1,20,8000,0.0611176,6.16414e-05,0.000185597,6.16414e-05,8.26086,0.281328,0.281328,3.29695,0,0.0610787,0.0610712,0.0599223,0.0622448,6.14585e-05,6.1459e-05,6.11784e-05,6.17324e-05,0.000261313,0.00024122,0.000136914,0.000446264,6.14585e-05,6.1459e-05,6.11784e-05,6.17324e-05,-0.0459981,15,0.0611326,6.14598e-05,13,7,21,0.939822,12,16
robustness,alternating,2,43,2,40,8000,0.0611176,6.16414e-05,0.000185597,5.95512e-05,15.9407,0.884163,0.523329,0.532996,0.194374,0.0611706,0.0611823,0.0604038,0.0619081,6.14911e-05,6.14865e-05,6.12263e-05,6.17674e-05,0.000162369,0.000159703,0.000117805,0.000213754,5.94966e-05,5.94977e-05,5.93568e-05,5.96345e-05,-0.055093,8,0.0611326,6.14598e-05,18,14,24,0.903171,12,16
robustness,alternating,2,43,3,20,8000,0.0611176,6.16414e-05,0.000185597,5.46075e-05,7.31821,0.606242,0.942341,0.0546855,0.0237759,0.0610896,0.0610937,0.060444,0.0617238,6.15011e-05,6.14949e-05,6.1245e-05,6.17671e-05,0.000169932,0.000169723,0.00014048,0.000200018,5.46262e-05,5.46274e-05,5.43596e-05,5.48911e-05,0.000643939,4,0.0611326,6.14598e-05,17,15,21,0.949096,12,16
robustness,alternating,2,43,4,40,8000,0.0611176,6.16414e-05,0.000185597,5.21141e-05,13.95,1.19937,2.56228,0.13581,0.0797128,0.061252,0.0612515,0.0606877,0.0618042,6.15056e-05,6.15029e-05,6.12478e-05,6.17693e-05,0.000175915,0.000175421,0.00014849,0.000205129,5.20991e-05,5.20995e-05,5.19644e-05,5.22331e-05,-0.0230432,5,0.0611326,6.14598e-05,17,15,19,0.916015,12,16
robustness,alternating,2,43,5,20,8000,0.0611176,6.16414e-05,0.000185597,4.89645e-05,6.56197,0.777269,1.71837,0.0832165,0.108704,0.0613732,0.0613793,0.0608549,0.0618875,6.15086e-05,6.15063e-05,6.12475e-05,6.17677e-05,0.000173588,0.000173172,0.000151144,0.000197154,4.84847e-05,4.84856e-05,4.82202e-05,4.87431e-05,-0.0228995,4,0.0611326,6.14598e-05,17,15,19,0.962537,12,16
robustness,alternating,2,43,6,40,8000,0.0611176,6.16414e-05,0.000185597,4.71687e-05,12.6262,1.56503,3.91815,0.0846903,0.00579539,0.0612451,0.061242,0.0607791,0.0617222,6.15011e-05,6.14997e-05,6.12504e-05,6.1756e-05,0.000170451,0.000170382,0.000149672,0.000192342,4.72032e-05,4.72019e-05,4.70659e-05,4.73377e-05,-0.0434022,5,0.0611326,6.14598e-05,17,15,19,0.967543,12,16
robustness,alternating,2,43,7,20,8000,0.0611176,6.16414e-05,0.000185597,4.42599e-05,5.93148,0.846802,2.36535,0.00633071,0.0455093,0.0612509,0.0612475,0.0608061,0.0617065,6.15018e-05,6.15006e-05,6.12519e-05,6.17533e-05,0.000170126,0.000170029,0.000150948,0.000189892,4.42338e-05,4.42329e-05,4.39757e-05,4.44964e-05,-0.00688246,3,0.0611326,6.14598e-05,17,15,19,0.982097,12,16
robustness,alternating,2,43,8,40,8000,0.0611176,6.16414e-05,0.000185597,4.25021e-05,11.377,1.60201,5.19754,0.112264,0.0836744,0.0612727,0.0612738,0.0608333,0.061712,6.14972e-05,6.14973e-05,6.12466e-05,6.17469e-05,0.000172572,0.00017253,0.000152923,0.000192425,4.25099e-05,4.25113e-05,4.23762e-05,4.26398e-05,-0.0382381,4,0.0611326,6.14598e-05,17,15,19,0.9927,12,16
robustness,alternating,2,43,9,20,8000,0.0611176,6.16414e-05,0.000185597,4.06156e-05,5.4431,0.906292,2.86651,0.077123,0.10356,0.0611864,0.0611845,0.0607718,0.061618,6.14982e-05,6.14969e-05,6.12569e-05,6.17473e-05,0.000168948,0.000169153,0.000151264,0.000186696,4.04036e-05,4.04044e-05,4.01475e-05,4.06612e-05,-0.0252226,4,0.0611326,6.14598e-05,17,16,19,0.951205,12,16
robustness,alternating,2,43,10,40,8000,0.0611176,6.16414e-05,0.000185597,4.01573e-05,10.7494,1.99795,5.84041,0.234993,0.210166,0.0611385,0.061128,0.0607362,0.0615679,6.1505e-05,6.14997e-05,6.12678e-05,6.1758e-05,0.000165171,0.000164981,0.000148768,0.000182327,4.00237e-05,4.00235e-05,3.98922e-05,4.01576e-05,-0.0565841,6,0.0611326,6.14598e-05,18,17,19,0.923357,12,16
robustness,alternating,2,43,11,20,8000,0.0611176,6.16414e-05,0.000185597,3.82337e-05,5.12388,1.02946,3.19408,0.04244,0.0600769,0.0611206,0.0611148,0.060724,0.0615391,6.15052e-05,6.15e-05,6.12739e-05,6.17575e-05,0.000163568,0.00016323,0.000147882,0.000180179,3.81352e-05,3.8135e-05,3.78862e-05,3.8382e-05,-0.01999,3,0.0611326,6.14598e-05,18,17,19,0.952743,12,16
robustness,alternating,2,43,12,40,8000,0.0611176,6.16414e-05,0.000185597,3.6526e-05,9.77733,1.84486,6.83597,0.179164,0.170332,0.0612901,0.0612849,0.0608848,0.0616878,6.15091e-05,6.15045e-05,6.12743e-05,6.17652e-05,0.000167179,0.000167118,0.000150835,0.000184064,3.65687e-05,3.65687e-05,3.6435e-05,3.67008e-05,-0.0282953,6,0.0611326,6.14598e-05,17,16,19,0.994977,12,16
robustness,alternating,2,43,13,20,8000,0.0611176,6.16414e-05,0.000185597,3.46775e-05,4.64731,0.911794,3.68312,0.0170941,0.0150893,0.0612468,0.0612395,0.0608563,0.0616479,6.15095e-05,6.15053e-05,6.12718e-05,6.17697e-05,0.000168099,0.000167944,0.000152475,0.000184328,3.4663e-05,3.46629e-05,3.44181e-05,3.49126e-05,-0.0259812,2,0.0611326,6.14598e-05,17,16,19,0.99801,12,16
robustness,alternating,2,43,14,40,8000,0.0611176,6.16414e-05,0.000185597,3.37419e-05,9.03207,1.77827,7.59927,0.0312296,0.0111701,0.0612216,0.0612157,0.0608327,0.061621,6.15125e-05,6.15082e-05,6.1273e-05,6.17691e-05,0.000168372,0.000168213,0.000152921,0.000184266,3.3738e-05,3.37384e-05,3.36054e-05,3.38702e-05,-0.017365,4,0.0611326,6.14598e-05,17,16,18,0.973837,12,16
robustness,alternating,2,43,15,20,8000,0.0611176,6.16414e-05,0.000185597,3.14704e-05,4.2175,0.781664,4.12417,0.102177,0.0820986,0.0611901,0.0611871,0.0608145,0.0615754,6.15109e-05,6.15066e-05,6.12721e-05,6.17659e-05,0.000171281,0.000171177,0.000156652,0.000186561,3.17597e-05,3.17593e-05,3.15204e-05,3.20008e-05,-0.000719414,4,0.0611326,6.14598e-05,17,16,17,0.987086,12,16
robustness,alternating,2,43,16,40,8000,0.0611176,6.16414e-05,0.000185597,3.04354e-05,8.14699,1.45814,8.50578,0.173363,0.0814398,0.0611475,0.0611428,0.0607988,0.0615025,6.15132e-05,6.15095e-05,6.12732e-05,6.17749e-05,0.000173889,0.000173484,0.000159543,0.00018909,3.04776e-05,3.04771e-05,3.03459e-05,3.06089e-05,-0.00379698,6,0.0611326,6.14598e-05,16,16,16,0.99558,12,16
robustness,alternating,2,43,17,20,8000,0.0611176,6.16414e-05,0.000185597,2.89288e-05,3.87688,0.696165,4.47369,0.0363934,0.0193731,0.0611204,0.0611205,0.0607686,0.0614682,6.15154e-05,6.1513e-05,6.12731e-05,6.1779e-05,0.000175836,0.000175449,0.000161671,0.000190972,2.88866e-05,2.88847e-05,2.8654e-05,2.91217e-05,0.0154147,3,0.0611326,6.14598e-05,16,16,16,0.997776,12,16
robustness,alternating,2,43,18,40,8000,0.0611176,6.16414e-05,0.000185597,2.81342e-05,7.53101,1.3273,9.13669,0.044112,0.0467156,0.0611404,0.0611426,0.0607991,0.0614808,6.15223e-05,6.15189e-05,6.12811e-05,6.17761e-05,0.00017648,0.000176245,0.000162289,0.000191271,2.81663e-05,2.8166e-05,2.8033e-05,2.83001e-05,-0.00960992,4,0.0611326,6.14598e-05,16,16,16,0.998099,12,16
robustness,alternating,2,43,19,20,8000,0.0611176,6.16414e-05,0.000185597,2.71555e-05,3.63925,0.679189,4.71755,0.0136923,0.0261808,0.0611527,0.0611566,0.0608062,0.0614899,6.15208e-05,6.15188e-05,6.12753e-05,6.17691e-05,0.0001762,0.000175784,0.000162144,0.00019096,2.70974e-05,2.70971e-05,2.68641e-05,2.73312e-05,-0.0101082,2,0.0611326,6.14598e-05,16,16,16,0.998554,12,16
robustness,alternating,2,43,20,40,8000,0.0611176,6.16414e-05,0.000185597,2.61391e-05,6.99695,1.21206,9.68367,0.121926,0.127784,0.0611126,0.0611142,0.060779,0.0614508,6.15218e-05,6.15185e-05,6.12734e-05,6.17866e-05,0.000177672,0.000177452,0.00016385,0.000192365,2.61681e-05,2.61692e-05,2.60325e-05,2.63001e-05,-0.0334462,5,0.0611326,6.14598e-05,16,16,16,0.998019,12,16
robustness,alternating,2,44,1,20,8000,0.00877544,8.00801e-05,0.000153841,8.00801e-05,10.7277,3.10496,3.10496,3.86715,0,0.00869697,0.00869527,0.00843412,0.00896189,7.99963e-05,7.99988e-05,7.97193e-05,8.02705e-05,0.000266425,0.000246132,0.000142182,0.000457091,7.99963e-05,7.99988e-05,7.97193e-05,8.02705e-05,-0.0527349,16,0.00870064,7.99945e-05,9,6,16,0.915018,12,13
robustness,alternating,2,44,2,40,8000,0.00877544,8.00801e-05,0.000153841,7.53963e-05,20.224,5.88031,1.2478,0.546754,0.208164,0.00860477,0.00860488,0.00847757,0.00873133,8.00274e-05,8.00267e-05,7.97528e-05,8.02975e-05,0.000190844,0.000190873,0.000147325,0.000235339,7.54259e-05,7.54261e-05,7.52858e-05,7.55638e-05,-0.00798855,8,0.00870064,7.99945e-05,12,10,15,0.939012,12,13
robustness,alternating,2,44,3,20,8000,0.00877544,8.00801e-05,0.000153841,6.94987e-05,9.31016,2.88763,1.42517,0.328195,0.123046,0.00864917,0.00864716,0.00852764,0.00877748,7.99902e-05,7.99883e-05,7.97303e-05,8.02599e-05,0.000153088,0.000153086,0.000130593,0.000174988,6.92554e-05,6.92536e-05,6.89806e-05,6.95262e-05,-0.0552628,7,0.00870064,7.99945e-05,15,13,17,0.967967,12,13
robustness,alternating,2,44,4,40,8000,0.00877544,8.00801e-05,0.000153841,6.64833e-05,17.8332,5.62065,3.66597,0.0495146,0.0151338,0.00872355,0.00872423,0.00862048,0.00882414,7.99776e-05,7.99812e-05,7.97136e-05,8.02419e-05,0.000152945,0.00015296,0.000130658,0.000174609,6.63681e-05,6.63673e-05,6.62298e-05,6.65044e-05,-0.00638812,5,0.00870064,7.99945e-05,15,13,17,0.973389,12,13
robustness,alternating,2,44,5,20,8000,0.00877544,8.00801e-05,0.000153841,6.11274e-05,8.18872,2.63958,2.56204,0.00762323,0.00497245,0.00875732,0.00875937,0.00865929,0.00884924,7.99675e-05,7.99709e-05,7.97088e-05,8.02184e-05,0.000154543,0.000154536,0.000136793,0.000172384,6.0917e-05,6.09158e-05,6.06487e-05,6.11892e-05,0.0239699,4,0.00870064,7.99945e-05,15,13,16,0.952478,12,13
robustness,alternating,2,44,6,40,8000,0.00877544,8.00801e-05,0.000153841,5.89685e-05,15.8175,5.1905,5.70488,0.0907538,0.0370768,0.00874083,0.00874081,0.00865172,0.00882586,7.99712e-05,7.99734e-05,7.97133e-05,8.02314e-05,0.000153354,0.000153508,0.000136195,0.000169706,5.89778e-05,5.89788e-05,5.8841e-05,5.91165e-05,-0.0034178,5,0.00870064,7.99945e-05,15,13,16,0.949838,12,13
robustness,alternating,2,44,7,20,8000,0.00877544,8.00801e-05,0.000153841,5.49712e-05,7.36404,2.47363,3.39808,0.0244155,0.0281155,0.00874971,0.00874958,0.00866486,0.00883349,7.99647e-05,7.99656e-05,7.97081e-05,8.02157e-05,0.000150992,0.000150975,0.000135396,0.000165999,5.50955e-05,5.50937e-05,5.48245e-05,5.53673e-05,0.00504047,4,0.00870064,7.99945e-05,15,14,17,0.96307,12,13
robustness,alternating,2,44,8,40,8000,0.00877544,8.00801e-05,0.000153841,5.26545e-05,14.1239,4.71947,7.41798,0.167841,0.12392,0.0087403,0.00874071,0.00866113,0.00881905,7.99725e-05,7.99735e-05,7.97211e-05,8.02203e-05,0.000153416,0.000153295,0.000138733,0.000167617,5.25194e-05,5.25184e-05,5.23833e-05,5.26554e-05,-0.019569,5,0.00870064,7.99945e-05,15,13,16,0.986229,12,13
robustness,alternating,2,44,9,20,8000,0.00877544,8.00801e-05,0.000153841,4.87642e-05,6.53253,2.16878,4.24103,0.0562676,0.0713003,0.0087424,0.00874217,0.00866646,0.00881749,7.99704e-05,7.99682e-05,7.97204e-05,8.02222e-05,0.00015398,0.00015392,0.000140381,0.000167817,4.90447e-05,4.90465e-05,4.8784e-05,4.93085e-05,-0.0176363,4,0.00870064,7.99945e-05,15,13,15,0.959226,12,13
robustness,alternating,2,44,10,40,8000,0.00877544,8.00801e-05,0.000153841,4.56878e-05,12.2551,3.85138,9.30819,0.506886,0.436795,0.00877313,0.00877501,0.00871828,0.00882349,7.99644e-05,7.99708e-05,7.97319e-05,8.01821e-05,0.000164861,0.000164819,0.000155098,0.000174709,4.56496e-05,4.56491e-05,4.5519e-05,4.57845e-05,-0.0557353,12,0.00870064,7.99945e-05,13,13,14,0.973904,12,13
robustness,alternating,2,44,11,20,8000,0.00877544,8.00801e-05,0.000153841,4.35558e-05,5.83481,1.89649,4.94836,0.0840033,0.0560468,0.00876281,0.00876405,0.00870544,0.00881665,7.99402e-05,7.99407e-05,7.97134e-05,8.01651e-05,0.000161379,0.00016113,0.000151576,0.000171608,4.38301e-05,4.38327e-05,4.35679e-05,4.40791e-05,-0.0100869,5,0.00870064,7.99945e-05,14,13,15,0.999486,12,13
robustness,alternating,2,44,12,40,8000,0.00877544,8.00801e-05,0.000153841,4.23554e-05,11.3613,3.72552,10.2123,0.062174,0.00772737,0.00877801,0.00877843,0.0087248,0.00883052,7.99534e-05,7.99545e-05,7.97256e-05,8.01822e-05,0.000162797,0.000162573,0.00015333,0.000172954,4.23758e-05,4.23768e-05,4.22377e-05,4.25143e-05,-0.00984734,5,0.00870064,7.99945e-05,14,13,14,0.9532,12,13
robustness,alternating,2,44,13,20,8000,0.00877544,8.00801e-05,0.000153841,3.96471e-05,5.31119,1.71943,5.47919,0.055493,0.0701875,0.00878084,0.00878132,0.0087273,0.00883201,7.99625e-05,7.99632e-05,7.97361e-05,8.0193e-05,0.000163555,0.000163272,0.000154553,0.000173501,3.98221e-05,3.98206e-05,3.95706e-05,4.00754e-05,-0.0294959,3,0.00870064,7.99945e-05,13,13,14,0.997373,12,13
robustness,alternating,2,44,14,40,8000,0.00877544,8.00801e-05,0.000153841,3.88456e-05,10.4198,3.43359,11.1646,0.018029,0.0463124,0.00879075,0.00879076,0.00873853,0.0088436,7.99663e-05,7.99661e-05,7.97415e-05,8.01976e-05,0.000164098,0.000163669,0.000155072,0.00017381,3.88129e-05,3.88123e-05,3.86774e-05,3.89487e-05,-0.0146112,4,0.00870064,7.99945e-05,13,13,14,1,12,13
robustness,alternating,2,44,15,20,8000,0.00877544,8.00801e-05,0.000153841,3.73791e-05,5.00737,1.69734,5.78719,0.0716589,0.051731,0.00879286,0.0087931,0.00873942,0.00884534,7.99576e-05,7.99578e-05,7.97285e-05,8.01906e-05,0.000163477,0.000163172,0.00015459,0.000173015,3.71817e-05,3.71792e-05,3.69321e-05,3.7438e-05,-0.0122122,3,0.00870064,7.99945e-05,13,13,14,1,12,13
robustness,alternating,2,44,16,40,8000,0.00877544,8.00801e-05,0.000153841,3.63587e-05,9.75273,3.30544,11.8394,0.021367,0.0422461,0.00879468,0.00879568,0.0087424,0.00884543,7.99528e-05,7.99526e-05,7.97281e-05,8.01845e-05,0.000163409,0.000163114,0.000154634,0.000173069,3.64559e-05,3.64566e-05,3.63168e-05,3.65899e-05,-0.00609025,4,0.00870064,7.99945e-05,13,13,14,1,12,13
robustness,alternating,2,44,17,20,8000,0.00877544,8.00801e-05,0.000153841,3.43373e-05,4.59988,1.53819,6.2003,0.0536764,0.0543865,0.00879654,0.00879721,0.00874579,0.00884671,7.99656e-05,7.99659e-05,7.97426e-05,8.0189e-05,0.000164334,0.000164202,0.000155551,0.000173725,3.43778e-05,3.43803e-05,3.41284e-05,3.46255e-05,-0.035609,3,0.00870064,7.99945e-05,13,13,14,1,12,13
robustness,alternating,2,44,18,40,8000,0.00877544,8.00801e-05,0.000153841,3.40621e-05,9.1367,3.15248,12.4625,0.125656,0.12351,0.00879788,0.00879786,0.00874743,0.00884835,7.99555e-05,7.99537e-05,7.97342e-05,8.01755e-05,0.000163828,0.000163763,0.000155133,0.000172962,3.39816e-05,3.39824e-05,3.38473e-05,3.41156e-05,-0.0179849,5,0.00870064,7.99945e-05,13,13,14,1,12,13
robustness,alternating,2,44,19,20,8000,0.00877544,8.00801e-05,0.000153841,3.25058e-05,4.35453,1.50055,6.44903,0.00374736,0.0178753,0.00880029,0.00880024,0.00875188,0.00885002,7.99558e-05,7.9954e-05,7.97369e-05,8.01764e-05,0.000164062,0.000163977,0.000155442,0.000173377,3.24475e-05,3.24469e-05,3.22043e-05,3.26962e-05,-0.0150084,2,0.00870064,7.99945e-05,13,13,14,1,12,13
robustness,alternating,2,44,20,40,8000,0.00877544,8.00801e-05,0.000153841,3.23328e-05,8.67283,3.08544,12.9317,0.157475,0.130756,0.00879241,0.00879315,0.00874078,0.00884036,7.99387e-05,7.99344e-05,7.97249e-05,8.01581e-05,0.000162693,0.000162391,0.000154234,0.000172014,3.24042e-05,3.24043e-05,3.22694e-05,3.25358e-05,0.00810187,6,0.00870064,7.99945e-05,13,13,14,1,12,13
robustness,alternating,2,45,1,20,8000,0.164134,7.18197e-05,0.000281725,7.18197e-05,9.65577,3.90744,3.90744,2.17398,0,0.163658,0.163659,0.162173,0.165142,7.18925e-05,7.18924e-05,7.16164e-05,7.21632e-05,0.000260445,0.000246529,0.000133352,0.000435311,7.18925e-05,7.18924e-05,7.16164e-05,7.21632e-05,-0.302282,17,0.163681,7.18896e-05,11,7,19,0.927516,12,9
robustness,alternating,2,45,2,40,8000,0.164134,7.18197e-05,0.000281725,6.4775e-05,17.3756,3.62706,1.9618,0.51971,0.380597,0.164015,0.164016,0.163118,0.164887,7.18709e-05,7.18713e-05,7.1607e-05,7.2131e-05,0.000346595,0.00034528,0.000287047,0.000411989,6.47604e-05,6.47594e-05,6.46253e-05,6.48998e-05,-0.0936352,8,0.163681,7.18896e-05,8,7,9,0.980614,12,9
robustness,alternating,2,45,3,20,8000,0.164134,7.18197e-05,0.000281725,5.50553e-05,7.40189,2.82185,2.43177,0.155806,0.115025,0.164001,0.164003,0.163237,0.164773,7.18499e-05,7.18514e-05,7.15852e-05,7.2107e-05,0.000318657,0.000318809,0.000291183,0.000347518,5.50133e-05,5.50133e-05,5.47525e-05,5.52729e-05,-0.1579,5,0.163681,7.18896e-05,9,8,9,0.983166,12,9
robustness,alternating,2,45,4,40,8000,0.164134,7.18197e-05,0.000281725,5.14294e-05,13.7957,2.47656,5.64364,0.0547785,0.0731604,0.164412,0.164408,0.163752,0.165078,7.18207e-05,7.18208e-05,7.15652e-05,7.20764e-05,0.000315561,0.000315365,0.000289595,0.000341637,5.14773e-05,5.14778e-05,5.1342e-05,5.16092e-05,-0.0115813,5,0.163681,7.18896e-05,9,8,9,0.996125,12,9
robustness,alternating,2,45,5,20,8000,0.164134,7.18197e-05,0.000281725,4.54607e-05,6.11195,2.29454,3.81973,0.0484552,0.0373288,0.164377,0.164376,0.163742,0.165036,7.18241e-05,7.18248e-05,7.15619e-05,7.20792e-05,0.00031338,0.000313149,0.0002921,0.000334851,4.52561e-05,4.52557e-05,4.50101e-05,4.55e-05,-0.0865358,3,0.163681,7.18896e-05,9,8,9,0.999486,12,9
robustness,alternating,2,45,6,40,8000,0.164134,7.18197e-05,0.000281725,4.3595e-05,11.6942,2.01685,7.80502,0.23831,0.120907,0.164254,0.164259,0.163656,0.164852,7.18392e-05,7.18433e-05,7.1573e-05,7.21017e-05,0.000306238,0.000306321,0.000285751,0.00032619,4.35634e-05,4.35638e-05,4.3427e-05,4.36964e-05,-0.0463676,7,0.163681,7.18896e-05,9,9,9,0.990332,12,9
robustness,alternating,2,45,7,20,8000,0.164134,7.18197e-05,0.000281725,3.99026e-05,5.3647,2.01314,4.62377,0.117188,0.0646896,0.1642,0.164193,0.163669,0.16474,7.18389e-05,7.184e-05,7.15742e-05,7.20903e-05,0.000295769,0.000295812,0.000277092,0.000314499,4.00134e-05,4.0014e-05,3.97657e-05,4.02636e-05,-0.0638972,6,0.163681,7.18896e-05,9,9,9,0.982484,12,9
robustness,alternating,2,45,8,40,8000,0.164134,7.18197e-05,0.000281725,3.79331e-05,10.1754,1.72281,9.36706,0.0556151,0.0521162,0.164245,0.164239,0.163731,0.164771,7.18385e-05,7.18377e-05,7.1578e-05,7.20912e-05,0.000296122,0.000296066,0.000278068,0.000314475,3.80231e-05,3.80234e-05,3.78899e-05,3.81553e-05,-0.0215289,4,0.163681,7.18896e-05,9,9,9,0.999105,12,9
robustness,alternating,2,45,9,20,8000,0.164134,7.18197e-05,0.000281725,3.46062e-05,4.65262,1.74006,5.38997,0.0144451,0.0249899,0.164258,0.164255,0.163754,0.164767,7.18388e-05,7.184e-05,7.15808e-05,7.20869e-05,0.000296621,0.000296736,0.000279234,0.00031397,3.46339e-05,3.46341e-05,3.43968e-05,3.48684e-05,-0.0217165,3,0.163681,7.18896e-05,9,9,9,1,12,9
robustness,alternating,2,45,10,40,8000,0.164134,7.18197e-05,0.000281725,3.37578e-05,9.05537,1.52415,10.519,0.147554,0.136552,0.164201,0.164193,0.163731,0.1647,7.18411e-05,7.18424e-05,7.15893e-05,7.20918e-05,0.000294814,0.000294825,0.000278174,0.000311521,3.35723e-05,3.35726e-05,3.34411e-05,3.37044e-05,0.00027453,4,0.163681,7.18896e-05,9,9,9,1,12,9
robustness,alternating,2,45,11,20,8000,0.164134,7.18197e-05,0.000281725,3.06912e-05,4.12627,1.54476,5.95631,0.041567,0.0805378,0.164208,0.164199,0.163739,0.164704,7.18427e-05,7.18424e-05,7.15947e-05,7.20915e-05,0.000296846,0.000296694,0.000280909,0.000313304,3.06943e-05,3.0693e-05,3.04695e-05,3.09265e-05,-0.0543444,3,0.163681,7.18896e-05,9,9,9,1,12,9
robustness,alternating,2,45,12,40,8000,0.164134,7.18197e-05,0.000281725,2.98094e-05,7.99622,1.33827,11.6083,0.0617608,0.0488499,0.164291,0.164285,0.16382,0.16478,7.18392e-05,7.1836e-05,7.15909e-05,7.20998e-05,0.000295406,0.00029525,0.000280334,0.000311015,2.9852e-05,2.98518e-05,2.97212e-05,2.99802e-05,-0.0315695,4,0.163681,7.18896e-05,9,9,9,1,12,9
robustness,alternating,2,45,13,20,8000,0.164134,7.18197e-05,0.000281725,2.77802e-05,3.7349,1.3999,6.37743,0.00185153,0.00916791,0.164309,0.164307,0.163839,0.16479,7.18366e-05,7.1831e-05,7.15895e-05,7.20965e-05,0.000294765,0.000294661,0.000280185,0.000309732,2.78607e-05,2.78623e-05,2.7632e-05,2.80842e-05,-0.0303007,2,0.163681,7.18896e-05,9,9,9,1,12,9
robustness,alternating,2,45,14,40,8000,0.164134,7.18197e-05,0.000281725,2.63619e-05,7.07145,1.21961,12.5594,0.162125,0.151537,0.164284,0.164286,0.163812,0.164753,7.1842e-05,7.18399e-05,7.16015e-05,7.20905e-05,0.000297221,0.000297137,0.000281969,0.000312539,2.64592e-05,2.64597e-05,2.63271e-05,2.6594e-05,0.0110659,6,0.163681,7.18896e-05,9,9,9,1,12,9
robustness,alternating,2,45,15,20,8000,0.164134,7.18197e-05,0.000281725,2.51235e-05,3.37772,1.27121,6.76175,0.0433041,0.0441311,0.164219,0.164218,0.16375,0.164687,7.1846e-05,7.18437e-05,7.16046e-05,7.2091e-05,0.000296823,0.000296806,0.000282097,0.000312049,2.4906e-05,2.49056e-05,2.46849e-05,2.51297e-05,-0.00655382,2,0.163681,7.18896e-05,9,9,9,1,12,9
robustness,alternating,2,45,16,40,8000,0.164134,7.18197e-05,0.000281725,2.46334e-05,6.60778,1.11995,13.0363,0.127783,0.0611541,0.164218,0.164213,0.163769,0.164674,7.18577e-05,7.18599e-05,7.1604e-05,7.21026e-05,0.000294423,0.000294452,0.000279617,0.000309434,2.46751e-05,2.46749e-05,2.45471e-05,2.48024e-05,-0.0255532,6,0.163681,7.18896e-05,9,9,9,1,12,9
robustness,alternating,2,45,17,20,8000,0.164134,7.18197e-05,0.000281725,2.31186e-05,3.10817,1.17206,7.05179,0.021146,0.0237991,0.16418,0.164176,0.163733,0.164638,7.18598e-05,7.18634e-05,7.16064e-05,7.21032e-05,0.000294538,0.000294623,0.00028011,0.000309053,2.3253e-05,2.32518e-05,2.30322e-05,2.34763e-05,-0.0306447,2,0.163681,7.18896e-05,9,9,9,1,12,9
robustness,alternating,2,45,18,40,8000,0.164134,7.18197e-05,0.000281725,2.24091e-05,6.01113,1.04566,13.6499,0.057071,0.0292513,0.164202,0.1642,0.163753,0.164656,7.18559e-05,7.18575e-05,7.16052e-05,7.21015e-05,0.000294726,0.00029487,0.000280145,0.000308994,2.25552e-05,2.25544e-05,2.24261e-05,2.26841e-05,-0.0196632,3,0.163681,7.18896e-05,9,9,9,1,12,9
robustness,alternating,2,45,19,20,8000,0.164134,7.18197e-05,0.000281725,2.10868e-05,2.83501,1.07865,7.3457,0.0413975,0.0292162,0.164175,0.164171,0.163728,0.16463,7.18572e-05,7.18585e-05,7.16021e-05,7.21044e-05,0.000295708,0.000295719,0.000281577,0.000309911,2.11813e-05,2.11826e-05,2.09639e-05,2.13996e-05,-0.0202651,3,0.163681,7.18896e-05,9,9,9,1,12,9
robustness,alternating,2,45,20,40,8000,0.164134,7.18197e-05,0.000281725,2.06778e-05,5.54673,0.98368,14.1276,0.00826446,0.0258261,0.164145,0.164142,0.163707,0.164596,7.18645e-05,7.18662e-05,7.16077e-05,7.21164e-05,0.000295704,0.000295661,0.000281712,0.000309841,2.06328e-05,2.0633e-05,2.05039e-05,2.07629e-05,-0.00565296,3,0.163681,7.18896e-05,9,9,9,1,12,9
robustness,alternating,2,46,1,20,8000,0.0065048,6.25317e-05,0.000379231,6.25317e-05,8.38041,1.59843,1.59843,3.15018,0,0.00633367,0.00633103,0.00610267,0.00657882,6.23918e-05,6.23931e-05,6.21172e-05,6.26641e-05,0.000271969,0.000254629,0.000148093,0.000452355,6.23918e-05,6.23931e-05,6.21172e-05,6.26641e-05,-0.0125894,15,0.00633083,6.23972e-05,11,7,19,0.9369,12,8
robustness,alternating,2,46,2,40,8000,0.0065048,6.25317e-05,0.000379231,5.66442e-05,15.2065,2.8813,1.56244,0.439669,0.0354595,0.00643724,0.00643465,0.00631018,0.00656889,6.23643e-05,6.2366e-05,6.20768e-05,6.26458e-05,0.000363372,0.000362224,0.000295178,0.000437355,5.6636e-05,5.66361e-05,5.64965e-05,5.67701e-05,0.0015813,8,0.00633083,6.23972e-05,9,7,10,0.965988,12,8
robustness,alternating,2,46,3,20,8000,0.0065048,6.25317e-05,0.000379231,4.7821e-05,6.4089,1.33739,1.97785,0.011578,0.0387305,0.00644374,0.00644103,0.00632502,0.00657058,6.2361e-05,6.23615e-05,6.20852e-05,6.26304e-05,0.000359617,0.000359867,0.000327169,0.000391598,4.79545e-05,4.79556e-05,4.76748e-05,4.82323e-05,-0.00870824,4,0.00633083,6.23972e-05,9,8,9,0.985738,12,8
robustness,alternating,2,46,4,40,8000,0.0065048,6.25317e-05,0.000379231,4.41632e-05,11.8559,2.59209,4.94899,0.148432,0.0686821,0.00648952,0.00648871,0.00638149,0.0065976,6.23778e-05,6.2379e-05,6.2104e-05,6.26497e-05,0.000368678,0.000368563,0.0003402,0.000397449,4.41274e-05,4.41281e-05,4.3988e-05,4.42648e-05,0.00234706,6,0.00633083,6.23972e-05,8,8,9,0.987904,12,8
robustness,alternating,2,46,5,20,8000,0.0065048,6.25317e-05,0.000379231,3.80639e-05,5.10126,1.3197,3.30192,0.0794235,0.0620699,0.00649825,0.0064983,0.00639368,0.00660234,6.23845e-05,6.23853e-05,6.21219e-05,6.2651e-05,0.000379512,0.000379371,0.000354593,0.00040532,3.81238e-05,3.81229e-05,3.78593e-05,3.83806e-05,-0.0115362,4,0.00633083,6.23972e-05,8,8,9,0.974294,12,8
robustness,alternating,2,46,6,40,8000,0.0065048,6.25317e-05,0.000379231,3.57147e-05,9.58785,2.58306,7.24162,0.0638255,0.0477298,0.00650152,0.00650158,0.00640568,0.00659744,6.2382e-05,6.23814e-05,6.21156e-05,6.26503e-05,0.000379237,0.00037906,0.00035578,0.000403407,3.59278e-05,3.59273e-05,3.57901e-05,3.60643e-05,0.00885777,3,0.00633083,6.23972e-05,8,8,9,0.99496,12,8
robustness,alternating,2,46,7,20,8000,0.0065048,6.25317e-05,0.000379231,3.20034e-05,4.28904,1.27705,4.12437,0.0193791,0.00352581,0.00652338,0.00652407,0.00642678,0.00661462,6.23822e-05,6.23817e-05,6.21264e-05,6.26413e-05,0.000383471,0.000383218,0.000361923,0.00040588,3.18698e-05,3.18719e-05,3.16163e-05,3.21184e-05,0.0215321,4,0.00633083,6.23972e-05,8,8,8,0.991914,12,8
robustness,alternating,2,46,8,40,8000,0.0065048,6.25317e-05,0.000379231,3.01444e-05,8.09245,2.52697,8.75325,0.0486822,0.085632,0.00654495,0.00654677,0.00645721,0.00663202,6.23795e-05,6.238e-05,6.21322e-05,6.26292e-05,0.000385358,0.000384992,0.000364144,0.000407185,3.01246e-05,3.0124e-05,2.99902e-05,3.02567e-05,-0.00656657,4,0.00633083,6.23972e-05,8,8,8,1,12,8
robustness,alternating,2,46,9,20,8000,0.0065048,6.25317e-05,0.000379231,2.70408e-05,3.62396,1.28228,4.79782,0.0493005,0.0567937,0.0065328,0.00653377,0.00644733,0.00661709,6.23866e-05,6.23863e-05,6.21406e-05,6.26334e-05,0.000390775,0.000390889,0.000370014,0.000411392,2.70019e-05,2.70038e-05,2.67603e-05,2.72384e-05,-0.0479782,4,0.00633083,6.23972e-05,8,8,8,1,12,8
robustness,alternating,2,46,10,40,8000,0.0065048,6.25317e-05,0.000379231,2.59376e-05,6.96313,2.47374,9.89483,0.0183599,0.000805424,0.00651615,0.00651576,0.00643194,0.00659966,6.23846e-05,6.23859e-05,6.2133e-05,6.2641e-05,0.000389348,0.000389301,0.00036876,0.000410099,2.60099e-05,2.60093e-05,2.58752e-05,2.61459e-05,-0.0103238,3,0.00633083,6.23972e-05,8,8,8,1,12,8
robustness,alternating,2,46,11,20,8000,0.0065048,6.25317e-05,0.000379231,2.43047e-05,3.25728,1.17102,5.16913,0.0485554,0.0499211,0.00650786,0.00650716,0.00642323,0.00659348,6.23855e-05,6.23868e-05,6.21286e-05,6.26436e-05,0.000387743,0.00038773,0.000367859,0.000407914,2.40726e-05,2.40752e-05,2.38404e-05,2.43039e-05,-0.0140749,2,0.00633083,6.23972e-05,8,8,8,1,12,8
robustness,alternating,2,46,12,40,8000,0.0065048,6.25317e-05,0.000379231,2.32151e-05,6.23224,2.3025,10.6337,0.0112636,0.0527009,0.0065212,0.00652072,0.00644158,0.0066043,6.23857e-05,6.23874e-05,6.21223e-05,6.26448e-05,0.000387589,0.000387267,0.000367699,0.000407833,2.31748e-05,2.31746e-05,2.30426e-05,2.33084e-05,-0.0359463,4,0.00633083,6.23972e-05,8,8,8,1,12,8
robustness,alternating,2,46,13,20,8000,0.0065048,6.25317e-05,0.000379231,2.17021e-05,2.90848,1.11566,5.52232,0.0228361,0.0130962,0.00651663,0.00651602,0.00643656,0.00659843,6.23855e-05,6.23886e-05,6.21208e-05,6.26437e-05,0.000387296,0.000386992,0.000367497,0.000407662,2.1554e-05,2.15536e-05,2.13297e-05,2.17763e-05,-0.00521771,2,0.00633083,6.23972e-05,8,8,8,1,12,8
robustness,alternating,2,46,14,40,8000,0.0065048,6.25317e-05,0.000379231,2.09248e-05,5.61739,2.17002,11.2552,0.0240683,0.0168179,0.00654047,0.00654014,0.00646166,0.00661969,6.23882e-05,6.23906e-05,6.21207e-05,6.26531e-05,0.000386628,0.000386331,0.000367414,0.000406312,2.09327e-05,2.09333e-05,2.0801e-05,2.10624e-05,0.0127538,3,0.00633083,6.23972e-05,8,8,8,1,12,8
robustness,alternating,2,46,15,20,8000,0.0065048,6.25317e-05,0.000379231,1.97468e-05,2.64643,1.04729,5.78768,0.0202744,0.018209,0.00654687,0.00654664,0.00646779,0.006625,6.2392e-05,6.23942e-05,6.21223e-05,6.26593e-05,0.000384109,0.000383994,0.000365952,0.000403395,1.98331e-05,1.98353e-05,1.96135e-05,2.00549e-05,-0.0253523,3,0.00633083,6.23972e-05,8,8,8,1,12,8
robustness,alternating,2,46,16,40,8000,0.0065048,6.25317e-05,0.000379231,1.92208e-05,5.15995,2.01288,11.7176,0.00405733,0.0182378,0.00655756,0.00655802,0.00648028,0.00663299,6.23916e-05,6.23938e-05,6.21235e-05,6.26524e-05,0.000384932,0.000384736,0.000366608,0.000404337,1.91376e-05,1.91372e-05,1.90077e-05,1.92668e-05,0.0370715,3,0.00633083,6.23972e-05,8,8,8,1,12,8
robustness,alternating,2,46,17,20,8000,0.0065048,6.25317e-05,0.000379231,1.81973e-05,2.43877,0.977725,5.99795,0.0237649,0.0117408,0.00655299,0.00655339,0.00647594,0.00662854,6.2393e-05,6.23961e-05,6.21224e-05,6.26542e-05,0.000384777,0.000384656,0.000366513,0.000403903,1.80261e-05,1.80251e-05,1.7814e-05,1.82391e-05,-0.02067,1,0.00633083,6.23972e-05,8,8,8,1,12,8
robustness,alternating,2,46,18,40,8000,0.0065048,6.25317e-05,0.000379231,1.74825e-05,4.69328,1.93935,12.1893,0.0119597,0.057128,0.00655765,0.0065586,0.00648247,0.00663196,6.23931e-05,6.23929e-05,6.2122e-05,6.26613e-05,0.000384772,0.000384747,0.000366634,0.000403493,1.75353e-05,1.75347e-05,1.74045e-05,1.76652e-05,-0.00399086,3,0.00633083,6.23972e-05,8,8,8,1,12,8
robustness,alternating,2,46,19,20,8000,0.0065048,6.25317e-05,0.000379231,1.65425e-05,2.217,0.952369,6.22252,0.00785198,0.00260242,0.00656234,0.00656296,0.00648842,0.00663713,6.23934e-05,6.23938e-05,6.21249e-05,6.26585e-05,0.000383844,0.000383854,0.00036565,0.000402428,1.66944e-05,1.6695e-05,1.64916e-05,1.68939e-05,-0.00894676,2,0.00633083,6.23972e-05,8,8,8,1,12,8
robustness,alternating,2,46,20,40,8000,0.0065048,6.25317e-05,0.000379231,1.62531e-05,4.36325,1.81846,12.523,0.00505458,0.0347089,0.00655961,0.00655989,0.00648635,0.00663437,6.23912e-05,6.23919e-05,6.212e-05,6.26554e-05,0.000383605,0.000383638,0.000365311,0.000401922,1.62713e-05,1.62708e-05,1.61431e-05,1.64e-05,-0.00631766,3,0.00633083,6.23972e-05,8,8,8,1,12,8
robustness,alternating,2,47,1,20,8000,0.11732,4.21433e-05,0.00027008,4.21433e-05,5.65885,2.82021,2.82021,3.42144,0,0.117085,0.117095,0.115243,0.118932,4.19855e-05,4.19878e-05,4.17106e-05,4.22586e-05,0.00026575,0.000245741,0.000129571,0.00047689,4.19855e-05,4.19878e-05,4.17106e-05,4.22586e-05,-0.174729,17,0.117036,4.19818e-05,17,9,32,0.934187,12,16
robustness,alternating,2,47,2,40,8000,0.11732,4.21433e-05,0.00027008,4.031e-05,10.8032,4.54369,0.459723,0.047392,0.0193789,0.117697,0.117697,0.116461,0.118924,4.19655e-05,4.19674e-05,4.16927e-05,4.22316e-05,0.000238091,0.000235548,0.000159526,0.000329761,4.02703e-05,4.02693e-05,4.01375e-05,4.04049e-05,-0.0593778,5,0.117036,4.19818e-05,18,13,26,0.93544,12,16
robustness,alternating,2,47,3,20,8000,0.11732,4.21433e-05,0.00027008,3.7165e-05,4.99038,2.17962,0.673559,0.0161497,0.0374361,0.118186,0.118187,0.117117,0.119281,4.19551e-05,4.19548e-05,4.16921e-05,4.22195e-05,0.000245743,0.000245955,0.000198905,0.000293691,3.70906e-05,3.70896e-05,3.68315e-05,3.73547e-05,-0.093177,4,0.117036,4.19818e-05,17,15,21,0.934358,12,16
robustness,alternating,2,47,4,40,8000,0.11732,4.21433e-05,0.00027008,3.4862e-05,9.34308,3.66413,1.95791,0.244429,0.225067,0.118252,0.118238,0.117288,0.119239,4.19796e-05,4.19744e-05,4.16992e-05,4.22677e-05,0.000271916,0.000271929,0.00022845,0.000316682,3.48285e-05,3.483e-05,3.46956e-05,3.49615e-05,-0.0330568,7,0.117036,4.19818e-05,15,13,18,0.954283,12,16
robustness,alternating,2,47,5,20,8000,0.11732,4.21433e-05,0.00027008,3.23599e-05,4.34517,1.84798,1.3464,0.0188412,0.00914323,0.118175,0.118163,0.117288,0.119101,4.19816e-05,4.19792e-05,4.17171e-05,4.22601e-05,0.000270481,0.00027028,0.000235259,0.000306222,3.22872e-05,3.22864e-05,3.20386e-05,3.25367e-05,-0.0587773,3,0.117036,4.19818e-05,15,14,18,0.945516,12,16
robustness,alternating,2,47,6,40,8000,0.11732,4.21433e-05,0.00027008,3.11292e-05,8.34269,2.95951,2.98442,0.0175244,0.0281013,0.118019,0.118006,0.117216,0.118884,4.19929e-05,4.19912e-05,4.17277e-05,4.22613e-05,0.000272668,0.000272839,0.000239298,0.000306495,3.10421e-05,3.10426e-05,3.09072e-05,3.11732e-05,-0.0366293,4,0.117036,4.19818e-05,15,14,17,0.940258,12,16
robustness,alternating,2,47,7,20,8000,0.11732,4.21433e-05,0.00027008,2.91599e-05,3.91549,1.5585,1.79449,0.0249661,0.0120491,0.11776,0.117745,0.117004,0.118555,4.1983e-05,4.19794e-05,4.17236e-05,4.2254e-05,0.000262766,0.000262504,0.000232184,0.000293838,2.93511e-05,2.93501e-05,2.91107e-05,2.95964e-05,-0.0226007,4,0.117036,4.19818e-05,16,15,18,0.94689,12,16
robustness,alternating,2,47,8,40,8000,0.11732,4.21433e-05,0.00027008,2.85791e-05,7.65925,2.34763,3.68571,0.0355536,0.0926979,0.117791,0.117787,0.117082,0.118541,4.1977e-05,4.19746e-05,4.17193e-05,4.22459e-05,0.000258953,0.000258924,0.00023042,0.00028843,2.86629e-05,2.86621e-05,2.853e-05,2.87985e-05,0.00403976,4,0.117036,4.19818e-05,16,15,18,0.961567,12,16
robustness,alternating,2,47,9,20,8000,0.11732,4.21433e-05,0.00027008,2.6809e-05,3.59981,1.32212,2.12369,0.0262129,0.00461281,0.117785,0.117783,0.11709,0.118504,4.19835e-05,4.19804e-05,4.17253e-05,4.22491e-05,0.000261722,0.000261686,0.000234237,0.000290016,2.68609e-05,2.68604e-05,2.66271e-05,2.70961e-05,-0.0526161,2,0.117036,4.19818e-05,16,15,17,0.952418,12,16
robustness,alternating,2,47,10,40,8000,0.11732,4.21433e-05,0.00027008,2.59401e-05,6.95199,2.0249,4.41144,0.0473523,0.0253015,0.117631,0.117633,0.116964,0.118312,4.20006e-05,4.19948e-05,4.17411e-05,4.2275e-05,0.00026547,0.000265331,0.000239095,0.000292792,2.58599e-05,2.58609e-05,2.57281e-05,2.59908e-05,-0.0393277,4,0.117036,4.19818e-05,16,15,17,0.973255,12,16
robustness,alternating,2,47,11,20,8000,0.11732,4.21433e-05,0.00027008,2.46686e-05,3.31241,1.15705,2.4234,0.0292699,0.0229389,0.117496,0.117495,0.116839,0.118166,4.20062e-05,4.20033e-05,4.17448e-05,4.2276e-05,0.000266349,0.000266303,0.000240781,0.000292199,2.44239e-05,2.4423e-05,2.41941e-05,2.46537e-05,-0.0430988,2,0.117036,4.19818e-05,16,15,17,0.987521,12,16
robustness,alternating,2,47,12,40,8000,0.11732,4.21433e-05,0.00027008,2.41154e-05,6.46298,1.68674,4.91322,0.0910882,0.0289728,0.117356,0.117359,0.116677,0.118013,4.20041e-05,4.20042e-05,4.1746e-05,4.22647e-05,0.000262168,0.000262103,0.000237851,0.000286914,2.41126e-05,2.41134e-05,2.39809e-05,2.4242e-05,0.0033652,5,0.117036,4.19818e-05,16,15,17,0.985787,12,16
robustness,alternating,2,47,13,20,8000,0.11732,4.21433e-05,0.00027008,2.27362e-05,3.05294,1.03679,2.69399,0.0234161,0.0190844,0.117421,0.117424,0.116768,0.118054,4.20032e-05,4.20031e-05,4.17399e-05,4.22604e-05,0.000263381,0.000263416,0.000240087,0.000287571,2.28194e-05,2.28182e-05,2.25955e-05,2.30438e-05,-0.00895031,2,0.117036,4.19818e-05,16,15,17,0.993309,12,16
robustness,alternating,2,47,14,40,8000,0.11732,4.21433e-05,0.00027008,2.2033e-05,5.90488,1.54912,5.48591,0.0649881,0.0393946,0.117465,0.117472,0.116818,0.118105,4.20049e-05,4.20036e-05,4.17469e-05,4.22664e-05,0.000264562,0.000264853,0.000241592,0.000288218,2.21471e-05,2.21483e-05,2.20172e-05,2.22754e-05,-0.0209897,3,0.117036,4.19818e-05,16,15,17,0.99952,12,16
robustness,alternating,2,47,15,20,8000,0.11732,4.21433e-05,0.00027008,2.11542e-05,2.84051,0.934159,2.91552,0.005562,0.02256,0.117455,0.117453,0.11681,0.118101,4.20094e-05,4.2009e-05,4.17471e-05,4.22705e-05,0.000268463,0.00026855,0.000245383,0.000291358,2.08597e-05,2.08596e-05,2.06338e-05,2.108e-05,-0.0391316,3,0.117036,4.19818e-05,15,15,16,0.992298,12,16
robustness,alternating,2,47,16,40,8000,0.11732,4.21433e-05,0.00027008,2.08059e-05,5.57603,1.30599,5.82334,0.113395,0.0376607,0.117424,0.117424,0.116794,0.118041,4.20049e-05,4.20005e-05,4.17427e-05,4.22791e-05,0.000264682,0.000264645,0.000242236,0.000288752,2.07504e-05,2.07518e-05,2.06209e-05,2.08773e-05,-0.0333664,5,0.117036,4.19818e-05,15,15,16,0.992569,12,16
robustness,alternating,2,47,17,20,8000,0.11732,4.21433e-05,0.00027008,2.01084e-05,2.70008,0.827487,3.06197,0.0368203,0.0323417,0.117472,0.117478,0.116854,0.118066,4.20013e-05,4.19953e-05,4.17375e-05,4.22779e-05,0.000263457,0.000263238,0.000241813,0.000286667,1.99262e-05,1.99252e-05,1.97134e-05,2.014e-05,-0.0469992,2,0.117036,4.19818e-05,15,15,16,0.991434,12,16
robustness,alternating,2,47,18,40,8000,0.11732,4.21433e-05,0.00027008,1.95682e-05,5.24432,1.14637,6.16372,0.0162588,0.0279085,0.117461,0.117468,0.116856,0.118047,4.19993e-05,4.19954e-05,4.17361e-05,4.22729e-05,0.00026215,0.000261859,0.00024113,0.000284064,1.96762e-05,1.96774e-05,1.95469e-05,1.98055e-05,-0.0256962,3,0.117036,4.19818e-05,15,15,16,0.990316,12,16
robustness,alternating,2,47,19,20,8000,0.11732,4.21433e-05,0.00027008,1.88726e-05,2.53415,0.760323,3.23501,0.00133626,0.0177627,0.117423,0.117431,0.116819,0.118009,4.19983e-05,4.19937e-05,4.17395e-05,4.22697e-05,0.000261493,0.00026121,0.000240656,0.000283223,1.89101e-05,1.89096e-05,1.87033e-05,1.91161e-05,-0.0260046,2,0.117036,4.19818e-05,15,15,16,0.990522,12,16
robustness,alternating,2,47,20,40,8000,0.11732,4.21433e-05,0.00027008,1.85389e-05,4.96846,1.0008,6.44678,0.00108605,0.0145596,0.117409,0.11741,0.116825,0.117986,4.20051e-05,4.20031e-05,4.17421e-05,4.22744e-05,0.000262923,0.000262609,0.000242274,0.000284547,1.83832e-05,1.8384e-05,1.8255e-05,1.85098e-05,-0.0123226,3,0.117036,4.19818e-05,15,15,16,0.990039,12,16
robustness,alternating,2,48,1,20,8000,0.192416,5.71096e-05,0.00044031,5.71096e-05,7.68314,3.46621,3.46621,1.70258,0,0.192335,0.192335,0.190372,0.194353,5.71814e-05,5.71808e-05,5.69105e-05,5.74498e-05,0.000274233,0.000254904,0.000153024,0.000457853,5.71814e-05,5.71808e-05,5.69105e-05,5.74498e-05,-0.338802,16,0.192303,5.71849e-05,13,7,20,0.938923,12,7
robustness,alternating,2,48,2,40,8000,0.192416,5.71096e-05,0.00044031,5.17836e-05,13.8975,3.28674,1.49687,0.52254,0.0603085,0.192884,0.192904,0.191741,0.193964,5.71447e-05,5.7145e-05,5.68969e-05,5.73972e-05,0.000390448,0.000389044,0.000319874,0.000466938,5.18929e-05,5.18939e-05,5.17576e-05,5.20288e-05,-0.105147,8,0.192303,5.71849e-05,9,7,10,0.95997,12,7
robustness,alternating,2,48,3,20,8000,0.192416,5.71096e-05,0.00044031,4.33305e-05,5.82939,2.80781,2.04848,0.105275,0.0446665,0.192609,0.192616,0.191559,0.193652,5.71787e-05,5.71773e-05,5.69376e-05,5.74245e-05,0.000421258,0.000421293,0.00038452,0.000458011,4.32727e-05,4.32749e-05,4.30217e-05,4.35233e-05,-0.146502,5,0.192303,5.71849e-05,8,7,9,0.999849,12,7
robustness,alternating,2,48,4,40,8000,0.192416,5.71096e-05,0.00044031,4.03853e-05,10.8384,3.15473,4.65646,0.0558355,0.0790095,0.192688,0.192692,0.191794,0.193589,5.71689e-05,5.71688e-05,5.69303e-05,5.7409e-05,0.000419579,0.000419591,0.000387117,0.000453115,4.0256e-05,4.02553e-05,4.01237e-05,4.03905e-05,-0.0915829,4,0.192303,5.71849e-05,8,7,9,1,12,7
robustness,alternating,2,48,5,20,8000,0.192416,5.71096e-05,0.00044031,3.47371e-05,4.67329,2.44024,3.31955,0.0555021,0.0320317,0.192745,0.192741,0.191893,0.193619,5.71727e-05,5.71732e-05,5.69365e-05,5.74102e-05,0.000427267,0.00042708,0.000398376,0.000456308,3.47922e-05,3.47953e-05,3.45551e-05,3.5024e-05,-0.061009,3,0.192303,5.71849e-05,8,7,9,1,12,7
robustness,alternating,2,48,6,40,8000,0.192416,5.71096e-05,0.00044031,3.17616e-05,8.52404,3.30445,7.04695,0.277594,0.244958,0.192402,0.192399,0.191554,0.193227,5.71971e-05,5.71979e-05,5.6954e-05,5.74308e-05,0.000440253,0.000439493,0.00041335,0.000469861,3.19371e-05,3.19368e-05,3.18039e-05,3.20709e-05,-0.0437734,8,0.192303,5.71849e-05,7,7,8,1,12,7
robustness,alternating,2,48,7,20,8000,0.192416,5.71096e-05,0.00044031,2.82202e-05,3.79656,2.21713,4.28347,0.0396024,0.0193242,0.192393,0.192391,0.191573,0.193182,5.71985e-05,5.71983e-05,5.69631e-05,5.74278e-05,0.000444912,0.000444443,0.000418862,0.000472503,2.82724e-05,2.8272e-05,2.80463e-05,2.85001e-05,-0.0720976,3,0.192303,5.71849e-05,7,7,7,0.981374,12,7
robustness,alternating,2,48,8,40,8000,0.192416,5.71096e-05,0.00044031,2.67016e-05,7.16607,3.20209,8.44957,0.0441214,0.0360524,0.19234,0.192338,0.191576,0.193099,5.72024e-05,5.7206e-05,5.69648e-05,5.74275e-05,0.000445408,0.000445094,0.000420026,0.000471586,2.68383e-05,2.68388e-05,2.67084e-05,2.69684e-05,-0.053311,3,0.192303,5.71849e-05,7,7,7,0.98707,12,7
robustness,alternating,2,48,9,20,8000,0.192416,5.71096e-05,0.00044031,2.45775e-05,3.30649,2.00708,4.82227,0.0330998,0.0455518,0.192234,0.192236,0.191448,0.192991,5.72045e-05,5.72094e-05,5.69615e-05,5.74302e-05,0.000442006,0.000441856,0.000418187,0.000466277,2.45268e-05,2.45265e-05,2.43079e-05,2.47457e-05,-0.0704343,3,0.192303,5.71849e-05,7,7,7,0.98493,12,7
robustness,alternating,2,48,10,40,8000,0.192416,5.71096e-05,0.00044031,2.36763e-05,6.35415,2.92658,9.28818,0.0574795,0.0430902,0.192073,0.192076,0.191315,0.192811,5.72093e-05,5.7214e-05,5.69701e-05,5.74287e-05,0.000439964,0.000440177,0.000416655,0.000463137,2.36277e-05,2.36278e-05,2.35001e-05,2.37577e-05,-0.0434532,3,0.192303,5.71849e-05,7,7,7,0.987139,12,7
robustness,alternating,2,48,11,20,8000,0.192416,5.71096e-05,0.00044031,2.19313e-05,2.95049,1.82684,5.21368,0.0324995,0.0262362,0.192146,0.192154,0.191406,0.192864,5.7199e-05,5.72032e-05,5.69593e-05,5.74214e-05,0.000437405,0.000437599,0.000414959,0.00045932,2.18889e-05,2.18877e-05,2.16805e-05,2.21015e-05,-0.0579982,3,0.192303,5.71849e-05,7,7,7,0.984023,12,7
robustness,alternating,2,48,12,40,8000,0.192416,5.71096e-05,0.00044031,2.08639e-05,5.59937,2.78302,10.0678,0.0522181,0.0621112,0.192175,0.192184,0.19144,0.192881,5.71986e-05,5.72032e-05,5.69598e-05,5.74199e-05,0.00043857,0.000438745,0.000416564,0.000460165,2.09502e-05,2.09502e-05,2.08231e-05,2.1076e-05,-0.0483204,3,0.192303,5.71849e-05,7,7,7,0.983096,12,7
robustness,alternating,2,48,13,20,8000,0.192416,5.71096e-05,0.00044031,1.93682e-05,2.60566,1.701,5.59279,0.0104146,0.000671082,0.192192,0.192196,0.191444,0.192895,5.71971e-05,5.72005e-05,5.69574e-05,5.74207e-05,0.000440083,0.000440306,0.000418157,0.000461069,1.93278e-05,1.93281e-05,1.91207e-05,1.95332e-05,-0.0419577,2,0.192303,5.71849e-05,7,7,7,0.98187,12,7
robustness,alternating,2,48,14,40,8000,0.192416,5.71096e-05,0.00044031,1.84695e-05,4.95678,2.68308,10.7315,0.0570806,0.0663641,0.192146,0.192145,0.191429,0.192831,5.72006e-05,5.72029e-05,5.69615e-05,5.74218e-05,0.000441342,0.000441498,0.000419548,0.00046252,1.85405e-05,1.8541e-05,1.84137e-05,1.86682e-05,-0.0418158,3,0.192303,5.71849e-05,7,7,7,0.979038,12,7
robustness,alternating,2,48,15,20,8000,0.192416,5.71096e-05,0.00044031,1.7645e-05,2.37383,1.57355,5.84768,0.0447296,0.0526671,0.192145,0.192146,0.191429,0.192844,5.71958e-05,5.71967e-05,5.69598e-05,5.74237e-05,0.000439117,0.000439237,0.000417619,0.000459502,1.75341e-05,1.75345e-05,1.73347e-05,1.77297e-05,-0.0316855,3,0.192303,5.71849e-05,7,7,7,0.974041,12,7
robustness,alternating,2,48,16,40,8000,0.192416,5.71096e-05,0.00044031,1.72291e-05,4.62387,2.42563,11.0753,0.0651838,0.0366171,0.192322,0.192325,0.191646,0.192993,5.71805e-05,5.71823e-05,5.695e-05,5.74117e-05,0.000437822,0.000437878,0.000416706,0.000458472,1.71253e-05,1.7126e-05,1.6999e-05,1.72482e-05,-0.0157521,3,0.192303,5.71849e-05,7,7,7,0.973335,12,7
robustness,alternating,2,48,17,20,8000,0.192416,5.71096e-05,0.00044031,1.61594e-05,2.17397,1.46692,6.06742,0.00732206,0.00592622,0.192364,0.19237,0.191683,0.19302,5.71796e-05,5.71786e-05,5.69495e-05,5.74109e-05,0.000439173,0.000439255,0.000417867,0.000460076,1.59927e-05,1.5994e-05,1.58045e-05,1.61813e-05,-0.0231054,2,0.192303,5.71849e-05,7,7,7,0.974663,12,7
robustness,alternating,2,48,18,40,8000,0.192416,5.71096e-05,0.00044031,1.56261e-05,4.19368,2.32919,11.5197,0.0228192,0.0202502,0.192322,0.192326,0.191652,0.192987,5.71811e-05,5.71821e-05,5.69483e-05,5.74074e-05,0.00043964,0.000439665,0.000418855,0.000460671,1.54866e-05,1.54861e-05,1.53645e-05,1.56088e-05,-0.0248212,3,0.192303,5.71849e-05,7,7,7,0.976622,12,7
robustness,alternating,2,48,19,20,8000,0.192416,5.71096e-05,0.00044031,1.46921e-05,1.97658,1.38788,6.28444,0.00583613,0.0125168,0.192268,0.192272,0.191598,0.192928,5.71835e-05,5.71868e-05,5.69509e-05,5.74057e-05,0.00043891,0.000438942,0.000418566,0.000459293,1.47083e-05,1.4709e-05,1.45248e-05,1.48939e-05,-0.0440249,2,0.192303,5.71849e-05,7,7,7,0.976737,12,7
robustness,alternating,2,48,20,40,8000,0.192416,5.71096e-05,0.00044031,1.42518e-05,3.82484,2.24492,11.9007,0.0208528,0.0164713,0.192303,0.192304,0.191654,0.192963,5.71804e-05,5.71837e-05,5.69522e-05,5.74035e-05,0.000438761,0.000438851,0.000418479,0.000458692,1.43574e-05,1.43566e-05,1.42353e-05,1.44797e-05,-0.0272829,2,0.192303,5.71849e-05,7,7,7,0.974005,12,7
robustness,alternating,2,49,1,20,8000,4.7392,6.62195e-05,0.000174116,6.62195e-05,9.14144,14.3757,14.3757,11.3733,0,4.71957,4.71946,4.68096,4.7587,6.62321e-05,6.62316e-05,6.6054e-05,6.64116e-05,0.000259169,0.000241586,0.000143259,0.000434516,6.62321e-05,6.62316e-05,6.6054e-05,6.64116e-05,-0.614499,18,4.71964,6.62333e-05,11,7,19,0.940421,12,15
robustness,alternating,2,49,2,40,8000,4.7392,6.62195e-05,0.000174116,6.33367e-05,17.3432,24.0391,1.29464,0.72738,0.0659444,4.73621,4.73622,4.72122,4.75176,6.61896e-05,6.61909e-05,6.60493e-05,6.63272e-05,0.000181135,0.000179421,0.000135002,0.000232021,6.33515e-05,6.33514e-05,6.32598e-05,6.34438e-05,-0.487354,9,4.71964,6.62333e-05,15,12,20,0.931746,12,15
robustness,alternating,2,49,3,20,8000,4.7392,6.62195e-05,0.000174116,5.80088e-05,8.00798,12.6137,2.09439,0.0765016,0.0246261,4.73626,4.73628,4.72208,4.75045,6.61851e-05,6.61837e-05,6.60501e-05,6.63277e-05,0.000172333,0.000172137,0.000146363,0.00019972,5.8042e-05,5.80418e-05,5.78966e-05,5.81852e-05,-0.233497,5,4.71964,6.62333e-05,16,14,19,0.941059,12,15
robustness,alternating,2,49,4,40,8000,4.7392,6.62195e-05,0.000174116,5.54551e-05,15.185,21.0604,4.88096,0.129809,0.101768,4.73777,4.73771,4.7264,4.74911,6.61853e-05,6.61832e-05,6.60484e-05,6.63257e-05,0.000175126,0.000174778,0.000149685,0.000201558,5.54765e-05,5.54763e-05,5.53919e-05,5.55612e-05,-0.34027,6,4.71964,6.62333e-05,15,13,18,0.96625,12,15
robustness,alternating,2,49,5,20,8000,4.7392,6.62195e-05,0.000174116,4.99632e-05,6.8973,10.8638,4.15529,0.336605,0.33581,4.73879,4.73835,4.72798,4.75056,6.6188e-05,6.61839e-05,6.60575e-05,6.63305e-05,0.000194138,0.000193693,0.00017255,0.000217121,4.99952e-05,4.99946e-05,4.98568e-05,5.01341e-05,-0.161787,7,4.71964,6.62333e-05,14,13,15,0.943533,12,15
robustness,alternating,2,49,6,40,8000,4.7392,6.62195e-05,0.000174116,4.78145e-05,13.0928,18.1558,8.35809,0.112743,0.188943,4.74184,4.7417,4.7318,4.75257,6.61795e-05,6.61776e-05,6.60533e-05,6.63162e-05,0.000196076,0.000195263,0.000175468,0.000218885,4.78197e-05,4.78206e-05,4.77347e-05,4.79032e-05,-0.25028,6,4.71964,6.62333e-05,14,13,15,0.960241,12,15
robustness,alternating,2,49,7,20,8000,4.7392,6.62195e-05,0.000174116,4.5112e-05,6.2276,9.82092,5.39795,0.201589,0.108184,4.74231,4.74223,4.73235,4.75299,6.61686e-05,6.61666e-05,6.60415e-05,6.6304e-05,0.000185568,0.000185923,0.000165814,0.000204233,4.51932e-05,4.51921e-05,4.50535e-05,4.53353e-05,-0.135766,6,4.71964,6.62333e-05,15,13,16,0.968281,12,15
robustness,alternating,2,49,8,40,8000,4.7392,6.62195e-05,0.000174116,4.41905e-05,12.1005,16.8019,10.0074,0.222605,0.224865,4.74268,4.74271,4.73294,4.75262,6.61674e-05,6.61657e-05,6.60425e-05,6.62996e-05,0.000183252,0.000183406,0.000163093,0.000202176,4.41046e-05,4.41051e-05,4.40212e-05,4.41876e-05,-0.235153,6,4.71964,6.62333e-05,15,14,16,0.926918,12,15
robustness,alternating,2,49,9,20,8000,4.7392,6.62195e-05,0.000174116,4.16482e-05,5.74944,9.08303,6.28523,0.0849617,0.0342258,4.74189,4.74193,4.73231,4.75181,6.6167e-05,6.61668e-05,6.60406e-05,6.62941e-05,0.000180295,0.000180663,0.000161935,0.000197469,4.16168e-05,4.16157e-05,4.14772e-05,4.17579e-05,-0.112644,4,4.71964,6.62333e-05,15,14,17,0.995622,12,15
robustness,alternating,2,49,10,40,8000,4.7392,6.62195e-05,0.000174116,3.99787e-05,10.9472,15.2058,11.9242,0.180336,0.210031,4.74208,4.74209,4.73298,4.75118,6.61669e-05,6.61686e-05,6.6037e-05,6.62935e-05,0.00018221,0.000182178,0.00016468,0.000199517,3.99707e-05,3.99711e-05,3.98883e-05,4.00541e-05,-0.2073,6,4.71964,6.62333e-05,15,14,16,0.971416,12,15
robustness,alternating,2,49,11,20,8000,4.7392,6.62195e-05,0.000174116,3.76883e-05,5.20278,8.22015,7.2996,0.00297633,0.0240325,4.74218,4.74232,4.73328,4.75101,6.61686e-05,6.61692e-05,6.60424e-05,6.6292e-05,0.000183421,0.000183282,0.000167579,0.000199856,3.75452e-05,3.75451e-05,3.7408e-05,3.76849e-05,-0.0797148,3,4.71964,6.62333e-05,15,14,16,0.99087,12,15
robustness,alternating,2,49,12,40,8000,4.7392,6.62195e-05,0.000174116,3.63452e-05,9.95223,13.8255,13.5777,0.0791227,0.160381,4.7419,4.74201,4.73308,4.75021,6.61682e-05,6.61689e-05,6.60392e-05,6.62956e-05,0.000183688,0.000183599,0.000167978,0.000200058,3.64316e-05,3.64321e-05,3.63504e-05,3.65119e-05,-0.177182,5,4.71964,6.62333e-05,15,14,15,0.970848,12,15
robustness,alternating,2,49,13,20,8000,4.7392,6.62195e-05,0.000174116,3.47933e-05,4.80313,7.59403,8.04117,0.0710956,0.0686818,4.7417,4.74179,4.73285,4.75021,6.6167e-05,6.61673e-05,6.60401e-05,6.6295e-05,0.000181615,0.000181504,0.000166168,0.000197129,3.48126e-05,3.48125e-05,3.46741e-05,3.49493e-05,-0.0696549,4,4.71964,6.62333e-05,15,15,15,0.948543,12,15
robustness,alternating,2,49,14,40,8000,4.7392,6.62195e-05,0.000174116,3.40233e-05,9.31643,12.9555,14.6344,0.0415577,0.0342064,4.74217,4.74224,4.73369,4.75067,6.61651e-05,6.61638e-05,6.60375e-05,6.62958e-05,0.000181418,0.000181323,0.000166509,0.000196396,3.39902e-05,3.39908e-05,3.39091e-05,3.40723e-05,-0.139702,5,4.71964,6.62333e-05,15,15,15,0.98638,12,15
robustness,alternating,2,49,15,20,8000,4.7392,6.62195e-05,0.000174116,3.18467e-05,4.39636,6.94905,8.79597,0.125453,0.148337,4.74238,4.74238,4.73391,4.75082,6.61649e-05,6.6164e-05,6.60349e-05,6.6299e-05,0.000183525,0.000183427,0.000169286,0.000198202,3.2e-05,3.20011e-05,3.18611e-05,3.21356e-05,-0.069628,4,4.71964,6.62333e-05,15,15,15,1,12,15
robustness,alternating,2,49,16,40,8000,4.7392,6.62195e-05,0.000174116,3.0819e-05,8.43902,11.7263,16.0927,0.197657,0.145104,4.74219,4.74217,4.73383,4.75038,6.6164e-05,6.61639e-05,6.60321e-05,6.62998e-05,0.0001848,0.000184575,0.000170326,0.000199823,3.08508e-05,3.08506e-05,3.07684e-05,3.09323e-05,-0.165149,6,4.71964,6.62333e-05,15,15,15,1,12,15
robustness,alternating,2,49,17,20,8000,4.7392,6.62195e-05,0.000174116,2.9367e-05,4.05404,6.40659,9.43116,0.0241037,0.0354231,4.742,4.74204,4.73352,4.75006,6.61655e-05,6.61646e-05,6.60301e-05,6.63008e-05,0.000184717,0.000184676,0.000170807,0.000198794,2.94622e-05,2.94617e-05,2.93252e-05,2.96e-05,-0.102436,3,4.71964,6.62333e-05,15,15,15,1,12,15
robustness,alternating,2,49,18,40,8000,4.7392,6.62195e-05,0.000174116,2.92619e-05,8.01264,11.1459,16.8013,0.199542,0.226707,4.73974,4.73988,4.731,4.7478,6.61724e-05,6.61723e-05,6.60416e-05,6.63044e-05,0.000183632,0.000183665,0.0001689,0.000197948,2.92621e-05,2.92615e-05,2.91817e-05,2.93435e-05,-0.130954,6,4.71964,6.62333e-05,15,15,15,1,12,15
robustness,alternating,2,49,19,20,8000,4.7392,6.62195e-05,0.000174116,2.82424e-05,3.8988,6.17351,9.71924,0.0573819,0.0425576,4.73899,4.73916,4.72995,4.74724,6.61738e-05,6.61743e-05,6.60446e-05,6.63054e-05,0.000183441,0.000183575,0.000168735,0.000197546,2.80304e-05,2.80297e-05,2.7896e-05,2.81673e-05,-0.0682673,3,4.71964,6.62333e-05,15,15,15,1,12,15
robustness,alternating,2,49,20,40,8000,4.7392,6.62195e-05,0.000174116,2.79132e-05,7.64332,10.6449,17.4151,0.20962,0.104179,4.73875,4.7389,4.73019,4.74673,6.61705e-05,6.61715e-05,6.60433e-05,6.6299e-05,0.000181998,0.000181963,0.000167583,0.000196006,2.78678e-05,2.7868e-05,2.77868e-05,2.79484e-05,-0.149388,6,4.71964,6.62333e-05,15,15,15,1,12,15
robustness,alternating,2,50,1,20,8000,0.0828523,7.06437e-05,0.00013876,7.06437e-05,9.47517,1.76305,1.76305,2.88172,0,0.082656,0.0826525,0.0816494,0.0836876,7.04827e-05,7.04823e-05,7.02076e-05,7.07576e-05,0.000269205,0.000253552,0.0001359,0.000458517,7.04827e-05,7.04823e-05,7.02076e-05,7.07576e-05,-0.0935292,17,0.0826904,7.04815e-05,11,6,19,0.943894,12,17
robustness,alternating,2,50,2,40,8000,0.0828523,7.06437e-05,0.00013876,6.69513e-05,17.9293,3.04432,0.97001,0.457678,0.256929,0.083352,0.0833494,0.0826328,0.0840593,7.04643e-05,7.04627e-05,7.01977e-05,7.07405e-05,0.000181558,0.000179804,0.000135435,0.000233161,6.70497e-05,6.70489e-05,6.6914e-05,6.71872e-05,-0.0235279,8,0.0826904,7.04815e-05,14,11,19,0.962927,12,17
robustness,alternating,2,50,3,20,8000,0.0828523,7.06437e-05,0.00013876,6.14447e-05,8.24135,1.74834,1.24642,0.0967474,0.0880563,0.0834221,0.0834229,0.082823,0.0840147,7.04513e-05,7.04478e-05,7.01885e-05,7.07211e-05,0.000168576,0.000168345,0.00014359,0.000194618,6.12782e-05,6.12794e-05,6.10102e-05,6.1539e-05,-0.0309024,4,0.0826904,7.04815e-05,15,13,18,0.970552,12,17
robustness,alternating,2,50,4,40,8000,0.0828523,7.06437e-05,0.00013876,5.92803e-05,15.875,3.26654,3.07815,0.141848,0.0200616,0.0833592,0.0833506,0.0828816,0.0838661,7.04592e-05,7.04543e-05,7.01979e-05,7.07377e-05,0.000163257,0.000162794,0.000140384,0.000187723,5.9307e-05,5.93081e-05,5.91694e-05,5.944e-05,0.00444133,6,0.0826904,7.04815e-05,15,14,18,0.923019,12,17
robustness,alternating,2,50,5,20,8000,0.0828523,7.06437e-05,0.00013876,5.51867e-05,7.40198,1.78996,2.10984,0.0515653,0.0359539,0.0833071,0.083301,0.0828552,0.0837817,7.0458e-05,7.04533e-05,7.01982e-05,7.07271e-05,0.000157071,0.000156893,0.000137833,0.000176763,5.53357e-05,5.53369e-05,5.50732e-05,5.5594e-05,-0.0463105,4,0.0826904,7.04815e-05,16,15,19,0.960303,12,17
robustness,alternating,2,50,6,40,8000,0.0828523,7.06437e-05,0.00013876,5.40254e-05,14.4678,3.52807,4.52229,0.166454,0.145331,0.0834488,0.0834442,0.0830011,0.0839208,7.0458e-05,7.04556e-05,7.01842e-05,7.07365e-05,0.00015498,0.000154519,0.000136599,0.000174537,5.38321e-05,5.38313e-05,5.36979e-05,5.39677e-05,-0.0225406,5,0.0826904,7.04815e-05,17,15,19,0.980021,12,17
robustness,alternating,2,50,7,20,8000,0.0828523,7.06437e-05,0.00013876,5.11019e-05,6.8541,1.9106,2.67341,0.109843,0.0371705,0.0833701,0.0833644,0.0829603,0.0837992,7.04548e-05,7.04527e-05,7.01863e-05,7.07316e-05,0.000149871,0.000149664,0.000133767,0.000166911,5.0856e-05,5.08598e-05,5.05902e-05,5.11127e-05,-0.0287779,4,0.0826904,7.04815e-05,17,15,19,0.983923,12,17
robustness,alternating,2,50,8,40,8000,0.0828523,7.06437e-05,0.00013876,4.92454e-05,13.1877,3.52173,5.83594,0.0204886,0.111494,0.0833732,0.083369,0.0829738,0.0837798,7.0456e-05,7.04524e-05,7.01916e-05,7.07309e-05,0.000150473,0.000150343,0.000134669,0.000166835,4.91413e-05,4.91412e-05,4.90055e-05,4.92775e-05,-0.0273052,4,0.0826904,7.04815e-05,17,15,19,0.992053,12,17
robustness,alternating,2,50,9,20,8000,0.0828523,7.06437e-05,0.00013876,4.54723e-05,6.09903,1.68566,3.45012,0.113146,0.153567,0.0833056,0.0833064,0.0829284,0.0836951,7.04602e-05,7.04545e-05,7.01979e-05,7.07375e-05,0.000155158,0.00015518,0.000140623,0.000169932,4.55332e-05,4.5531e-05,4.52779e-05,4.57945e-05,-0.052011,5,0.0826904,7.04815e-05,16,15,18,0.982058,12,17
robustness,alternating,2,50,10,40,8000,0.0828523,7.06437e-05,0.00013876,4.44351e-05,11.8995,3.23492,7.1579,0.0523102,0.0311473,0.0834384,0.0834349,0.0830701,0.0838195,7.04701e-05,7.04656e-05,7.0196e-05,7.07569e-05,0.000154817,0.000154631,0.000140519,0.000169451,4.43877e-05,4.4389e-05,4.42505e-05,4.4521e-05,0.0195272,4,0.0826904,7.04815e-05,17,15,18,0.9812,12,17
robustness,alternating,2,50,11,20,8000,0.0828523,7.06437e-05,0.00013876,4.24789e-05,5.69753,1.70822,3.86313,0.0698549,0.0297139,0.083387,0.0833829,0.0830219,0.0837499,7.04658e-05,7.04604e-05,7.01938e-05,7.07522e-05,0.00015212,0.00015206,0.000138413,0.000165934,4.23976e-05,4.23984e-05,4.21405e-05,4.26512e-05,-0.0318203,4,0.0826904,7.04815e-05,17,16,18,0.92961,12,17
robustness,alternating,2,50,12,40,8000,0.0828523,7.06437e-05,0.00013876,4.12891e-05,11.0571,3.2074,8.02247,0.0112704,0.0507968,0.0834063,0.0834063,0.0830421,0.0837657,7.04651e-05,7.04613e-05,7.0189e-05,7.07549e-05,0.000151841,0.000151692,0.000138288,0.000165484,4.13527e-05,4.13535e-05,4.12162e-05,4.14848e-05,-0.0114668,4,0.0826904,7.04815e-05,17,16,18,0.96096,12,17
robustness,alternating,2,50,13,20,8000,0.0828523,7.06437e-05,0.00013876,3.95636e-05,5.30651,1.6671,4.26535,0.037998,0.0210689,0.0834072,0.0834055,0.0830465,0.0837712,7.04639e-05,7.04591e-05,7.01807e-05,7.07625e-05,0.000149732,0.000149538,0.000136649,0.000163311,3.96909e-05,3.96909e-05,3.94427e-05,3.99399e-05,-0.0196262,3,0.0826904,7.04815e-05,17,16,18,0.958358,12,17
robustness,alternating,2,50,14,40,8000,0.0828523,7.06437e-05,0.00013876,3.79718e-05,10.1687,2.98963,8.93413,0.211773,0.197679,0.0834019,0.0834018,0.0830451,0.0837672,7.04694e-05,7.04633e-05,7.01989e-05,7.07697e-05,0.000151666,0.000151635,0.000138943,0.00016436,3.81025e-05,3.81024e-05,3.79672e-05,3.82368e-05,-0.0100102,6,0.0826904,7.04815e-05,17,16,17,0.970446,12,17
robustness,alternating,2,50,15,20,8000,0.0828523,7.06437e-05,0.00013876,3.67606e-05,4.93056,1.5843,4.65208,0.056613,0.052469,0.0833787,0.0833779,0.0830266,0.0837376,7.04637e-05,7.04561e-05,7.01856e-05,7.07639e-05,0.000149452,0.000149478,0.000136958,0.000162227,3.67996e-05,3.68016e-05,3.65493e-05,3.70433e-05,0.0080717,4,0.0826904,7.04815e-05,17,17,18,0.959683,12,17
robustness,alternating,2,50,16,40,8000,0.0828523,7.06437e-05,0.00013876,3.55344e-05,9.51598,2.90285,9.60397,0.125581,0.129814,0.0833229,0.0833157,0.0829997,0.0836654,7.04554e-05,7.04518e-05,7.01611e-05,7.07544e-05,0.00015128,0.000151342,0.000138788,0.000163692,3.53907e-05,3.53905e-05,3.52599e-05,3.55236e-05,-0.00576061,5,0.0826904,7.04815e-05,17,16,17,0.999937,12,17
robustness,alternating,2,50,17,20,8000,0.0828523,7.06437e-05,0.00013876,3.41934e-05,4.58623,1.48902,5.00627,0.041943,0.00753765,0.0832819,0.0832791,0.0829655,0.0836085,7.04565e-05,7.04501e-05,7.01575e-05,7.07706e-05,0.0001492,0.000149218,0.000136991,0.000161063,3.43458e-05,3.43458e-05,3.41025e-05,3.45896e-05,0.017958,4,0.0826904,7.04815e-05,17,16,17,1,12,17
robustness,alternating,2,50,18,40,8000,0.0828523,7.06437e-05,0.00013876,3.44549e-05,9.22689,3.10225,9.90064,0.222587,0.251236,0.0832332,0.0832191,0.0829324,0.0835798,7.04419e-05,7.04412e-05,7.01763e-05,7.07057e-05,0.000147617,0.000147623,0.000135888,0.000159521,3.46084e-05,3.46061e-05,3.44789e-05,3.47384e-05,-0.0391514,8,0.0826904,7.04815e-05,17,17,17,0.963462,12,17
robustness,alternating,2,50,19,20,8000,0.0828523,7.06437e-05,0.00013876,3.27702e-05,4.39534,1.51282,5.20264,0.0592712,0.0512981,0.0832113,0.0831998,0.0829214,0.0835426,7.04428e-05,7.04399e-05,7.0174e-05,7.07237e-05,0.00014993,0.000149862,0.000138226,0.00016213,3.25511e-05,3.25483e-05,3.23124e-05,3.27956e-05,-0.0296583,5,0.0826904,7.04815e-05,17,17,17,0.970097,12,17
robustness,alternating,2,50,20,40,8000,0.0828523,7.06437e-05,0.00013876,3.21792e-05,8.61745,2.90715,10.5261,0.0730211,0.00238429,0.0831539,0.0831457,0.0828728,0.0834601,7.04434e-05,7.0442e-05,7.0174e-05,7.07138e-05,0.000149925,0.000150008,0.000138068,0.000161588,3.20691e-05,3.20681e-05,3.19372e-05,3.22037e-05,-0.00237514,4,0.0826904,7.04815e-05,17,17,17,0.972959,12,17
robustness,alternating,2,51,1,20,8000,1.68862,7.48566e-05,0.0001558,7.48566e-05,10.2138,12.5655,12.5655,9.25629,0,1.69099,1.69087,1.67989,1.7021,7.46216e-05,7.46194e-05,7.44276e-05,7.48186e-05,0.000268778,0.000248147,0.000142606,0.000452928,7.46216e-05,7.46194e-05,7.44276e-05,7.48186e-05,-0.449412,18,1.69083,7.46242e-05,10,6,17,0.933989,12,16
robustness,alternating,2,51,2,40,8000,1.68862,7.48566e-05,0.0001558,7.2536e-05,19.6811,20.5267,0.797727,1.4003,0.43219,1.68834,1.68832,1.68234,1.69441,7.46657e-05,7.46659e-05,7.44851e-05,7.48479e-05,0.000135145,0.000132746,9.88106e-05,0.00017838,7.25045e-05,7.25052e-05,7.23954e-05,7.26142e-05,-0.450219,10,1.69083,7.46242e-05,18,14,24,0.910681,12,16
robustness,alternating,2,51,3,20,8000,1.68862,7.48566e-05,0.0001558,6.58525e-05,8.98522,11.1072,1.87693,0.23468,0.0692239,1.68863,1.68865,1.68298,1.69409,7.46688e-05,7.4669e-05,7.44858e-05,7.48525e-05,0.000153204,0.000152938,0.000127987,0.000178525,6.59316e-05,6.593e-05,6.57572e-05,6.61082e-05,-0.216024,6,1.69083,7.46242e-05,16,14,19,0.939297,12,16
robustness,alternating,2,51,4,40,8000,1.68862,7.48566e-05,0.0001558,6.2982e-05,17.0888,17.8747,4.41758,0.11537,0.0698093,1.68996,1.68994,1.6855,1.69438,7.46624e-05,7.46661e-05,7.44828e-05,7.4839e-05,0.000156422,0.000155867,0.000134235,0.000180147,6.2891e-05,6.28913e-05,6.27911e-05,6.29914e-05,-0.296552,6,1.69083,7.46242e-05,15,13,18,0.972402,12,16
robustness,alternating,2,51,5,20,8000,1.68862,7.48566e-05,0.0001558,5.86247e-05,7.99902,9.92346,3.42056,0.115853,0.099462,1.68975,1.6898,1.68536,1.69393,7.46623e-05,7.46638e-05,7.44798e-05,7.48406e-05,0.000150573,0.000150227,0.000132998,0.000169874,5.86452e-05,5.8646e-05,5.84708e-05,5.88154e-05,-0.157772,5,1.69083,7.46242e-05,16,15,18,0.918228,12,16
robustness,alternating,2,51,6,40,8000,1.68862,7.48566e-05,0.0001558,5.57866e-05,15.1365,15.8726,7.14386,0.304197,0.266839,1.68973,1.68977,1.68572,1.69366,7.46688e-05,7.46706e-05,7.44885e-05,7.48432e-05,0.000154427,0.000153936,0.000137073,0.000173205,5.57867e-05,5.57863e-05,5.56854e-05,5.58884e-05,-0.256956,6,1.69083,7.46242e-05,15,14,17,0.958158,12,16
robustness,alternating,2,51,7,20,8000,1.68862,7.48566e-05,0.0001558,5.19029e-05,7.08187,8.79247,4.85609,0.0273547,0.017654,1.69013,1.6901,1.68639,1.69396,7.46693e-05,7.46721e-05,7.44915e-05,7.48374e-05,0.000156653,0.000156362,0.00014097,0.000173315,5.17365e-05,5.17349e-05,5.157e-05,5.19063e-05,-0.122811,5,1.69083,7.46242e-05,15,14,17,0.979422,12,16
robustness,alternating,2,51,8,40,8000,1.68862,7.48566e-05,0.0001558,5.03881e-05,13.6717,14.3776,9.18931,0.120676,0.0611077,1.69061,1.69053,1.68707,1.69434,7.46682e-05,7.46727e-05,7.44856e-05,7.48349e-05,0.00015501,0.000154818,0.000139927,0.000170768,5.04362e-05,5.04364e-05,5.03364e-05,5.05347e-05,-0.226089,5,1.69083,7.46242e-05,15,15,17,0.944782,12,16
robustness,alternating,2,51,9,20,8000,1.68862,7.48566e-05,0.0001558,4.6977e-05,6.40976,7.97084,5.9081,0.0777935,0.0639916,1.69015,1.6901,1.68676,1.69368,7.46732e-05,7.46764e-05,7.44925e-05,7.48391e-05,0.000157626,0.00015736,0.000143616,0.000172447,4.68875e-05,4.68856e-05,4.67192e-05,4.70581e-05,-0.122873,4,1.69083,7.46242e-05,15,14,17,0.995909,12,16
robustness,alternating,2,51,10,40,8000,1.68862,7.48566e-05,0.0001558,4.6139e-05,12.5188,13.2042,10.7993,0.240915,0.203505,1.6894,1.68934,1.68617,1.6927,7.46811e-05,7.46827e-05,7.45078e-05,7.48446e-05,0.000155534,0.000155071,0.000141787,0.000170453,4.61758e-05,4.61756e-05,4.60775e-05,4.62747e-05,-0.147124,7,1.69083,7.46242e-05,15,15,17,0.981885,12,16
robustness,alternating,2,51,11,20,8000,1.68862,7.48566e-05,0.0001558,4.34614e-05,5.93007,7.39562,6.65893,0.0202283,0.01321,1.68865,1.68865,1.68542,1.69177,7.4686e-05,7.46852e-05,7.45172e-05,7.48538e-05,0.000156188,0.000155952,0.000142456,0.000170646,4.34394e-05,4.34391e-05,4.32695e-05,4.36071e-05,-0.121787,4,1.69083,7.46242e-05,15,15,17,0.991955,12,16
robustness,alternating,2,51,12,40,8000,1.68862,7.48566e-05,0.0001558,4.2367e-05,11.4954,12.1474,12.2285,0.0405329,0.0318029,1.68915,1.68914,1.6861,1.69217,7.4684e-05,7.46844e-05,7.45141e-05,7.48543e-05,0.000155644,0.000155521,0.000142752,0.000169207,4.23132e-05,4.23133e-05,4.22173e-05,4.24114e-05,-0.136126,4,1.69083,7.46242e-05,15,15,17,0.9985,12,16
robustness,alternating,2,51,13,20,8000,1.68862,7.48566e-05,0.0001558,4.04194e-05,5.515,6.89468,7.30859,0.065875,0.0562064,1.68921,1.68924,1.68614,1.69224,7.46811e-05,7.46826e-05,7.45153e-05,7.4848e-05,0.000153891,0.000153626,0.000141616,0.000167055,4.04276e-05,4.04286e-05,4.02587e-05,4.05935e-05,-0.0758131,4,1.69083,7.46242e-05,16,15,17,0.999466,12,16
robustness,alternating,2,51,14,40,8000,1.68862,7.48566e-05,0.0001558,3.91496e-05,10.6224,11.2418,13.4475,0.104957,0.0945883,1.68928,1.68927,1.68638,1.69215,7.46812e-05,7.46821e-05,7.45118e-05,7.48479e-05,0.000154866,0.000154777,0.000142684,0.000167376,3.90498e-05,3.90495e-05,3.89555e-05,3.91475e-05,-0.104167,5,1.69083,7.46242e-05,15,15,16,0.97197,12,16
robustness,alternating,2,51,15,20,8000,1.68862,7.48566e-05,0.0001558,3.7477e-05,5.11353,6.39963,7.93699,0.063402,0.0467609,1.68943,1.68944,1.68661,1.69219,7.46799e-05,7.46822e-05,7.45095e-05,7.48469e-05,0.000153738,0.000153628,0.000141838,0.000165865,3.74077e-05,3.74072e-05,3.72412e-05,3.75728e-05,-0.0659321,4,1.69083,7.46242e-05,16,15,16,0.982966,12,16
robustness,alternating,2,51,16,40,8000,1.68862,7.48566e-05,0.0001558,3.6575e-05,9.92383,10.5243,14.423,0.00745482,0.00915422,1.68939,1.68941,1.68656,1.69205,7.46818e-05,7.46854e-05,7.45062e-05,7.48497e-05,0.000153241,0.000153099,0.000141518,0.000165081,3.66498e-05,3.66495e-05,3.65536e-05,3.67478e-05,-0.0978785,4,1.69083,7.46242e-05,16,15,16,1,12,16
robustness,alternating,2,51,17,20,8000,1.68862,7.48566e-05,0.0001558,3.484e-05,4.75373,5.95269,8.50015,0.0379069,0.0173705,1.68933,1.68935,1.68654,1.69207,7.46821e-05,7.46863e-05,7.45018e-05,7.48448e-05,0.000153632,0.000153422,0.000141763,0.000165505,3.4884e-05,3.48842e-05,3.47163e-05,3.50501e-05,-0.0634326,3,1.69083,7.46242e-05,16,15,16,1,12,16
robustness,alternating,2,51,18,40,8000,1.68862,7.48566e-05,0.0001558,3.42497e-05,9.2929,9.86985,15.3041,0.0418282,0.0639884,1.68983,1.68983,1.68711,1.69253,7.46781e-05,7.46811e-05,7.4505e-05,7.48379e-05,0.000153217,0.000153149,0.000141112,0.00016495,3.41848e-05,3.41845e-05,3.40878e-05,3.42807e-05,-0.0766945,5,1.69083,7.46242e-05,16,15,16,1,12,16
robustness,alternating,2,51,19,20,8000,1.68862,7.48566e-05,0.0001558,3.27276e-05,4.4655,5.59837,8.95131,0.00971708,0.0149354,1.68973,1.68973,1.68699,1.69239,7.46784e-05,7.46804e-05,7.45044e-05,7.48384e-05,0.0001531,0.000152946,0.000141662,0.00016463,3.27952e-05,3.27965e-05,3.26284e-05,3.29599e-05,-0.0552284,3,1.69083,7.46242e-05,16,15,16,1,12,16
robustness,alternating,2,51,20,40,8000,1.68862,7.48566e-05,0.0001558,3.1883e-05,8.65075,9.18554,16.2008,0.0967267,0.0659934,1.68974,1.68974,1.6871,1.69237,7.46767e-05,7.46788e-05,7.45055e-05,7.48395e-05,0.000153614,0.000153566,0.000141976,0.000164963,3.19238e-05,3.19246e-05,3.18263e-05,3.20196e-05,-0.0898156,4,1.69083,7.46242e-05,16,15,16,1,12,16
robustness,alternating,2,52,1,20,8000,0.203444,3.17471e-05,0.000307864,3.17471e-05,4.27204,4.44486,4.44486,4.41843,0,0.201262,0.201215,0.197422,0.20529,3.19357e-05,3.19354e-05,3.1667e-05,3.2205e-05,0.000288522,0.000263718,0.000137833,0.000527405,3.19357e-05,3.19354e-05,3.1667e-05,3.2205e-05,-0.386455,18,0.201189,3.19292e-05,21,11,39,0.919267,12,18
robustness,alternating,2,52,2,40,8000,0.203444,3.17471e-05,0.000307864,3.06281e-05,8.22136,7.4128,0.358963,0.0477029,0.0323209,0.202445,0.202401,0.200362,0.204603,3.18816e-05,3.18837e-05,3.16317e-05,3.2125e-05,0.000307638,0.000303211,0.000193159,0.000435455,3.05234e-05,3.05226e-05,3.03927e-05,3.0659e-05,-0.0921088,5,0.201189,3.19292e-05,18,13,28,0.931942,12,18
robustness,alternating,2,52,3,20,8000,0.203444,3.17471e-05,0.000307864,2.81232e-05,3.78438,3.59656,0.55989,0.0237813,0.0368041,0.202229,0.202197,0.200363,0.204198,3.18941e-05,3.18965e-05,3.16554e-05,3.21313e-05,0.000313487,0.000312468,0.000250127,0.0003815,2.82216e-05,2.82218e-05,2.7977e-05,2.84719e-05,-0.154558,4,0.201189,3.19292e-05,17,15,22,0.927684,12,18
robustness,alternating,2,52,4,40,8000,0.203444,3.17471e-05,0.000307864,2.72555e-05,7.31605,5.96068,1.29479,0.0185878,0.0288565,0.202207,0.202194,0.200661,0.203787,3.18939e-05,3.18969e-05,3.16586e-05,3.2121e-05,0.000313984,0.000312958,0.000258226,0.000372511,2.72077e-05,2.72088e-05,2.70757e-05,2.73391e-05,-0.0892866,4,0.201189,3.19292e-05,17,15,21,0.954062,12,18
robustness,alternating,2,52,5,20,8000,0.203444,3.17471e-05,0.000307864,2.5657e-05,3.45252,2.98488,0.927734,0.0445749,0.0294375,0.202449,0.202439,0.200929,0.204,3.18753e-05,3.18761e-05,3.16374e-05,3.21051e-05,0.000295704,0.000295076,0.000251242,0.000342425,2.5663e-05,2.56599e-05,2.54378e-05,2.58894e-05,-0.152876,3,0.201189,3.19292e-05,19,16,22,0.953653,12,18
robustness,alternating,2,52,6,40,8000,0.203444,3.17471e-05,0.000307864,2.47778e-05,6.65098,4.90821,1.98307,0.0317109,0.0192598,0.203211,0.203216,0.201831,0.204559,3.18428e-05,3.18459e-05,3.15911e-05,3.20762e-05,0.000291913,0.000290925,0.000250503,0.000334831,2.49916e-05,2.4991e-05,2.48611e-05,2.51211e-05,-0.0512391,4,0.201189,3.19292e-05,19,17,22,0.940834,12,18
robustness,alternating,2,52,7,20,8000,0.203444,3.17471e-05,0.000307864,2.35622e-05,3.17064,2.54977,1.24024,0.00237772,0.0407565,0.203339,0.203357,0.20201,0.204632,3.1836e-05,3.18416e-05,3.15828e-05,3.20706e-05,0.000289331,0.000288441,0.000251995,0.000328935,2.36113e-05,2.36117e-05,2.3391e-05,2.38294e-05,-0.0836619,2,0.201189,3.19292e-05,19,17,22,0.963833,12,18
robustness,alternating,2,52,8,40,8000,0.203444,3.17471e-05,0.000307864,2.27437e-05,6.10497,4.14221,2.5482,0.0611897,0.0374125,0.203098,0.203102,0.201876,0.204292,3.18487e-05,3.18537e-05,3.1605e-05,3.2078e-05,0.000293446,0.00029239,0.000258262,0.000331137,2.28007e-05,2.28015e-05,2.26715e-05,2.29295e-05,-0.062328,4,0.201189,3.19292e-05,19,17,21,0.960697,12,18
robustness,alternating,2,52,9,20,8000,0.203444,3.17471e-05,0.000307864,2.18147e-05,2.93549,2.22267,1.50097,0.0335357,0.0490238,0.203149,0.203162,0.201959,0.204315,3.18397e-05,3.18445e-05,3.15953e-05,3.20668e-05,0.000287987,0.000287216,0.000255126,0.000323023,2.1752e-05,2.17531e-05,2.15371e-05,2.19673e-05,-0.0868103,2,0.201189,3.19292e-05,19,17,21,0.961852,12,18
robustness,alternating,2,52,10,40,8000,0.203444,3.17471e-05,0.000307864,2.13028e-05,5.7182,3.50324,2.94852,0.0276532,0.0208123,0.203317,0.203338,0.202156,0.204433,3.18289e-05,3.18339e-05,3.1581e-05,3.2061e-05,0.000285768,0.000285234,0.000253875,0.000320105,2.13113e-05,2.13115e-05,2.11813e-05,2.14408e-05,-0.0659975,4,0.201189,3.19292e-05,19,17,21,0.960595,12,18
robustness,alternating,2,52,11,20,8000,0.203444,3.17471e-05,0.000307864,1.99838e-05,2.68911,1.99034,1.77415,0.0444509,0.0319039,0.203487,0.2035,0.20234,0.204597,3.1829e-05,3.18325e-05,3.15919e-05,3.20594e-05,0.000294429,0.000293389,0.000263424,0.000328876,2.00112e-05,2.00119e-05,1.98034e-05,2.02199e-05,-0.0537634,3,0.201189,3.19292e-05,19,17,21,0.989485,12,18
robustness,alternating,2,52,12,40,8000,0.203444,3.17471e-05,0.000307864,1.94187e-05,5.21247,3.15127,3.47199,0.0335882,0.0200145,0.203974,0.203968,0.202924,0.205034,3.18203e-05,3.18239e-05,3.15735e-05,3.20558e-05,0.000296024,0.000295237,0.00026492,0.000329764,1.94779e-05,1.94784e-05,1.93487e-05,1.96044e-05,-0.0654163,4,0.201189,3.19292e-05,19,17,21,0.99498,12,18
robustness,alternating,2,52,13,20,8000,0.203444,3.17471e-05,0.000307864,1.851e-05,2.49078,1.7981,1.99406,0.012474,0.00174468,0.20402,0.204021,0.202984,0.205048,3.18185e-05,3.18207e-05,3.15752e-05,3.20522e-05,0.000296095,0.000295517,0.000265858,0.00032878,1.85754e-05,1.85754e-05,1.83709e-05,1.87802e-05,-0.0890121,2,0.201189,3.19292e-05,19,17,20,0.957766,12,18
robustness,alternating,2,52,14,40,8000,0.203444,3.17471e-05,0.000307864,1.81593e-05,4.8744,2.79324,3.82192,0.00558277,0.0202044,0.204121,0.20412,0.203126,0.205087,3.18172e-05,3.182e-05,3.15763e-05,3.20495e-05,0.000297453,0.00029708,0.000266944,0.00032945,1.80901e-05,1.80899e-05,1.79624e-05,1.82181e-05,-0.0483399,3,0.201189,3.19292e-05,19,17,20,0.98046,12,18
robustness,alternating,2,52,15,20,8000,0.203444,3.17471e-05,0.000307864,1.73616e-05,2.33625,1.6331,2.16541,0.00636001,0.00126647,0.204147,0.204153,0.203177,0.205111,3.18142e-05,3.18152e-05,3.15731e-05,3.20497e-05,0.000295628,0.000295055,0.000265657,0.000327072,1.73836e-05,1.73832e-05,1.71851e-05,1.75849e-05,-0.0756582,2,0.201189,3.19292e-05,19,17,20,0.980021,12,18
robustness,alternating,2,52,16,40,8000,0.203444,3.17471e-05,0.000307864,1.69696e-05,4.55507,2.5221,4.15245,0.0165559,0.00532746,0.204104,0.204111,0.203132,0.205059,3.18159e-05,3.18133e-05,3.1582e-05,3.20504e-05,0.000296166,0.000295656,0.000266992,0.000327067,1.69928e-05,1.69942e-05,1.68664e-05,1.71167e-05,-0.0560513,2,0.201189,3.19292e-05,19,18,19,0.937457,12,18
robustness,alternating,2,52,17,20,8000,0.203444,3.17471e-05,0.000307864,1.62266e-05,2.18352,1.50278,2.33476,0.0140796,0.00566772,0.203992,0.204002,0.203021,0.204937,3.18183e-05,3.1816e-05,3.15865e-05,3.20488e-05,0.000296359,0.000296001,0.000267685,0.000327504,1.62985e-05,1.62992e-05,1.61054e-05,1.64881e-05,-0.0618372,2,0.201189,3.19292e-05,19,18,19,0.977546,12,18
robustness,alternating,2,52,18,40,8000,0.203444,3.17471e-05,0.000307864,1.58063e-05,4.24281,2.32381,4.47568,0.0500441,0.0262419,0.20401,0.204013,0.20307,0.20494,3.18219e-05,3.18223e-05,3.15893e-05,3.20549e-05,0.000298719,0.000297997,0.000270222,0.000329963,1.58492e-05,1.5849e-05,1.57227e-05,1.59743e-05,-0.0528033,3,0.201189,3.19292e-05,18,18,19,0.99761,12,18
robustness,alternating,2,52,19,20,8000,0.203444,3.17471e-05,0.000307864,1.50862e-05,2.03006,1.39984,2.50492,0.0255382,0.0160487,0.203937,0.203938,0.203002,0.204846,3.18206e-05,3.18229e-05,3.15898e-05,3.20481e-05,0.000296412,0.000296031,0.000268878,0.000326063,1.53326e-05,1.53336e-05,1.51447e-05,1.55194e-05,-0.0338921,2,0.201189,3.19292e-05,18,18,19,0.998333,12,18
robustness,alternating,2,52,20,40,8000,0.203444,3.17471e-05,0.000307864,1.46458e-05,3.9313,2.18696,4.79812,0.1142,0.0440412,0.204165,0.204166,0.203228,0.205091,3.18179e-05,3.18151e-05,3.15809e-05,3.20487e-05,0.000304322,0.000303657,0.000274972,0.000334761,1.45951e-05,1.45967e-05,1.44583e-05,1.47207e-05,-0.0557838,6,0.201189,3.19292e-05,18,18,19,0.999798,12,18
robustness,alternating,2,53,1,20,8000,0.0508977,6.60853e-05,0.000194473,6.60853e-05,8.85254,0.853338,0.853338,3.54225,0,0.0508017,0.0507988,0.0496401,0.0519563,6.59833e-05,6.59807e-05,6.5713e-05,6.6254e-05,0.000264677,0.000246716,0.000146475,0.000436816,6.59833e-05,6.59807e-05,6.5713e-05,6.6254e-05,-0.0140816,15,0.0508761,6.59888e-05,11,7,19,0.945479,12,14
robustness,alternating,2,53,2,40,8000,0.0508977,6.60853e-05,0.000194473,6.23661e-05,16.6922,1.61409,0.990809,0.242877,0.0977265,0.0512583,0.0512627,0.0506278,0.0518876,6.59826e-05,6.59795e-05,6.57107e-05,6.62695e-05,0.000218853,0.000218674,0.000165427,0.000273953,6.22617e-05,6.22621e-05,6.21234e-05,6.23969e-05,-0.10093,7,0.0508761,6.59888e-05,13,10,17,0.969637,12,14
robustness,alternating,2,53,3,20,8000,0.0508977,6.60853e-05,0.000194473,5.59914e-05,7.50039,0.79047,1.37434,0.0361345,0.0713465,0.0511186,0.0511164,0.0505626,0.0516761,6.59633e-05,6.59626e-05,6.56987e-05,6.62363e-05,0.000210877,0.000210825,0.000182749,0.000239255,5.60645e-05,5.6066e-05,5.57928e-05,5.63343e-05,0.00625068,5,0.0508761,6.59888e-05,13,11,15,0.983562,12,14
robustness,alternating,2,53,4,40,8000,0.0508977,6.60853e-05,0.000194473,5.34111e-05,14.2954,1.52361,3.4403,0.0135233,0.0430521,0.051135,0.0511302,0.0506573,0.051624,6.59654e-05,6.5966e-05,6.56895e-05,6.62339e-05,0.000211909,0.000211477,0.000186152,0.000238704,5.33019e-05,5.33034e-05,5.31661e-05,5.34372e-05,-0.08465,4,0.0508761,6.59888e-05,13,12,15,0.94629,12,14
robustness,alternating,2,53,5,20,8000,0.0508977,6.60853e-05,0.000194473,4.92973e-05,6.60367,0.820399,2.2946,0.0914511,0.0290084,0.0512419,0.0512436,0.0508056,0.0516774,6.59586e-05,6.59567e-05,6.57037e-05,6.6223e-05,0.000204053,0.000204185,0.000182645,0.000225524,4.91648e-05,4.91611e-05,4.89066e-05,4.94257e-05,-0.0353997,4,0.0508761,6.59888e-05,13,12,15,0.988385,12,14
robustness,alternating,2,53,6,40,8000,0.0508977,6.60853e-05,0.000194473,4.72353e-05,12.6424,1.55679,5.1296,0.0165494,0.0489232,0.0513784,0.0513756,0.0509663,0.0518102,6.59688e-05,6.59646e-05,6.57052e-05,6.62356e-05,0.000204765,0.000204641,0.000184683,0.000225,4.71481e-05,4.71482e-05,4.70127e-05,4.72852e-05,-0.0560881,5,0.0508761,6.59888e-05,13,13,15,0.951288,12,14
robustness,alternating,2,53,7,20,8000,0.0508977,6.60853e-05,0.000194473,4.35877e-05,5.83884,0.753244,3.07949,0.011357,0.0341851,0.0514333,0.0514299,0.0510267,0.0518544,6.59737e-05,6.59685e-05,6.57168e-05,6.62364e-05,0.000204341,0.000204233,0.000185893,0.000223238,4.36206e-05,4.36208e-05,4.33586e-05,4.38796e-05,-0.0201008,3,0.0508761,6.59888e-05,13,13,15,0.976506,12,14
robustness,alternating,2,53,8,40,8000,0.0508977,6.60853e-05,0.000194473,4.24103e-05,11.3511,1.55283,6.44938,0.0919429,0.0815379,0.0514639,0.0514599,0.0510793,0.0518585,6.59734e-05,6.59735e-05,6.57254e-05,6.62265e-05,0.000203011,0.000202694,0.000185925,0.000221325,4.2286e-05,4.22855e-05,4.21504e-05,4.2425e-05,-0.0278452,4,0.0508761,6.59888e-05,13,13,15,0.990908,12,14
robustness,alternating,2,53,9,20,8000,0.0508977,6.60853e-05,0.000194473,3.97023e-05,5.31836,0.779684,3.61363,0.0388059,0.00581023,0.0515322,0.0515315,0.0511563,0.0519019,6.59739e-05,6.59744e-05,6.57288e-05,6.62215e-05,0.000202042,0.000201772,0.000185948,0.000218887,3.95579e-05,3.95605e-05,3.93024e-05,3.98132e-05,-0.0156164,3,0.0508761,6.59888e-05,13,13,15,0.9979,12,14
robustness,alternating,2,53,10,40,8000,0.0508977,6.60853e-05,0.000194473,3.83116e-05,10.254,1.47094,7.57052,0.0202075,0.0450399,0.0515503,0.0515507,0.0511958,0.0518958,6.59716e-05,6.59703e-05,6.57295e-05,6.62188e-05,0.000201687,0.000201522,0.000185816,0.0002186,3.8373e-05,3.83727e-05,3.82409e-05,3.85067e-05,-0.0325239,4,0.0508761,6.59888e-05,14,13,15,0.99942,12,14
robustness,alternating,2,53,11,20,8000,0.0508977,6.60853e-05,0.000194473,3.63407e-05,4.86806,0.768656,4.07574,0.0436075,0.0385943,0.0515356,0.051534,0.0511967,0.0518749,6.59706e-05,6.59714e-05,6.57279e-05,6.62154e-05,0.00019864,0.000198365,0.00018362,0.000214326,3.64317e-05,3.64318e-05,3.618e-05,3.66855e-05,0.00549267,3,0.0508761,6.59888e-05,14,13,15,0.999273,12,14
robustness,alternating,2,53,12,40,8000,0.0508977,6.60853e-05,0.000194473,3.54809e-05,9.4964,1.53821,8.3448,0.032993,0.0461526,0.0515113,0.0515109,0.0511774,0.0518363,6.597e-05,6.59724e-05,6.57294e-05,6.62037e-05,0.000197686,0.00019749,0.00018297,0.0002126,3.56204e-05,3.56211e-05,3.54867e-05,3.57527e-05,-0.0319359,4,0.0508761,6.59888e-05,14,14,15,0.95914,12,14
robustness,alternating,2,53,13,20,8000,0.0508977,6.60853e-05,0.000194473,3.35026e-05,4.48787,0.74938,4.46591,0.0222435,0.00589378,0.0514596,0.0514594,0.0511353,0.0517825,6.59694e-05,6.5971e-05,6.57271e-05,6.62062e-05,0.00019859,0.000198406,0.000184523,0.000213026,3.35024e-05,3.35042e-05,3.32589e-05,3.3746e-05,-0.0134776,3,0.0508761,6.59888e-05,14,14,15,0.998976,12,14
robustness,alternating,2,53,14,40,8000,0.0508977,6.60853e-05,0.000194473,3.27102e-05,8.75484,1.47679,9.10266,0.0309087,0.0226582,0.0514104,0.0514111,0.0511025,0.0517271,6.59722e-05,6.59739e-05,6.57202e-05,6.62172e-05,0.00019838,0.000198211,0.000184459,0.000212971,3.27802e-05,3.27787e-05,3.26489e-05,3.29161e-05,-0.0340323,4,0.0508761,6.59888e-05,14,14,14,0.967814,12,14
robustness,alternating,2,53,15,20,8000,0.0508977,6.60853e-05,0.000194473,3.13612e-05,4.20103,0.765278,4.76028,0.0381455,0.0411783,0.0513782,0.0513763,0.0510839,0.0516909,6.59674e-05,6.59684e-05,6.57266e-05,6.62025e-05,0.000195953,0.000195871,0.000182786,0.000209612,3.15272e-05,3.15296e-05,3.12803e-05,3.17712e-05,-0.0292139,4,0.0508761,6.59888e-05,14,14,15,1,12,14
robustness,alternating,2,53,16,40,8000,0.0508977,6.60853e-05,0.000194473,2.99915e-05,8.02719,1.31923,9.84632,0.209118,0.164714,0.0513411,0.0513369,0.0510531,0.0516466,6.59704e-05,6.59676e-05,6.57226e-05,6.62092e-05,0.000198603,0.00019843,0.000185048,0.000213671,3.00511e-05,3.00526e-05,2.99155e-05,3.01816e-05,-0.0585563,6,0.0508761,6.59888e-05,14,14,14,0.959922,12,14
robustness,alternating,2,53,17,20,8000,0.0508977,6.60853e-05,0.000194473,2.89611e-05,3.87952,0.699275,5.09022,0.0455103,0.0492779,0.0513378,0.0513359,0.0510443,0.0516426,6.59645e-05,6.59643e-05,6.57138e-05,6.62038e-05,0.000196342,0.000196096,0.000183606,0.000210089,2.90518e-05,2.90513e-05,2.8816e-05,2.92892e-05,0.00985287,4,0.0508761,6.59888e-05,14,14,14,0.956278,12,14
robustness,alternating,2,53,18,40,8000,0.0508977,6.60853e-05,0.000194473,2.84341e-05,7.61033,1.39271,10.2723,0.0159623,0.0350327,0.0512972,0.0512905,0.0510219,0.0515889,6.5963e-05,6.59623e-05,6.57038e-05,6.62155e-05,0.000195737,0.000195645,0.000183271,0.000209054,2.85856e-05,2.85859e-05,2.84501e-05,2.87191e-05,-0.0210003,4,0.0508761,6.59888e-05,14,14,15,1,12,14
robustness,alternating,2,53,19,20,8000,0.0508977,6.60853e-05,0.000194473,2.74705e-05,3.67984,0.721071,5.29514,0.0221024,0.0393563,0.0513028,0.0512967,0.051021,0.0515944,6.59596e-05,6.59595e-05,6.57022e-05,6.62092e-05,0.000194475,0.000194349,0.000182373,0.000207181,2.75747e-05,2.75754e-05,2.7338e-05,2.78127e-05,-0.0140496,3,0.0508761,6.59888e-05,14,14,15,1,12,14
robustness,alternating,2,53,20,40,8000,0.0508977,6.60853e-05,0.000194473,2.68423e-05,7.1843,1.38876,10.7077,0.0400924,0.0105021,0.0513236,0.0513206,0.0510505,0.0516158,6.59566e-05,6.5957e-05,6.57013e-05,6.62044e-05,0.000194582,0.000194417,0.000182446,0.000207259,2.69335e-05,2.69329e-05,2.68019e-05,2.70675e-05,-0.0376883,3,0.0508761,6.59888e-05,14,14,15,1,12,14
robustness,alternating,2,54,1,20,8000,0.458467,7.80247e-05,0.000173308,7.80247e-05,10.5428,8.5698,8.5698,5.66768,0,0.458851,0.458817,0.45526,0.462577,7.81578e-05,7.81592e-05,7.79136e-05,7.84023e-05,0.000275249,0.000259124,0.000152662,0.000460793,7.81578e-05,7.81592e-05,7.79136e-05,7.84023e-05,-0.457109,18,0.458901,7.81603e-05,9,6,15,0.919701,12,13
robustness,alternating,2,54,2,40,8000,0.458467,7.80247e-05,0.000173308,7.27373e-05,19.5861,11.4979,1.65128,0.326976,0.340128,0.4594,0.459392,0.457487,0.461294,7.81436e-05,7.81418e-05,7.79187e-05,7.8379e-05,0.00023104,0.000230589,0.000184678,0.000278606,7.26531e-05,7.26536e-05,7.25194e-05,7.27849e-05,-0.348305,7,0.458901,7.81603e-05,11,9,13,0.979105,12,13
robustness,alternating,2,54,3,20,8000,0.458467,7.80247e-05,0.000173308,6.66926e-05,9.01155,7.35934,1.95908,0.555493,0.176299,0.459124,0.459083,0.457562,0.460877,7.81282e-05,7.8129e-05,7.79184e-05,7.83327e-05,0.000172393,0.000172542,0.000152084,0.000192179,6.67033e-05,6.67031e-05,6.64833e-05,6.6926e-05,-0.192085,10,0.458901,7.81603e-05,13,12,15,0.958785,12,13
robustness,alternating,2,54,4,40,8000,0.458467,7.80247e-05,0.000173308,6.37095e-05,17.1551,10.2258,4.39443,0.0139053,0.0225651,0.459348,0.45932,0.457966,0.46082,7.81199e-05,7.8121e-05,7.79126e-05,7.83196e-05,0.000171505,0.000171255,0.000152701,0.000190282,6.37476e-05,6.37469e-05,6.36222e-05,6.38747e-05,-0.244561,5,0.458901,7.81603e-05,13,12,15,0.975121,12,13
robustness,alternating,2,54,5,20,8000,0.458467,7.80247e-05,0.000173308,5.79747e-05,7.83358,6.4108,3.44676,0.0647291,0.0462144,0.459351,0.459342,0.457985,0.460743,7.81231e-05,7.81249e-05,7.7919e-05,7.83215e-05,0.000173047,0.00017274,0.00015727,0.000188894,5.81407e-05,5.81428e-05,5.79255e-05,5.83531e-05,-0.148045,4,0.458901,7.81603e-05,13,12,15,0.993619,12,13
robustness,alternating,2,54,6,40,8000,0.458467,7.80247e-05,0.000173308,5.52967e-05,14.8898,8.87397,6.95072,0.159921,0.109586,0.458825,0.458786,0.457675,0.460052,7.8132e-05,7.81319e-05,7.79369e-05,7.8333e-05,0.000175104,0.000175057,0.000160081,0.000190206,5.5353e-05,5.53532e-05,5.52301e-05,5.54753e-05,-0.216531,5,0.458901,7.81603e-05,13,12,15,0.997408,12,13
robustness,alternating,2,54,7,20,8000,0.458467,7.80247e-05,0.000173308,5.05655e-05,6.83244,5.57968,4.71112,0.102174,0.100838,0.458779,0.458758,0.457692,0.459923,7.81304e-05,7.81309e-05,7.79275e-05,7.83281e-05,0.000178774,0.000178674,0.000165551,0.000192249,5.05863e-05,5.05855e-05,5.03734e-05,5.08006e-05,-0.092608,5,0.458901,7.81603e-05,13,12,14,0.983503,12,13
robustness,alternating,2,54,8,40,8000,0.458467,7.80247e-05,0.000173308,4.87384e-05,13.1238,7.81011,8.94351,0.0104634,0.0181173,0.458855,0.458845,0.457801,0.459939,7.81278e-05,7.81291e-05,7.79272e-05,7.83287e-05,0.000178989,0.000178683,0.000166311,0.000192547,4.86238e-05,4.86246e-05,4.8502e-05,4.87453e-05,-0.133399,4,0.458901,7.81603e-05,13,12,14,0.993493,12,13
robustness,alternating,2,54,9,20,8000,0.458467,7.80247e-05,0.000173308,4.53906e-05,6.13322,5.01557,5.59418,0.0136678,0.0198963,0.4588,0.458793,0.457743,0.459865,7.81286e-05,7.81311e-05,7.79286e-05,7.83265e-05,0.000179455,0.000179132,0.000167328,0.000192327,4.52236e-05,4.52224e-05,4.50191e-05,4.54301e-05,-0.0876103,3,0.458901,7.81603e-05,13,12,13,0.970173,12,13
robustness,alternating,2,54,10,40,8000,0.458467,7.80247e-05,0.000173308,4.38215e-05,11.7999,7.03169,10.4375,0.0154824,0.0432549,0.45867,0.458658,0.457673,0.459715,7.81322e-05,7.81346e-05,7.79321e-05,7.83273e-05,0.000179356,0.000179116,0.000167124,0.000192246,4.38527e-05,4.38537e-05,4.37298e-05,4.39732e-05,-0.153659,5,0.458901,7.81603e-05,13,12,13,0.980187,12,13
robustness,alternating,2,54,11,20,8000,0.458467,7.80247e-05,0.000173308,4.07335e-05,5.50394,4.49323,6.3889,0.0709401,0.0796828,0.458762,0.458749,0.457757,0.45981,7.81289e-05,7.81302e-05,7.79287e-05,7.83282e-05,0.000181004,0.000180749,0.000168953,0.000193719,4.07426e-05,4.07422e-05,4.05354e-05,4.09557e-05,-0.0511754,4,0.458901,7.81603e-05,13,12,13,0.999103,12,13
robustness,alternating,2,54,12,40,8000,0.458467,7.80247e-05,0.000173308,3.97603e-05,10.7063,6.38271,11.6716,0.0659693,0.053977,0.45867,0.458659,0.457665,0.459722,7.81285e-05,7.81281e-05,7.79296e-05,7.83265e-05,0.000180712,0.00018054,0.000168639,0.000193529,3.9738e-05,3.97391e-05,3.96146e-05,3.986e-05,-0.103437,4,0.458901,7.81603e-05,13,13,13,1,12,13
robustness,alternating,2,54,13,20,8000,0.458467,7.80247e-05,0.000173308,3.83178e-05,5.17753,4.26073,6.80114,0.142261,0.123107,0.458834,0.458815,0.457844,0.459859,7.81201e-05,7.81202e-05,7.79203e-05,7.8324e-05,0.000177238,0.000176831,0.000166039,0.00019012,3.82244e-05,3.82251e-05,3.80186e-05,3.84293e-05,-0.0291815,6,0.458901,7.81603e-05,13,13,13,1,12,13
robustness,alternating,2,54,14,40,8000,0.458467,7.80247e-05,0.000173308,3.66231e-05,9.86155,5.89857,12.6248,0.172868,0.205227,0.458757,0.458725,0.457848,0.459739,7.81255e-05,7.81261e-05,7.79305e-05,7.83252e-05,0.000178849,0.000178662,0.000167791,0.00019105,3.66475e-05,3.66475e-05,3.65265e-05,3.67688e-05,-0.0849867,5,0.458901,7.81603e-05,13,13,13,1,12,13
robustness,alternating,2,54,15,20,8000,0.458467,7.80247e-05,0.000173308,3.4815e-05,4.70423,3.85908,7.39888,0.0108762,0.005419,0.45879,0.458768,0.457886,0.459778,7.81233e-05,7.81233e-05,7.79265e-05,7.83183e-05,0.000179061,0.000178823,0.000168024,0.000190913,3.46634e-05,3.46616e-05,3.44598e-05,3.48698e-05,-0.0310973,3,0.458901,7.81603e-05,13,13,13,1,12,13
robustness,alternating,2,54,16,40,8000,0.458467,7.80247e-05,0.000173308,3.34357e-05,9.00326,5.36136,13.5933,0.112992,0.163113,0.458553,0.458527,0.457673,0.459505,7.81331e-05,7.81331e-05,7.79367e-05,7.83278e-05,0.000180348,0.000180145,0.000169483,0.000191919,3.34039e-05,3.34036e-05,3.32857e-05,3.35226e-05,-0.0948944,5,0.458901,7.81603e-05,13,13,13,1,12,13
robustness,alternating,2,54,17,20,8000,0.458467,7.80247e-05,0.000173308,3.2086e-05,4.33548,3.55261,7.86458,0.0465025,0.0319571,0.458611,0.458595,0.457695,0.459595,7.81367e-05,7.81337e-05,7.79458e-05,7.83362e-05,0.00017896,0.000178794,0.000168153,0.0001902,3.2237e-05,3.22344e-05,3.20316e-05,3.24465e-05,-0.0339165,4,0.458901,7.81603e-05,13,13,13,1,12,13
robustness,alternating,2,54,18,40,8000,0.458467,7.80247e-05,0.000173308,3.21243e-05,8.65015,5.23962,13.9918,0.191475,0.229298,0.458547,0.458527,0.45766,0.4595,7.81433e-05,7.81428e-05,7.79367e-05,7.83492e-05,0.000177534,0.000177375,0.000166872,0.000188402,3.20847e-05,3.20838e-05,3.19657e-05,3.22052e-05,-0.0805362,6,0.458901,7.81603e-05,13,13,13,1,12,13
robustness,alternating,2,54,19,20,8000,0.458467,7.80247e-05,0.000173308,3.05488e-05,4.12778,3.4027,8.12689,0.0157138,0.026524,0.458501,0.458483,0.45761,0.459436,7.8145e-05,7.81452e-05,7.79396e-05,7.83476e-05,0.00017827,0.000178209,0.000167533,0.000189266,3.04709e-05,3.04725e-05,3.02651e-05,3.0671e-05,-0.0387667,3,0.458901,7.81603e-05,13,13,13,1,12,13
robustness,alternating,2,54,20,40,8000,0.458467,7.80247e-05,0.000173308,2.95043e-05,7.94466,4.77699,14.7879,0.0934641,0.119988,0.458569,0.458561,0.457684,0.459499,7.81412e-05,7.81425e-05,7.79332e-05,7.83413e-05,0.000178807,0.000178766,0.000167903,0.000190188,2.94704e-05,2.94717e-05,2.93497e-05,2.95886e-05,-0.100027,4,0.458901,7.81603e-05,13,13,13,1,12,13
robustness,alternating,2,55,1,20,8000,0.230568,6.21485e-05,0.00027544,6.21485e-05,8.36762,4.38169,4.38169,2.00865,0,0.230429,0.23041,0.227951,0.232943,6.22356e-05,6.22351e-05,6.19692e-05,6.25052e-05,0.000280261,0.000259923,0.000144419,0.000486752,6.22356e-05,6.22351e-05,6.19692e-05,6.25052e-05,-0.383833,16,0.230431,6.22379e-05,11,7,20,0.924356,12,11
robustness,alternating,2,55,2,40,8000,0.230568,6.21485e-05,0.00027544,5.81556e-05,15.6169,4.25919,1.14129,0.0436879,0.0504089,0.229868,0.229861,0.228747,0.231018,6.22528e-05,6.22555e-05,6.20009e-05,6.25013e-05,0.000265341,0.000263843,0.000202236,0.000334117,5.81635e-05,5.81633e-05,5.80274e-05,5.82995e-05,-0.17567,7,0.230431,6.22379e-05,11,9,14,0.948501,12,11
robustness,alternating,2,55,3,20,8000,0.230568,6.21485e-05,0.00027544,5.08516e-05,6.84662,3.58441,1.73058,0.0687654,0.0317728,0.229769,0.229772,0.228698,0.230838,6.2261e-05,6.22637e-05,6.20142e-05,6.24941e-05,0.000271675,0.000271381,0.000240359,0.000304604,5.10774e-05,5.10781e-05,5.08325e-05,5.1323e-05,-0.147493,5,0.230431,6.22379e-05,11,10,12,0.941812,12,11
robustness,alternating,2,55,4,40,8000,0.230568,6.21485e-05,0.00027544,4.81016e-05,12.917,3.51896,3.95372,0.051365,0.0171792,0.229989,0.229976,0.229099,0.230875,6.22507e-05,6.22545e-05,6.2014e-05,6.24777e-05,0.000274232,0.000274044,0.000245042,0.000303987,4.81267e-05,4.81281e-05,4.79921e-05,4.82585e-05,-0.111764,4,0.230431,6.22379e-05,11,10,12,0.969319,12,11
robustness,alternating,2,55,5,20,8000,0.230568,6.21485e-05,0.00027544,4.21123e-05,5.66997,2.98219,3.05952,0.16879,0.16447,0.23015,0.230153,0.229361,0.23093,6.22628e-05,6.22615e-05,6.20192e-05,6.24993e-05,0.000297019,0.000297023,0.000270494,0.00032267,4.21214e-05,4.21212e-05,4.18834e-05,4.23627e-05,-0.109435,7,0.230431,6.22379e-05,10,9,11,0.999043,12,11
robustness,alternating,2,55,6,40,8000,0.230568,6.21485e-05,0.00027544,4.03043e-05,10.8232,2.98763,6.1349,0.0759931,0.0361988,0.230329,0.230333,0.229606,0.231027,6.2257e-05,6.22565e-05,6.20152e-05,6.24987e-05,0.000294562,0.000294656,0.000268973,0.000319183,4.02831e-05,4.02825e-05,4.01521e-05,4.04136e-05,-0.0818412,4,0.230431,6.22379e-05,10,10,11,0.956033,12,11
robustness,alternating,2,55,7,20,8000,0.230568,6.21485e-05,0.00027544,3.70845e-05,4.99302,2.62547,3.82408,0.0763382,0.0388458,0.230433,0.230434,0.229681,0.231177,6.22397e-05,6.22386e-05,6.19947e-05,6.24839e-05,0.000287614,0.00028739,0.000264568,0.00031149,3.70335e-05,3.70322e-05,3.68019e-05,3.72709e-05,-0.0604345,4,0.230431,6.22379e-05,11,10,11,0.996638,12,11
robustness,alternating,2,55,8,40,8000,0.230568,6.21485e-05,0.00027544,3.56505e-05,9.57345,2.64191,7.43672,0.0501254,0.0203291,0.230499,0.230502,0.229769,0.231213,6.22357e-05,6.22376e-05,6.19895e-05,6.24832e-05,0.000285038,0.000284467,0.000263157,0.000308296,3.56879e-05,3.56868e-05,3.55602e-05,3.58193e-05,-0.0546521,4,0.230431,6.22379e-05,11,10,11,0.999332,12,11
robustness,alternating,2,55,9,20,8000,0.230568,6.21485e-05,0.00027544,3.29098e-05,4.43095,2.33278,4.4589,0.00878944,0.00116025,0.2306,0.23061,0.229886,0.231303,6.22237e-05,6.2225e-05,6.19719e-05,6.24766e-05,0.000282028,0.000281504,0.000261803,0.000303911,3.3048e-05,3.30486e-05,3.28226e-05,3.32768e-05,-0.0470196,3,0.230431,6.22379e-05,11,11,11,0.972317,12,11
robustness,alternating,2,55,10,40,8000,0.230568,6.21485e-05,0.00027544,3.20771e-05,8.61388,2.37204,8.4363,0.0704901,0.09976,0.23041,0.230409,0.229725,0.231095,6.22292e-05,6.22319e-05,6.19755e-05,6.24765e-05,0.000280858,0.000280194,0.000260971,0.000302231,3.20744e-05,3.20746e-05,3.19444e-05,3.22052e-05,-0.0553047,4,0.230431,6.22379e-05,11,11,11,0.999974,12,11
robustness,alternating,2,55,11,20,8000,0.230568,6.21485e-05,0.00027544,2.97665e-05,4.00774,2.10948,4.93688,0.00630048,0.0135689,0.230316,0.230312,0.229642,0.231,6.22306e-05,6.22333e-05,6.19778e-05,6.24834e-05,0.000280142,0.000279598,0.000261038,0.000300291,2.98789e-05,2.98795e-05,2.96545e-05,3.01009e-05,-0.0536845,3,0.230431,6.22379e-05,11,11,11,1,12,11
robustness,alternating,2,55,12,40,8000,0.230568,6.21485e-05,0.00027544,2.86265e-05,7.68727,2.1395,9.40155,0.0715423,0.0462527,0.230481,0.230479,0.229842,0.231137,6.22237e-05,6.22266e-05,6.19669e-05,6.24746e-05,0.0002818,0.000281437,0.000263056,0.000301408,2.85934e-05,2.85927e-05,2.84659e-05,2.87242e-05,-0.0264386,4,0.230431,6.22379e-05,11,11,11,1,12,11
robustness,alternating,2,55,13,20,8000,0.230568,6.21485e-05,0.00027544,2.6999e-05,3.63512,1.91577,5.35773,0.0337292,0.0225632,0.2305,0.230494,0.229854,0.231148,6.22224e-05,6.22256e-05,6.19671e-05,6.24757e-05,0.000280413,0.000280118,0.000262497,0.000299551,2.68938e-05,2.68946e-05,2.66767e-05,2.71135e-05,-0.0370788,2,0.230431,6.22379e-05,11,11,11,1,12,11
robustness,alternating,2,55,14,40,8000,0.230568,6.21485e-05,0.00027544,2.60043e-05,6.9831,1.95483,10.1351,0.0237504,0.0536068,0.230546,0.230545,0.229921,0.231173,6.22223e-05,6.22237e-05,6.19695e-05,6.2473e-05,0.000280867,0.000280573,0.000262796,0.000299401,2.6023e-05,2.60217e-05,2.5893e-05,2.61514e-05,-0.0435007,4,0.230431,6.22379e-05,11,11,11,1,12,11
robustness,alternating,2,55,15,20,8000,0.230568,6.21485e-05,0.00027544,2.45012e-05,3.29882,1.74451,5.73756,0.00298436,0.00507719,0.230584,0.230582,0.22997,0.231211,6.22181e-05,6.22194e-05,6.19669e-05,6.24685e-05,0.000280411,0.000279948,0.000263243,0.000298429,2.45622e-05,2.45607e-05,2.43479e-05,2.47778e-05,-0.0270519,2,0.230431,6.22379e-05,11,11,11,1,12,11
robustness,alternating,2,55,16,40,8000,0.230568,6.21485e-05,0.00027544,2.36442e-05,6.34933,1.80101,10.7953,0.06814,0.0544633,0.230605,0.230606,0.230009,0.231214,6.22204e-05,6.2224e-05,6.19711e-05,6.2471e-05,0.000281931,0.000281948,0.000264639,0.00029929,2.36137e-05,2.3613e-05,2.34874e-05,2.37419e-05,-0.0324277,4,0.230431,6.22379e-05,11,11,11,1,12,11
robustness,alternating,2,55,17,20,8000,0.230568,6.21485e-05,0.00027544,2.21572e-05,2.98323,1.59012,6.09399,0.0321465,0.0408605,0.230569,0.23057,0.229971,0.231162,6.22282e-05,6.22312e-05,6.1983e-05,6.24687e-05,0.000284556,0.000284632,0.000267416,0.00030155,2.20639e-05,2.20639e-05,2.1858e-05,2.2269e-05,-0.0246788,3,0.230431,6.22379e-05,11,11,11,1,12,11
robustness,alternating,2,55,18,40,8000,0.230568,6.21485e-05,0.00027544,2.17207e-05,5.8328,1.67236,11.3333,0.0587293,0.0295923,0.230619,0.230614,0.230014,0.231224,6.22343e-05,6.22333e-05,6.1993e-05,6.2481e-05,0.00028274,0.000282672,0.000266141,0.00029939,2.18848e-05,2.18862e-05,2.17562e-05,2.20092e-05,-0.00906296,5,0.230431,6.22379e-05,11,11,11,1,12,11
robustness,alternating,2,55,19,20,8000,0.230568,6.21485e-05,0.00027544,2.0904e-05,2.81449,1.49291,6.28456,0.0138277,0.0324767,0.230647,0.230645,0.230048,0.231245,6.22331e-05,6.22335e-05,6.19877e-05,6.24777e-05,0.000282531,0.00028252,0.000266025,0.000299145,2.08301e-05,2.083e-05,2.06265e-05,2.1038e-05,-0.0161448,2,0.230431,6.22379e-05,11,11,11,1,12,11
robustness,alternating,2,55,20,40,8000,0.230568,6.21485e-05,0.00027544,2.05083e-05,5.50722,1.55708,11.6725,0.0471845,0.024434,0.230724,0.230729,0.230132,0.231291,6.22281e-05,6.22281e-05,6.19836e-05,6.24772e-05,0.000280546,0.000280466,0.000264474,0.000296669,2.06085e-05,2.06091e-05,2.04836e-05,2.07338e-05,-0.0206557,4,0.230431,6.22379e-05,11,11,11,1,12,11
robustness,alternating,2,56,1,20,8000,0.64706,6.61169e-05,0.000251971,6.61169e-05,8.95339,8.16097,8.16097,4.99088,0,0.640595,0.640552,0.63367,0.647623,6.62517e-05,6.62525e-05,6.60095e-05,6.64898e-05,0.000253321,0.000241869,0.000129956,0.000419348,6.62517e-05,6.62525e-05,6.60095e-05,6.64898e-05,-0.487806,17,0.640573,6.62558e-05,11,7,21,0.950313,12,11
robustness,alternating,2,56,2,40,8000,0.64706,6.61169e-05,0.000251971,6.18701e-05,16.6876,11.6249,1.37557,0.075254,0.0247946,0.64488,0.64487,0.641789,0.648012,6.61704e-05,6.61708e-05,6.59436e-05,6.63861e-05,0.00024852,0.000246499,0.00019342,0.000309109,6.18177e-05,6.18192e-05,6.16886e-05,6.19451e-05,-0.471676,7,0.640573,6.62558e-05,11,9,14,0.957498,12,11
robustness,alternating,2,56,3,20,8000,0.64706,6.61169e-05,0.000251971,5.38378e-05,7.29059,6.63437,2.23488,0.127708,0.122583,0.645116,0.645103,0.642112,0.648142,6.61753e-05,6.61762e-05,6.59647e-05,6.63837e-05,0.000271036,0.000270466,0.00024231,0.000301808,5.37387e-05,5.37375e-05,5.35298e-05,5.39485e-05,-0.214653,6,0.640573,6.62558e-05,11,9,11,0.964178,12,11
robustness,alternating,2,56,4,40,8000,0.64706,6.61169e-05,0.000251971,5.08211e-05,13.7075,9.53174,4.93313,0.0622851,0.0424949,0.646022,0.64599,0.643579,0.648485,6.61568e-05,6.61578e-05,6.59477e-05,6.63578e-05,0.000268931,0.000268783,0.000242623,0.000296757,5.0865e-05,5.08656e-05,5.0745e-05,5.09845e-05,-0.319929,5,0.640573,6.62558e-05,11,10,11,0.92772,12,11
robustness,alternating,2,56,5,20,8000,0.64706,6.61169e-05,0.000251971,4.61436e-05,6.24866,5.68497,3.63111,0.115481,0.0619984,0.646179,0.646178,0.643755,0.648602,6.61479e-05,6.61478e-05,6.59429e-05,6.63502e-05,0.000258781,0.000258409,0.000237843,0.000280819,4.61481e-05,4.61501e-05,4.59444e-05,4.63474e-05,-0.14273,5,0.640573,6.62558e-05,11,10,12,0.993541,12,11
robustness,alternating,2,56,6,40,8000,0.64706,6.61169e-05,0.000251971,4.42398e-05,11.9324,8.29809,7.05293,0.0909419,0.0720335,0.647032,0.647028,0.64489,0.649198,6.61324e-05,6.61332e-05,6.59268e-05,6.63383e-05,0.000256538,0.000255869,0.000237075,0.000277609,4.43047e-05,4.43062e-05,4.4186e-05,4.44208e-05,-0.220971,5,0.640573,6.62558e-05,11,11,12,0.962675,12,11
robustness,alternating,2,56,7,20,8000,0.64706,6.61169e-05,0.000251971,4.05226e-05,5.48747,4.99221,4.65117,0.0219957,0.0202188,0.647325,0.647314,0.645205,0.649504,6.61256e-05,6.61272e-05,6.59228e-05,6.63287e-05,0.000255013,0.000254506,0.000236844,0.000274394,4.05235e-05,4.05228e-05,4.0325e-05,4.07228e-05,-0.117687,3,0.640573,6.62558e-05,11,11,12,0.986159,12,11
robustness,alternating,2,56,8,40,8000,0.64706,6.61169e-05,0.000251971,3.80505e-05,10.263,7.13534,9.04653,0.261875,0.266286,0.647627,0.647625,0.645847,0.649501,6.61194e-05,6.61184e-05,6.59218e-05,6.63232e-05,0.000260048,0.000259888,0.000241958,0.000278742,3.79643e-05,3.79653e-05,3.78512e-05,3.80787e-05,-0.172217,8,0.640573,6.62558e-05,11,10,11,0.998478,12,11
robustness,alternating,2,56,9,20,8000,0.64706,6.61169e-05,0.000251971,3.48827e-05,4.72372,4.29547,5.67467,0.0297367,0.0576842,0.647554,0.647529,0.645805,0.649377,6.6121e-05,6.61232e-05,6.59184e-05,6.63175e-05,0.000261648,0.000261481,0.000244925,0.000279435,3.4869e-05,3.48688e-05,3.46746e-05,3.50623e-05,-0.104594,3,0.640573,6.62558e-05,11,10,11,1,12,11
robustness,alternating,2,56,10,40,8000,0.64706,6.61169e-05,0.000251971,3.32294e-05,8.96264,6.23856,10.5995,0.122764,0.138685,0.647924,0.647901,0.646201,0.649701,6.61134e-05,6.61165e-05,6.59076e-05,6.63146e-05,0.000263276,0.000263046,0.000245951,0.000281336,3.32876e-05,3.32869e-05,3.31733e-05,3.34037e-05,-0.134824,5,0.640573,6.62558e-05,11,11,11,0.995066,12,11
robustness,alternating,2,56,11,20,8000,0.64706,6.61169e-05,0.000251971,3.10218e-05,4.2009,3.82115,6.37532,0.00349062,0.00423869,0.648107,0.6481,0.646388,0.649849,6.61085e-05,6.6111e-05,6.59055e-05,6.6311e-05,0.000264145,0.000263942,0.000247305,0.000281687,3.08834e-05,3.0884e-05,3.06938e-05,3.10705e-05,-0.0720272,3,0.640573,6.62558e-05,11,11,11,0.994306,12,11
robustness,alternating,2,56,12,40,8000,0.64706,6.61169e-05,0.000251971,3.09844e-05,8.35712,5.8101,11.3226,0.353275,0.300057,0.648091,0.648072,0.646555,0.649751,6.61233e-05,6.6117e-05,6.59399e-05,6.63202e-05,0.000257833,0.000257597,0.000244046,0.000273012,3.09733e-05,3.09739e-05,3.08616e-05,3.1081e-05,-0.164664,10,0.640573,6.62558e-05,11,11,11,1,12,11
robustness,alternating,2,56,13,20,8000,0.64706,6.61169e-05,0.000251971,2.8931e-05,3.91776,3.56246,6.75476,0.0201851,0.0272317,0.648061,0.648041,0.646524,0.649711,6.61197e-05,6.61125e-05,6.59379e-05,6.6314e-05,0.000257523,0.000257332,0.000244113,0.000272234,2.90858e-05,2.90847e-05,2.88955e-05,2.92786e-05,-0.0626706,2,0.640573,6.62558e-05,11,11,11,1,12,11
robustness,alternating,2,56,14,40,8000,0.64706,6.61169e-05,0.000251971,2.8494e-05,7.6854,5.34286,12.1248,0.0855642,0.130977,0.648084,0.648078,0.646496,0.649684,6.61166e-05,6.61122e-05,6.59344e-05,6.63094e-05,0.00025674,0.000256487,0.00024374,0.000270833,2.84072e-05,2.84071e-05,2.82931e-05,2.85199e-05,-0.0939091,4,0.640573,6.62558e-05,11,11,11,1,12,11
robustness,alternating,2,56,15,20,8000,0.64706,6.61169e-05,0.000251971,2.69623e-05,3.65116,3.32033,7.11203,0.0323735,0.0148874,0.648047,0.648065,0.646456,0.649566,6.61156e-05,6.61143e-05,6.59356e-05,6.63036e-05,0.000255711,0.00025541,0.000243121,0.000269865,2.69595e-05,2.69597e-05,2.67645e-05,2.71501e-05,-0.0640147,4,0.640573,6.62558e-05,11,11,11,1,12,11
robustness,alternating,2,56,16,40,8000,0.64706,6.61169e-05,0.000251971,2.61288e-05,7.04748,4.89958,12.8867,0.0316847,0.0321964,0.648054,0.648052,0.646487,0.649608,6.61174e-05,6.61173e-05,6.59381e-05,6.63033e-05,0.000255853,0.000255575,0.00024325,0.000269884,2.61733e-05,2.61739e-05,2.60608e-05,2.62847e-05,-0.107645,3,0.640573,6.62558e-05,11,11,11,1,12,11
robustness,alternating,2,56,17,20,8000,0.64706,6.61169e-05,0.000251971,2.47112e-05,3.34634,3.04287,7.52054,0.0148908,0.0104125,0.647932,0.647925,0.646425,0.649498,6.61183e-05,6.61186e-05,6.59379e-05,6.63015e-05,0.000256686,0.000256421,0.000244026,0.000270267,2.46432e-05,2.46409e-05,2.44634e-05,2.48303e-05,-0.0557308,3,0.640573,6.62558e-05,11,11,11,1,12,11
robustness,alternating,2,56,18,40,8000,0.64706,6.61169e-05,0.000251971,2.39338e-05,6.45543,4.48938,13.5937,0.0304327,0.0517462,0.647859,0.647843,0.646384,0.649429,6.6122e-05,6.61209e-05,6.59406e-05,6.63052e-05,0.000256969,0.000256754,0.00024401,0.000270796,2.3908e-05,2.39079e-05,2.37962e-05,2.40216e-05,-0.0984922,3,0.640573,6.62558e-05,11,11,11,1,12,11
robustness,alternating,2,56,19,20,8000,0.64706,6.61169e-05,0.000251971,2.29036e-05,3.10155,2.82027,7.84859,0.0275615,0.020619,0.647787,0.647761,0.64633,0.64934,6.61189e-05,6.61153e-05,6.59377e-05,6.63092e-05,0.000256019,0.000255746,0.00024311,0.000269744,2.29162e-05,2.29178e-05,2.2734e-05,2.30937e-05,-0.0499755,3,0.640573,6.62558e-05,11,11,11,1,12,11
robustness,alternating,2,56,20,40,8000,0.64706,6.61169e-05,0.000251971,2.25268e-05,6.07593,4.22433,14.0469,0.0466893,0.0494651,0.647725,0.647704,0.646294,0.649224,6.61178e-05,6.61147e-05,6.59399e-05,6.63023e-05,0.000255899,0.000255588,0.000243288,0.0002693,2.24389e-05,2.24389e-05,2.23283e-05,2.25491e-05,-0.0943003,3,0.640573,6.62558e-05,11,11,11,1,12,11
robustness,alternating,2,57,1,20,8000,0.0470275,5.70565e-05,0.000130068,5.70565e-05,7.64175,0.491807,0.491807,3.63734,0,0.0458446,0.045845,0.044583,0.0471125,5.68024e-05,5.68033e-05,5.6528e-05,5.70783e-05,0.00027469,0.000262938,0.00014037,0.000449929,5.68024e-05,5.68033e-05,5.6528e-05,5.70783e-05,0.0040071,15,0.045908,5.68009e-05,12,7,22,0.943281,12,22
robustness,alternating,2,57,2,40,8000,0.0470275,5.70565e-05,0.000130068,5.50747e-05,14.7404,0.576436,0.470377,0.484335,0.0784776,0.0469882,0.0469886,0.0463473,0.0476138,5.68351e-05,5.68333e-05,5.6565e-05,5.71119e-05,0.000167318,0.000165261,0.000117502,0.000224242,5.50854e-05,5.50859e-05,5.49488e-05,5.52216e-05,-0.094715,9,0.045908,5.68009e-05,19,14,26,0.924643,12,22
robustness,alternating,2,57,3,20,8000,0.0470275,5.70565e-05,0.000130068,5.24442e-05,7.02401,0.376699,0.599245,0.181971,0.066725,0.0468274,0.0468244,0.046248,0.0474006,5.67917e-05,5.67967e-05,5.65098e-05,5.70565e-05,0.000128919,0.000127969,0.000104754,0.000156076,5.25255e-05,5.25243e-05,5.22587e-05,5.27894e-05,0.0326969,6,0.045908,5.68009e-05,24,20,30,0.914554,12,22
robustness,alternating,2,57,4,40,8000,0.0470275,5.70565e-05,0.000130068,5.08088e-05,13.5986,0.860418,1.6332,0.0804387,0.0551727,0.0470491,0.0470494,0.0465887,0.0475097,5.67821e-05,5.67809e-05,5.64991e-05,5.70564e-05,0.000130088,0.000129291,0.0001065,0.000155984,5.09792e-05,5.09805e-05,5.08412e-05,5.11132e-05,-0.0676037,5,0.045908,5.68009e-05,24,20,29,0.920057,12,22
robustness,alternating,2,57,5,20,8000,0.0470275,5.70565e-05,0.000130068,4.77762e-05,6.39881,0.637739,1.2404,0.0730048,0.0515195,0.047117,0.0471186,0.0466796,0.0475467,5.67771e-05,5.67768e-05,5.64971e-05,5.70484e-05,0.000135247,0.000134687,0.000113801,0.000158342,4.79137e-05,4.79142e-05,4.76493e-05,4.81776e-05,0.00230309,3,0.045908,5.68009e-05,23,19,27,0.959136,12,22
robustness,alternating,2,57,6,40,8000,0.0470275,5.70565e-05,0.000130068,4.67951e-05,12.5244,1.44794,2.72943,0.0346549,0.0573749,0.0469025,0.0469005,0.0465099,0.0473075,5.67919e-05,5.67945e-05,5.65104e-05,5.70633e-05,0.000135046,0.000134366,0.000113916,0.000157795,4.67841e-05,4.67839e-05,4.66493e-05,4.69212e-05,-0.0533137,5,0.045908,5.68009e-05,23,20,27,0.927458,12,22
robustness,alternating,2,57,7,20,8000,0.0470275,5.70565e-05,0.000130068,4.49539e-05,6.02081,0.952049,1.62822,0.0688839,0.0574664,0.0468793,0.0468765,0.046495,0.0472642,5.67894e-05,5.67918e-05,5.65117e-05,5.70589e-05,0.000127372,0.000127027,0.000108966,0.000146737,4.51426e-05,4.51446e-05,4.48746e-05,4.54045e-05,-0.0261414,5,0.045908,5.68009e-05,24,21,29,0.964516,12,22
robustness,alternating,2,57,8,40,8000,0.0470275,5.70565e-05,0.000130068,4.33819e-05,11.6109,1.82072,3.66183,0.195869,0.141165,0.0468916,0.0468886,0.0465496,0.0472461,5.67915e-05,5.67933e-05,5.65196e-05,5.70685e-05,0.000132212,0.000131697,0.000113647,0.000152361,4.33062e-05,4.33054e-05,4.31691e-05,4.34438e-05,-0.0369696,6,0.045908,5.68009e-05,23,21,27,0.928267,12,22
robustness,alternating,2,57,9,20,8000,0.0470275,5.70565e-05,0.000130068,4.1189e-05,5.51657,0.992542,2.14563,0.0208706,0.0340498,0.0469064,0.0469053,0.0465651,0.047252,5.67929e-05,5.67935e-05,5.65157e-05,5.70655e-05,0.000134108,0.000133403,0.000116859,0.000153512,4.10996e-05,4.11008e-05,4.08466e-05,4.13545e-05,0.00611638,3,0.045908,5.68009e-05,23,20,26,0.943075,12,22
robustness,alternating,2,57,10,40,8000,0.0470275,5.70565e-05,0.000130068,3.983e-05,10.6602,1.88586,4.63222,0.0995398,0.129023,0.0469801,0.0469819,0.0466467,0.047307,5.67935e-05,5.67944e-05,5.65256e-05,5.70674e-05,0.00013609,0.000135608,0.000118159,0.00015523,3.97676e-05,3.97681e-05,3.96335e-05,3.99026e-05,-0.0317733,5,0.045908,5.68009e-05,22,20,25,0.935065,12,22
robustness,alternating,2,57,11,20,8000,0.0470275,5.70565e-05,0.000130068,3.82918e-05,5.12854,1.04325,2.54382,0.0325203,0.0143702,0.0469662,0.0469671,0.0466444,0.0472886,5.67916e-05,5.67908e-05,5.65221e-05,5.7066e-05,0.000134555,0.000134266,0.00011775,0.000152427,3.8205e-05,3.82039e-05,3.79555e-05,3.84532e-05,-0.0124253,3,0.045908,5.68009e-05,23,21,25,0.913648,12,22
robustness,alternating,2,57,12,40,8000,0.0470275,5.70565e-05,0.000130068,3.79849e-05,10.1664,2.21972,5.13632,0.154132,0.12572,0.0470564,0.047055,0.0467537,0.047368,5.67927e-05,5.67894e-05,5.65295e-05,5.70712e-05,0.000131472,0.000131267,0.00011518,0.000148003,3.80227e-05,3.80247e-05,3.78876e-05,3.81555e-05,-0.0230901,5,0.045908,5.68009e-05,23,21,26,0.946048,12,22
robustness,alternating,2,57,13,20,8000,0.0470275,5.70565e-05,0.000130068,3.67483e-05,4.92181,1.1997,2.75595,0.033239,0.0355943,0.0470488,0.04705,0.0467438,0.0473515,5.67938e-05,5.67911e-05,5.65326e-05,5.70707e-05,0.000130105,0.000129998,0.000114403,0.0001461,3.66895e-05,3.66905e-05,3.64364e-05,3.69396e-05,0.0188675,3,0.045908,5.68009e-05,23,21,27,0.985419,12,22
robustness,alternating,2,57,14,40,8000,0.0470275,5.70565e-05,0.000130068,3.56604e-05,9.54427,2.27949,5.7714,0.0879088,0.104148,0.0469556,0.0469583,0.0466394,0.0472499,5.68015e-05,5.68005e-05,5.65307e-05,5.70775e-05,0.000131203,0.000131227,0.000115818,0.000146262,3.57126e-05,3.57126e-05,3.55807e-05,3.58468e-05,-0.0270145,4,0.045908,5.68009e-05,23,21,26,0.967002,12,22
robustness,alternating,2,57,15,20,8000,0.0470275,5.70565e-05,0.000130068,3.34673e-05,4.48238,1.05925,3.20691,0.125176,0.120051,0.0469431,0.0469424,0.0466469,0.0472324,5.68143e-05,5.68169e-05,5.65389e-05,5.70793e-05,0.000136009,0.000135888,0.000120565,0.000151698,3.36839e-05,3.36843e-05,3.34407e-05,3.39319e-05,-0.0185229,6,0.045908,5.68009e-05,22,21,25,0.966802,12,22
robustness,alternating,2,57,16,40,8000,0.0470275,5.70565e-05,0.000130068,3.32566e-05,8.90092,2.2078,6.42815,0.0538373,0.102738,0.0470078,0.0470092,0.0467118,0.0472869,5.68105e-05,5.68105e-05,5.65355e-05,5.7086e-05,0.000134974,0.000134818,0.000119525,0.00015064,3.33264e-05,3.33262e-05,3.3195e-05,3.34582e-05,-0.0451807,4,0.045908,5.68009e-05,23,21,25,0.983837,12,22
robustness,alternating,2,57,17,20,8000,0.0470275,5.70565e-05,0.000130068,3.18671e-05,4.26806,1.1021,3.42684,0.0362683,0.0330257,0.0469674,0.0469696,0.0466713,0.0472537,5.68154e-05,5.68181e-05,5.65387e-05,5.70944e-05,0.000134792,0.000134643,0.000120066,0.000150062,3.21302e-05,3.21314e-05,3.18864e-05,3.23726e-05,-0.0142263,2,0.045908,5.68009e-05,23,21,25,0.989543,12,22
robustness,alternating,2,57,18,40,8000,0.0470275,5.70565e-05,0.000130068,3.11361e-05,8.33338,2.12765,7.00751,0.118725,0.0543365,0.0469469,0.0469455,0.0466573,0.0472303,5.68123e-05,5.68149e-05,5.65346e-05,5.70864e-05,0.000136353,0.000135976,0.000121808,0.000151659,3.11676e-05,3.11687e-05,3.1032e-05,3.12989e-05,-0.0275652,5,0.045908,5.68009e-05,22,21,24,0.981492,12,22
robustness,alternating,2,57,19,20,8000,0.0470275,5.70565e-05,0.000130068,2.99806e-05,4.0154,1.06931,3.68613,0.0175202,0.0202074,0.0469304,0.0469283,0.0466483,0.0472139,5.68084e-05,5.68119e-05,5.65296e-05,5.70802e-05,0.000138126,0.000137829,0.000123438,0.000153322,2.98432e-05,2.98424e-05,2.96045e-05,3.00816e-05,-0.00491545,3,0.045908,5.68009e-05,22,21,23,0.985089,12,22
robustness,alternating,2,57,20,40,8000,0.0470275,5.70565e-05,0.000130068,2.99547e-05,8.01717,2.23541,7.33031,0.166744,0.121659,0.0469526,0.0469553,0.0466776,0.0472129,5.68098e-05,5.68089e-05,5.65319e-05,5.7096e-05,0.000135211,0.000135218,0.000121019,0.000149853,3.00086e-05,3.00082e-05,2.98753e-05,3.01427e-05,-0.03095,6,0.045908,5.68009e-05,23,22,24,0.957974,12,22
robustness,alternating,2,58,1,20,8000,0.0639866,5.98522e-05,0.000248563,5.98522e-05,8.022,0.256253,0.256253,3.18231,0,0.0645929,0.0646027,0.06347,0.0656851,5.9944e-05,5.99454e-05,5.96679e-05,6.02234e-05,0.000251622,0.000237703,0.00014481,0.000406802,5.9944e-05,5.99454e-05,5.96679e-05,6.02234e-05,-0.0534607,16,0.0646083,5.99437e-05,13,8,21,0.929761,12,12
robustness,alternating,2,58,2,40,8000,0.0639866,5.98522e-05,0.000248563,5.65748e-05,15.1447,0.279104,0.926176,0.0516008,0.0637804,0.064632,0.0646262,0.0638413,0.0654369,5.99423e-05,5.99415e-05,5.96642e-05,6.02222e-05,0.000232069,0.000230281,0.000173972,0.000295483,5.66215e-05,5.66218e-05,5.64849e-05,5.67587e-05,-0.0597039,6,0.0646083,5.99437e-05,13,11,17,0.935612,12,12
robustness,alternating,2,58,3,20,8000,0.0639866,5.98522e-05,0.000248563,5.01786e-05,6.72545,0.215239,1.34363,0.1021,0.0393034,0.0644956,0.0644941,0.0638158,0.0651896,5.9963e-05,5.99662e-05,5.96899e-05,6.02231e-05,0.000259167,0.000258858,0.000226798,0.000292583,5.00305e-05,5.00317e-05,4.97624e-05,5.02963e-05,-0.0453577,5,0.0646083,5.99437e-05,12,11,13,0.949239,12,12
robustness,alternating,2,58,4,40,8000,0.0639866,5.98522e-05,0.000248563,4.73831e-05,12.6841,0.25113,3.44739,0.0272084,0.0868091,0.0643598,0.0643616,0.0637726,0.064947,5.9972e-05,5.99737e-05,5.96993e-05,6.02286e-05,0.000262275,0.000262028,0.000232478,0.00029323,4.72766e-05,4.72767e-05,4.71429e-05,4.74116e-05,-0.0570074,4,0.0646083,5.99437e-05,12,11,13,0.976496,12,12
robustness,alternating,2,58,5,20,8000,0.0639866,5.98522e-05,0.000248563,4.32521e-05,5.79708,0.185676,2.29625,0.0703838,0.0267415,0.0643976,0.0643982,0.063842,0.0649527,5.99636e-05,5.99639e-05,5.96943e-05,6.02232e-05,0.000257065,0.000256847,0.000232234,0.000282432,4.29863e-05,4.29876e-05,4.27246e-05,4.32442e-05,-0.00931729,3,0.0646083,5.99437e-05,12,11,13,0.992984,12,12
robustness,alternating,2,58,6,40,8000,0.0639866,5.98522e-05,0.000248563,4.11153e-05,11.0063,0.220901,5.16673,0.00983839,0.0791477,0.0641174,0.0641171,0.0635813,0.0646609,5.99777e-05,5.99803e-05,5.9705e-05,6.02463e-05,0.000255325,0.00025525,0.00023084,0.000280551,4.1233e-05,4.12334e-05,4.10966e-05,4.13691e-05,-0.0472843,5,0.0646083,5.99437e-05,12,11,13,0.994818,12,12
robustness,alternating,2,58,7,20,8000,0.0639866,5.98522e-05,0.000248563,3.75362e-05,5.03099,0.182221,3.0824,0.0446374,0.0415203,0.0639911,0.0639857,0.0634712,0.0645075,5.99854e-05,5.99903e-05,5.97145e-05,6.02461e-05,0.000258969,0.000259101,0.00023589,0.000281572,3.76401e-05,3.76382e-05,3.73867e-05,3.78866e-05,-0.0151161,3,0.0646083,5.99437e-05,12,11,13,0.998907,12,12
robustness,alternating,2,58,8,40,8000,0.0639866,5.98522e-05,0.000248563,3.63908e-05,9.74157,0.191022,6.46272,0.0590415,0.0687396,0.063939,0.0639337,0.0634562,0.0644367,5.99852e-05,5.99878e-05,5.97068e-05,6.0255e-05,0.000257618,0.000257603,0.000235384,0.000279503,3.63302e-05,3.63303e-05,3.61961e-05,3.64644e-05,-0.0271222,4,0.0646083,5.99437e-05,12,11,13,0.999705,12,12
robustness,alternating,2,58,9,20,8000,0.0639866,5.98522e-05,0.000248563,3.35801e-05,4.50074,0.158766,3.62653,0.0118024,0.0318124,0.0638542,0.06385,0.0633919,0.0643245,5.99839e-05,5.9987e-05,5.97004e-05,6.02585e-05,0.000255849,0.00025569,0.00023476,0.000277416,3.38004e-05,3.38018e-05,3.35541e-05,3.40448e-05,-0.0270197,3,0.0646083,5.99437e-05,12,11,13,0.999818,12,12
robustness,alternating,2,58,10,40,8000,0.0639866,5.98522e-05,0.000248563,3.29794e-05,8.82835,0.16233,7.39852,0.094359,0.142309,0.0638021,0.0637919,0.0633649,0.0642654,5.99859e-05,5.99872e-05,5.97111e-05,6.02539e-05,0.000252623,0.000252427,0.000232427,0.000273623,3.3058e-05,3.30589e-05,3.29223e-05,3.31909e-05,-0.0458605,5,0.0646083,5.99437e-05,12,12,13,0.994702,12,12
robustness,alternating,2,58,11,20,8000,0.0639866,5.98522e-05,0.000248563,3.07471e-05,4.12104,0.131319,4.01618,0.0198376,0.014659,0.0638351,0.0638279,0.0633955,0.0642899,5.99886e-05,5.99888e-05,5.97127e-05,6.02583e-05,0.000254705,0.000254478,0.000235101,0.000274915,3.07e-05,3.06965e-05,3.04546e-05,3.09466e-05,-0.016182,2,0.0646083,5.99437e-05,12,12,13,0.999997,12,12
robustness,alternating,2,58,12,40,8000,0.0639866,5.98522e-05,0.000248563,2.96709e-05,7.9427,0.147499,8.30607,0.0209002,0.0373838,0.0638594,0.0638563,0.0634148,0.0643115,5.99865e-05,5.99874e-05,5.97039e-05,6.02602e-05,0.000254936,0.000254696,0.000235865,0.000274909,2.96679e-05,2.96677e-05,2.95362e-05,2.98016e-05,-0.0219236,4,0.0646083,5.99437e-05,12,12,12,0.997604,12,12
robustness,alternating,2,58,13,20,8000,0.0639866,5.98522e-05,0.000248563,2.79401e-05,3.74482,0.120873,4.40226,0.00578366,0.000617413,0.0638957,0.0638943,0.0634549,0.0643402,5.99887e-05,5.99863e-05,5.97042e-05,6.02669e-05,0.000256101,0.000255964,0.00023735,0.000275356,2.77853e-05,2.77857e-05,2.75481e-05,2.80212e-05,-0.0206523,2,0.0646083,5.99437e-05,12,12,12,0.998287,12,12
robustness,alternating,2,58,14,40,8000,0.0639866,5.98522e-05,0.000248563,2.72171e-05,7.28582,0.131998,8.9792,0.0612366,0.0148598,0.0638792,0.063872,0.0634589,0.0643239,5.99865e-05,5.9984e-05,5.97049e-05,6.02763e-05,0.000254034,0.000254008,0.00023608,0.000272793,2.7268e-05,2.72683e-05,2.71362e-05,2.73997e-05,-0.00681369,4,0.0646083,5.99437e-05,12,12,12,0.995906,12,12
robustness,alternating,2,58,15,20,8000,0.0639866,5.98522e-05,0.000248563,2.5546e-05,3.42393,0.115451,4.73155,0.0317631,0.0295627,0.0638632,0.063857,0.0634493,0.0642941,5.99893e-05,5.99855e-05,5.97073e-05,6.02794e-05,0.000254426,0.000254219,0.000236613,0.000272848,2.57258e-05,2.57252e-05,2.54932e-05,2.59597e-05,-0.00526571,2,0.0646083,5.99437e-05,12,12,12,0.996379,12,12
robustness,alternating,2,58,16,40,8000,0.0639866,5.98522e-05,0.000248563,2.53076e-05,6.77466,0.133129,9.503,0.0704689,0.11304,0.0639313,0.0639275,0.0635058,0.0643723,5.99862e-05,5.99848e-05,5.9701e-05,6.027e-05,0.000253541,0.000253326,0.000235839,0.000271772,2.51842e-05,2.51842e-05,2.50503e-05,2.53172e-05,-0.0202639,4,0.0646083,5.99437e-05,12,12,12,0.993766,12,12
robustness,alternating,2,58,17,20,8000,0.0639866,5.98522e-05,0.000248563,2.42121e-05,3.24515,0.111817,4.91501,0.041487,0.0228208,0.0639902,0.06399,0.0635636,0.0644178,5.99823e-05,5.99823e-05,5.96941e-05,6.02629e-05,0.000253232,0.000252897,0.000236075,0.000271227,2.39437e-05,2.39426e-05,2.37154e-05,2.41749e-05,-0.00496793,2,0.0646083,5.99437e-05,12,12,12,0.991577,12,12
robustness,alternating,2,58,18,40,8000,0.0639866,5.98522e-05,0.000248563,2.3846e-05,6.38342,0.19062,9.90391,0.133108,0.0599955,0.0639768,0.0639735,0.0635432,0.0644085,5.99812e-05,5.99792e-05,5.9701e-05,6.02719e-05,0.000250507,0.000250265,0.000233963,0.00026789,2.37989e-05,2.37979e-05,2.36675e-05,2.39337e-05,-0.0502166,5,0.0646083,5.99437e-05,12,12,12,0.989877,12,12
robustness,alternating,2,58,19,20,8000,0.0639866,5.98522e-05,0.000248563,2.27689e-05,3.05173,0.120713,5.11351,0.0132216,0.00611402,0.0640298,0.0640321,0.0636103,0.0644451,5.99781e-05,5.99781e-05,5.9701e-05,6.02628e-05,0.000248463,0.000248354,0.000232365,0.000265141,2.29071e-05,2.29068e-05,2.26824e-05,2.31332e-05,-0.00123894,3,0.0646083,5.99437e-05,12,12,12,0.988545,12,12
robustness,alternating,2,58,20,40,8000,0.0639866,5.98522e-05,0.000248563,2.20695e-05,5.90785,0.143807,10.3913,0.0871126,0.0499215,0.0640638,0.0640636,0.0636418,0.0644947,5.99803e-05,5.99798e-05,5.97008e-05,6.02576e-05,0.000250618,0.000250562,0.000234022,0.000267627,2.20106e-05,2.20111e-05,2.18813e-05,2.21389e-05,0.0180851,4,0.0646083,5.99437e-05,12,12,12,0.989345,12,12
robustness,alternating,2,59,1,20,8000,0.0603766,5.56415e-05,0.000209291,5.56415e-05,7.45656,0.612574,0.612574,3.2893,0,0.0594912,0.0594957,0.0582433,0.0607264,5.54909e-05,5.54903e-05,5.5222e-05,5.57606e-05,0.000280255,0.000259837,0.000151537,0.000484892,5.54909e-05,5.54903e-05,5.5222e-05,5.57606e-05,-0.0774164,15,0.0595238,5.54943e-05,13,7,21,0.943381,12,16
robustness,alternating,2,59,2,40,8000,0.0603766,5.56415e-05,0.000209291,5.3924e-05,14.4343,0.695691,0.428837,0.502344,0.233949,0.0599872,0.0599947,0.0592131,0.0607557,5.55074e-05,5.55046e-05,5.52366e-05,5.57839e-05,0.000162504,0.000160727,0.000112984,0.000218447,5.4057e-05,5.4057e-05,5.3923e-05,5.41926e-05,-0.0424633,8,0.0595238,5.54943e-05,20,15,28,0.925961,12,16
robustness,alternating,2,59,3,20,8000,0.0603766,5.56415e-05,0.000209291,4.96048e-05,6.64758,0.152268,0.809868,0.101797,0.0560065,0.060293,0.0602951,0.0596288,0.0609594,5.55276e-05,5.55272e-05,5.52466e-05,5.5803e-05,0.000191678,0.000191011,0.000158291,0.000225627,4.93633e-05,4.93646e-05,4.90973e-05,4.96261e-05,-0.0132551,6,0.0595238,5.54943e-05,17,15,20,0.910234,12,16
robustness,alternating,2,59,4,40,8000,0.0603766,5.56415e-05,0.000209291,4.77889e-05,12.792,0.128421,2.10981,0.0793574,0.0637765,0.0600167,0.0600214,0.0594162,0.0606146,5.55312e-05,5.55376e-05,5.52475e-05,5.58032e-05,0.000188483,0.000188081,0.000159784,0.000218321,4.77189e-05,4.77211e-05,4.75828e-05,4.78551e-05,-0.033667,5,0.0595238,5.54943e-05,17,15,20,0.943179,12,16
robustness,alternating,2,59,5,20,8000,0.0603766,5.56415e-05,0.000209291,4.35052e-05,5.83017,0.10189,1.64844,0.116732,0.0759611,0.0602065,0.0601973,0.0596396,0.0608141,5.55471e-05,5.55525e-05,5.52481e-05,5.58216e-05,0.000204881,0.000205095,0.000178856,0.000230314,4.34762e-05,4.34782e-05,4.32189e-05,4.3735e-05,-0.0467307,5,0.0595238,5.54943e-05,16,14,18,0.960429,12,16
robustness,alternating,2,59,6,40,8000,0.0603766,5.56415e-05,0.000209291,4.21477e-05,11.282,0.212683,3.65611,0.0608898,0.0609336,0.0601418,0.0601416,0.0596253,0.0606868,5.55371e-05,5.55404e-05,5.5245e-05,5.58126e-05,0.000202879,0.000203379,0.000178465,0.000226999,4.21345e-05,4.21351e-05,4.19973e-05,4.22705e-05,-0.0299096,4,0.0595238,5.54943e-05,16,15,18,0.935132,12,16
robustness,alternating,2,59,7,20,8000,0.0603766,5.56415e-05,0.000209291,3.92574e-05,5.26092,0.175805,2.23252,0.00820018,0.0035601,0.0600838,0.0600795,0.0595952,0.060587,5.55407e-05,5.55442e-05,5.52567e-05,5.58143e-05,0.00020475,0.000205214,0.000181502,0.000226731,3.91609e-05,3.91618e-05,3.89042e-05,3.94176e-05,-0.0396485,3,0.0595238,5.54943e-05,16,15,17,0.924988,12,16
robustness,alternating,2,59,8,40,8000,0.0603766,5.56415e-05,0.000209291,3.78905e-05,10.1425,0.34614,4.82308,0.00704441,0.0214589,0.0600884,0.0600849,0.0596184,0.0605829,5.55454e-05,5.55481e-05,5.52629e-05,5.58276e-05,0.000205477,0.000205763,0.000182814,0.000227157,3.78608e-05,3.78618e-05,3.77253e-05,3.79915e-05,-0.0277169,4,0.0595238,5.54943e-05,16,15,17,0.943489,12,16
robustness,alternating,2,59,9,20,8000,0.0603766,5.56415e-05,0.000209291,3.53676e-05,4.73964,0.195973,2.7674,0.0243079,0.0216746,0.0601102,0.0601081,0.0596549,0.0605951,5.55452e-05,5.55479e-05,5.52596e-05,5.58272e-05,0.000206137,0.000206426,0.00018503,0.000226156,3.54875e-05,3.54896e-05,3.52323e-05,3.57388e-05,-0.0518985,2,0.0595238,5.54943e-05,16,15,17,0.967239,12,16
robustness,alternating,2,59,10,40,8000,0.0603766,5.56415e-05,0.000209291,3.44898e-05,9.23215,0.448679,5.75528,0.0117952,0.0465523,0.0601434,0.0601406,0.0596998,0.0606027,5.55393e-05,5.55415e-05,5.52519e-05,5.58163e-05,0.000206668,0.000206728,0.00018669,0.000226002,3.43861e-05,3.43861e-05,3.42535e-05,3.45198e-05,-0.0195627,4,0.0595238,5.54943e-05,16,15,17,0.982974,12,16
robustness,alternating,2,59,11,20,8000,0.0603766,5.56415e-05,0.000209291,3.26893e-05,4.38071,0.272659,3.1357,0.0324054,0.0226736,0.0600676,0.0600606,0.0596421,0.0605189,5.55347e-05,5.55364e-05,5.52506e-05,5.58177e-05,0.000205443,0.000205551,0.000186907,0.000223867,3.25997e-05,3.2598e-05,3.23549e-05,3.2848e-05,-0.0193372,3,0.0595238,5.54943e-05,16,15,17,0.990556,12,16
robustness,alternating,2,59,12,40,8000,0.0603766,5.56415e-05,0.000209291,3.20418e-05,8.5769,0.616872,6.42631,0.0879424,0.0681389,0.0601278,0.0601226,0.0597019,0.0605809,5.55277e-05,5.55271e-05,5.52576e-05,5.58115e-05,0.000203695,0.000203797,0.000185439,0.000221666,3.20611e-05,3.2061e-05,3.19286e-05,3.21958e-05,-0.0119432,4,0.0595238,5.54943e-05,16,15,17,0.986828,12,16
robustness,alternating,2,59,13,20,8000,0.0603766,5.56415e-05,0.000209291,2.9905e-05,4.00759,0.260153,3.51857,0.0690843,0.0601033,0.0601777,0.0601747,0.0597657,0.0605968,5.55297e-05,5.5528e-05,5.52596e-05,5.58162e-05,0.000208047,0.000207988,0.000189894,0.000226309,2.99117e-05,2.99136e-05,2.96642e-05,3.01502e-05,-0.0196393,4,0.0595238,5.54943e-05,15,15,17,0.999587,12,16
robustness,alternating,2,59,14,40,8000,0.0603766,5.56415e-05,0.000209291,2.92168e-05,7.82069,0.539274,7.20071,0.0157241,0.0171506,0.0601368,0.0601338,0.0597278,0.0605431,5.55286e-05,5.55263e-05,5.52527e-05,5.58087e-05,0.000207962,0.000208122,0.000190193,0.000225539,2.91822e-05,2.91826e-05,2.90503e-05,2.93153e-05,-0.00602074,4,0.0595238,5.54943e-05,16,15,17,0.999955,12,16
robustness,alternating,2,59,15,20,8000,0.0603766,5.56415e-05,0.000209291,2.80843e-05,3.7636,0.318178,3.76893,0.0420097,0.0390795,0.0600877,0.0600884,0.0596922,0.0604882,5.55306e-05,5.55296e-05,5.52609e-05,5.58075e-05,0.000207115,0.000207036,0.000189766,0.000224522,2.78542e-05,2.78548e-05,2.76119e-05,2.80946e-05,-0.00197895,2,0.0595238,5.54943e-05,16,15,16,0.95813,12,16
robustness,alternating,2,59,16,40,8000,0.0603766,5.56415e-05,0.000209291,2.71541e-05,7.26857,0.559258,7.76613,0.0152497,0.0733452,0.0600696,0.0600671,0.0596828,0.0604668,5.55265e-05,5.55272e-05,5.52643e-05,5.57974e-05,0.000207162,0.00020712,0.000189712,0.000224712,2.71489e-05,2.71491e-05,2.7014e-05,2.72859e-05,-0.0279404,4,0.0595238,5.54943e-05,16,15,16,1,12,16
robustness,alternating,2,59,17,20,8000,0.0603766,5.56415e-05,0.000209291,2.59289e-05,3.47475,0.285674,4.06533,0.00463751,7.58007e-05,0.060017,0.0600185,0.0596261,0.06041,5.55296e-05,5.55298e-05,5.52656e-05,5.58018e-05,0.000207237,0.000207237,0.000190336,0.000224505,2.59037e-05,2.59028e-05,2.56679e-05,2.61386e-05,0.00218859,2,0.0595238,5.54943e-05,16,15,16,1,12,16
robustness,alternating,2,59,18,40,8000,0.0603766,5.56415e-05,0.000209291,2.56835e-05,6.87491,0.655224,8.16926,0.0924459,0.0877095,0.0600537,0.0600532,0.0596609,0.0604473,5.55281e-05,5.55291e-05,5.52592e-05,5.57974e-05,0.000205342,0.000205187,0.000188611,0.000222883,2.56898e-05,2.56892e-05,2.55575e-05,2.58227e-05,-0.0318496,4,0.0595238,5.54943e-05,16,15,16,1,12,16
robustness,alternating,2,59,19,20,8000,0.0603766,5.56415e-05,0.000209291,2.49538e-05,3.34408,0.376948,4.19941,0.0472823,0.0506488,0.0600365,0.0600385,0.059645,0.0604279,5.55299e-05,5.55294e-05,5.52698e-05,5.57945e-05,0.000203176,0.00020301,0.000186841,0.000220189,2.48544e-05,2.48549e-05,2.46211e-05,2.50901e-05,0.0146562,3,0.0595238,5.54943e-05,16,15,16,1,12,16
robustness,alternating,2,59,20,40,8000,0.0603766,5.56415e-05,0.000209291,2.44986e-05,6.55773,0.761501,8.49407,0.0409316,0.0187997,0.0600382,0.0600391,0.0596519,0.0604202,5.55255e-05,5.55258e-05,5.52623e-05,5.57912e-05,0.000202332,0.000202162,0.000186133,0.00021898,2.44989e-05,2.45008e-05,2.43651e-05,2.46302e-05,0.0076998,4,0.0595238,5.54943e-05,16,15,16,1,12,16
robustness,alternating,2,60,1,20,8000,1.51384,6.91124e-05,0.00024361,6.91124e-05,9.42044,11.195,11.195,7.82702,0,1.50959,1.50955,1.49826,1.52133,6.91135e-05,6.91138e-05,6.89181e-05,6.93079e-05,0.000278337,0.000262714,0.000155138,0.000455707,6.91135e-05,6.91138e-05,6.89181e-05,6.93079e-05,-0.451831,18,1.50982,6.91099e-05,10,7,17,0.926226,12,11
robustness,alternating,2,60,2,40,8000,1.51384,6.91124e-05,0.00024361,6.51133e-05,17.6534,17.6116,1.47588,0.442727,0.210786,1.51785,1.51783,1.51111,1.52441,6.90489e-05,6.905e-05,6.88719e-05,6.92218e-05,0.000207861,0.000207103,0.000160185,0.000260734,6.52462e-05,6.52458e-05,6.51358e-05,6.53557e-05,-0.435181,8,1.50982,6.91099e-05,13,11,16,0.912823,12,11
robustness,alternating,2,60,3,20,8000,1.51384,6.91124e-05,0.00024361,5.76646e-05,7.86004,9.33736,2.39417,0.17211,0.0879977,1.51824,1.51825,1.51226,1.52438,6.9056e-05,6.90554e-05,6.8892e-05,6.92234e-05,0.000225478,0.000225008,0.000197978,0.000254307,5.76476e-05,5.76466e-05,5.74686e-05,5.78273e-05,-0.198924,6,1.50982,6.91099e-05,12,11,13,0.95846,12,11
robustness,alternating,2,60,4,40,8000,1.51384,6.91124e-05,0.00024361,5.51528e-05,14.9529,14.9174,5.18127,0.165681,0.25462,1.51824,1.51821,1.51325,1.52344,6.9053e-05,6.90529e-05,6.88834e-05,6.92219e-05,0.000220804,0.000220314,0.000196966,0.000245649,5.50248e-05,5.50247e-05,5.49227e-05,5.51297e-05,-0.317921,5,1.50982,6.91099e-05,12,11,13,0.97003,12,11
robustness,alternating,2,60,5,20,8000,1.51384,6.91124e-05,0.00024361,4.94008e-05,6.73363,7.99605,4.12731,0.101316,0.0109223,1.51857,1.51856,1.51359,1.52356,6.90556e-05,6.9058e-05,6.88908e-05,6.92155e-05,0.000225349,0.000224737,0.000204556,0.000247491,4.94956e-05,4.94956e-05,4.93196e-05,4.96713e-05,-0.17077,4,1.50982,6.91099e-05,12,11,13,0.996482,12,11
robustness,alternating,2,60,6,40,8000,1.51384,6.91124e-05,0.00024361,4.63231e-05,12.559,12.5091,8.46606,0.379877,0.268739,1.51853,1.51851,1.51361,1.52343,6.90757e-05,6.90753e-05,6.89134e-05,6.92334e-05,0.000232632,0.000232245,0.000212213,0.00025459,4.62958e-05,4.62953e-05,4.61954e-05,4.63984e-05,-0.245968,8,1.50982,6.91099e-05,11,11,12,0.949566,12,11
robustness,alternating,2,60,7,20,8000,1.51384,6.91124e-05,0.00024361,4.2482e-05,5.79056,6.86763,5.57837,0.0120529,0.0449961,1.51807,1.51802,1.51339,1.52279,6.90809e-05,6.90827e-05,6.8913e-05,6.92431e-05,0.000231631,0.000231381,0.000212609,0.000251352,4.24978e-05,4.24987e-05,4.23239e-05,4.26705e-05,-0.132578,4,1.50982,6.91099e-05,11,11,12,0.973822,12,11
robustness,alternating,2,60,8,40,8000,1.51384,6.91124e-05,0.00024361,4.07574e-05,11.0501,11.0044,10.5366,0.0383327,0.00859509,1.51811,1.51811,1.51367,1.52263,6.90839e-05,6.90836e-05,6.89142e-05,6.92459e-05,0.000233291,0.000232923,0.000215101,0.000252754,4.05909e-05,4.05908e-05,4.04912e-05,4.06927e-05,-0.176126,5,1.50982,6.91099e-05,11,11,12,0.992203,12,11
robustness,alternating,2,60,9,20,8000,1.51384,6.91124e-05,0.00024361,3.83936e-05,5.23329,6.2107,6.43581,0.164179,0.166295,1.51799,1.51796,1.51383,1.52222,6.90816e-05,6.90829e-05,6.89166e-05,6.92393e-05,0.00022523,0.000225112,0.000209323,0.000241904,3.83849e-05,3.83875e-05,3.82094e-05,3.85521e-05,-0.130409,6,1.50982,6.91099e-05,12,11,12,0.950006,12,11
robustness,alternating,2,60,10,40,8000,1.51384,6.91124e-05,0.00024361,3.69135e-05,10.0079,9.97014,11.9666,0.0631528,0.0185181,1.51769,1.51769,1.51374,1.52161,6.90852e-05,6.9086e-05,6.89237e-05,6.92403e-05,0.000225793,0.000225609,0.000209869,0.000242626,3.68883e-05,3.68885e-05,3.67886e-05,3.69895e-05,-0.188855,4,1.50982,6.91099e-05,11,11,12,0.987554,12,11
robustness,alternating,2,60,11,20,8000,1.51384,6.91124e-05,0.00024361,3.41933e-05,4.66076,5.52709,7.31673,0.0638259,0.0253975,1.51757,1.51754,1.51373,1.52132,6.90895e-05,6.90918e-05,6.89256e-05,6.92469e-05,0.000228032,0.000227839,0.000212483,0.000244717,3.41955e-05,3.41933e-05,3.40297e-05,3.43655e-05,-0.123854,4,1.50982,6.91099e-05,11,11,11,0.999101,12,11
robustness,alternating,2,60,12,40,8000,1.51384,6.91124e-05,0.00024361,3.35117e-05,9.08563,9.05188,13.2321,0.137797,0.169371,1.51704,1.517,1.51325,1.52089,6.90875e-05,6.90889e-05,6.89273e-05,6.92435e-05,0.000226121,0.000225903,0.000210744,0.000241891,3.35505e-05,3.35494e-05,3.34504e-05,3.36519e-05,-0.170419,5,1.50982,6.91099e-05,11,11,11,0.998419,12,11
robustness,alternating,2,60,13,20,8000,1.51384,6.91124e-05,0.00024361,3.22661e-05,4.39807,5.22569,7.72093,0.149036,0.189512,1.51701,1.51696,1.51324,1.52089,6.90848e-05,6.90853e-05,6.89191e-05,6.92465e-05,0.000221723,0.0002214,0.000207425,0.000236713,3.2169e-05,3.21675e-05,3.20012e-05,3.23412e-05,-0.0438629,6,1.50982,6.91099e-05,11,11,11,0.999886,12,11
robustness,alternating,2,60,14,40,8000,1.51384,6.91124e-05,0.00024361,3.10968e-05,8.43091,8.40519,14.1305,0.0644711,0.0580236,1.51798,1.518,1.51431,1.52155,6.90731e-05,6.90752e-05,6.89051e-05,6.92289e-05,0.000223212,0.000222981,0.000209136,0.000238757,3.10074e-05,3.10075e-05,3.09099e-05,3.11071e-05,-0.14147,4,1.50982,6.91099e-05,11,11,11,1,12,11
robustness,alternating,2,60,15,20,8000,1.51384,6.91124e-05,0.00024361,2.92928e-05,3.99279,4.74038,8.34452,0.00816651,0.0106853,1.51782,1.51786,1.51419,1.52136,6.90771e-05,6.90794e-05,6.89092e-05,6.92381e-05,0.000224029,0.000223859,0.000209887,0.000238959,2.91856e-05,2.9186e-05,2.90203e-05,2.93525e-05,-0.0924659,3,1.50982,6.91099e-05,11,11,11,1,12,11
robustness,alternating,2,60,16,40,8000,1.51384,6.91124e-05,0.00024361,2.81494e-05,7.63182,7.60241,15.227,0.105449,0.114194,1.51754,1.51754,1.51403,1.52115,6.90839e-05,6.90844e-05,6.89136e-05,6.92471e-05,0.00022488,0.000224695,0.000210329,0.0002406,2.81097e-05,2.81104e-05,2.80111e-05,2.82075e-05,-0.0999771,5,1.50982,6.91099e-05,11,11,11,1,12,11
robustness,alternating,2,60,17,20,8000,1.51384,6.91124e-05,0.00024361,2.69827e-05,3.67791,4.36532,8.829,0.0568446,0.0750212,1.51717,1.51712,1.51375,1.52081,6.90835e-05,6.90874e-05,6.89139e-05,6.92415e-05,0.000223263,0.000223017,0.000209394,0.000238118,2.69271e-05,2.69265e-05,2.67611e-05,2.70925e-05,-0.0905911,4,1.50982,6.91099e-05,11,11,11,1,12,11
robustness,alternating,2,60,18,40,8000,1.51384,6.91124e-05,0.00024361,2.56819e-05,6.96283,6.9324,16.1449,0.227739,0.219616,1.51713,1.51709,1.51388,1.52055,6.90908e-05,6.90899e-05,6.89289e-05,6.92511e-05,0.000225015,0.00022479,0.000211047,0.000240153,2.57942e-05,2.57941e-05,2.56952e-05,2.58937e-05,-0.110702,6,1.50982,6.91099e-05,11,11,11,1,12,11
robustness,alternating,2,60,19,20,8000,1.51384,6.91124e-05,0.00024361,2.44288e-05,3.3298,3.9467,9.36462,0.0400365,0.00396498,1.51705,1.51707,1.51384,1.5204,6.90936e-05,6.90937e-05,6.89315e-05,6.92539e-05,0.000226153,0.00022592,0.000212392,0.00024119,2.4462e-05,2.44601e-05,2.43005e-05,2.46259e-05,-0.0653767,3,1.50982,6.91099e-05,11,11,11,1,12,11
robustness,alternating,2,60,20,40,8000,1.51384,6.91124e-05,0.00024361,2.3889e-05,6.47673,6.44806,16.812,0.0160115,0.0160637,1.51693,1.51693,1.51379,1.52024,6.90959e-05,6.90967e-05,6.89321e-05,6.92578e-05,0.000226133,0.00022584,0.000212685,0.000240679,2.38668e-05,2.38668e-05,2.37686e-05,2.39654e-05,-0.0756286,3,1.50982,6.91099e-05,11,11,11,1,12,11
robustness,alternating,2,61,1,20,8000,0.776684,5.75126e-05,0.000294218,5.75126e-05,7.79775,7.54523,7.54523,4.3784,0,0.776153,0.776196,0.767373,0.784952,5.76066e-05,5.76088e-05,5.73782e-05,5.78342e-05,0.000272801,0.000257934,0.000145675,0.000460923,5.76066e-05,5.76088e-05,5.73782e-05,5.78342e-05,-0.505626,16,0.776055,5.76066e-05,12,7,21,0.948226,12,11
robustness,alternating,2,61,2,40,8000,0.776684,5.75126e-05,0.000294218,5.35917e-05,14.4694,11.1393,1.33108,0.153553,0.0341297,0.778975,0.778942,0.774507,0.783428,5.75624e-05,5.75613e-05,5.73506e-05,5.77729e-05,0.000295516,0.000294454,0.000230335,0.000364742,5.35389e-05,5.35388e-05,5.34167e-05,5.36628e-05,-0.40159,8,0.776055,5.76066e-05,11,9,13,0.94538,12,11
robustness,alternating,2,61,3,20,8000,0.776684,5.75126e-05,0.000294218,4.75238e-05,6.44344,6.24361,1.88202,0.0766501,0.0695899,0.778635,0.778609,0.774588,0.782809,5.75585e-05,5.75578e-05,5.73495e-05,5.77686e-05,0.000288138,0.000288216,0.000256222,0.000321224,4.72899e-05,4.7288e-05,4.70907e-05,4.74918e-05,-0.211208,4,0.776055,5.76066e-05,11,10,13,0.991879,12,11
robustness,alternating,2,61,4,40,8000,0.776684,5.75126e-05,0.000294218,4.46135e-05,12.0453,9.30644,4.31323,0.0486365,0.0956122,0.777381,0.777318,0.773997,0.78091,5.75756e-05,5.75769e-05,5.73692e-05,5.77811e-05,0.00029082,0.000290945,0.000259877,0.000321271,4.46086e-05,4.46094e-05,4.44917e-05,4.47227e-05,-0.28505,5,0.776055,5.76066e-05,11,10,12,0.963225,12,11
robustness,alternating,2,61,5,20,8000,0.776684,5.75126e-05,0.000294218,3.93856e-05,5.34004,5.20111,3.40222,0.144832,0.134013,0.777096,0.777049,0.773759,0.780578,5.75902e-05,5.75909e-05,5.73872e-05,5.77942e-05,0.00030836,0.000308624,0.000282534,0.000333676,3.93689e-05,3.93686e-05,3.91745e-05,3.95655e-05,-0.121394,6,0.776055,5.76066e-05,11,10,11,0.969328,12,11
robustness,alternating,2,61,6,40,8000,0.776684,5.75126e-05,0.000294218,3.75486e-05,10.1378,7.89538,6.65988,0.0217825,0.00902886,0.776827,0.776804,0.773613,0.780002,5.7597e-05,5.75985e-05,5.73986e-05,5.77938e-05,0.000308434,0.000308619,0.00028468,0.000331544,3.74248e-05,3.74248e-05,3.73112e-05,3.75377e-05,-0.23109,4,0.776055,5.76066e-05,11,10,11,0.986709,12,11
robustness,alternating,2,61,7,20,8000,0.776684,5.75126e-05,0.000294218,3.46343e-05,4.69584,4.57374,4.28976,0.104979,0.057426,0.776404,0.776412,0.773254,0.779508,5.75997e-05,5.75991e-05,5.74014e-05,5.77982e-05,0.000299519,0.000299228,0.000277841,0.00032188,3.46412e-05,3.46409e-05,3.4452e-05,3.48388e-05,-0.132952,5,0.776055,5.76066e-05,11,10,11,0.987605,12,11
robustness,alternating,2,61,8,40,8000,0.776684,5.75126e-05,0.000294218,3.28045e-05,8.85699,6.92281,8.23563,0.13717,0.141594,0.777238,0.777221,0.774357,0.780127,5.75965e-05,5.75965e-05,5.74099e-05,5.77914e-05,0.000303758,0.000303788,0.00028217,0.000326395,3.27162e-05,3.27163e-05,3.26022e-05,3.28275e-05,-0.155676,6,0.776055,5.76066e-05,11,10,11,0.9994,12,11
robustness,alternating,2,61,9,20,8000,0.776684,5.75126e-05,0.000294218,3.00472e-05,4.07391,3.98836,5.14662,0.0261298,0.053144,0.777354,0.777331,0.774526,0.780171,5.75963e-05,5.75964e-05,5.74097e-05,5.77899e-05,0.000306131,0.000306032,0.000285057,0.000327124,3.00199e-05,3.00205e-05,2.98363e-05,3.02054e-05,-0.0896439,3,0.776055,5.76066e-05,11,10,11,1,12,11
robustness,alternating,2,61,10,40,8000,0.776684,5.75126e-05,0.000294218,2.88566e-05,7.79109,6.12888,9.54694,0.0242371,0.0436332,0.776624,0.776584,0.773975,0.779364,5.76056e-05,5.7606e-05,5.74161e-05,5.78019e-05,0.000306999,0.000306782,0.000286654,0.00032753,2.88262e-05,2.88272e-05,2.87148e-05,2.89346e-05,-0.181427,4,0.776055,5.76066e-05,11,10,11,1,12,11
robustness,alternating,2,61,11,20,8000,0.776684,5.75126e-05,0.000294218,2.70489e-05,3.66739,3.59301,5.70669,0.0413203,0.0214185,0.776657,0.776627,0.774009,0.77937,5.76016e-05,5.75995e-05,5.74152e-05,5.77956e-05,0.00030252,0.000302557,0.000283054,0.000322419,2.71852e-05,2.71853e-05,2.70032e-05,2.73689e-05,-0.0844017,4,0.776055,5.76066e-05,11,10,11,1,12,11
robustness,alternating,2,61,12,40,8000,0.776684,5.75126e-05,0.000294218,2.62686e-05,7.09234,5.57093,10.4066,0.008446,0.0264341,0.776639,0.776613,0.77406,0.779309,5.76006e-05,5.75982e-05,5.74135e-05,5.77922e-05,0.000302483,0.000302523,0.000282857,0.000322096,2.63168e-05,2.63172e-05,2.6207e-05,2.64266e-05,-0.137358,3,0.776055,5.76066e-05,11,10,11,1,12,11
robustness,alternating,2,61,13,20,8000,0.776684,5.75126e-05,0.000294218,2.44789e-05,3.31894,3.25708,6.18677,0.0348662,0.0358273,0.776692,0.776674,0.774114,0.779346,5.76034e-05,5.76012e-05,5.74191e-05,5.77965e-05,0.000304601,0.000304574,0.000285371,0.000323614,2.44825e-05,2.44811e-05,2.43063e-05,2.46642e-05,-0.0853047,3,0.776055,5.76066e-05,11,10,11,1,12,11
robustness,alternating,2,61,14,40,8000,0.776684,5.75126e-05,0.000294218,2.38339e-05,6.43498,5.0693,11.2153,0.0278039,0.0200243,0.77673,0.776707,0.774215,0.779277,5.76008e-05,5.75985e-05,5.74139e-05,5.77964e-05,0.000304077,0.000304095,0.000284872,0.000322798,2.38183e-05,2.38183e-05,2.37089e-05,2.39254e-05,-0.136276,3,0.776055,5.76066e-05,11,10,11,1,12,11
robustness,alternating,2,61,15,20,8000,0.776684,5.75126e-05,0.000294218,2.26035e-05,3.06465,3.00479,6.5371,0.0271525,0.0165844,0.776844,0.776818,0.774351,0.779411,5.75991e-05,5.75972e-05,5.74108e-05,5.77957e-05,0.00030286,0.000302971,0.000283887,0.000321164,2.25585e-05,2.2558e-05,2.23818e-05,2.27344e-05,-0.0679369,3,0.776055,5.76066e-05,11,10,11,1,12,11
robustness,alternating,2,61,16,40,8000,0.776684,5.75126e-05,0.000294218,2.15475e-05,5.81767,4.61735,11.9747,0.130979,0.150766,0.776402,0.77635,0.774067,0.778916,5.7608e-05,5.76042e-05,5.7429e-05,5.77974e-05,0.000305779,0.000305633,0.000287854,0.000324492,2.15494e-05,2.1549e-05,2.14445e-05,2.16562e-05,-0.119984,5,0.776055,5.76066e-05,11,10,11,1,12,11
robustness,alternating,2,61,17,20,8000,0.776684,5.75126e-05,0.000294218,2.03508e-05,2.75923,2.72273,6.95789,0.0140758,0.0215789,0.77663,0.776569,0.774279,0.779168,5.76068e-05,5.76032e-05,5.74284e-05,5.7795e-05,0.000305559,0.000305397,0.000287733,0.000323975,2.04491e-05,2.04471e-05,2.02763e-05,2.06236e-05,-0.0597255,2,0.776055,5.76066e-05,11,10,11,1,12,11
robustness,alternating,2,61,18,40,8000,0.776684,5.75126e-05,0.000294218,1.96922e-05,5.31676,4.24636,12.5909,0.0818826,0.0564227,0.776778,0.776747,0.77439,0.779281,5.76093e-05,5.76081e-05,5.74252e-05,5.77959e-05,0.000307435,0.000307134,0.000289145,0.000326558,1.96882e-05,1.96879e-05,1.95811e-05,1.97959e-05,-0.111735,5,0.776055,5.76066e-05,11,10,11,1,12,11
robustness,alternating,2,61,19,20,8000,0.776684,5.75126e-05,0.000294218,1.8913e-05,2.56429,2.5314,7.22647,0.0312862,0.0234943,0.776883,0.776847,0.77442,0.779485,5.76046e-05,5.76015e-05,5.74235e-05,5.77893e-05,0.000304251,0.000303978,0.000285891,0.000322965,1.90355e-05,1.9036e-05,1.88674e-05,1.92026e-05,-0.0290385,4,0.776055,5.76066e-05,11,10,11,1,12,11
robustness,alternating,2,61,20,40,8000,0.776684,5.75126e-05,0.000294218,1.88414e-05,5.08703,4.01951,12.8736,0.0826754,0.116518,0.777028,0.776983,0.774661,0.779489,5.76041e-05,5.76019e-05,5.7422e-05,5.77933e-05,0.000302486,0.000302121,0.000283987,0.000321242,1.88427e-05,1.88435e-05,1.87363e-05,1.89473e-05,-0.0663798,4,0.776055,5.76066e-05,11,10,11,1,12,11
robustness,alternating,2,62,1,20,8000,0.00413077,7.94495e-05,0.000309491,7.94495e-05,10.6572,3.18268,3.18268,4.11483,0,0.00405318,0.00405367,0.00391595,0.00418721,7.95943e-05,7.9593e-05,7.93112e-05,7.9872e-05,0.000245547,0.000232433,0.000135174,0.00040395,7.95943e-05,7.9593e-05,7.93112e-05,7.9872e-05,0.0123788,16,0.00404983,7.96015e-05,10,6,17,0.94485,12,8
robustness,alternating,2,62,2,40,8000,0.00413077,7.94495e-05,0.000309491,7.10119e-05,19.0987,5.2888,2.33494,0.685316,0.233159,0.00406306,0.00406225,0.00399618,0.00413292,7.95907e-05,7.95865e-05,7.93315e-05,7.98687e-05,0.00033401,0.00033268,0.000286069,0.000384125,7.10973e-05,7.1097e-05,7.09601e-05,7.12345e-05,0.000600199,8,0.00404983,7.96015e-05,7,7,9,0.99019,12,8
robustness,alternating,2,62,3,20,8000,0.00413077,7.94495e-05,0.000309491,5.81827e-05,7.80449,1.80001,2.90589,0.052864,0.156071,0.0040649,0.00406433,0.00400244,0.00413077,7.96001e-05,7.96014e-05,7.93314e-05,7.98714e-05,0.000340376,0.00034032,0.000315107,0.000366529,5.82628e-05,5.82651e-05,5.79862e-05,5.85351e-05,0.0106178,5,0.00404983,7.96015e-05,7,7,8,0.998995,12,8
robustness,alternating,2,62,4,40,8000,0.00413077,7.94495e-05,0.000309491,5.44121e-05,14.6342,3.38729,6.84378,0.184587,0.0945929,0.00407098,0.00407023,0.00401668,0.00412686,7.96017e-05,7.96007e-05,7.93252e-05,7.98762e-05,0.000334588,0.000334412,0.000311519,0.000357799,5.43056e-05,5.43067e-05,5.41679e-05,5.44466e-05,0.0283385,5,0.00404983,7.96015e-05,7,7,8,0.999186,12,8
robustness,alternating,2,62,5,20,8000,0.00413077,7.94495e-05,0.000309491,4.72442e-05,6.33723,1.34229,4.38981,0.0591295,0.0229756,0.00407577,0.00407518,0.00402405,0.00412842,7.96049e-05,7.96126e-05,7.93304e-05,7.98717e-05,0.00032717,0.000327351,0.00030682,0.000347503,4.73563e-05,4.73556e-05,4.70875e-05,4.76248e-05,0.00752995,4,0.00404983,7.96015e-05,7,7,8,0.99928,12,8
robustness,alternating,2,62,6,40,8000,0.00413077,7.94495e-05,0.000309491,4.50097e-05,12.1054,2.63396,9.39776,0.150573,0.135764,0.00409123,0.00409121,0.00404414,0.00413973,7.95999e-05,7.96001e-05,7.93215e-05,7.98711e-05,0.000324163,0.000324329,0.000304547,0.000343393,4.4912e-05,4.49133e-05,4.47744e-05,4.50488e-05,0.0114688,5,0.00404983,7.96015e-05,8,7,8,0.999668,12,8
robustness,alternating,2,62,7,20,8000,0.00413077,7.94495e-05,0.000309491,4.02796e-05,5.40301,1.11854,5.33464,0.0548619,0.0155765,0.00409057,0.00409035,0.00404364,0.00413928,7.95994e-05,7.96008e-05,7.93273e-05,7.98733e-05,0.000320776,0.00032089,0.000302611,0.000338964,4.02232e-05,4.02188e-05,3.99673e-05,4.04818e-05,0.00694395,3,0.00404983,7.96015e-05,8,8,8,0.991397,12,8
robustness,alternating,2,62,8,40,8000,0.00413077,7.94495e-05,0.000309491,3.82014e-05,10.2743,2.18249,11.2471,0.0151706,0.0222795,0.00410319,0.00410282,0.00405842,0.00415007,7.95931e-05,7.95921e-05,7.93227e-05,7.9875e-05,0.000320263,0.000320388,0.000303196,0.000337704,3.81848e-05,3.81844e-05,3.80499e-05,3.83221e-05,-0.0177022,4,0.00404983,7.96015e-05,8,8,8,0.995371,12,8
robustness,alternating,2,62,9,20,8000,0.00413077,7.94495e-05,0.000309491,3.45103e-05,4.62913,0.959662,6.11731,0.00545556,0.0232419,0.00410103,0.00410086,0.0040576,0.00414633,7.95951e-05,7.95941e-05,7.93233e-05,7.98687e-05,0.000320652,0.000320729,0.00030431,0.000337125,3.45005e-05,3.45003e-05,3.4249e-05,3.47525e-05,-0.00615194,3,0.00404983,7.96015e-05,8,8,8,0.995609,12,8
robustness,alternating,2,62,10,40,8000,0.00413077,7.94495e-05,0.000309491,3.27844e-05,8.81741,1.89667,12.7185,0.0544571,0.0693415,0.00409897,0.00409946,0.00405353,0.00414224,7.95956e-05,7.95978e-05,7.93219e-05,7.98649e-05,0.000322475,0.000322567,0.000305609,0.000338567,3.2641e-05,3.26405e-05,3.25054e-05,3.2777e-05,-0.00162293,4,0.00404983,7.96015e-05,8,8,8,0.995568,12,8
robustness,alternating,2,62,11,20,8000,0.00413077,7.94495e-05,0.000309491,3.02094e-05,4.05221,0.863955,6.70079,0.0355266,0.00472231,0.00410002,0.00410038,0.00405587,0.00414264,7.95935e-05,7.9596e-05,7.93248e-05,7.986e-05,0.000321232,0.000321228,0.000305054,0.000337137,3.00998e-05,3.00996e-05,2.98544e-05,3.0348e-05,0.00663563,3,0.00404983,7.96015e-05,8,8,8,0.996835,12,8
robustness,alternating,2,62,12,40,8000,0.00413077,7.94495e-05,0.000309491,2.91001e-05,7.82649,1.71944,13.7193,0.0423589,0.00560863,0.00411083,0.0041114,0.00406867,0.0041514,7.95837e-05,7.95868e-05,7.93101e-05,7.98514e-05,0.000320473,0.000320558,0.000304756,0.000336037,2.90541e-05,2.90539e-05,2.89213e-05,2.91889e-05,0.0336023,4,0.00404983,7.96015e-05,8,8,8,0.99782,12,8
robustness,alternating,2,62,13,20,8000,0.00413077,7.94495e-05,0.000309491,2.69241e-05,3.61154,0.797239,7.14648,0.00193435,0.0149555,0.00411314,0.00411372,0.0040712,0.00415347,7.95782e-05,7.95813e-05,7.93061e-05,7.98445e-05,0.000319575,0.000319647,0.000304293,0.000334952,2.70465e-05,2.70469e-05,2.68064e-05,2.72805e-05,0.0298405,2,0.00404983,7.96015e-05,8,8,8,0.998368,12,8
robustness,alternating,2,62,14,40,8000,0.00413077,7.94495e-05,0.000309491,2.58386e-05,6.94931,1.5973,14.6053,0.0737296,0.0505664,0.00411511,0.00411548,0.0040744,0.00415395,7.9575e-05,7.95777e-05,7.93014e-05,7.98372e-05,0.000320594,0.000320502,0.000305693,0.000336062,2.5896e-05,2.58963e-05,2.57635e-05,2.60288e-05,0.0390577,4,0.00404983,7.96015e-05,8,8,8,0.999112,12,8
robustness,alternating,2,62,15,20,8000,0.00413077,7.94495e-05,0.000309491,2.48231e-05,3.32971,0.731604,7.43151,0.0844878,0.0840831,0.00411633,0.00411688,0.00407551,0.00415525,7.95714e-05,7.95715e-05,7.92986e-05,7.98383e-05,0.000318983,0.000318796,0.000304476,0.000333948,2.44257e-05,2.44272e-05,2.41905e-05,2.46596e-05,0.00250103,2,0.00404983,7.96015e-05,8,8,8,0.999572,12,8
robustness,alternating,2,62,16,40,8000,0.00413077,7.94495e-05,0.000309491,2.39851e-05,6.45081,1.46421,15.1088,0.0859611,0.0196995,0.00411786,0.00411846,0.00407773,0.00415656,7.95717e-05,7.9573e-05,7.93024e-05,7.98378e-05,0.000318139,0.000317821,0.000303747,0.000333746,2.38424e-05,2.38411e-05,2.37133e-05,2.39729e-05,0.022369,4,0.00404983,7.96015e-05,8,8,8,0.999578,12,8
robustness,alternating,2,62,17,20,8000,0.00413077,7.94495e-05,0.000309491,2.26837e-05,3.04274,0.684123,7.72175,0.0368373,0.0150555,0.00411886,0.00411934,0.0040792,0.00415739,7.95693e-05,7.95686e-05,7.93019e-05,7.98397e-05,0.00031671,0.000316603,0.000302532,0.000331801,2.26283e-05,2.26286e-05,2.24016e-05,2.28506e-05,0.0334555,3,0.00404983,7.96015e-05,8,8,8,0.999888,12,8
robustness,alternating,2,62,18,40,8000,0.00413077,7.94495e-05,0.000309491,2.17968e-05,5.86226,1.38131,15.7032,0.0498468,0.067043,0.00411726,0.00411722,0.00407786,0.0041562,7.95701e-05,7.95709e-05,7.93122e-05,7.98307e-05,0.000318104,0.000318036,0.000303972,0.000332934,2.16857e-05,2.16864e-05,2.15495e-05,2.18181e-05,0.00102037,4,0.00404983,7.96015e-05,8,8,8,1,12,8
robustness,alternating,2,62,19,20,8000,0.00413077,7.94495e-05,0.000309491,2.06361e-05,2.76807,0.653149,7.99953,0.0192112,0.00120357,0.00411879,0.00411881,0.00407945,0.00415788,7.95723e-05,7.95729e-05,7.93141e-05,7.98366e-05,0.000316792,0.000316676,0.000302344,0.00033167,2.07029e-05,2.07057e-05,2.0479e-05,2.0928e-05,0.025533,3,0.00404983,7.96015e-05,8,8,8,1,12,8
robustness,alternating,2,62,20,40,8000,0.00413077,7.94495e-05,0.000309491,2.04002e-05,5.48667,1.28318,16.0825,0.0661629,0.0800358,0.0041239,0.00412389,0.00408468,0.00416246,7.95672e-05,7.95696e-05,7.93124e-05,7.98231e-05,0.000315328,0.000315285,0.000300901,0.000329985,2.042e-05,2.04198e-05,2.02874e-05,2.05508e-05,0.014296,4,0.00404983,7.96015e-05,8,8,8,1,12,8
robustness,alternating,2,63,1,20,8000,0.028985,6.94013e-05,0.000270945,6.94013e-05,9.28829,1.46498,1.46498,3.99958,0,0.0291898,0.0291868,0.0283489,0.0300425,6.92239e-05,6.92226e-05,6.89525e-05,6.94971e-05,0.000263363,0.000250315,0.00014339,0.000430141,6.92239e-05,6.92226e-05,6.89525e-05,6.94971e-05,-0.0838948,15,0.0291714,6.92215e-05,11,7,18,0.928776,12,11
robustness,alternating,2,63,2,40,8000,0.028985,6.94013e-05,0.000270945,6.46035e-05,17.2982,2.71175,1.25677,0.0816957,0.0839118,0.0290005,0.0290026,0.0286472,0.0293548,6.92215e-05,6.92243e-05,6.89438e-05,6.94843e-05,0.000243023,0.000241608,0.000192236,0.000297781,6.46243e-05,6.46254e-05,6.44845e-05,6.47626e-05,-0.0547115,7,0.0291714,6.92215e-05,11,9,13,0.949694,12,11
robustness,alternating,2,63,3,20,8000,0.028985,6.94013e-05,0.000270945,5.69676e-05,7.62423,1.08113,1.67948,0.0103369,0.128463,0.0289083,0.0289095,0.0285807,0.0292284,6.9234e-05,6.92391e-05,6.8963e-05,6.94873e-05,0.000245353,0.000245029,0.000217566,0.000273672,5.67339e-05,5.67345e-05,5.64676e-05,5.70016e-05,-0.0396039,5,0.0291714,6.92215e-05,11,10,12,0.942089,12,11
robustness,alternating,2,63,4,40,8000,0.028985,6.94013e-05,0.000270945,5.28215e-05,14.1435,1.90225,4.46117,0.215354,0.18554,0.0289623,0.0289665,0.0286945,0.0292196,6.92438e-05,6.92493e-05,6.89692e-05,6.95061e-05,0.000254904,0.000254727,0.000230681,0.000279835,5.28176e-05,5.28199e-05,5.26808e-05,5.29544e-05,-0.0173418,6,0.0291714,6.92215e-05,11,9,11,0.974509,12,11
robustness,alternating,2,63,5,20,8000,0.028985,6.94013e-05,0.000270945,4.68265e-05,6.26701,0.689806,3.06874,0.0695891,0.0260461,0.0289881,0.0289892,0.0287304,0.0292326,6.92588e-05,6.92631e-05,6.89882e-05,6.95163e-05,0.000260438,0.000260173,0.00023913,0.000282953,4.69555e-05,4.69559e-05,4.66945e-05,4.72141e-05,-0.0351632,3,0.0291714,6.92215e-05,10,9,11,0.997343,12,11
robustness,alternating,2,63,6,40,8000,0.028985,6.94013e-05,0.000270945,4.51113e-05,12.079,1.51487,6.55821,0.114943,0.173575,0.0289992,0.0289999,0.0287787,0.0292222,6.92456e-05,6.92496e-05,6.89647e-05,6.95171e-05,0.000257137,0.000257047,0.000236623,0.000277689,4.51324e-05,4.5133e-05,4.49974e-05,4.52651e-05,-0.0297243,5,0.0291714,6.92215e-05,11,10,11,0.984223,12,11
robustness,alternating,2,63,7,20,8000,0.028985,6.94013e-05,0.000270945,4.16664e-05,5.5764,0.653704,3.77565,0.082043,0.112942,0.0289907,0.0289885,0.0287661,0.0292203,6.92203e-05,6.92225e-05,6.8928e-05,6.94911e-05,0.000248194,0.000248202,0.000230631,0.000266043,4.18793e-05,4.18785e-05,4.16217e-05,4.2143e-05,-0.0484091,5,0.0291714,6.92215e-05,11,10,11,0.978465,12,11
robustness,alternating,2,63,8,40,8000,0.028985,6.94013e-05,0.000270945,3.9473e-05,10.5693,1.27159,8.09175,0.184015,0.0883509,0.0290302,0.0290252,0.0288236,0.0292497,6.92218e-05,6.9223e-05,6.89467e-05,6.9489e-05,0.000251478,0.000251426,0.000233965,0.000269025,3.95673e-05,3.95696e-05,3.94282e-05,3.97035e-05,-0.0269184,6,0.0291714,6.92215e-05,11,10,11,0.998789,12,11
robustness,alternating,2,63,9,20,8000,0.028985,6.94013e-05,0.000270945,3.60172e-05,4.82035,0.477561,4.54956,0.0646031,0.0228626,0.0290208,0.0290153,0.0288179,0.029237,6.92406e-05,6.92413e-05,6.89646e-05,6.95106e-05,0.000257575,0.000257613,0.000240935,0.000274891,3.58465e-05,3.5848e-05,3.55882e-05,3.61022e-05,-0.016782,4,0.0291714,6.92215e-05,10,10,11,1,12,11
robustness,alternating,2,63,10,40,8000,0.028985,6.94013e-05,0.000270945,3.50074e-05,9.37357,1.0834,9.30631,0.129441,0.106272,0.029017,0.0290137,0.0288222,0.0292133,6.92301e-05,6.92259e-05,6.8962e-05,6.95182e-05,0.000255328,0.000255181,0.000238833,0.00027214,3.50426e-05,3.50425e-05,3.4908e-05,3.5178e-05,0.000509873,5,0.0291714,6.92215e-05,11,11,11,0.999891,12,11
robustness,alternating,2,63,11,20,8000,0.028985,6.94013e-05,0.000270945,3.26575e-05,4.37071,0.440566,5.00981,0.0106783,0.0341921,0.0290456,0.029046,0.0288486,0.0292392,6.92232e-05,6.92192e-05,6.89548e-05,6.95095e-05,0.000254653,0.000254687,0.000238963,0.00027077,3.2659e-05,3.26588e-05,3.24099e-05,3.29079e-05,0.00682318,3,0.0291714,6.92215e-05,11,11,11,1,12,11
robustness,alternating,2,63,12,40,8000,0.028985,6.94013e-05,0.000270945,3.16918e-05,8.48579,0.976217,10.2081,0.0307903,0.051079,0.0289982,0.0289975,0.0288143,0.0291896,6.92301e-05,6.92276e-05,6.89536e-05,6.9509e-05,0.000254207,0.00025419,0.00023899,0.000270136,3.17576e-05,3.17561e-05,3.16225e-05,3.18936e-05,-0.0181813,4,0.0291714,6.92215e-05,11,11,11,1,12,11
robustness,alternating,2,63,13,20,8000,0.028985,6.94013e-05,0.000270945,3.00022e-05,4.01533,0.419467,5.37358,0.0357818,0.0614416,0.0290101,0.0290098,0.0288188,0.0292029,6.92264e-05,6.92264e-05,6.89509e-05,6.95025e-05,0.000252802,0.000252729,0.000237854,0.00026786,2.99552e-05,2.99524e-05,2.9718e-05,3.01976e-05,0.00227227,3,0.0291714,6.92215e-05,11,11,11,1,12,11
robustness,alternating,2,63,14,40,8000,0.028985,6.94013e-05,0.000270945,2.8784e-05,7.70719,0.866286,10.999,0.0726712,0.0661597,0.0289969,0.0289949,0.0288105,0.0291879,6.92297e-05,6.92286e-05,6.89576e-05,6.95058e-05,0.000253795,0.000253666,0.000238975,0.000268726,2.88107e-05,2.88099e-05,2.86764e-05,2.89441e-05,-0.0178677,4,0.0291714,6.92215e-05,11,11,11,1,12,11
robustness,alternating,2,63,15,20,8000,0.028985,6.94013e-05,0.000270945,2.71464e-05,3.63312,0.351114,5.76481,0.000350201,0.0180456,0.0289938,0.0289912,0.0288079,0.0291826,6.92322e-05,6.92328e-05,6.89599e-05,6.95098e-05,0.000254014,0.00025402,0.000239382,0.000268677,2.71061e-05,2.71059e-05,2.68676e-05,2.73466e-05,0.00453483,2,0.0291714,6.92215e-05,11,11,11,1,12,11
robustness,alternating,2,63,16,40,8000,0.028985,6.94013e-05,0.000270945,2.67556e-05,7.16407,0.828558,11.5507,0.108181,0.111157,0.0290021,0.0289996,0.0288204,0.0291864,6.92305e-05,6.92261e-05,6.89559e-05,6.95123e-05,0.000252782,0.000252565,0.000238714,0.000267507,2.66102e-05,2.66108e-05,2.6479e-05,2.67408e-05,0.0091125,4,0.0291714,6.92215e-05,11,11,11,1,12,11
robustness,alternating,2,63,17,20,8000,0.028985,6.94013e-05,0.000270945,2.53138e-05,3.38786,0.338999,6.01587,0.0161806,0.012372,0.0290009,0.0289984,0.0288194,0.0291869,6.92328e-05,6.92319e-05,6.89537e-05,6.95089e-05,0.000253673,0.000253484,0.000239579,0.000268095,2.50374e-05,2.50381e-05,2.48076e-05,2.52678e-05,0.0210942,2,0.0291714,6.92215e-05,11,11,11,1,12,11
robustness,alternating,2,63,18,40,8000,0.028985,6.94013e-05,0.000270945,2.48233e-05,6.64668,0.769867,12.0762,0.114729,0.055863,0.0290546,0.0290549,0.0288717,0.0292377,6.92159e-05,6.92127e-05,6.89482e-05,6.94906e-05,0.000252529,0.000252269,0.000239044,0.0002668,2.46712e-05,2.46712e-05,2.45357e-05,2.48056e-05,0.0213702,4,0.0291714,6.92215e-05,11,11,11,1,12,11
robustness,alternating,2,63,19,20,8000,0.028985,6.94013e-05,0.000270945,2.35628e-05,3.15352,0.315544,6.25574,0.0144585,0.00837582,0.0290549,0.0290555,0.028874,0.0292381,6.92162e-05,6.92126e-05,6.89492e-05,6.94982e-05,0.000252823,0.000252627,0.000239308,0.000266979,2.33982e-05,2.33967e-05,2.31713e-05,2.36238e-05,-0.00181023,2,0.0291714,6.92215e-05,11,11,11,1,12,11
robustness,alternating,2,63,20,40,8000,0.028985,6.94013e-05,0.000270945,2.33032e-05,6.23967,0.740914,12.4897,0.124624,0.0935422,0.0290755,0.0290748,0.0289025,0.0292511,6.92098e-05,6.92056e-05,6.89297e-05,6.94932e-05,0.000251091,0.000250733,0.00023841,0.000265365,2.33694e-05,2.33686e-05,2.32364e-05,2.35042e-05,-0.0657956,6,0.0291714,6.92215e-05,11,11,11,1,12,11
robustness,alternating,2,64,1,20,8000,0.0662107,7.03688e-05,0.000275866,7.03688e-05,9.43237,1.47495,1.47495,3.34296,0,0.066542,0.0665403,0.0656287,0.0674731,7.01894e-05,7.01915e-05,6.99164e-05,7.04588e-05,0.000265321,0.000245177,0.000136775,0.000460408,7.01894e-05,7.01915e-05,6.99164e-05,7.04588e-05,-0.0378894,16,0.06657,7.01915e-05,11,7,19,0.920042,12,9
robustness,alternating,2,64,2,40,8000,0.0662107,7.03688e-05,0.000275866,6.51649e-05,17.4449,2.44741,1.38026,0.0198361,0.0362076,0.0664223,0.0664279,0.0656889,0.0671414,7.01793e-05,7.01794e-05,6.9904e-05,7.04555e-05,0.000254334,0.000254035,0.000199349,0.000311988,6.51542e-05,6.51541e-05,6.50193e-05,6.52903e-05,-0.0645616,7,0.06657,7.01915e-05,11,9,13,0.964374,12,9
robustness,alternating,2,64,3,20,8000,0.0662107,7.03688e-05,0.000275866,5.63599e-05,7.55459,0.882763,1.90314,0.0825382,0.00731436,0.0662709,0.0662745,0.0656375,0.0668965,7.01945e-05,7.01933e-05,6.99237e-05,7.04664e-05,0.000270073,0.000269869,0.000242089,0.000298546,5.63411e-05,5.63426e-05,5.60752e-05,5.66037e-05,-0.0599619,5,0.06657,7.01915e-05,10,9,11,0.994902,12,9
robustness,alternating,2,64,4,40,8000,0.0662107,7.03688e-05,0.000275866,5.25167e-05,14.0589,1.34616,4.85103,0.125518,0.108039,0.0662647,0.0662681,0.0656826,0.0668281,7.01954e-05,7.01934e-05,6.99241e-05,7.04731e-05,0.000276085,0.000276032,0.000250735,0.000302055,5.24712e-05,5.24712e-05,5.23381e-05,5.26062e-05,-0.0437823,5,0.06657,7.01915e-05,10,9,11,0.999655,12,9
robustness,alternating,2,64,5,20,8000,0.0662107,7.03688e-05,0.000275866,4.66125e-05,6.24803,0.509711,3.24404,0.00412764,0.00971263,0.0662348,0.066241,0.0656851,0.0667512,7.01921e-05,7.01876e-05,6.99245e-05,7.04763e-05,0.000276065,0.000275978,0.000254618,0.00029783,4.66198e-05,4.66221e-05,4.6358e-05,4.68761e-05,-0.0241782,3,0.06657,7.01915e-05,10,9,11,1,12,9
robustness,alternating,2,64,6,40,8000,0.0662107,7.03688e-05,0.000275866,4.44388e-05,11.8965,0.860537,7.06769,0.0534444,0.0544895,0.0662196,0.066217,0.0656986,0.0667363,7.01861e-05,7.01819e-05,6.99138e-05,7.04762e-05,0.000274332,0.000274205,0.000253995,0.000295303,4.4509e-05,4.45082e-05,4.43748e-05,4.46446e-05,-0.0355566,4,0.06657,7.01915e-05,10,9,11,1,12,9
robustness,alternating,2,64,7,20,8000,0.0662107,7.03688e-05,0.000275866,4.07999e-05,5.46891,0.424931,4.04365,0.0679885,0.0791633,0.0659892,0.065978,0.0655146,0.0664824,7.01801e-05,7.01762e-05,6.99172e-05,7.046e-05,0.000269688,0.000269575,0.000250929,0.000288525,4.06911e-05,4.06894e-05,4.0439e-05,4.09458e-05,-0.0243225,4,0.06657,7.01915e-05,10,9,11,1,12,9
robustness,alternating,2,64,8,40,8000,0.0662107,7.03688e-05,0.000275866,3.86339e-05,10.3425,0.590723,8.66061,0.0774496,0.0940183,0.0659236,0.0659182,0.0654654,0.066402,7.01889e-05,7.01894e-05,6.99263e-05,7.0461e-05,0.00027123,0.00027086,0.000253115,0.000290098,3.86747e-05,3.86744e-05,3.85453e-05,3.88078e-05,-0.0261222,4,0.06657,7.01915e-05,10,9,10,0.961152,12,9
robustness,alternating,2,64,9,20,8000,0.0662107,7.03688e-05,0.000275866,3.51694e-05,4.71417,0.244256,4.81823,0.0472177,0.0356085,0.0661329,0.0661295,0.0656775,0.0665947,7.01912e-05,7.01896e-05,6.99256e-05,7.04652e-05,0.000274909,0.000274433,0.000257496,0.000293335,3.51337e-05,3.51363e-05,3.48848e-05,3.53789e-05,-0.0219605,4,0.06657,7.01915e-05,10,9,10,0.999262,12,9
robustness,alternating,2,64,10,40,8000,0.0662107,7.03688e-05,0.000275866,3.36818e-05,9.01676,0.302242,10.0195,0.0282436,0.0352498,0.0662006,0.0661989,0.0657537,0.0666446,7.01948e-05,7.01946e-05,6.99273e-05,7.04618e-05,0.000276269,0.000275639,0.000259335,0.000295036,3.35436e-05,3.35436e-05,3.34094e-05,3.36764e-05,-0.0468729,4,0.06657,7.01915e-05,9,9,10,1,12,9
robustness,alternating,2,64,11,20,8000,0.0662107,7.03688e-05,0.000275866,3.0819e-05,4.13104,0.16934,5.4167,0.0401553,0.0568048,0.066171,0.0661738,0.0657174,0.0666095,7.02007e-05,7.02e-05,6.99373e-05,7.0468e-05,0.000280994,0.000280495,0.000263313,0.000300789,3.06135e-05,3.06105e-05,3.03715e-05,3.08565e-05,-0.0546507,4,0.06657,7.01915e-05,9,9,10,1,12,9
robustness,alternating,2,64,12,40,8000,0.0662107,7.03688e-05,0.000275866,2.93378e-05,7.85385,0.214356,11.2116,0.0618358,0.119361,0.0663285,0.0663257,0.0658932,0.0667824,7.0205e-05,7.02049e-05,6.99411e-05,7.04667e-05,0.000283659,0.000283105,0.000265875,0.000303905,2.91643e-05,2.91646e-05,2.90299e-05,2.92988e-05,-0.0520423,5,0.06657,7.01915e-05,9,9,10,1,12,9
robustness,alternating,2,64,13,20,8000,0.0662107,7.03688e-05,0.000275866,2.74612e-05,3.68095,0.173792,5.87862,0.025675,0.00122847,0.0663416,0.0663366,0.0659088,0.0667928,7.02057e-05,7.02044e-05,6.99386e-05,7.0467e-05,0.000283152,0.000282644,0.000265521,0.000302587,2.73317e-05,2.73321e-05,2.70886e-05,2.75692e-05,-0.0219587,2,0.06657,7.01915e-05,9,9,10,1,12,9
robustness,alternating,2,64,14,40,8000,0.0662107,7.03688e-05,0.000275866,2.66366e-05,7.13074,0.230963,11.9528,0.0406171,0.00210588,0.0663378,0.0663352,0.0659096,0.066775,7.02059e-05,7.02082e-05,6.99404e-05,7.04658e-05,0.000282766,0.000282273,0.000265546,0.000301828,2.65708e-05,2.65712e-05,2.64398e-05,2.67018e-05,-0.0447605,4,0.06657,7.01915e-05,9,9,10,1,12,9
robustness,alternating,2,64,15,20,8000,0.0662107,7.03688e-05,0.000275866,2.49357e-05,3.34243,0.183709,6.22604,0.00864174,0.0215593,0.0663146,0.0663073,0.065899,0.0667422,7.02041e-05,7.02064e-05,6.99367e-05,7.04658e-05,0.000283076,0.000282677,0.000266145,0.000301238,2.49593e-05,2.49615e-05,2.4726e-05,2.51888e-05,-0.0306738,2,0.06657,7.01915e-05,9,9,10,1,12,9
robustness,alternating,2,64,16,40,8000,0.0662107,7.03688e-05,0.000275866,2.42576e-05,6.49386,0.275011,12.6056,0.00142313,0.00248812,0.0663493,0.0663468,0.065932,0.0667744,7.02058e-05,7.02056e-05,6.99419e-05,7.04642e-05,0.000283259,0.000282923,0.000266189,0.000301278,2.42376e-05,2.42376e-05,2.41059e-05,2.43681e-05,-0.00857773,3,0.06657,7.01915e-05,9,9,10,1,12,9
robustness,alternating,2,64,17,20,8000,0.0662107,7.03688e-05,0.000275866,2.3053e-05,3.09007,0.172417,6.48504,0.0181551,0.0109336,0.0663652,0.0663639,0.0659457,0.0667835,7.02083e-05,7.02112e-05,6.99449e-05,7.04669e-05,0.000284639,0.000284415,0.000267742,0.000302743,2.27832e-05,2.27805e-05,2.25595e-05,2.30103e-05,-0.0140453,2,0.06657,7.01915e-05,9,9,10,1,12,9
robustness,alternating,2,64,18,40,8000,0.0662107,7.03688e-05,0.000275866,2.20577e-05,5.90493,0.361903,13.2093,0.0359956,0.111797,0.0663557,0.0663513,0.0659433,0.0667852,7.0209e-05,7.02112e-05,6.99421e-05,7.04691e-05,0.000284892,0.000284573,0.000268486,0.000303135,2.21274e-05,2.21263e-05,2.19973e-05,2.22592e-05,-0.0224543,3,0.06657,7.01915e-05,9,9,10,1,12,9
robustness,alternating,2,64,19,20,8000,0.0662107,7.03688e-05,0.000275866,2.08704e-05,2.79751,0.221701,6.78529,0.0207416,0.016911,0.0664118,0.0664087,0.0659922,0.0668489,7.02137e-05,7.02171e-05,6.9947e-05,7.04744e-05,0.000285433,0.00028497,0.000269011,0.000303811,2.09611e-05,2.09605e-05,2.0741e-05,2.11798e-05,-0.0227839,2,0.06657,7.01915e-05,9,9,10,1,12,9
robustness,alternating,2,64,20,40,8000,0.0662107,7.03688e-05,0.000275866,2.06157e-05,5.5189,0.325036,13.605,0.0429911,0.0624857,0.0664121,0.0664107,0.0659974,0.0668289,7.02105e-05,7.02102e-05,6.99414e-05,7.04676e-05,0.00028451,0.000284133,0.000267907,0.000302473,2.06131e-05,2.06121e-05,2.04841e-05,2.07454e-05,-0.0102642,3,0.06657,7.01915e-05,9,9,10,1,12,9
robustness,alternating,2,65,1,20,8000,2.67731,5.85756e-05,0.000146337,5.85756e-05,8.02949,11.15,11.15,8.00329,0,2.65528,2.65507,2.63475,2.67653,5.86764e-05,5.86757e-05,5.84895e-05,5.88628e-05,0.000275439,0.000254822,0.000131503,0.000495617,5.86764e-05,5.86757e-05,5.84895e-05,5.88628e-05,-0.536695,17,2.65561,5.86767e-05,12,7,23,0.933176,12,17
robustness,alternating,2,65,2,40,8000,2.67731,5.85756e-05,0.000146337,5.68212e-05,15.4738,18.4635,0.735697,0.788923,0.102296,2.66156,2.6617,2.64998,2.67292,5.8656e-05,5.86536e-05,5.84941e-05,5.88228e-05,0.000160665,0.000157815,0.000109779,0.000221509,5.68399e-05,5.68394e-05,5.6745e-05,5.69363e-05,-0.371392,9,2.65561,5.86767e-05,19,14,27,0.916889,12,17
robustness,alternating,2,65,3,20,8000,2.67731,5.85756e-05,0.000146337,5.19622e-05,7.12292,9.88709,1.54544,0.179187,0.268303,2.66797,2.66779,2.65805,2.6783,5.8626e-05,5.86259e-05,5.84622e-05,5.87882e-05,0.000182413,0.000181988,0.000150025,0.000216294,5.19604e-05,5.1962e-05,5.17928e-05,5.2122e-05,-0.256986,6,2.65561,5.86767e-05,17,14,20,0.944955,12,17
robustness,alternating,2,65,4,40,8000,2.67731,5.85756e-05,0.000146337,5.04616e-05,13.7419,16.3721,3.35049,0.202556,0.0324168,2.67228,2.67205,2.66359,2.68143,5.85993e-05,5.86007e-05,5.84377e-05,5.87553e-05,0.000174767,0.000174199,0.000146093,0.000205419,5.05225e-05,5.05227e-05,5.04298e-05,5.06139e-05,-0.280752,7,2.65561,5.86767e-05,17,15,21,0.967508,12,17
robustness,alternating,2,65,5,20,8000,2.67731,5.85756e-05,0.000146337,4.76804e-05,6.53598,9.08432,2.54436,0.152879,0.036204,2.67395,2.67386,2.66521,2.68307,5.85829e-05,5.85879e-05,5.84184e-05,5.87342e-05,0.000163666,0.000163155,0.000141353,0.000187679,4.76455e-05,4.76458e-05,4.74858e-05,4.78032e-05,-0.182393,5,2.65561,5.86767e-05,19,17,21,0.912844,12,17
robustness,alternating,2,65,6,40,8000,2.67731,5.85756e-05,0.000146337,4.63381e-05,12.619,15.0355,5.04689,0.0775685,0.00445285,2.67344,2.67343,2.66561,2.68124,5.85839e-05,5.85872e-05,5.84218e-05,5.874e-05,0.000162415,0.000161918,0.000140594,0.000185097,4.63274e-05,4.63284e-05,4.62358e-05,4.64172e-05,-0.223729,5,2.65561,5.86767e-05,19,17,21,0.930533,12,17
robustness,alternating,2,65,7,20,8000,2.67731,5.85756e-05,0.000146337,4.35939e-05,5.9758,8.31917,3.49784,0.00623599,0.0611732,2.67219,2.67207,2.66469,2.6801,5.85913e-05,5.8592e-05,5.84264e-05,5.87478e-05,0.000162031,0.000161863,0.000141983,0.000182974,4.36489e-05,4.36498e-05,4.34938e-05,4.38015e-05,-0.170714,4,2.65561,5.86767e-05,19,17,21,0.952703,12,17
robustness,alternating,2,65,8,40,8000,2.67731,5.85756e-05,0.000146337,4.17569e-05,11.3714,13.5549,6.93169,0.266792,0.297319,2.67353,2.67349,2.66623,2.68082,5.85824e-05,5.85827e-05,5.84257e-05,5.87383e-05,0.000164963,0.000164443,0.000146107,0.000185578,4.18338e-05,4.18342e-05,4.17431e-05,4.19238e-05,-0.203633,6,2.65561,5.86767e-05,18,17,21,0.957737,12,17
robustness,alternating,2,65,9,20,8000,2.67731,5.85756e-05,0.000146337,3.96541e-05,5.43575,7.57465,4.41711,0.0274297,0.0190757,2.67454,2.67448,2.66764,2.68162,5.85731e-05,5.85738e-05,5.84226e-05,5.87247e-05,0.000163823,0.00016335,0.00014643,0.000182095,3.96449e-05,3.96427e-05,3.94896e-05,3.98027e-05,-0.136061,4,2.65561,5.86767e-05,19,17,21,0.983551,12,17
robustness,alternating,2,65,10,40,8000,2.67731,5.85756e-05,0.000146337,3.86262e-05,10.5189,12.5528,8.21973,0.00754975,0.0431185,2.67566,2.67569,2.66908,2.68244,5.85648e-05,5.85658e-05,5.84143e-05,5.87138e-05,0.000163558,0.000163176,0.000146317,0.000181771,3.86382e-05,3.86389e-05,3.85484e-05,3.87281e-05,-0.15044,4,2.65561,5.86767e-05,19,17,21,0.989479,12,17
robustness,alternating,2,65,11,20,8000,2.67731,5.85756e-05,0.000146337,3.64082e-05,4.9908,6.96104,5.17449,0.0679221,0.113286,2.67581,2.67581,2.6691,2.68251,5.85647e-05,5.85653e-05,5.84141e-05,5.87145e-05,0.000165462,0.000165268,0.000148365,0.000182804,3.64601e-05,3.64603e-05,3.63065e-05,3.6616e-05,-0.0853878,4,2.65561,5.86767e-05,18,17,20,0.973238,12,17
robustness,alternating,2,65,12,40,8000,2.67731,5.85756e-05,0.000146337,3.49736e-05,9.52419,11.3652,9.7225,0.245944,0.269744,2.67687,2.67703,2.67036,2.68306,5.85558e-05,5.85596e-05,5.83983e-05,5.86976e-05,0.000168317,0.000168107,0.000151673,0.000184931,3.49556e-05,3.49568e-05,3.48664e-05,3.50436e-05,-0.140276,6,2.65561,5.86767e-05,17,17,19,0.958294,12,17
robustness,alternating,2,65,13,20,8000,2.67731,5.85756e-05,0.000146337,3.31161e-05,4.53953,6.33054,5.94265,0.0482943,0.101294,2.67702,2.67716,2.67054,2.68306,5.85542e-05,5.85573e-05,5.84006e-05,5.86943e-05,0.000169703,0.000169623,0.000153402,0.000185832,3.31453e-05,3.31465e-05,3.29937e-05,3.32952e-05,-0.0793511,4,2.65561,5.86767e-05,17,17,19,0.97455,12,17
robustness,alternating,2,65,14,40,8000,2.67731,5.85756e-05,0.000146337,3.23471e-05,8.80892,10.517,10.8031,0.0183821,0.0510063,2.67699,2.677,2.67087,2.68298,5.85528e-05,5.85555e-05,5.84019e-05,5.86933e-05,0.000169254,0.000169271,0.00015319,0.000185216,3.24487e-05,3.245e-05,3.23582e-05,3.25381e-05,-0.124914,4,2.65561,5.86767e-05,17,17,19,0.99277,12,17
robustness,alternating,2,65,15,20,8000,2.67731,5.85756e-05,0.000146337,3.12123e-05,4.27855,5.97588,6.38688,0.0418648,0.0197762,2.6773,2.67732,2.67117,2.68335,5.85502e-05,5.85509e-05,5.84036e-05,5.86898e-05,0.000167724,0.000167504,0.00015215,0.000183975,3.12262e-05,3.12259e-05,3.10735e-05,3.13798e-05,-0.103109,4,2.65561,5.86767e-05,18,17,19,0.997403,12,17
robustness,alternating,2,65,16,40,8000,2.67731,5.85756e-05,0.000146337,3.06014e-05,8.33352,9.96343,11.5214,0.0137686,0.0154643,2.67695,2.67692,2.67103,2.68297,5.85559e-05,5.8557e-05,5.84111e-05,5.86943e-05,0.000167127,0.000166869,0.000151854,0.000183192,3.06905e-05,3.06911e-05,3.06011e-05,3.07764e-05,-0.112546,4,2.65561,5.86767e-05,18,17,19,0.998985,12,17
robustness,alternating,2,65,17,20,8000,2.67731,5.85756e-05,0.000146337,2.90827e-05,3.98663,5.57065,6.88379,0.0832926,0.0994192,2.67692,2.67693,2.67097,2.68274,5.85561e-05,5.85584e-05,5.84101e-05,5.8693e-05,0.000167521,0.000167299,0.000152615,0.000183197,2.93958e-05,2.93961e-05,2.92485e-05,2.95473e-05,-0.0881384,3,2.65561,5.86767e-05,18,17,19,0.999871,12,17
robustness,alternating,2,65,18,40,8000,2.67731,5.85756e-05,0.000146337,2.83057e-05,7.70834,9.21457,12.4659,0.211169,0.114777,2.67653,2.67653,2.67052,2.68243,5.85601e-05,5.85643e-05,5.84106e-05,5.86917e-05,0.000170302,0.000169898,0.000156025,0.000185712,2.8268e-05,2.82678e-05,2.81797e-05,2.83575e-05,-0.118293,6,2.65561,5.86767e-05,18,17,18,1,12,17
robustness,alternating,2,65,19,20,8000,2.67731,5.85756e-05,0.000146337,2.77358e-05,3.80199,5.32183,7.19809,0.128611,0.0854359,2.67712,2.67718,2.67117,2.6829,5.85536e-05,5.85555e-05,5.84153e-05,5.86902e-05,0.00016738,0.000167064,0.00015404,0.000181943,2.75999e-05,2.75998e-05,2.74501e-05,2.7753e-05,-0.0777757,5,2.65561,5.86767e-05,18,17,18,1,12,17
robustness,alternating,2,65,20,40,8000,2.67731,5.85756e-05,0.000146337,2.79425e-05,7.60943,9.13244,12.6153,0.352112,0.271519,2.6772,2.67754,2.67036,2.68277,5.85241e-05,5.85196e-05,5.83929e-05,5.86699e-05,0.000163501,0.000163155,0.000151037,0.000176321,2.79467e-05,2.79467e-05,2.78588e-05,2.80354e-05,-0.078802,9,2.65561,5.86767e-05,18,17,18,1,12,17
robustness,alternating,2,66,1,20,8000,0.000736306,5.17716e-05,0.000349299,5.17716e-05,7.00639,2.34318,2.34318,3.7501,0,0.000716207,0.000715799,0.000667613,0.000767207,5.15377e-05,5.15374e-05,5.12573e-05,5.18163e-05,0.00025817,0.00023876,0.00013644,0.00043957,5.15377e-05,5.15374e-05,5.12573e-05,5.18163e-05,0.0918291,14,0.000712676,5.15344e-05,15,9,25,0.911409,12,10
robustness,alternating,2,66,2,40,8000,0.000736306,5.17716e-05,0.000349299,4.78776e-05,13.0216,4.32814,1.00611,0.25546,0.0502829,0.00071993,0.000719816,0.000681413,0.000759105,5.15066e-05,5.15097e-05,5.12115e-05,5.17882e-05,0.000341458,0.000340291,0.000262337,0.000424614,4.76836e-05,4.7684e-05,4.75466e-05,4.78221e-05,0.119049,7,0.000712676,5.15344e-05,11,9,13,0.94809,12,10
robustness,alternating,2,66,3,20,8000,0.000736306,5.17716e-05,0.000349299,4.19032e-05,5.67087,2.05419,1.31651,0.0295864,0.028031,0.000727223,0.000726937,0.000693789,0.000761597,5.1502e-05,5.15094e-05,5.12114e-05,5.17801e-05,0.000338447,0.000338263,0.000298167,0.000379358,4.17268e-05,4.17258e-05,4.1451e-05,4.2001e-05,0.0415589,4,0.000712676,5.15344e-05,11,9,12,0.989296,12,10
robustness,alternating,2,66,4,40,8000,0.000736306,5.17716e-05,0.000349299,3.9226e-05,10.6686,3.83511,3.37952,0.0440475,0.0628689,0.000717802,0.000717454,0.000686877,0.000749963,5.15024e-05,5.15053e-05,5.12119e-05,5.17865e-05,0.000342484,0.000341995,0.00030742,0.000379621,3.92257e-05,3.92245e-05,3.90934e-05,3.93619e-05,0.050954,4,0.000712676,5.15344e-05,11,9,11,0.979271,12,10
robustness,alternating,2,66,5,20,8000,0.000736306,5.17716e-05,0.000349299,3.47441e-05,4.70201,1.8665,2.29382,0.0513106,0.0386052,0.000724765,0.000724307,0.000695421,0.000755137,5.15093e-05,5.15138e-05,5.12167e-05,5.17877e-05,0.000346732,0.000346511,0.000316964,0.00037704,3.49572e-05,3.49554e-05,3.47018e-05,3.52153e-05,0.0513484,3,0.000712676,5.15344e-05,10,9,11,0.997337,12,10
robustness,alternating,2,66,6,40,8000,0.000736306,5.17716e-05,0.000349299,3.32263e-05,9.03679,3.44912,5.02548,0.0128116,0.0476815,0.000726481,0.000726357,0.000698221,0.000755352,5.15097e-05,5.15123e-05,5.12131e-05,5.17946e-05,0.000347226,0.000347047,0.000319277,0.000375947,3.32275e-05,3.32277e-05,3.30923e-05,3.33611e-05,0.0599331,4,0.000712676,5.15344e-05,10,10,11,0.952372,12,10
robustness,alternating,2,66,7,20,8000,0.000736306,5.17716e-05,0.000349299,3.01938e-05,4.08621,1.66884,2.91501,0.00509062,0.000830909,0.000731359,0.00073143,0.000703743,0.000758646,5.15095e-05,5.15139e-05,5.12107e-05,5.1794e-05,0.000346569,0.000346641,0.000320847,0.000372661,3.02395e-05,3.02416e-05,2.99883e-05,3.04823e-05,0.0421723,2,0.000712676,5.15344e-05,10,10,11,0.983463,12,10
robustness,alternating,2,66,8,40,8000,0.000736306,5.17716e-05,0.000349299,2.87652e-05,7.82346,3.14427,6.24935,0.057556,0.0403193,0.000728327,0.000728574,0.000701813,0.000754423,5.15191e-05,5.15235e-05,5.12224e-05,5.18035e-05,0.000348764,0.000348735,0.000323435,0.000374005,2.8801e-05,2.88009e-05,2.86669e-05,2.89309e-05,0.06535,4,0.000712676,5.15344e-05,10,10,11,0.99288,12,10
robustness,alternating,2,66,9,20,8000,0.000736306,5.17716e-05,0.000349299,2.6302e-05,3.55951,1.54222,3.44632,0.0283933,0.023386,0.000730825,0.000730832,0.000705145,0.000755885,5.153e-05,5.15325e-05,5.1232e-05,5.18188e-05,0.00035427,0.000354078,0.000329891,0.000378938,2.61894e-05,2.61888e-05,2.59548e-05,2.64265e-05,0.0640821,3,0.000712676,5.15344e-05,10,10,10,0.957789,12,10
robustness,alternating,2,66,10,40,8000,0.000736306,5.17716e-05,0.000349299,2.51216e-05,6.83251,2.92954,7.24891,0.0245316,0.0562517,0.000727196,0.000727216,0.00070255,0.000751996,5.15274e-05,5.15282e-05,5.12352e-05,5.18199e-05,0.000355442,0.000355435,0.000331365,0.000380205,2.50887e-05,2.50898e-05,2.49554e-05,2.52192e-05,0.0371962,4,0.000712676,5.15344e-05,10,10,10,0.991515,12,10
robustness,alternating,2,66,11,20,8000,0.000736306,5.17716e-05,0.000349299,2.35539e-05,3.18761,1.4108,3.82148,0.0333496,0.0258622,0.000728648,0.00072859,0.000703601,0.000754021,5.15197e-05,5.15144e-05,5.12302e-05,5.18247e-05,0.000347972,0.000347623,0.000324795,0.00037172,2.37314e-05,2.37309e-05,2.3495e-05,2.3971e-05,0.0470845,4,0.000712676,5.15344e-05,10,10,10,0.99309,12,10
robustness,alternating,2,66,12,40,8000,0.000736306,5.17716e-05,0.000349299,2.28009e-05,6.20133,2.65087,7.88558,0.0392745,0.00841425,0.00072709,0.000727011,0.000702022,0.00075168,5.15202e-05,5.1516e-05,5.12305e-05,5.18164e-05,0.000348643,0.000348334,0.000325642,0.000372695,2.28665e-05,2.28666e-05,2.27347e-05,2.29952e-05,0.0402422,3,0.000712676,5.15344e-05,10,10,10,0.992279,12,10
robustness,alternating,2,66,13,20,8000,0.000736306,5.17716e-05,0.000349299,2.10742e-05,2.85203,1.32225,4.16001,0.0458199,0.0374608,0.000729987,0.000730323,0.000705478,0.00075375,5.15243e-05,5.15206e-05,5.12374e-05,5.18176e-05,0.000351591,0.00035108,0.000329434,0.00037557,2.12111e-05,2.12089e-05,2.09899e-05,2.14351e-05,0.0250856,3,0.000712676,5.15344e-05,10,10,10,0.99229,12,10
robustness,alternating,2,66,14,40,8000,0.000736306,5.17716e-05,0.000349299,2.02894e-05,5.51824,2.52439,8.5746,0.0775891,0.0429057,0.000732099,0.000732538,0.000708139,0.000755366,5.15253e-05,5.15231e-05,5.12379e-05,5.18142e-05,0.000353354,0.000353045,0.000331048,0.000377457,2.04103e-05,2.04088e-05,2.02827e-05,2.0543e-05,0.0362134,3,0.000712676,5.15344e-05,10,10,10,0.993937,12,10
robustness,alternating,2,66,15,20,8000,0.000736306,5.17716e-05,0.000349299,1.90427e-05,2.5771,1.24547,4.43735,0.0259162,0.0126374,0.000727811,0.000728069,0.000704418,0.000750441,5.15228e-05,5.15238e-05,5.12361e-05,5.18081e-05,0.000352898,0.000352748,0.000330843,0.000376211,1.92642e-05,1.92655e-05,1.90454e-05,1.94826e-05,0.018914,2,0.000712676,5.15344e-05,10,10,10,0.994556,12,10
robustness,alternating,2,66,16,40,8000,0.000736306,5.17716e-05,0.000349299,1.8634e-05,5.06801,2.33797,9.02874,0.0276347,0.0288506,0.000726628,0.00072671,0.000703924,0.000749236,5.15257e-05,5.15279e-05,5.12386e-05,5.18079e-05,0.000353079,0.000352779,0.000331578,0.00037556,1.87267e-05,1.87264e-05,1.85982e-05,1.88539e-05,0.0217311,3,0.000712676,5.15344e-05,10,10,10,0.994125,12,10
robustness,alternating,2,66,17,20,8000,0.000736306,5.17716e-05,0.000349299,1.76315e-05,2.38612,1.15224,4.63,0.0145632,0.0036438,0.000728097,0.00072829,0.000705493,0.000749751,5.15244e-05,5.15262e-05,5.12395e-05,5.18069e-05,0.000352604,0.000352243,0.000331291,0.000375141,1.77616e-05,1.77603e-05,1.75524e-05,1.79707e-05,0.0047099,1,0.000712676,5.15344e-05,10,10,10,0.994295,12,10
robustness,alternating,2,66,18,40,8000,0.000736306,5.17716e-05,0.000349299,1.72156e-05,4.68225,2.18012,9.41785,0.0265271,0.00688499,0.000727716,0.000727565,0.000705446,0.000750224,5.15244e-05,5.15248e-05,5.12401e-05,5.18087e-05,0.000351406,0.000351075,0.000330257,0.000373822,1.74438e-05,1.74441e-05,1.73179e-05,1.75714e-05,0.0206524,4,0.000712676,5.15344e-05,10,10,10,0.994683,12,10
robustness,alternating,2,66,19,20,8000,0.000736306,5.17716e-05,0.000349299,1.64377e-05,2.22456,1.07023,4.79298,0.020186,0.0077329,0.000728773,0.000728802,0.000707097,0.000751085,5.15261e-05,5.15279e-05,5.1241e-05,5.18104e-05,0.000352779,0.000352415,0.000331661,0.000375158,1.64844e-05,1.64841e-05,1.62783e-05,1.66933e-05,0.0217031,2,0.000712676,5.15344e-05,10,10,10,0.994478,12,10
robustness,alternating,2,66,20,40,8000,0.000736306,5.17716e-05,0.000349299,1.62991e-05,4.43299,1.98807,9.66928,0.0555143,0.0672285,0.000728718,0.000728582,0.000707527,0.000750528,5.15259e-05,5.15265e-05,5.12413e-05,5.18082e-05,0.000349694,0.000349395,0.000329037,0.000371759,1.63568e-05,1.63556e-05,1.62322e-05,1.64832e-05,0.036137,4,0.000712676,5.15344e-05,10,10,10,0.996165,12,10
robustness,alternating,2,67,1,20,8000,0.0466334,4.18841e-05,0.000409281,4.18841e-05,5.60956,2.50459,2.50459,4.38762,0,0.0459793,0.0459896,0.0443339,0.0475949,4.16804e-05,4.16794e-05,4.14066e-05,4.19549e-05,0.00027087,0.000257999,0.000143145,0.000438137,4.16804e-05,4.16794e-05,4.14066e-05,4.19549e-05,-0.0205515,16,0.0460764,4.16768e-05,17,10,29,0.919524,12,11
robustness,alternating,2,67,2,40,8000,0.0466334,4.18841e-05,0.000409281,3.8678e-05,10.3519,4.90747,0.817709,0.312299,0.106079,0.046085,0.046064,0.0452454,0.0469648,4.1634e-05,4.16379e-05,4.1347e-05,4.19061e-05,0.000396092,0.000392077,0.000305911,0.000498418,3.86626e-05,3.86624e-05,3.85235e-05,3.87993e-05,-0.0781235,7,0.0460764,4.16768e-05,11,9,14,0.952364,12,11
robustness,alternating,2,67,3,20,8000,0.0466334,4.18841e-05,0.000409281,3.42576e-05,4.58814,2.22115,1.01966,0.018025,0.0344258,0.0463284,0.0463348,0.0455284,0.0471463,4.16251e-05,4.16288e-05,4.13536e-05,4.18858e-05,0.00038941,0.000388799,0.000339605,0.000440735,3.4205e-05,3.42065e-05,3.39386e-05,3.44633e-05,0.00449472,4,0.0460764,4.16768e-05,11,10,13,0.985029,12,11
robustness,alternating,2,67,4,40,8000,0.0466334,4.18841e-05,0.000409281,3.27616e-05,8.76842,4.15904,2.43386,0.0995098,0.10954,0.0462673,0.0462632,0.0455978,0.0469599,4.16074e-05,4.16073e-05,4.13406e-05,4.18722e-05,0.000372451,0.000372109,0.000330132,0.000417394,3.28463e-05,3.28466e-05,3.27139e-05,3.29814e-05,-0.0432935,5,0.0460764,4.16768e-05,12,11,13,0.973212,12,11
robustness,alternating,2,67,5,20,8000,0.0466334,4.18841e-05,0.000409281,2.90321e-05,3.88829,1.98379,1.73786,0.0969053,0.047527,0.0464656,0.0464587,0.045799,0.0471631,4.16285e-05,4.16275e-05,4.13617e-05,4.18938e-05,0.000400415,0.000399859,0.000362587,0.000439912,2.90782e-05,2.90771e-05,2.88374e-05,2.93211e-05,0.0189608,5,0.0460764,4.16768e-05,11,10,12,0.976594,12,11
robustness,alternating,2,67,6,40,8000,0.0466334,4.18841e-05,0.000409281,2.75378e-05,7.37031,3.85824,3.86095,0.053068,0.0344325,0.0463977,0.0463952,0.0457967,0.0470236,4.16348e-05,4.1639e-05,4.13637e-05,4.18981e-05,0.000402496,0.000402166,0.000367722,0.000439801,2.76335e-05,2.76331e-05,2.74996e-05,2.7767e-05,-0.0287646,3,0.0460764,4.16768e-05,11,10,12,0.991916,12,11
robustness,alternating,2,67,7,20,8000,0.0466334,4.18841e-05,0.000409281,2.5129e-05,3.36554,1.79976,2.27434,0.015728,0.000318212,0.0464036,0.0463958,0.0458139,0.0470174,4.16338e-05,4.1635e-05,4.1361e-05,4.19001e-05,0.000400769,0.000400718,0.000368085,0.000434274,2.52878e-05,2.52872e-05,2.50525e-05,2.55242e-05,-0.00699616,3,0.0460764,4.16768e-05,11,11,12,0.967273,12,11
robustness,alternating,2,67,8,40,8000,0.0466334,4.18841e-05,0.000409281,2.39014e-05,6.39706,3.53257,4.85439,0.100153,0.054402,0.0463737,0.0463677,0.0458024,0.0469532,4.16388e-05,4.16414e-05,4.1364e-05,4.19088e-05,0.000405912,0.000405818,0.000373323,0.000440265,2.40102e-05,2.40113e-05,2.38765e-05,2.41413e-05,-0.0367977,4,0.0460764,4.16768e-05,11,11,11,0.940641,12,11
robustness,alternating,2,67,9,20,8000,0.0466334,4.18841e-05,0.000409281,2.19359e-05,2.93788,1.6752,2.71322,0.034137,0.0190075,0.0464358,0.0464281,0.0458767,0.0470059,4.16431e-05,4.16437e-05,4.13682e-05,4.19158e-05,0.000409984,0.000409763,0.000379052,0.000442761,2.20368e-05,2.2037e-05,2.1807e-05,2.22637e-05,-0.00555106,2,0.0460764,4.16768e-05,11,10,11,0.998723,12,11
robustness,alternating,2,67,10,40,8000,0.0466334,4.18841e-05,0.000409281,2.11146e-05,5.65116,3.25261,5.61576,0.0354103,0.00972438,0.0464661,0.0464667,0.0459281,0.0470202,4.16428e-05,4.16421e-05,4.13624e-05,4.1923e-05,0.000410951,0.000410748,0.000379391,0.000443523,2.11932e-05,2.11921e-05,2.10638e-05,2.13241e-05,-0.0411779,3,0.0460764,4.16768e-05,11,11,11,0.999548,12,11
robustness,alternating,2,67,11,20,8000,0.0466334,4.18841e-05,0.000409281,1.98389e-05,2.65704,1.51075,3.00144,0.0126049,0.021573,0.0464581,0.0464589,0.0459162,0.046993,4.16403e-05,4.16418e-05,4.1364e-05,4.19128e-05,0.000407869,0.000407788,0.000377968,0.000439113,1.98678e-05,1.98683e-05,1.96487e-05,2.00849e-05,-0.00709381,2,0.0460764,4.16768e-05,11,11,11,0.999844,12,11
robustness,alternating,2,67,12,40,8000,0.0466334,4.18841e-05,0.000409281,1.90362e-05,5.09491,2.97692,6.18355,0.051483,0.0434189,0.0465799,0.0465765,0.0460704,0.0471177,4.16466e-05,4.16491e-05,4.13693e-05,4.19158e-05,0.000410867,0.000410606,0.000381101,0.000442428,1.90642e-05,1.90636e-05,1.89398e-05,1.91931e-05,0.00160313,3,0.0460764,4.16768e-05,11,11,11,1,12,11
robustness,alternating,2,67,13,20,8000,0.0466334,4.18841e-05,0.000409281,1.79969e-05,2.41034,1.39178,3.25462,0.0145847,0.0177446,0.0465794,0.0465827,0.0460693,0.0470945,4.16413e-05,4.1644e-05,4.1366e-05,4.19104e-05,0.000403591,0.000403257,0.000374373,0.000432542,1.81787e-05,1.81794e-05,1.79695e-05,1.8391e-05,0.0117223,4,0.0460764,4.16768e-05,11,11,11,1,12,11
robustness,alternating,2,67,14,40,8000,0.0466334,4.18841e-05,0.000409281,1.75451e-05,4.69583,2.68686,6.59091,0.027242,0.0215331,0.0466643,0.0466654,0.0461624,0.0471769,4.16436e-05,4.16492e-05,4.13769e-05,4.19071e-05,0.000405418,0.000405571,0.000376776,0.000433803,1.75149e-05,1.75153e-05,1.73883e-05,1.7644e-05,-0.0179952,3,0.0460764,4.16768e-05,11,11,11,1,12,11
robustness,alternating,2,67,15,20,8000,0.0466334,4.18841e-05,0.000409281,1.65095e-05,2.21113,1.28482,3.45906,0.00277976,0.00558427,0.0466304,0.0466333,0.046136,0.0471223,4.16381e-05,4.16438e-05,4.13717e-05,4.18932e-05,0.000402952,0.00040285,0.000374513,0.000430812,1.66307e-05,1.66297e-05,1.64286e-05,1.68347e-05,-0.00448167,2,0.0460764,4.16768e-05,11,11,11,1,12,11
robustness,alternating,2,67,16,40,8000,0.0466334,4.18841e-05,0.000409281,1.57258e-05,4.20889,2.59682,7.08796,0.126329,0.0919816,0.046616,0.0466217,0.0461179,0.0471153,4.16513e-05,4.16576e-05,4.13781e-05,4.19088e-05,0.000409221,0.000409205,0.000381558,0.000436904,1.58312e-05,1.58307e-05,1.57072e-05,1.59565e-05,-0.00716954,5,0.0460764,4.16768e-05,11,11,11,1,12,11
robustness,alternating,2,67,17,20,8000,0.0466334,4.18841e-05,0.000409281,1.49443e-05,2.0015,1.23524,3.67419,0.0104857,0.0027891,0.046602,0.0466083,0.0461066,0.0470928,4.16493e-05,4.16551e-05,4.13756e-05,4.19088e-05,0.000408679,0.00040862,0.000381301,0.00043587,1.50481e-05,1.50476e-05,1.48539e-05,1.52434e-05,0.00731285,1,0.0460764,4.16768e-05,11,11,11,1,12,11
robustness,alternating,2,67,18,40,8000,0.0466334,4.18841e-05,0.000409281,1.46717e-05,3.92678,2.38432,7.37592,0.00208388,0.0257271,0.0466311,0.0466301,0.0461558,0.0471143,4.16474e-05,4.16511e-05,4.13828e-05,4.1906e-05,0.00040653,0.000406535,0.000379807,0.000433056,1.47927e-05,1.47924e-05,1.46674e-05,1.4921e-05,-0.0129911,3,0.0460764,4.16768e-05,11,11,11,1,12,11
robustness,alternating,2,67,19,20,8000,0.0466334,4.18841e-05,0.000409281,1.40407e-05,1.88048,1.13202,3.7984,0.00627124,0.00935441,0.0465911,0.0465907,0.0461257,0.0470652,4.16459e-05,4.16492e-05,4.13808e-05,4.19012e-05,0.000407247,0.000407094,0.000381069,0.000433851,1.40626e-05,1.40618e-05,1.38737e-05,1.42503e-05,0.0168093,2,0.0460764,4.16768e-05,11,11,11,1,12,11
robustness,alternating,2,67,20,40,8000,0.0466334,4.18841e-05,0.000409281,1.36311e-05,3.64828,2.23642,7.66021,0.0295336,0.0233732,0.0466557,0.0466539,0.0461998,0.0471204,4.1648e-05,4.16503e-05,4.13829e-05,4.191e-05,0.000408123,0.000407839,0.00038213,0.000434521,1.36559e-05,1.3656e-05,1.35348e-05,1.37788e-05,0.00778772,2,0.0460764,4.16768e-05,11,11,11,1,12,11
robustness,alternating,2,68,1,20,8000,0.00321112,5.33881e-05,0.000304005,5.33881e-05,7.16648,1.95153,1.95153,3.58178,0,0.00319334,0.0031937,0.00302146,0.00336606,5.36189e-05,5.36181e-05,5.33445e-05,5.38903e-05,0.00025221,0.00023781,0.000141863,0.000411182,5.36189e-05,5.36181e-05,5.33445e-05,5.38903e-05,0.00171924,14,0.0032121,5.36206e-05,14,9,23,0.922622,12,11
robustness,alternating,2,68,2,40,8000,0.00321112,5.33881e-05,0.000304005,4.93731e-05,13.2959,3.79837,1.15485,0.374132,0.161408,0.00323159,0.00323286,0.00314883,0.0033135,5.35986e-05,5.36042e-05,5.33179e-05,5.38692e-05,0.000335368,0.000334255,0.000262195,0.000410143,4.9485e-05,4.94841e-05,4.93456e-05,4.96239e-05,0.0101307,8,0.0032121,5.36206e-05,10,9,13,0.956707,12,11
robustness,alternating,2,68,3,20,8000,0.00321112,5.33881e-05,0.000304005,4.36843e-05,5.8639,1.70488,1.34826,0.0644774,0.00263616,0.00323359,0.00323404,0.00315641,0.00331043,5.35787e-05,5.35836e-05,5.32952e-05,5.38547e-05,0.000312051,0.00031202,0.000276024,0.000347536,4.37677e-05,4.37672e-05,4.34974e-05,4.40422e-05,-0.00784115,4,0.0032121,5.36206e-05,11,10,12,0.938103,12,11
robustness,alternating,2,68,4,40,8000,0.00321112,5.33881e-05,0.000304005,4.3062e-05,11.5963,3.08653,2.87075,0.452269,0.457348,0.00321263,0.00321455,0.00314438,0.00327514,5.353e-05,5.35317e-05,5.32872e-05,5.37661e-05,0.000277327,0.000275169,0.000248796,0.000314034,4.30175e-05,4.30143e-05,4.28775e-05,4.31634e-05,0.0196879,10,0.0032121,5.36206e-05,13,11,14,0.987741,12,11
robustness,alternating,2,68,5,20,8000,0.00321112,5.33881e-05,0.000304005,3.85874e-05,5.17973,1.41301,2.03985,0.0577955,0.0134191,0.00320298,0.00320488,0.00313591,0.00326353,5.35333e-05,5.35263e-05,5.33118e-05,5.3788e-05,0.000291416,0.000290512,0.000262387,0.000322591,3.84061e-05,3.84061e-05,3.81497e-05,3.86675e-05,-0.0186605,5,0.0032121,5.36206e-05,12,11,13,0.994017,12,11
robustness,alternating,2,68,6,40,8000,0.00321112,5.33881e-05,0.000304005,3.67056e-05,9.88459,2.74964,4.59901,0.00339699,0.021246,0.00318298,0.00318461,0.00311759,0.00324019,5.35356e-05,5.35281e-05,5.33171e-05,5.37895e-05,0.00029029,0.000289264,0.000262559,0.000320771,3.66327e-05,3.66335e-05,3.64962e-05,3.67653e-05,0.0133744,4,0.0032121,5.36206e-05,12,11,13,0.998331,12,11
robustness,alternating,2,68,7,20,8000,0.00321112,5.33881e-05,0.000304005,3.32955e-05,4.46938,1.28142,2.75791,0.0384771,0.0279509,0.00318504,0.0031866,0.00311984,0.00324231,5.35349e-05,5.35244e-05,5.33176e-05,5.37928e-05,0.00029543,0.000295178,0.000268325,0.000323526,3.33416e-05,3.33408e-05,3.30911e-05,3.35938e-05,-0.0238883,3,0.0032121,5.36206e-05,11,11,13,0.999505,12,11
robustness,alternating,2,68,8,40,8000,0.00321112,5.33881e-05,0.000304005,3.19386e-05,8.60088,2.49084,5.89509,0.0273479,0.00261494,0.00317831,0.00317951,0.00311723,0.00323275,5.35344e-05,5.35247e-05,5.33169e-05,5.37849e-05,0.000295854,0.000295381,0.000269331,0.000323071,3.19797e-05,3.19796e-05,3.18438e-05,3.21133e-05,-0.000201842,3,0.0032121,5.36206e-05,11,11,12,0.953182,12,11
robustness,alternating,2,68,9,20,8000,0.00321112,5.33881e-05,0.000304005,2.92305e-05,3.92371,1.17746,3.30949,0.0499238,0.0363676,0.00318555,0.00318688,0.00312772,0.00323913,5.35352e-05,5.35246e-05,5.33239e-05,5.37897e-05,0.000300219,0.000300201,0.000274374,0.000325458,2.93904e-05,2.93914e-05,2.91462e-05,2.96393e-05,-0.0136213,3,0.0032121,5.36206e-05,11,11,12,0.990724,12,11
robustness,alternating,2,68,10,40,8000,0.00321112,5.33881e-05,0.000304005,2.79065e-05,7.51505,2.329,6.99139,0.122194,0.076943,0.00318765,0.00318882,0.00313282,0.00323922,5.35357e-05,5.35281e-05,5.33178e-05,5.37783e-05,0.000305436,0.000305662,0.000279783,0.000330739,2.79664e-05,2.79668e-05,2.78314e-05,2.80975e-05,-0.000582038,5,0.0032121,5.36206e-05,11,11,11,0.989006,12,11
robustness,alternating,2,68,11,20,8000,0.00321112,5.33881e-05,0.000304005,2.61759e-05,3.51369,1.08053,3.72396,0.0132439,0.0192076,0.0031907,0.00319199,0.00313681,0.0032416,5.35354e-05,5.35288e-05,5.33139e-05,5.37833e-05,0.00030573,0.000305849,0.000281347,0.000330095,2.6079e-05,2.60778e-05,2.58419e-05,2.63193e-05,-0.0145898,2,0.0032121,5.36206e-05,11,11,11,0.999983,12,11
robustness,alternating,2,68,12,40,8000,0.00321112,5.33881e-05,0.000304005,2.51925e-05,6.78418,2.12616,7.72931,0.0151173,0.0399909,0.00319823,0.003199,0.00314653,0.00324738,5.35361e-05,5.35306e-05,5.33158e-05,5.37802e-05,0.000306891,0.000307062,0.0002828,0.000330351,2.51727e-05,2.51724e-05,2.50369e-05,2.53062e-05,0.0218049,3,0.0032121,5.36206e-05,11,11,11,1,12,11
robustness,alternating,2,68,13,20,8000,0.00321112,5.33881e-05,0.000304005,2.32966e-05,3.12719,1.03024,4.11465,0.0450246,0.0495297,0.00319593,0.00319631,0.0031456,0.00324399,5.35351e-05,5.35278e-05,5.33233e-05,5.37836e-05,0.000312043,0.000312003,0.000288939,0.00033516,2.32791e-05,2.32787e-05,2.30482e-05,2.35116e-05,0.00942555,4,0.0032121,5.36206e-05,11,11,11,1,12,11
robustness,alternating,2,68,14,40,8000,0.00321112,5.33881e-05,0.000304005,2.23783e-05,6.02634,2.0459,8.49445,0.0611121,0.0692451,0.00319836,0.00319852,0.00314984,0.00324558,5.35331e-05,5.35267e-05,5.33136e-05,5.37791e-05,0.000314651,0.000314486,0.000291944,0.000337507,2.23009e-05,2.23004e-05,2.21694e-05,2.24323e-05,-0.00340615,4,0.0032121,5.36206e-05,11,11,11,1,12,11
robustness,alternating,2,68,15,20,8000,0.00321112,5.33881e-05,0.000304005,2.13174e-05,2.86152,0.955547,4.38321,0.0353269,0.0205228,0.00320085,0.00320066,0.00315307,0.00324898,5.35346e-05,5.35282e-05,5.33107e-05,5.37851e-05,0.000309038,0.000308841,0.000286908,0.000332239,2.14279e-05,2.14256e-05,2.12011e-05,2.1659e-05,0.0260166,4,0.0032121,5.36206e-05,11,11,11,1,12,11
robustness,alternating,2,68,16,40,8000,0.00321112,5.33881e-05,0.000304005,2.07852e-05,5.59732,1.85977,8.92761,0.0199613,0.00655109,0.00320503,0.00320509,0.00315807,0.00325193,5.35371e-05,5.35304e-05,5.3309e-05,5.37825e-05,0.000309988,0.000310014,0.000287937,0.000332705,2.07769e-05,2.07766e-05,2.06468e-05,2.09079e-05,0.0166954,3,0.0032121,5.36206e-05,11,11,11,1,12,11
robustness,alternating,2,68,17,20,8000,0.00321112,5.33881e-05,0.000304005,1.96243e-05,2.63425,0.893204,4.61294,0.0118776,0.0153477,0.00320316,0.00320319,0.00315637,0.00324982,5.3539e-05,5.35351e-05,5.33094e-05,5.37819e-05,0.00031165,0.000311768,0.000289473,0.000333751,1.95888e-05,1.95881e-05,1.93756e-05,1.98055e-05,0.00122846,2,0.0032121,5.36206e-05,11,11,11,1,12,11
robustness,alternating,2,68,18,40,8000,0.00321112,5.33881e-05,0.000304005,1.91422e-05,5.15487,1.74583,9.37431,0.0105372,0.00275896,0.00320967,0.00321021,0.00316278,0.00325473,5.35359e-05,5.35326e-05,5.3308e-05,5.37785e-05,0.000311967,0.000311914,0.000290693,0.000333609,1.91058e-05,1.91068e-05,1.8974e-05,1.92376e-05,0.0065403,3,0.0032121,5.36206e-05,11,11,11,1,12,11
robustness,alternating,2,68,19,20,8000,0.00321112,5.33881e-05,0.000304005,1.8311e-05,2.45795,0.827791,4.79115,0.0154959,0.00803728,0.00321196,0.00321206,0.0031648,0.00325795,5.35327e-05,5.35283e-05,5.33024e-05,5.37737e-05,0.00031035,0.000310247,0.000289014,0.000331866,1.83301e-05,1.83302e-05,1.81174e-05,1.85427e-05,0.00543454,2,0.0032121,5.36206e-05,11,11,11,1,12,11
robustness,alternating,2,68,20,40,8000,0.00321112,5.33881e-05,0.000304005,1.78468e-05,4.80604,1.62802,9.72651,0.0181157,0.014383,0.0032138,0.00321357,0.00316559,0.00326038,5.35318e-05,5.3527e-05,5.33031e-05,5.3774e-05,0.000312288,0.000312077,0.000291585,0.000334329,1.76789e-05,1.76797e-05,1.75495e-05,1.78077e-05,0.0204682,4,0.0032121,5.36206e-05,11,11,11,1,12,11
robustness,alternating,2,69,1,20,8000,0.48676,8.38084e-05,0.000163375,8.38084e-05,11.3283,9.61154,9.61154,6.69248,0,0.486699,0.486687,0.483287,0.490196,8.35664e-05,8.35664e-05,8.33218e-05,8.3807e-05,0.00026266,0.0002489,0.000137703,0.000431024,8.35664e-05,8.35664e-05,8.33218e-05,8.3807e-05,-0.470484,18,0.486645,8.35719e-05,9,6,15,0.911805,12,13
robustness,alternating,2,69,2,40,8000,0.48676,8.38084e-05,0.000163375,7.94344e-05,21.3954,13.5549,1.26818,0.908558,0.0483707,0.487523,0.487495,0.485753,0.489375,8.3553e-05,8.35534e-05,8.33421e-05,8.3766e-05,0.00016687,0.000165831,0.000126033,0.000209774,7.94e-05,7.94006e-05,7.92638e-05,7.95329e-05,-0.375709,9,0.486645,8.35719e-05,13,11,17,0.943639,12,13
robustness,alternating,2,69,3,20,8000,0.48676,8.38084e-05,0.000163375,7.13176e-05,9.6399,8.20997,2.11263,0.00742002,0.0295378,0.487411,0.487412,0.485758,0.489085,8.35595e-05,8.35587e-05,8.33466e-05,8.37726e-05,0.000168191,0.000168034,0.000146615,0.000190897,7.11742e-05,7.11738e-05,7.09567e-05,7.13956e-05,-0.214116,5,0.486645,8.35719e-05,13,11,15,0.98933,12,13
robustness,alternating,2,69,4,40,8000,0.48676,8.38084e-05,0.000163375,6.74964e-05,18.18,11.5338,4.93009,0.099386,0.161401,0.486886,0.486888,0.485516,0.488235,8.35761e-05,8.35726e-05,8.33671e-05,8.3793e-05,0.000171102,0.00017071,0.000150755,0.000192867,6.73647e-05,6.73653e-05,6.72396e-05,6.7489e-05,-0.231857,6,0.486645,8.35719e-05,13,11,15,0.997256,12,13
robustness,alternating,2,69,5,20,8000,0.48676,8.38084e-05,0.000163375,6.07557e-05,8.21227,6.97196,3.934,0.102114,0.165385,0.486964,0.486946,0.485665,0.488305,8.35725e-05,8.35701e-05,8.33681e-05,8.37836e-05,0.000176832,0.000176738,0.000159475,0.000194724,6.07063e-05,6.07073e-05,6.04913e-05,6.09209e-05,-0.125435,4,0.486645,8.35719e-05,13,11,13,0.96059,12,13
robustness,alternating,2,69,6,40,8000,0.48676,8.38084e-05,0.000163375,5.89172e-05,15.8692,10.0928,7.56172,0.243369,0.172111,0.486601,0.486597,0.485422,0.487782,8.35834e-05,8.35849e-05,8.33698e-05,8.37883e-05,0.000172913,0.000172619,0.000157132,0.000189675,5.89277e-05,5.89283e-05,5.88047e-05,5.90511e-05,-0.199069,7,0.486645,8.35719e-05,13,12,14,0.962939,12,13
robustness,alternating,2,69,7,20,8000,0.48676,8.38084e-05,0.000163375,5.46539e-05,7.38748,6.30966,4.98627,0.0703851,0.0287554,0.486698,0.486685,0.485567,0.487868,8.35819e-05,8.35857e-05,8.33694e-05,8.37851e-05,0.00017002,0.000169898,0.000155858,0.000184775,5.46502e-05,5.46498e-05,5.44438e-05,5.48609e-05,-0.131256,4,0.486645,8.35719e-05,13,12,14,0.978627,12,13
robustness,alternating,2,69,8,40,8000,0.48676,8.38084e-05,0.000163375,5.26606e-05,14.184,9.06732,9.48089,0.0118019,0.0145713,0.486682,0.486666,0.485635,0.487765,8.35786e-05,8.35789e-05,8.33756e-05,8.37792e-05,0.000170273,0.000170321,0.000156852,0.000183516,5.25093e-05,5.25099e-05,5.23877e-05,5.26307e-05,-0.128536,4,0.486645,8.35719e-05,13,12,14,0.992242,12,13
robustness,alternating,2,69,9,20,8000,0.48676,8.38084e-05,0.000163375,4.8623e-05,6.5723,5.60804,6.02628,0.0351881,0.0834566,0.486642,0.486629,0.4856,0.487717,8.3581e-05,8.35792e-05,8.33838e-05,8.37814e-05,0.000171541,0.000171668,0.0001585,0.000184136,4.85673e-05,4.85645e-05,4.8356e-05,4.87755e-05,-0.101242,4,0.486645,8.35719e-05,13,12,13,0.9686,12,13
robustness,alternating,2,69,10,40,8000,0.48676,8.38084e-05,0.000163375,4.69959e-05,12.6582,8.07445,11.2185,0.0120107,0.0257694,0.486606,0.486599,0.485617,0.487624,8.35849e-05,8.35862e-05,8.3381e-05,8.3787e-05,0.000171266,0.000171402,0.000158669,0.000183581,4.69122e-05,4.69133e-05,4.67885e-05,4.70353e-05,-0.148229,4,0.486645,8.35719e-05,13,12,13,0.9842,12,13
robustness,alternating,2,69,11,20,8000,0.48676,8.38084e-05,0.000163375,4.47185e-05,6.04453,5.18265,6.69961,0.132945,0.0971575,0.486714,0.486699,0.485729,0.48773,8.35825e-05,8.35815e-05,8.33767e-05,8.37846e-05,0.000168345,0.000168267,0.000156003,0.000180363,4.4587e-05,4.45874e-05,4.4378e-05,4.47931e-05,-0.0658201,5,0.486645,8.35719e-05,13,13,13,0.960571,12,13
robustness,alternating,2,69,12,40,8000,0.48676,8.38084e-05,0.000163375,4.31342e-05,11.6181,7.45455,12.4031,0.0348558,0.0850832,0.486945,0.486941,0.485978,0.487922,8.35767e-05,8.35768e-05,8.33622e-05,8.3789e-05,0.000168718,0.000168482,0.000157015,0.000180538,4.3067e-05,4.30675e-05,4.29437e-05,4.3186e-05,-0.103642,5,0.486645,8.35719e-05,13,13,13,0.99632,12,13
robustness,alternating,2,69,13,20,8000,0.48676,8.38084e-05,0.000163375,4.10681e-05,5.55111,4.7684,7.32911,0.0807736,0.057441,0.48697,0.486957,0.486014,0.487946,8.35786e-05,8.35794e-05,8.33656e-05,8.37931e-05,0.000167809,0.000167671,0.000156369,0.000179118,4.08427e-05,4.08423e-05,4.06327e-05,4.10482e-05,-0.072155,3,0.486645,8.35719e-05,13,13,13,1,12,13
robustness,alternating,2,69,14,40,8000,0.48676,8.38084e-05,0.000163375,4.01233e-05,10.8071,6.98992,13.3266,0.123416,0.0487134,0.486831,0.486834,0.485872,0.487775,8.358e-05,8.35802e-05,8.33746e-05,8.37919e-05,0.000167049,0.000166883,0.000155643,0.000178949,4.00549e-05,4.00555e-05,3.99347e-05,4.01732e-05,-0.118313,5,0.486645,8.35719e-05,13,13,13,1,12,13
robustness,alternating,2,69,15,20,8000,0.48676,8.38084e-05,0.000163375,3.84628e-05,5.19896,4.48879,7.77839,0.0898333,0.0723524,0.486804,0.48681,0.48587,0.487726,8.35814e-05,8.35784e-05,8.33805e-05,8.37911e-05,0.00016446,0.000164409,0.000153914,0.000175359,3.85404e-05,3.85397e-05,3.8333e-05,3.87466e-05,-0.0456594,5,0.486645,8.35719e-05,13,13,13,1,12,13
robustness,alternating,2,69,16,40,8000,0.48676,8.38084e-05,0.000163375,3.76858e-05,10.1506,6.62549,14.0743,0.0374515,0.0588524,0.486514,0.486512,0.4856,0.487445,8.35886e-05,8.35839e-05,8.33947e-05,8.37936e-05,0.000164091,0.00016403,0.000153439,0.000174972,3.76184e-05,3.76183e-05,3.74986e-05,3.77359e-05,-0.0962078,4,0.486645,8.35719e-05,13,13,13,1,12,13
robustness,alternating,2,69,17,20,8000,0.48676,8.38084e-05,0.000163375,3.60592e-05,4.87407,4.22341,8.19289,0.0485623,0.0364407,0.486449,0.486445,0.48551,0.487398,8.35886e-05,8.35835e-05,8.33927e-05,8.37982e-05,0.000162711,0.000162649,0.00015264,0.000173043,3.61683e-05,3.61686e-05,3.59686e-05,3.63704e-05,-0.06116,4,0.486645,8.35719e-05,13,13,13,1,12,13
robustness,alternating,2,69,18,40,8000,0.48676,8.38084e-05,0.000163375,3.51724e-05,9.47358,6.20259,14.8453,0.0403002,0.0106163,0.486494,0.486488,0.485603,0.487379,8.35891e-05,8.35858e-05,8.33874e-05,8.37948e-05,0.000163017,0.000162954,0.000152964,0.000173161,3.51336e-05,3.51333e-05,3.50162e-05,3.52517e-05,-0.114731,4,0.486645,8.35719e-05,13,13,13,1,12,13
robustness,alternating,2,69,19,20,8000,0.48676,8.38084e-05,0.000163375,3.33355e-05,4.50591,3.89688,8.66258,0.0345781,0.0402245,0.486586,0.486583,0.485677,0.487468,8.35895e-05,8.35867e-05,8.33859e-05,8.38031e-05,0.000163791,0.000163712,0.000154019,0.000173805,3.33087e-05,3.33109e-05,3.31058e-05,3.35077e-05,-0.0642035,3,0.486645,8.35719e-05,13,13,13,1,12,13
robustness,alternating,2,69,20,40,8000,0.48676,8.38084e-05,0.000163375,3.27348e-05,8.81703,5.76765,15.593,0.0474821,0.0393504,0.4866,0.486591,0.485711,0.487505,8.35914e-05,8.35897e-05,8.33872e-05,8.38005e-05,0.000163364,0.000163282,0.000153692,0.00017347,3.27703e-05,3.2769e-05,3.26504e-05,3.28909e-05,-0.105595,4,0.486645,8.35719e-05,13,13,13,1,12,13
robustness,alternating,2,70,1,20,8000,0.761916,7.31397e-05,0.000378525,7.31397e-05,9.9152,9.6241,9.6241,6.51183,0,0.764685,0.764668,0.757751,0.771697,7.3241e-05,7.32401e-05,7.30116e-05,7.34707e-05,0.000273629,0.000257456,0.000147341,0.000457849,7.3241e-05,7.32401e-05,7.30116e-05,7.34707e-05,-0.509589,18,0.764839,7.32414e-05,10,6,17,0.943348,12,7
robustness,alternating,2,70,2,40,8000,0.761916,7.31397e-05,0.000378525,6.47459e-05,17.479,13.2881,2.82867,0.945959,0.204836,0.765431,0.765423,0.761768,0.769071,7.32295e-05,7.32348e-05,7.3015e-05,7.34324e-05,0.000407826,0.000406734,0.000352401,0.000466835,6.46332e-05,6.46335e-05,6.45073e-05,6.47561e-05,-0.42582,9,0.764839,7.32414e-05,7,6,7,0.959321,12,7
robustness,alternating,2,70,3,20,8000,0.761916,7.31397e-05,0.000378525,5.40603e-05,7.32869,7.03209,3.58026,0.339344,0.185862,0.764686,0.764721,0.760971,0.768203,7.32067e-05,7.32073e-05,7.29919e-05,7.34175e-05,0.000356206,0.000355736,0.000327907,0.000385663,5.40829e-05,5.40836e-05,5.38787e-05,5.42825e-05,-0.215325,7,0.764839,7.32414e-05,7,7,8,0.992082,12,7
robustness,alternating,2,70,4,40,8000,0.761916,7.31397e-05,0.000378525,4.97585e-05,13.433,10.1545,7.79061,0.0979599,0.0025274,0.763966,0.763997,0.760809,0.767019,7.3222e-05,7.3224e-05,7.30101e-05,7.3434e-05,0.00036002,0.000359397,0.000333546,0.000387722,4.96851e-05,4.96858e-05,4.95672e-05,4.98023e-05,-0.299634,5,0.764839,7.32414e-05,7,7,8,0.998568,12,7
robustness,alternating,2,70,5,20,8000,0.761916,7.31397e-05,0.000378525,4.24401e-05,5.75339,5.52444,5.74403,0.100266,0.0487398,0.764194,0.764196,0.761205,0.767108,7.32206e-05,7.32242e-05,7.30118e-05,7.34175e-05,0.000363107,0.00036286,0.000340151,0.000386098,4.2773e-05,4.27733e-05,4.258e-05,4.29677e-05,-0.143993,4,0.764839,7.32414e-05,7,7,7,0.956215,12,7
robustness,alternating,2,70,6,40,8000,0.761916,7.31397e-05,0.000378525,4.0228e-05,10.8601,8.25652,10.946,0.0203726,0.154749,0.764121,0.764117,0.761428,0.766756,7.32195e-05,7.32234e-05,7.30149e-05,7.34154e-05,0.000362872,0.000363024,0.00034058,0.000384829,4.01545e-05,4.01555e-05,4.00404e-05,4.02671e-05,-0.221485,4,0.764839,7.32414e-05,7,7,7,0.990008,12,7
robustness,alternating,2,70,7,20,8000,0.761916,7.31397e-05,0.000378525,3.54777e-05,4.80954,4.63983,7.04048,0.0392156,0.0133065,0.764081,0.764089,0.761466,0.766665,7.32206e-05,7.32219e-05,7.30172e-05,7.34152e-05,0.000364366,0.000364354,0.000344023,0.000384355,3.55399e-05,3.55422e-05,3.53475e-05,3.57302e-05,-0.125738,4,0.764839,7.32414e-05,7,7,7,1,12,7
robustness,alternating,2,70,8,40,8000,0.761916,7.31397e-05,0.000378525,3.32147e-05,8.96675,6.92002,13.2679,0.173458,0.126018,0.764311,0.764291,0.761982,0.766721,7.32234e-05,7.32245e-05,7.30224e-05,7.3415e-05,0.000367632,0.000367806,0.000347924,0.000387256,3.32588e-05,3.32593e-05,3.31487e-05,3.33688e-05,-0.158634,5,0.764839,7.32414e-05,7,7,7,1,12,7
robustness,alternating,2,70,9,20,8000,0.761916,7.31397e-05,0.000378525,3.01557e-05,4.08807,3.9751,8.03147,0.0065523,0.0306474,0.764048,0.764031,0.761706,0.766445,7.32288e-05,7.32281e-05,7.30274e-05,7.34262e-05,0.000366666,0.000366731,0.00034797,0.000385106,3.01921e-05,3.019e-05,3.00067e-05,3.03798e-05,-0.0932793,3,0.764839,7.32414e-05,7,7,7,1,12,7
robustness,alternating,2,70,10,40,8000,0.761916,7.31397e-05,0.000378525,2.89701e-05,7.82085,6.08975,14.6733,0.03284,0.0595407,0.764129,0.76412,0.761863,0.766489,7.32285e-05,7.32276e-05,7.30297e-05,7.34266e-05,0.000366904,0.000366957,0.000348477,0.000385211,2.87866e-05,2.87861e-05,2.86767e-05,2.88974e-05,-0.157508,3,0.764839,7.32414e-05,7,7,7,1,12,7
robustness,alternating,2,70,11,20,8000,0.761916,7.31397e-05,0.000378525,2.62643e-05,3.56053,3.49082,8.75608,0.0328573,0.0442523,0.764229,0.764232,0.761947,0.766541,7.32293e-05,7.32305e-05,7.3032e-05,7.34302e-05,0.000368019,0.000367978,0.000349812,0.000386217,2.63132e-05,2.63145e-05,2.61303e-05,2.64957e-05,-0.0822859,3,0.764839,7.32414e-05,7,7,7,1,12,7
robustness,alternating,2,70,12,40,8000,0.761916,7.31397e-05,0.000378525,2.52425e-05,6.81454,5.3911,15.9074,0.0250147,0.00563996,0.763892,0.763873,0.761682,0.766106,7.32363e-05,7.32354e-05,7.30395e-05,7.34399e-05,0.000368513,0.000368809,0.000350716,0.000386085,2.52074e-05,2.52076e-05,2.50979e-05,2.53164e-05,-0.115726,4,0.764839,7.32414e-05,7,7,7,1,12,7
robustness,alternating,2,70,13,20,8000,0.761916,7.31397e-05,0.000378525,2.33307e-05,3.16283,3.12363,9.30235,0.0116257,0.0050941,0.764096,0.764091,0.761879,0.766317,7.3233e-05,7.32323e-05,7.30426e-05,7.3434e-05,0.000369363,0.00036966,0.000351973,0.000386708,2.3319e-05,2.33194e-05,2.31391e-05,2.34965e-05,-0.0835473,2,0.764839,7.32414e-05,7,7,7,1,12,7
robustness,alternating,2,70,14,40,8000,0.761916,7.31397e-05,0.000378525,2.25112e-05,6.0772,4.8663,16.8117,0.00998307,0.00071763,0.764102,0.764086,0.761928,0.766371,7.32333e-05,7.32309e-05,7.30406e-05,7.34366e-05,0.000369607,0.000369611,0.000352072,0.00038696,2.25042e-05,2.25045e-05,2.23971e-05,2.26126e-05,-0.116013,3,0.764839,7.32414e-05,7,7,7,1,12,7
robustness,alternating,2,70,15,20,8000,0.761916,7.31397e-05,0.000378525,2.08554e-05,2.82727,2.81753,9.76327,0.0359616,0.0280945,0.764231,0.764225,0.762059,0.766484,7.32347e-05,7.32322e-05,7.30365e-05,7.34415e-05,0.000371834,0.000372065,0.00035445,0.000388901,2.08017e-05,2.07988e-05,2.06296e-05,2.09786e-05,-0.0946306,4,0.764839,7.32414e-05,7,7,7,1,12,7
robustness,alternating,2,70,16,40,8000,0.761916,7.31397e-05,0.000378525,2.01725e-05,5.44584,4.42717,17.586,0.00680465,0.00832494,0.764108,0.76411,0.761914,0.766358,7.32365e-05,7.32338e-05,7.30377e-05,7.34365e-05,0.000371626,0.000371885,0.000354302,0.000388307,2.01539e-05,2.01537e-05,2.00458e-05,2.02611e-05,-0.0891101,3,0.764839,7.32414e-05,7,7,7,1,12,7
robustness,alternating,2,70,17,20,8000,0.761916,7.31397e-05,0.000378525,1.90347e-05,2.58044,2.58441,10.1023,0.0112471,0.0139544,0.763869,0.763864,0.761703,0.766045,7.32392e-05,7.32369e-05,7.30356e-05,7.34418e-05,0.000370558,0.000370824,0.000353464,0.000386898,1.90859e-05,1.90865e-05,1.89156e-05,1.92601e-05,-0.0747539,2,0.764839,7.32414e-05,7,7,7,1,12,7
robustness,alternating,2,70,18,40,8000,0.761916,7.31397e-05,0.000378525,1.82947e-05,4.93889,4.06907,18.2077,0.0860169,0.0633409,0.764066,0.764062,0.761925,0.766179,7.32393e-05,7.32348e-05,7.30396e-05,7.34471e-05,0.000371688,0.000371749,0.0003554,0.00038867,1.83227e-05,1.83213e-05,1.82153e-05,1.84322e-05,-0.102229,4,0.764839,7.32414e-05,7,7,7,1,12,7
robustness,alternating,2,70,19,20,8000,0.761916,7.31397e-05,0.000378525,1.72424e-05,2.33746,2.36612,10.436,0.0194304,0.00967454,0.764169,0.764181,0.762007,0.766297,7.32389e-05,7.32347e-05,7.304e-05,7.34481e-05,0.000372528,0.000372589,0.000356065,0.000389151,1.72475e-05,1.72481e-05,1.7082e-05,1.74142e-05,-0.0708685,2,0.764839,7.32414e-05,7,7,7,1,12,7
robustness,alternating,2,70,20,40,8000,0.761916,7.31397e-05,0.000378525,1.71168e-05,4.62091,3.79896,18.5976,0.100673,0.107695,0.764069,0.764061,0.761971,0.766212,7.32368e-05,7.32319e-05,7.3041e-05,7.34419e-05,0.00037142,0.000371512,0.00035479,0.000388085,1.70363e-05,1.70363e-05,1.69307e-05,1.71426e-05,-0.0830461,4,0.764839,7.32414e-05,7,7,7,1,12,7
robustness,alternating,2,71,1,20,8000,0.025172,5.13495e-05,0.000320872,5.13495e-05,6.87178,1.41258,1.41258,3.82054,0,0.0253198,0.0253063,0.0244607,0.0262437,5.14734e-05,5.14744e-05,5.11975e-05,5.17441e-05,0.000259723,0.000242196,0.000137432,0.000436532,5.14734e-05,5.14744e-05,5.11975e-05,5.17441e-05,-0.131835,15,0.0252872,5.14721e-05,15,9,25,0.92145,12,12
robustness,alternating,2,71,2,40,8000,0.025172,5.13495e-05,0.000320872,4.76977e-05,12.7737,3.03916,1.02626,0.288788,0.0884361,0.0250412,0.0250341,0.0245945,0.0255049,5.14484e-05,5.14529e-05,5.11705e-05,5.17116e-05,0.000339748,0.000338371,0.000259242,0.000424095,4.77073e-05,4.77062e-05,4.75691e-05,4.78488e-05,-0.0209931,7,0.0252872,5.14721e-05,11,9,13,0.941594,12,12
robustness,alternating,2,71,3,20,8000,0.025172,5.13495e-05,0.000320872,4.25014e-05,5.68769,1.25223,1.22716,0.0936203,0.0530645,0.0251967,0.025196,0.0247758,0.0256278,5.14146e-05,5.14161e-05,5.1127e-05,5.16874e-05,0.000303306,0.000303433,0.000264075,0.000343014,4.25854e-05,4.25885e-05,4.23184e-05,4.28515e-05,-0.0341179,5,0.0252872,5.14721e-05,12,11,13,0.948857,12,12
robustness,alternating,2,71,4,40,8000,0.025172,5.13495e-05,0.000320872,4.0117e-05,10.7435,2.63723,3.08701,0.0804033,0.0251597,0.0254295,0.0254297,0.0250833,0.0257794,5.14211e-05,5.14208e-05,5.1152e-05,5.16896e-05,0.000309208,0.000309363,0.000273217,0.000344323,4.01439e-05,4.01438e-05,4.00063e-05,4.0279e-05,-0.0303207,5,0.0252872,5.14721e-05,11,11,13,0.967188,12,12
robustness,alternating,2,71,5,20,8000,0.025172,5.13495e-05,0.000320872,3.64564e-05,4.87873,1.10171,2.05377,0.0236845,0.0449007,0.0254286,0.0254283,0.0251013,0.0257433,5.14068e-05,5.14096e-05,5.11287e-05,5.16709e-05,0.000296292,0.000296534,0.000266242,0.000325439,3.67685e-05,3.67698e-05,3.65084e-05,3.70244e-05,-0.0202636,4,0.0252872,5.14721e-05,12,11,13,0.988776,12,12
robustness,alternating,2,71,6,40,8000,0.025172,5.13495e-05,0.000320872,3.48911e-05,9.34401,2.27706,4.50764,0.0783994,0.0346658,0.0253973,0.0253973,0.0250982,0.0256997,5.14086e-05,5.14121e-05,5.1137e-05,5.16718e-05,0.00029922,0.000299204,0.000270667,0.00032774,3.49686e-05,3.49675e-05,3.48351e-05,3.51052e-05,-0.00609144,4,0.0252872,5.14721e-05,12,11,13,0.997005,12,12
robustness,alternating,2,71,7,20,8000,0.025172,5.13495e-05,0.000320872,3.22022e-05,4.30942,0.952251,2.63551,0.0129154,0.0477027,0.0253669,0.0253647,0.0250728,0.0256666,5.14059e-05,5.14123e-05,5.11275e-05,5.16647e-05,0.000297863,0.00029759,0.00027195,0.000324692,3.2181e-05,3.21811e-05,3.19337e-05,3.24325e-05,-0.0172815,2,0.0252872,5.14721e-05,12,11,13,0.999485,12,12
robustness,alternating,2,71,8,40,8000,0.025172,5.13495e-05,0.000320872,3.15366e-05,8.44567,1.8686,5.41952,0.157271,0.179103,0.0254703,0.0254748,0.0251824,0.0257511,5.14007e-05,5.14057e-05,5.11364e-05,5.16599e-05,0.000292378,0.000292456,0.000266757,0.000318117,3.15106e-05,3.15091e-05,3.13794e-05,3.1647e-05,-0.0138038,6,0.0252872,5.14721e-05,12,11,13,0.996457,12,12
robustness,alternating,2,71,9,20,8000,0.025172,5.13495e-05,0.000320872,2.94653e-05,3.94316,0.767477,3.00977,0.0321213,0.0575864,0.0254925,0.025494,0.0252181,0.0257625,5.13934e-05,5.14009e-05,5.11249e-05,5.16452e-05,0.000287277,0.000287289,0.000264,0.0003105,2.95163e-05,2.95167e-05,2.92748e-05,2.97559e-05,-0.0107637,3,0.0252872,5.14721e-05,13,12,13,0.983944,12,12
robustness,alternating,2,71,10,40,8000,0.025172,5.13495e-05,0.000320872,2.81155e-05,7.5295,1.70788,6.34951,0.109208,0.0649436,0.0255174,0.0255136,0.0252533,0.025799,5.14079e-05,5.141e-05,5.1149e-05,5.16715e-05,0.000293557,0.000293527,0.000270322,0.000317013,2.79862e-05,2.79842e-05,2.78568e-05,2.8122e-05,-0.0201046,5,0.0252872,5.14721e-05,12,11,13,1,12,12
robustness,alternating,2,71,11,20,8000,0.025172,5.13495e-05,0.000320872,2.63819e-05,3.53053,0.720777,3.43141,0.0282865,0.0350222,0.0255095,0.0255061,0.0252474,0.0257911,5.14067e-05,5.14069e-05,5.11501e-05,5.16695e-05,0.000293454,0.000293565,0.000270856,0.000316145,2.62053e-05,2.62031e-05,2.5968e-05,2.64415e-05,-0.014703,2,0.0252872,5.14721e-05,12,12,13,0.998821,12,12
robustness,alternating,2,71,12,40,8000,0.025172,5.13495e-05,0.000320872,2.55509e-05,6.84266,1.53498,7.0467,0.0433841,0.016656,0.025463,0.0254641,0.025213,0.0257083,5.14004e-05,5.13992e-05,5.11342e-05,5.1668e-05,0.000290997,0.000290708,0.000268748,0.000313891,2.5648e-05,2.56504e-05,2.55129e-05,2.57812e-05,0.00602452,4,0.0252872,5.14721e-05,12,12,13,0.999357,12,12
robustness,alternating,2,71,13,20,8000,0.025172,5.13495e-05,0.000320872,2.42161e-05,3.24069,0.640231,3.72758,0.011572,0.0429288,0.0254917,0.0254908,0.0252483,0.0257379,5.13955e-05,5.13939e-05,5.11259e-05,5.16723e-05,0.000286551,0.000286126,0.000265756,0.000308702,2.44338e-05,2.44338e-05,2.42041e-05,2.46656e-05,-0.00167649,4,0.0252872,5.14721e-05,12,12,13,0.999399,12,12
robustness,alternating,2,71,14,40,8000,0.025172,5.13495e-05,0.000320872,2.32465e-05,6.22555,1.42999,7.67312,0.137672,0.0588977,0.0254612,0.0254628,0.0252195,0.0256997,5.13967e-05,5.1397e-05,5.112e-05,5.16771e-05,0.000288317,0.000287882,0.000267043,0.000310593,2.35493e-05,2.35497e-05,2.34143e-05,2.36824e-05,-0.0154006,3,0.0252872,5.14721e-05,12,12,13,0.999535,12,12
robustness,alternating,2,71,15,20,8000,0.025172,5.13495e-05,0.000320872,2.17766e-05,2.91422,0.645396,4.06117,0.0699382,0.0138305,0.0254302,0.0254315,0.0251908,0.0256597,5.1401e-05,5.13987e-05,5.11225e-05,5.16812e-05,0.00029466,0.000294478,0.000272919,0.000316464,2.18485e-05,2.18466e-05,2.1635e-05,2.2075e-05,0.0422206,5,0.0252872,5.14721e-05,12,12,13,0.999747,12,12
robustness,alternating,2,71,16,40,8000,0.025172,5.13495e-05,0.000320872,2.0925e-05,5.60383,1.42456,8.30421,0.0982146,0.0657206,0.0253962,0.0253944,0.0251667,0.025629,5.13928e-05,5.13884e-05,5.11298e-05,5.16676e-05,0.000298375,0.000298465,0.000276676,0.000319649,2.09122e-05,2.09119e-05,2.07835e-05,2.10415e-05,0.0117133,5,0.0252872,5.14721e-05,12,12,13,1,12,12
robustness,alternating,2,71,17,20,8000,0.025172,5.13495e-05,0.000320872,1.97909e-05,2.64849,0.640956,4.3327,0.0133849,0.00296964,0.0253854,0.025384,0.0251557,0.0256156,5.139e-05,5.13832e-05,5.11295e-05,5.16631e-05,0.000298315,0.00029839,0.000277031,0.000319122,1.98772e-05,1.98758e-05,1.9659e-05,2.00963e-05,0.00595563,2,0.0252872,5.14721e-05,12,12,13,1,12,12
robustness,alternating,2,71,18,40,8000,0.025172,5.13495e-05,0.000320872,1.89322e-05,5.07014,1.42691,8.84594,0.128936,0.096338,0.0253952,0.0253924,0.0251793,0.0256244,5.1386e-05,5.13819e-05,5.11259e-05,5.1665e-05,0.000302886,0.000302899,0.000283469,0.000322551,1.89126e-05,1.89133e-05,1.87836e-05,1.90431e-05,0.0160383,6,0.0252872,5.14721e-05,12,12,13,1,12,12
robustness,alternating,2,71,19,20,8000,0.025172,5.13495e-05,0.000320872,1.81892e-05,2.43414,0.624909,4.55173,0.018778,0.0232372,0.0253981,0.0253946,0.0251827,0.0256284,5.13847e-05,5.13802e-05,5.11269e-05,5.16579e-05,0.000301842,0.000301895,0.00028258,0.000320925,1.81539e-05,1.81544e-05,1.79447e-05,1.83626e-05,0.00644356,2,0.0252872,5.14721e-05,12,12,13,1,12,12
robustness,alternating,2,71,20,40,8000,0.025172,5.13495e-05,0.000320872,1.78963e-05,4.79272,1.27549,9.12755,0.0388371,0.0363011,0.0253886,0.0253883,0.0251771,0.02561,5.13797e-05,5.13776e-05,5.11158e-05,5.16532e-05,0.000300577,0.000300347,0.000281183,0.000320208,1.79896e-05,1.79905e-05,1.78602e-05,1.81182e-05,-0.018853,4,0.0252872,5.14721e-05,12,12,13,1,12,12
robustness,alternating,2,72,1,20,8000,3.13234,3.74955e-05,0.000253613,3.74955e-05,5.14849,8.05291,8.05291,5.45746,0,3.0998,3.10032,3.04817,3.15108,3.75322e-05,3.75322e-05,3.73416e-05,3.77214e-05,0.000238162,0.000222476,0.000118,0.00041538,3.75322e-05,3.75322e-05,3.73416e-05,3.77214e-05,-0.581334,17,3.09871,3.75312e-05,21,11,39,0.930592,12,19
robustness,alternating,2,72,2,40,8000,3.13234,3.74955e-05,0.000253613,3.58437e-05,9.77443,13.6996,0.685975,0.136397,0.0978845,3.12782,3.12789,3.10685,3.14883,3.74678e-05,3.74692e-05,3.73038e-05,3.76279e-05,0.000262801,0.000258298,0.000164998,0.000371792,3.58278e-05,3.58272e-05,3.57333e-05,3.59211e-05,-0.418039,7,3.09871,3.75312e-05,18,13,28,0.935213,12,19
robustness,alternating,2,72,3,20,8000,3.13234,3.74955e-05,0.000253613,3.34841e-05,4.59769,7.02755,0.953758,0.0694628,0.0456047,3.12556,3.12567,3.10539,3.14522,3.74714e-05,3.74715e-05,3.73078e-05,3.7636e-05,0.000248041,0.00024754,0.000197926,0.000300491,3.33693e-05,3.3368e-05,3.32163e-05,3.35263e-05,-0.215991,5,3.09871,3.75312e-05,19,16,23,0.914291,12,19
robustness,alternating,2,72,4,40,8000,3.13234,3.74955e-05,0.000253613,3.29693e-05,8.99059,12.1163,1.89699,0.299673,0.261366,3.12523,3.12539,3.10935,3.14048,3.74619e-05,3.74609e-05,3.73035e-05,3.76247e-05,0.000223193,0.000222169,0.000182051,0.000268526,3.29612e-05,3.29613e-05,3.28713e-05,3.305e-05,-0.321248,7,3.09871,3.75312e-05,21,17,26,0.961155,12,19
robustness,alternating,2,72,5,20,8000,3.13234,3.74955e-05,0.000253613,3.07923e-05,4.22807,6.33864,1.59801,0.0601047,0.00317238,3.12713,3.12716,3.11164,3.14225,3.74639e-05,3.7463e-05,3.73086e-05,3.76226e-05,0.000233085,0.000232626,0.000196052,0.000271574,3.0787e-05,3.0789e-05,3.06338e-05,3.09377e-05,-0.152181,4,3.09871,3.75312e-05,20,17,24,0.963198,12,19
robustness,alternating,2,72,6,40,8000,3.13234,3.74955e-05,0.000253613,2.99814e-05,8.17582,10.8175,3.15688,0.0354597,0.0632472,3.1276,3.1278,3.11416,3.1406,3.74636e-05,3.74627e-05,3.73046e-05,3.76214e-05,0.000230522,0.000230266,0.000196079,0.000266597,3.00188e-05,3.0019e-05,2.993e-05,3.01072e-05,-0.231564,4,3.09871,3.75312e-05,20,18,24,0.935719,12,19
robustness,alternating,2,72,7,20,8000,3.13234,3.74955e-05,0.000253613,2.79618e-05,3.83942,5.70992,2.27552,0.0993082,0.0538165,3.12409,3.12421,3.11034,3.13756,3.74642e-05,3.74648e-05,3.73027e-05,3.76241e-05,0.000243526,0.000243029,0.000211461,0.000276018,2.79918e-05,2.79925e-05,2.78419e-05,2.81399e-05,-0.157319,5,3.09871,3.75312e-05,19,17,22,0.956264,12,19
robustness,alternating,2,72,8,40,8000,3.13234,3.74955e-05,0.000253613,2.69015e-05,7.33592,9.65474,4.4558,0.134445,0.112591,3.12358,3.12348,3.11152,3.13602,3.74613e-05,3.74617e-05,3.72968e-05,3.76204e-05,0.000248408,0.000247584,0.000217506,0.000281296,2.68979e-05,2.68979e-05,2.68081e-05,2.69866e-05,-0.20044,5,3.09871,3.75312e-05,19,17,21,0.960427,12,19
robustness,alternating,2,72,9,20,8000,3.13234,3.74955e-05,0.000253613,2.56078e-05,3.5162,5.19967,2.83901,0.0340488,0.0373247,3.12128,3.12119,3.10943,3.13331,3.74628e-05,3.74615e-05,3.72977e-05,3.76268e-05,0.000250292,0.000249592,0.000221039,0.000281003,2.54274e-05,2.54263e-05,2.52831e-05,2.55748e-05,-0.0866735,3,3.09871,3.75312e-05,19,17,21,0.980124,12,19
robustness,alternating,2,72,10,40,8000,3.13234,3.74955e-05,0.000253613,2.45038e-05,6.68209,8.7466,5.467,0.110976,0.184635,3.12452,3.12426,3.11329,3.1363,3.7464e-05,3.74648e-05,3.72954e-05,3.7631e-05,0.000254547,0.000253437,0.000226285,0.000287634,2.44531e-05,2.44527e-05,2.43666e-05,2.4541e-05,-0.146334,5,3.09871,3.75312e-05,18,17,20,0.939284,12,19
robustness,alternating,2,72,11,20,8000,3.13234,3.74955e-05,0.000253613,2.3158e-05,3.17982,4.7013,3.42546,0.0202109,0.033562,3.12463,3.12448,3.11362,3.13631,3.74628e-05,3.74625e-05,3.72928e-05,3.7632e-05,0.000257267,0.000256271,0.000229314,0.000288675,2.3125e-05,2.31253e-05,2.29801e-05,2.327e-05,-0.105801,3,3.09871,3.75312e-05,18,17,20,0.962107,12,19
robustness,alternating,2,72,12,40,8000,3.13234,3.74955e-05,0.000253613,2.3011e-05,6.27501,8.12362,6.09659,0.186894,0.168108,3.12757,3.12763,3.11717,3.13799,3.74662e-05,3.74652e-05,3.72974e-05,3.76385e-05,0.000252249,0.000251323,0.00022554,0.000282783,2.30354e-05,2.30348e-05,2.29514e-05,2.31198e-05,-0.165821,6,3.09871,3.75312e-05,19,17,21,0.995331,12,19
robustness,alternating,2,72,13,20,8000,3.13234,3.74955e-05,0.000253613,2.22114e-05,3.04984,4.46698,3.65205,0.0576084,0.0634941,3.12805,3.12824,3.11723,3.13848,3.7458e-05,3.74563e-05,3.72897e-05,3.76333e-05,0.000245146,0.000244105,0.000220494,0.000273432,2.23036e-05,2.23044e-05,2.21594e-05,2.24484e-05,-0.0971721,5,3.09871,3.75312e-05,19,18,21,0.97166,12,19
robustness,alternating,2,72,14,40,8000,3.13234,3.74955e-05,0.000253613,2.19386e-05,5.98256,7.65911,6.54892,0.0552114,0.0966841,3.128,3.12811,3.11765,3.13819,3.74561e-05,3.74543e-05,3.72862e-05,3.76334e-05,0.00024369,0.000242899,0.000219563,0.000270423,2.18984e-05,2.1898e-05,2.18128e-05,2.19845e-05,-0.157552,4,3.09871,3.75312e-05,19,18,21,0.983575,12,19
robustness,alternating,2,72,15,20,8000,3.13234,3.74955e-05,0.000253613,2.09677e-05,2.87907,4.19977,3.94977,0.00197135,0.00045076,3.1287,3.12881,3.1182,3.13903,3.74577e-05,3.7458e-05,3.72878e-05,3.76341e-05,0.00024529,0.000244556,0.000221364,0.000271718,2.08856e-05,2.08859e-05,2.07465e-05,2.10253e-05,-0.0665749,2,3.09871,3.75312e-05,19,18,21,0.993158,12,19
robustness,alternating,2,72,16,40,8000,3.13234,3.74955e-05,0.000253613,2.0468e-05,5.58155,7.12466,7.16912,0.00771832,0.0219144,3.12571,3.12577,3.11565,3.1358,3.74544e-05,3.74533e-05,3.72843e-05,3.76317e-05,0.000244451,0.000243954,0.000220723,0.000270581,2.04862e-05,2.04859e-05,2.04009e-05,2.05724e-05,-0.126591,4,3.09871,3.75312e-05,19,19,21,0.973665,12,19
robustness,alternating,2,72,17,20,8000,3.13234,3.74955e-05,0.000253613,1.95097e-05,2.67887,3.90484,4.2988,0.0374495,0.0272082,3.12689,3.12699,3.11659,3.13684,3.74569e-05,3.74557e-05,3.72889e-05,3.763e-05,0.000245331,0.000244901,0.000221716,0.000270598,1.96336e-05,1.96352e-05,1.9493e-05,1.97715e-05,-0.0679376,3,3.09871,3.75312e-05,19,19,21,0.99229,12,19
robustness,alternating,2,72,18,40,8000,3.13234,3.74955e-05,0.000253613,1.90234e-05,5.18761,6.61844,7.7784,0.0960569,0.0414807,3.12863,3.12876,3.11832,3.13853,3.74544e-05,3.74536e-05,3.72834e-05,3.76271e-05,0.000248563,0.000247613,0.00022556,0.000274723,1.89755e-05,1.89759e-05,1.88888e-05,1.90592e-05,-0.098326,5,3.09871,3.75312e-05,19,19,19,0.989065,12,19
robustness,alternating,2,72,19,20,8000,3.13234,3.74955e-05,0.000253613,1.81849e-05,2.49696,3.639,4.61594,0.0176912,0.0258056,3.12884,3.12894,3.11866,3.13862,3.74539e-05,3.74533e-05,3.72821e-05,3.76284e-05,0.000249035,0.000248194,0.000226556,0.000274426,1.82313e-05,1.82328e-05,1.80941e-05,1.83677e-05,-0.0575989,2,3.09871,3.75312e-05,19,19,19,0.999773,12,19
robustness,alternating,2,72,20,40,8000,3.13234,3.74955e-05,0.000253613,1.77503e-05,4.84045,6.17448,8.31534,0.0615767,0.0410439,3.13136,3.13165,3.12164,3.14046,3.7458e-05,3.74585e-05,3.72854e-05,3.76322e-05,0.000250483,0.000249483,0.000227657,0.000275798,1.77882e-05,1.7789e-05,1.77054e-05,1.787e-05,-0.0921793,4,3.09871,3.75312e-05,19,19,19,1,12,19
robustness,alternating,2,73,1,20,8000,0.616577,6.02017e-05,0.000110569,6.02017e-05,8.14987,7.29451,7.29451,4.13441,0,0.616307,0.616302,0.609352,0.623435,6.02007e-05,6.02011e-05,5.99635e-05,6.04349e-05,0.000258562,0.000243349,0.000145365,0.000423079,6.02007e-05,6.02011e-05,5.99635e-05,6.04349e-05,-0.507375,17,0.615831,6.02099e-05,13,8,20,0.901785,12,26
robustness,alternating,2,73,2,40,8000,0.616577,6.02017e-05,0.000110569,5.87506e-05,15.8423,10.6924,0.461747,0.710626,0.0491447,0.616419,0.6164,0.613178,0.619644,6.02266e-05,6.02267e-05,6.00019e-05,6.04381e-05,0.000145198,0.000143087,0.000101042,0.00019656,5.89166e-05,5.89172e-05,5.87868e-05,5.90486e-05,-0.444259,9,0.615831,6.02099e-05,21,15,29,0.943881,12,26
robustness,alternating,2,73,3,20,8000,0.616577,6.02017e-05,0.000110569,5.54737e-05,7.50981,6.73525,0.850994,0.0899892,0.0464856,0.616875,0.616871,0.614026,0.619933,6.0208e-05,6.02112e-05,5.99826e-05,6.04188e-05,0.000130028,0.000129788,0.00010346,0.000157778,5.54813e-05,5.54813e-05,5.52734e-05,5.569e-05,-0.211987,5,0.615831,6.02099e-05,23,19,29,0.934775,12,26
robustness,alternating,2,73,4,40,8000,0.616577,6.02017e-05,0.000110569,5.47103e-05,14.7529,10.0356,1.75164,0.262801,0.191861,0.617558,0.617551,0.615231,0.619963,6.01936e-05,6.01975e-05,5.99657e-05,6.04132e-05,0.000122642,0.000122261,9.90356e-05,0.000147519,5.46104e-05,5.46106e-05,5.4489e-05,5.47297e-05,-0.324917,6,0.615831,6.02099e-05,24,20,30,0.930947,12,26
robustness,alternating,2,73,5,20,8000,0.616577,6.02017e-05,0.000110569,5.23247e-05,7.08351,6.41694,1.41817,0.106226,0.0426745,0.617589,0.617586,0.615308,0.619837,6.01911e-05,6.01908e-05,5.99649e-05,6.04154e-05,0.000115777,0.000115394,9.70661e-05,0.00013619,5.22099e-05,5.22101e-05,5.20085e-05,5.24106e-05,-0.150141,4,0.615831,6.02099e-05,25,21,31,0.966999,12,26
robustness,alternating,2,73,6,40,8000,0.616577,6.02017e-05,0.000110569,5.05202e-05,13.623,9.38458,3.08942,0.14168,0.18831,0.616717,0.616724,0.614699,0.618731,6.02132e-05,6.02139e-05,5.99966e-05,6.04279e-05,0.000117358,0.000117082,9.81657e-05,0.000137944,5.05699e-05,5.05705e-05,5.04518e-05,5.06888e-05,-0.279784,6,0.615831,6.02099e-05,25,21,30,0.948013,12,26
robustness,alternating,2,73,7,20,8000,0.616577,6.02017e-05,0.000110569,4.816e-05,6.51971,5.94952,2.16828,0.00688155,0.0215788,0.616948,0.616964,0.614969,0.61883,6.02085e-05,6.02086e-05,5.99942e-05,6.04266e-05,0.000114965,0.00011471,9.79946e-05,0.000133344,4.84085e-05,4.84097e-05,4.8204e-05,4.86072e-05,-0.136144,4,0.615831,6.02099e-05,25,22,30,0.930275,12,26
robustness,alternating,2,73,8,40,8000,0.616577,6.02017e-05,0.000110569,4.70089e-05,12.6762,8.85303,4.21048,0.104635,0.0386597,0.616933,0.616938,0.615134,0.618683,6.02079e-05,6.02066e-05,5.99915e-05,6.0431e-05,0.000115797,0.000115594,9.87913e-05,0.000133753,4.7017e-05,4.70174e-05,4.68954e-05,4.7134e-05,-0.22636,5,0.615831,6.02099e-05,25,22,29,0.923804,12,26
robustness,alternating,2,73,9,20,8000,0.616577,6.02017e-05,0.000110569,4.57348e-05,6.19139,5.71619,2.60509,0.134924,0.12044,0.61655,0.616551,0.614771,0.618289,6.0204e-05,6.02042e-05,5.99888e-05,6.04176e-05,0.000110321,0.000109996,9.56306e-05,0.000125932,4.57343e-05,4.57328e-05,4.55343e-05,4.59346e-05,-0.158013,5,0.615831,6.02099e-05,27,23,31,0.963232,12,26
robustness,alternating,2,73,10,40,8000,0.616577,6.02017e-05,0.000110569,4.43031e-05,11.9465,8.47388,5.07438,0.161545,0.16038,0.616292,0.616263,0.614653,0.617959,6.02078e-05,6.02108e-05,5.99921e-05,6.04157e-05,0.000112152,0.000111953,9.7773e-05,0.000127254,4.43649e-05,4.43658e-05,4.42482e-05,4.44819e-05,-0.218906,5,0.615831,6.02099e-05,26,23,30,0.94343,12,26
robustness,alternating,2,73,11,20,8000,0.616577,6.02017e-05,0.000110569,4.27401e-05,5.78598,5.37967,3.14448,0.0244899,0.0296602,0.616381,0.616357,0.614754,0.618045,6.02051e-05,6.02087e-05,5.99838e-05,6.0419e-05,0.000111237,0.000111008,9.78271e-05,0.000125705,4.27438e-05,4.27427e-05,4.25457e-05,4.2944e-05,-0.0755198,3,0.615831,6.02099e-05,26,23,30,0.958781,12,26
robustness,alternating,2,73,12,40,8000,0.616577,6.02017e-05,0.000110569,4.20356e-05,11.3351,8.16557,5.79834,0.0340906,0.034373,0.616405,0.616408,0.614857,0.617952,6.02047e-05,6.02044e-05,5.9991e-05,6.04203e-05,0.000110399,0.000110217,9.74771e-05,0.000124076,4.21272e-05,4.2127e-05,4.20098e-05,4.22434e-05,-0.151711,5,0.615831,6.02099e-05,26,23,30,0.959295,12,26
robustness,alternating,2,73,13,20,8000,0.616577,6.02017e-05,0.000110569,4.00903e-05,5.42726,5.07698,3.62174,0.0844073,0.0699417,0.616663,0.616673,0.615153,0.618172,6.02025e-05,6.02028e-05,5.99901e-05,6.04194e-05,0.000112776,0.000112478,9.98387e-05,0.000126463,4.01454e-05,4.01467e-05,3.99471e-05,4.03409e-05,-0.0950534,4,0.615831,6.02099e-05,25,23,29,0.966768,12,26
robustness,alternating,2,73,14,40,8000,0.616577,6.02017e-05,0.000110569,3.86204e-05,10.4141,7.51379,6.88874,0.25489,0.241032,0.616503,0.616489,0.61502,0.618013,6.02106e-05,6.02111e-05,6.00029e-05,6.04205e-05,0.000114487,0.000114455,0.000101429,0.000127767,3.86447e-05,3.86435e-05,3.85308e-05,3.87626e-05,-0.154049,7,0.615831,6.02099e-05,25,23,28,0.936747,12,26
robustness,alternating,2,73,15,20,8000,0.616577,6.02017e-05,0.000110569,3.73057e-05,5.0503,4.73704,4.12328,0.004264,0.000288315,0.61662,0.616606,0.615149,0.618094,6.021e-05,6.02109e-05,6.0001e-05,6.04265e-05,0.000114992,0.000114794,0.000102376,0.000128136,3.7182e-05,3.7182e-05,3.69871e-05,3.73785e-05,-0.062423,3,0.615831,6.02099e-05,25,23,27,0.933099,12,26
robustness,alternating,2,73,16,40,8000,0.616577,6.02017e-05,0.000110569,3.66436e-05,9.8811,7.20374,7.51986,0.0310212,0.0135995,0.616389,0.616402,0.61498,0.61778,6.02154e-05,6.02151e-05,6.00075e-05,6.04338e-05,0.000114905,0.000114624,0.000102462,0.000128168,3.65354e-05,3.65346e-05,3.64191e-05,3.66535e-05,-0.152174,4,0.615831,6.02099e-05,25,23,27,0.944227,12,26
robustness,alternating,2,73,17,20,8000,0.616577,6.02017e-05,0.000110569,3.5593e-05,4.81844,4.55101,4.43175,0.0519457,0.0243937,0.616244,0.616257,0.614787,0.617622,6.02161e-05,6.02142e-05,6.00109e-05,6.04204e-05,0.00011377,0.00011367,0.000101301,0.000126686,3.55432e-05,3.55445e-05,3.53468e-05,3.57374e-05,-0.0863645,3,0.615831,6.02099e-05,25,23,27,0.952196,12,26
robustness,alternating,2,73,18,40,8000,0.616577,6.02017e-05,0.000110569,3.51861e-05,9.48806,7.00587,7.98522,0.0692767,0.0501806,0.616726,0.616731,0.615371,0.618069,6.02086e-05,6.02098e-05,5.99973e-05,6.0415e-05,0.000113668,0.000113438,0.00010189,0.000126156,3.50889e-05,3.50889e-05,3.49765e-05,3.52046e-05,-0.125179,4,0.615831,6.02099e-05,25,23,27,0.960111,12,26
robustness,alternating,2,73,19,20,8000,0.616577,6.02017e-05,0.000110569,3.40267e-05,4.6064,4.37794,4.71386,0.00996436,0.0117243,0.616757,0.616768,0.615414,0.618055,6.0206e-05,6.02075e-05,5.99942e-05,6.04121e-05,0.000113072,0.000113015,0.000101378,0.000125198,3.41537e-05,3.4156e-05,3.39574e-05,3.43451e-05,-0.0501654,4,0.615831,6.02099e-05,25,24,27,0.916041,12,26
robustness,alternating,2,73,20,40,8000,0.616577,6.02017e-05,0.000110569,3.38251e-05,9.12108,6.81194,8.41973,0.0639285,0.100311,0.6165,0.616511,0.615163,0.617787,6.02072e-05,6.02067e-05,5.99957e-05,6.04121e-05,0.000112407,0.00011245,0.000100728,0.000123972,3.38316e-05,3.38307e-05,3.37184e-05,3.39465e-05,-0.125451,4,0.615831,6.02099e-05,25,24,28,0.96941,12,26
robustness,alternating,2,74,1,20,8000,0.0228227,4.94077e-05,0.000559936,4.94077e-05,6.61181,1.66478,1.66478,3.87837,0,0.0229046,0.0228901,0.0221077,0.0237289,4.95143e-05,4.95143e-05,4.92396e-05,4.97839e-05,0.000273294,0.00025854,0.000144494,0.000454871,4.95143e-05,4.95143e-05,4.92396e-05,4.97839e-05,-0.082229,15,0.0228315,4.95213e-05,14,9,25,0.924585,12,7
robustness,alternating,2,74,2,40,8000,0.0228227,4.94077e-05,0.000559936,4.43648e-05,11.8825,3.8618,1.40142,0.681778,0.0577429,0.0227778,0.0227773,0.0223424,0.0232232,4.94753e-05,4.94789e-05,4.9215e-05,4.9717e-05,0.00049165,0.000491971,0.000399888,0.000584539,4.45289e-05,4.45293e-05,4.43892e-05,4.46671e-05,-0.0171462,9,0.0228315,4.95213e-05,8,7,9,0.965308,12,7
robustness,alternating,2,74,3,20,8000,0.0228227,4.94077e-05,0.000559936,3.63867e-05,4.86931,2.0313,1.7937,0.120864,0.0193159,0.0225644,0.0225553,0.0221769,0.0229721,4.95112e-05,4.95119e-05,4.92645e-05,4.97385e-05,0.000547066,0.000546678,0.00050523,0.000590572,3.63104e-05,3.63102e-05,3.60463e-05,3.65726e-05,-0.0297457,5,0.0228315,4.95213e-05,7,7,8,0.998662,12,7
robustness,alternating,2,74,4,40,8000,0.0228227,4.94077e-05,0.000559936,3.35826e-05,8.99467,4.23166,4.33171,0.0292087,0.0239743,0.022409,0.0224049,0.0220843,0.0227472,4.95047e-05,4.95052e-05,4.92641e-05,4.97387e-05,0.000539019,0.000539254,0.000501592,0.000574859,3.3718e-05,3.37176e-05,3.35806e-05,3.38525e-05,-0.0165014,5,0.0228315,4.95213e-05,7,7,8,0.999028,12,7
robustness,alternating,2,74,5,20,8000,0.0228227,4.94077e-05,0.000559936,2.88444e-05,3.86,2.08045,2.82367,0.0342394,0.00361637,0.022437,0.0224333,0.022116,0.0227675,4.95099e-05,4.95132e-05,4.92665e-05,4.97466e-05,0.000544116,0.000544315,0.000511999,0.000575702,2.89313e-05,2.89319e-05,2.86814e-05,2.91795e-05,-0.0279112,2,0.0228315,4.95213e-05,7,7,7,0.961702,12,7
robustness,alternating,2,74,6,40,8000,0.0228227,4.94077e-05,0.000559936,2.66645e-05,7.14173,4.30075,6.21188,0.129354,0.0942989,0.022456,0.0224538,0.0221529,0.0227751,4.95169e-05,4.95171e-05,4.92792e-05,4.97517e-05,0.000552409,0.000551896,0.000523512,0.000582921,2.67146e-05,2.6714e-05,2.65834e-05,2.68485e-05,0.00530911,5,0.0228315,4.95213e-05,7,7,7,0.999999,12,7
robustness,alternating,2,74,7,20,8000,0.0228227,4.94077e-05,0.000559936,2.38923e-05,3.1973,2.02402,3.49993,0.0290616,0.037996,0.0225236,0.0225197,0.0222168,0.0228397,4.95092e-05,4.95068e-05,4.92745e-05,4.97515e-05,0.000548026,0.000547778,0.000520574,0.000576214,2.38928e-05,2.38921e-05,2.36624e-05,2.41227e-05,-0.0324568,3,0.0228315,4.95213e-05,7,7,7,1,12,7
robustness,alternating,2,74,8,40,8000,0.0228227,4.94077e-05,0.000559936,2.2579e-05,6.04748,4.05689,7.32221,0.0234783,0.0132254,0.0225738,0.0225696,0.0222841,0.0228693,4.95084e-05,4.95073e-05,4.92706e-05,4.97494e-05,0.000548478,0.000548244,0.000521158,0.000576386,2.2636e-05,2.26353e-05,2.25078e-05,2.27687e-05,-0.00552003,3,0.0228315,4.95213e-05,7,7,7,1,12,7
robustness,alternating,2,74,9,20,8000,0.0228227,4.94077e-05,0.000559936,2.01494e-05,2.69642,1.96385,4.01106,0.0430839,0.0303462,0.0226481,0.0226494,0.0223551,0.0229333,4.9507e-05,4.95067e-05,4.92712e-05,4.97494e-05,0.000553251,0.000552997,0.000526435,0.000580382,2.02931e-05,2.02919e-05,2.0076e-05,2.05106e-05,0.00111495,3,0.0228315,4.95213e-05,7,7,7,1,12,7
robustness,alternating,2,74,10,40,8000,0.0228227,4.94077e-05,0.000559936,1.91526e-05,5.12976,3.91807,8.25341,0.0637258,0.0254314,0.0226626,0.0226662,0.0223694,0.022941,4.95047e-05,4.95071e-05,4.92645e-05,4.97449e-05,0.000555507,0.000555558,0.000529212,0.000581999,1.92431e-05,1.92438e-05,1.91113e-05,1.93723e-05,0.00216357,3,0.0228315,4.95213e-05,7,7,7,1,12,7
robustness,alternating,2,74,11,20,8000,0.0228227,4.94077e-05,0.000559936,1.74262e-05,2.332,1.87794,4.38294,0.029057,0.017184,0.0226724,0.0226763,0.0223792,0.0229591,4.95184e-05,4.95209e-05,4.92802e-05,4.9748e-05,0.000562045,0.000562171,0.000536256,0.000587438,1.73287e-05,1.73253e-05,1.71204e-05,1.75412e-05,0.0109429,4,0.0228315,4.95213e-05,7,7,7,1,12,7
robustness,alternating,2,74,12,40,8000,0.0228227,4.94077e-05,0.000559936,1.68972e-05,4.5257,3.67219,8.86636,0.0650454,0.0404039,0.0226797,0.022683,0.0223949,0.0229609,4.95038e-05,4.95063e-05,4.92583e-05,4.97386e-05,0.000557648,0.000557752,0.000532468,0.000582681,1.69508e-05,1.69514e-05,1.68212e-05,1.70782e-05,-0.0250334,4,0.0228315,4.95213e-05,7,7,7,1,12,7
robustness,alternating,2,74,13,20,8000,0.0228227,4.94077e-05,0.000559936,1.57599e-05,2.10901,1.73121,4.61049,0.00927299,0.0156711,0.0226773,0.0226795,0.0223966,0.0229565,4.95018e-05,4.95038e-05,4.92569e-05,4.97371e-05,0.000555857,0.000556038,0.000531259,0.000580285,1.5787e-05,1.57878e-05,1.55858e-05,1.59872e-05,-0.0430416,2,0.0228315,4.95213e-05,7,7,7,1,12,7
robustness,alternating,2,74,14,40,8000,0.0228227,4.94077e-05,0.000559936,1.52356e-05,4.08065,3.4162,9.31795,0.00362722,0.00842189,0.022642,0.02264,0.0223725,0.022918,4.94972e-05,4.94979e-05,4.92493e-05,4.97334e-05,0.000554904,0.000554802,0.000531274,0.00057928,1.52599e-05,1.526e-05,1.51341e-05,1.5386e-05,-0.00422444,2,0.0228315,4.95213e-05,7,7,7,1,12,7
robustness,alternating,2,74,15,20,8000,0.0228227,4.94077e-05,0.000559936,1.41832e-05,1.89802,1.63275,4.8258,0.0085209,0.00417759,0.0226332,0.0226346,0.0223645,0.0229004,4.95035e-05,4.95063e-05,4.92608e-05,4.9736e-05,0.000557651,0.000557539,0.000533971,0.000581942,1.40939e-05,1.4095e-05,1.39049e-05,1.42808e-05,-0.0267814,3,0.0228315,4.95213e-05,7,7,7,1,12,7
robustness,alternating,2,74,16,40,8000,0.0228227,4.94077e-05,0.000559936,1.37249e-05,3.67605,3.23036,9.72849,0.019834,0.00209384,0.0226164,0.0226152,0.0223514,0.0228804,4.95032e-05,4.95066e-05,4.9254e-05,4.97356e-05,0.000557843,0.000557602,0.000534661,0.000581983,1.36189e-05,1.36184e-05,1.34956e-05,1.37418e-05,-0.0264635,3,0.0228315,4.95213e-05,7,7,7,1,12,7
robustness,alternating,2,74,17,20,8000,0.0228227,4.94077e-05,0.000559936,1.30443e-05,1.7456,1.52237,4.98134,0.0332894,0.0206662,0.0226162,0.0226147,0.0223514,0.0228768,4.94977e-05,4.95007e-05,4.92522e-05,4.97393e-05,0.000555365,0.000555241,0.000532216,0.000579369,1.29656e-05,1.29649e-05,1.27831e-05,1.31511e-05,-0.0319712,3,0.0228315,4.95213e-05,7,7,7,1,12,7
robustness,alternating,2,74,18,40,8000,0.0228227,4.94077e-05,0.000559936,1.2884e-05,3.45081,2.95525,9.95704,0.0794831,0.0601537,0.0226169,0.0226164,0.0223436,0.0228843,4.94864e-05,4.94897e-05,4.92437e-05,4.97247e-05,0.000551891,0.000551666,0.000529931,0.000574489,1.29005e-05,1.28992e-05,1.27811e-05,1.30221e-05,0.00331915,5,0.0228315,4.95213e-05,7,7,7,1,12,7
robustness,alternating,2,74,19,20,8000,0.0228227,4.94077e-05,0.000559936,1.20377e-05,1.6109,1.43102,5.11879,0.0189313,0.0152594,0.022626,0.0226277,0.0223511,0.0228911,4.94903e-05,4.94931e-05,4.92461e-05,4.97268e-05,0.000553051,0.000552914,0.00053092,0.000575661,1.21076e-05,1.21061e-05,1.19365e-05,1.22835e-05,-0.0211604,1,0.0228315,4.95213e-05,7,7,7,1,12,7
robustness,alternating,2,74,20,40,8000,0.0228227,4.94077e-05,0.000559936,1.17289e-05,3.14143,2.82951,10.271,0.0148164,0.00449544,0.0226194,0.0226212,0.0223425,0.0228917,4.94918e-05,4.9495e-05,4.9246e-05,4.97254e-05,0.000553343,0.000553259,0.000531339,0.000576149,1.17324e-05,1.17319e-05,1.16096e-05,1.18539e-05,-0.0198853,3,0.0228315,4.95213e-05,7,7,7,1,12,7
robustness,alternating,2,75,1,20,8000,0.928244,3.54826e-05,0.00026817,3.54826e-05,4.81719,6.05761,6.05761,3.98626,0,0.91772,0.917771,0.901901,0.933048,3.55863e-05,3.55879e-05,3.53615e-05,3.58165e-05,0.000288677,0.00026902,0.000149457,0.000495263,3.55863e-05,3.55879e-05,3.53615e-05,3.58165e-05,-0.53452,18,0.917609,3.55825e-05,19,11,32,0.9068,12,17
robustness,alternating,2,75,2,40,8000,0.928244,3.54826e-05,0.00026817,3.41366e-05,9.22578,10.0813,0.472709,0.049265,0.00052434,0.924372,0.924273,0.917031,0.932081,3.5531e-05,3.55332e-05,3.5327e-05,3.57281e-05,0.000271815,0.000268808,0.000178551,0.000372258,3.41133e-05,3.41131e-05,3.39961e-05,3.42307e-05,-0.409312,5,0.917609,3.55825e-05,19,13,27,0.944161,12,17
robustness,alternating,2,75,3,20,8000,0.928244,3.54826e-05,0.00026817,3.10534e-05,4.21588,5.13369,0.858368,0.109634,0.122914,0.924253,0.924147,0.917451,0.931427,3.55531e-05,3.55521e-05,3.53589e-05,3.57506e-05,0.000309239,0.000308515,0.000256635,0.00036506,3.11707e-05,3.1169e-05,3.09753e-05,3.1367e-05,-0.230936,5,0.917609,3.55825e-05,16,14,19,0.929106,12,17
robustness,alternating,2,75,4,40,8000,0.928244,3.54826e-05,0.00026817,2.99958e-05,8.1067,8.5469,1.88712,0.0200657,0.00867013,0.925388,0.925332,0.919913,0.931166,3.55437e-05,3.55435e-05,3.53535e-05,3.57318e-05,0.000309956,0.000309953,0.000262468,0.000357748,2.99356e-05,2.99352e-05,2.98259e-05,3.00477e-05,-0.295322,4,0.917609,3.55825e-05,16,14,19,0.958218,12,17
robustness,alternating,2,75,5,20,8000,0.928244,3.54826e-05,0.00026817,2.82923e-05,3.84103,4.50317,1.39037,0.104813,0.0372135,0.92473,0.924738,0.919351,0.930104,3.55379e-05,3.55399e-05,3.53527e-05,3.57227e-05,0.000290863,0.00028982,0.000253128,0.000331699,2.81523e-05,2.81541e-05,2.79659e-05,2.83338e-05,-0.155772,4,0.917609,3.55825e-05,17,15,19,0.946775,12,17
robustness,alternating,2,75,6,40,8000,0.928244,3.54826e-05,0.00026817,2.67269e-05,7.22324,7.43354,3.00491,0.169423,0.241899,0.925487,0.925457,0.92074,0.930206,3.55421e-05,3.55447e-05,3.53571e-05,3.57168e-05,0.000303094,0.000302836,0.00026571,0.000343426,2.67513e-05,2.67515e-05,2.66418e-05,2.6861e-05,-0.222487,5,0.917609,3.55825e-05,17,15,19,0.972291,12,17
robustness,alternating,2,75,7,20,8000,0.928244,3.54826e-05,0.00026817,2.49915e-05,3.39289,3.96657,2.0265,0.00988583,0.0432566,0.925723,0.925706,0.921154,0.930241,3.55455e-05,3.55485e-05,3.53592e-05,3.5726e-05,0.000311443,0.000311517,0.000275788,0.000348133,2.48205e-05,2.482e-05,2.46401e-05,2.49999e-05,-0.120263,4,0.917609,3.55825e-05,16,15,18,0.947356,12,17
robustness,alternating,2,75,8,40,8000,0.928244,3.54826e-05,0.00026817,2.44349e-05,6.60381,6.59713,3.78873,0.132416,0.0390749,0.926247,0.926188,0.922107,0.930579,3.554e-05,3.55392e-05,3.53591e-05,3.57232e-05,0.000304206,0.000303696,0.000269826,0.000340258,2.44048e-05,2.44041e-05,2.42991e-05,2.45118e-05,-0.184498,5,0.917609,3.55825e-05,17,15,18,0.956925,12,17
robustness,alternating,2,75,9,20,8000,0.928244,3.54826e-05,0.00026817,2.31832e-05,3.14741,3.59506,2.37499,0.0420859,0.00277811,0.926579,0.926515,0.922553,0.930843,3.55341e-05,3.55327e-05,3.53571e-05,3.57169e-05,0.000298082,0.000297457,0.000266614,0.000331283,2.31592e-05,2.31576e-05,2.29837e-05,2.33323e-05,-0.0873578,3,0.917609,3.55825e-05,17,15,19,0.995256,12,17
robustness,alternating,2,75,10,40,8000,0.928244,3.54826e-05,0.00026817,2.27825e-05,6.15722,5.9553,4.35384,0.0919059,0.0605607,0.927299,0.927269,0.923368,0.931306,3.55251e-05,3.55253e-05,3.53443e-05,3.57085e-05,0.000292424,0.000292028,0.000261039,0.000324083,2.28129e-05,2.28141e-05,2.27046e-05,2.29198e-05,-0.151973,4,0.917609,3.55825e-05,17,16,19,0.969344,12,17
robustness,alternating,2,75,11,20,8000,0.928244,3.54826e-05,0.00026817,2.16053e-05,2.93318,3.29355,2.6791,0.00151793,0.0143745,0.926899,0.926878,0.922984,0.930874,3.55227e-05,3.55219e-05,3.53427e-05,3.57103e-05,0.000287862,0.000287745,0.000258995,0.00031726,2.17824e-05,2.1781e-05,2.16088e-05,2.19535e-05,-0.0783607,3,0.917609,3.55825e-05,17,16,19,0.983292,12,17
robustness,alternating,2,75,12,40,8000,0.928244,3.54826e-05,0.00026817,2.11972e-05,5.72877,5.43157,4.89601,0.0126108,0.0321931,0.926179,0.926161,0.922497,0.929983,3.55253e-05,3.55236e-05,3.53482e-05,3.57072e-05,0.000287322,0.000286778,0.000259009,0.000316468,2.12946e-05,2.12951e-05,2.11889e-05,2.13987e-05,-0.147746,4,0.917609,3.55825e-05,17,17,19,0.953215,12,17
robustness,alternating,2,75,13,20,8000,0.928244,3.54826e-05,0.00026817,1.99875e-05,2.71355,3.02493,2.9909,0.0517202,0.0488641,0.926308,0.926315,0.922583,0.930001,3.5524e-05,3.55232e-05,3.53458e-05,3.57063e-05,0.000290287,0.000289718,0.000262782,0.000319607,2.01415e-05,2.01424e-05,1.99711e-05,2.03112e-05,-0.0879989,2,0.917609,3.55825e-05,17,17,19,0.958182,12,17
robustness,alternating,2,75,14,40,8000,0.928244,3.54826e-05,0.00026817,1.92452e-05,5.20124,4.95896,5.56358,0.143212,0.106731,0.926491,0.926483,0.922915,0.930103,3.55201e-05,3.55268e-05,3.53317e-05,3.56929e-05,0.000296173,0.00029502,0.000270099,0.00032666,1.91102e-05,1.91095e-05,1.90102e-05,1.92142e-05,-0.0698684,8,0.917609,3.55825e-05,17,16,17,0.972205,12,17
robustness,alternating,2,75,15,20,8000,0.928244,3.54826e-05,0.00026817,1.84143e-05,2.49996,2.78403,3.29411,0.0331142,0.00792774,0.92673,0.926728,0.923256,0.930327,3.55162e-05,3.55212e-05,3.53293e-05,3.56899e-05,0.000293026,0.000292337,0.000267989,0.000320496,1.84222e-05,1.84225e-05,1.82582e-05,1.85878e-05,-0.075464,3,0.917609,3.55825e-05,17,16,17,0.96657,12,17
robustness,alternating,2,75,16,40,8000,0.928244,3.54826e-05,0.00026817,1.80246e-05,4.87135,4.58923,5.98103,0.00387549,0.00827385,0.926137,0.926124,0.922818,0.929567,3.55171e-05,3.55232e-05,3.53254e-05,3.56957e-05,0.000291643,0.000290895,0.000267107,0.000318866,1.8116e-05,1.8115e-05,1.80118e-05,1.82209e-05,-0.109386,3,0.917609,3.55825e-05,17,17,17,0.978632,12,17
robustness,alternating,2,75,17,20,8000,0.928244,3.54826e-05,0.00026817,1.77028e-05,2.40337,2.62921,3.43124,0.0680541,0.0716802,0.925705,0.925671,0.922579,0.928952,3.551e-05,3.55174e-05,3.5308e-05,3.56894e-05,0.000285733,0.000285206,0.000262478,0.000310248,1.76684e-05,1.76672e-05,1.75057e-05,1.78399e-05,-0.0549953,4,0.917609,3.55825e-05,17,17,18,0.987248,12,17
robustness,alternating,2,75,18,40,8000,0.928244,3.54826e-05,0.00026817,1.75989e-05,4.7563,4.32807,6.12662,0.101486,0.0800444,0.925654,0.925615,0.922585,0.928819,3.55005e-05,3.55036e-05,3.53017e-05,3.56845e-05,0.000281486,0.000281018,0.000259652,0.000304084,1.75983e-05,1.75985e-05,1.74938e-05,1.7701e-05,-0.117927,5,0.917609,3.55825e-05,17,17,18,0.969104,12,17
robustness,alternating,2,75,19,20,8000,0.928244,3.54826e-05,0.00026817,1.68801e-05,2.29168,2.48183,3.5898,0.00442436,0.0110167,0.925839,0.925782,0.922755,0.928988,3.55031e-05,3.55076e-05,3.53005e-05,3.56848e-05,0.000283713,0.000283476,0.000262234,0.000306427,1.67529e-05,1.67518e-05,1.65929e-05,1.69146e-05,-0.0721891,3,0.917609,3.55825e-05,17,17,18,0.984355,12,17
robustness,alternating,2,75,20,40,8000,0.928244,3.54826e-05,0.00026817,1.64175e-05,4.43699,4.03625,6.53069,0.00517218,0.053116,0.925752,0.925723,0.922719,0.928912,3.55041e-05,3.55085e-05,3.53009e-05,3.56877e-05,0.00028393,0.000283756,0.000262316,0.000306457,1.6372e-05,1.63726e-05,1.6267e-05,1.64764e-05,-0.0958184,3,0.917609,3.55825e-05,17,17,18,0.982823,12,17
robustness,alternating,2,76,1,20,8000,0.71997,6.57843e-05,0.000303747,6.57843e-05,8.91461,8.40781,8.40781,5.21129,0,0.716884,0.716878,0.70938,0.724403,6.58813e-05,6.5881e-05,6.56468e-05,6.6115e-05,0.000280344,0.000258318,0.000140009,0.000491916,6.58813e-05,6.5881e-05,6.56468e-05,6.6115e-05,-0.513135,17,0.71677,6.58841e-05,11,7,19,0.907404,12,9
robustness,alternating,2,76,2,40,8000,0.71997,6.57843e-05,0.000303747,6.08347e-05,16.4178,12.0785,1.64028,0.0918362,0.0577419,0.717625,0.717635,0.713823,0.72137,6.58658e-05,6.58702e-05,6.56501e-05,6.60758e-05,0.00029031,0.000289868,0.000231302,0.000351352,6.08085e-05,6.08076e-05,6.06849e-05,6.09344e-05,-0.44478,7,0.71677,6.58841e-05,10,9,12,0.922601,12,9
robustness,alternating,2,76,3,20,8000,0.71997,6.57843e-05,0.000303747,5.24896e-05,7.113,6.69616,2.46317,0.0355119,0.0241877,0.717744,0.717776,0.714268,0.721224,6.58684e-05,6.58722e-05,6.56637e-05,6.60689e-05,0.000294741,0.000294713,0.000263816,0.00032601,5.25356e-05,5.25349e-05,5.23334e-05,5.27372e-05,-0.216928,5,0.71677,6.58841e-05,10,9,11,0.997814,12,9
robustness,alternating,2,76,4,40,8000,0.71997,6.57843e-05,0.000303747,4.9085e-05,13.2469,9.74369,5.49353,0.0750142,0.0376539,0.717158,0.717151,0.71421,0.720068,6.58798e-05,6.5884e-05,6.56785e-05,6.60794e-05,0.000298815,0.000299118,0.000269259,0.000327757,4.90912e-05,4.90915e-05,4.89733e-05,4.92079e-05,-0.28297,5,0.71677,6.58841e-05,9,9,11,0.99916,12,9
robustness,alternating,2,76,5,20,8000,0.71997,6.57843e-05,0.000303747,4.33303e-05,5.8718,5.53057,4.15325,0.0427879,0.0291152,0.717207,0.717216,0.714323,0.720031,6.58802e-05,6.58818e-05,6.5679e-05,6.6079e-05,0.000300415,0.000300713,0.000276065,0.000324334,4.3506e-05,4.35068e-05,4.33093e-05,4.37041e-05,-0.138094,4,0.71677,6.58841e-05,9,9,10,0.975403,12,9
robustness,alternating,2,76,6,40,8000,0.71997,6.57843e-05,0.000303747,4.10213e-05,11.0707,8.16642,8.13808,0.0693498,0.0179102,0.7175,0.717499,0.714963,0.72015,6.58755e-05,6.58782e-05,6.56782e-05,6.60697e-05,0.000302146,0.000302361,0.000278983,0.000324862,4.09992e-05,4.1e-05,4.0883e-05,4.11126e-05,-0.22822,4,0.71677,6.58841e-05,9,9,10,0.993109,12,9
robustness,alternating,2,76,7,20,8000,0.71997,6.57843e-05,0.000303747,3.62277e-05,4.90931,4.64007,5.46384,0.154823,0.15615,0.717634,0.717656,0.715119,0.720155,6.58781e-05,6.58809e-05,6.56711e-05,6.60753e-05,0.000312465,0.000312312,0.000291227,0.000334099,3.6353e-05,3.63499e-05,3.61643e-05,3.65463e-05,-0.106929,6,0.71677,6.58841e-05,9,9,9,0.991172,12,9
robustness,alternating,2,76,8,40,8000,0.71997,6.57843e-05,0.000303747,3.45953e-05,9.33645,6.94014,10.2455,0.0371878,0.0162594,0.717235,0.717231,0.714855,0.719627,6.58896e-05,6.58909e-05,6.5687e-05,6.60944e-05,0.000314133,0.000313871,0.00029261,0.000336148,3.453e-05,3.4531e-05,3.4417e-05,3.46423e-05,-0.157887,4,0.71677,6.58841e-05,9,9,9,0.999949,12,9
robustness,alternating,2,76,9,20,8000,0.71997,6.57843e-05,0.000303747,3.18285e-05,4.31316,4.08402,6.27559,0.0415036,0.0115655,0.717325,0.717319,0.714943,0.719717,6.58866e-05,6.58882e-05,6.56815e-05,6.60916e-05,0.000312082,0.000311988,0.000292069,0.000332894,3.17676e-05,3.17663e-05,3.15786e-05,3.19622e-05,-0.0918221,3,0.71677,6.58841e-05,9,9,9,1,12,9
robustness,alternating,2,76,10,40,8000,0.71997,6.57843e-05,0.000303747,3.11662e-05,8.41102,6.24596,11.3701,0.219164,0.184561,0.717607,0.717631,0.715318,0.719822,6.58792e-05,6.58811e-05,6.56814e-05,6.6064e-05,0.000307191,0.000306778,0.000289611,0.000325907,3.12339e-05,3.12331e-05,3.1121e-05,3.13469e-05,-0.124805,7,0.71677,6.58841e-05,9,9,9,1,12,9
robustness,alternating,2,76,11,20,8000,0.71997,6.57843e-05,0.000303747,2.84824e-05,3.85972,3.65925,6.89303,0.0739996,0.0697244,0.717515,0.717558,0.715208,0.719749,6.5883e-05,6.58848e-05,6.56952e-05,6.60679e-05,0.000309715,0.000309216,0.000292073,0.000328282,2.86333e-05,2.86338e-05,2.84441e-05,2.88212e-05,-0.0645534,3,0.71677,6.58841e-05,9,9,9,1,12,9
robustness,alternating,2,76,12,40,8000,0.71997,6.57843e-05,0.000303747,2.74799e-05,7.41617,5.54297,12.5791,0.041613,0.00639203,0.717658,0.717705,0.715366,0.719785,6.58788e-05,6.58815e-05,6.56883e-05,6.60646e-05,0.000310911,0.000310761,0.000292899,0.000329327,2.74198e-05,2.74194e-05,2.73116e-05,2.75293e-05,-0.11909,4,0.71677,6.58841e-05,9,9,9,1,12,9
robustness,alternating,2,76,13,20,8000,0.71997,6.57843e-05,0.000303747,2.55541e-05,3.46291,3.2912,7.43336,0.00580539,0.0230564,0.717579,0.717605,0.715286,0.71972,6.58812e-05,6.58856e-05,6.56882e-05,6.607e-05,0.000311643,0.000311572,0.000293789,0.000329629,2.54965e-05,2.54958e-05,2.53161e-05,2.56785e-05,-0.0712054,3,0.71677,6.58841e-05,9,9,9,1,12,9
robustness,alternating,2,76,14,40,8000,0.71997,6.57843e-05,0.000303747,2.4813e-05,6.69643,5.02318,13.4537,0.0464766,0.0169029,0.717009,0.717021,0.714788,0.719173,6.58873e-05,6.58926e-05,6.56914e-05,6.60697e-05,0.00030988,0.000309636,0.000292492,0.000327249,2.49314e-05,2.49314e-05,2.48219e-05,2.50423e-05,-0.102768,4,0.71677,6.58841e-05,9,9,9,1,12,9
robustness,alternating,2,76,15,20,8000,0.71997,6.57843e-05,0.000303747,2.31941e-05,3.1431,2.99387,7.86883,0.0369509,0.0269104,0.717232,0.717249,0.714982,0.719405,6.58858e-05,6.58902e-05,6.56917e-05,6.60679e-05,0.000310448,0.000310189,0.000293591,0.000327543,2.33353e-05,2.33355e-05,2.31525e-05,2.3515e-05,-0.0532085,2,0.71677,6.58841e-05,9,9,9,1,12,9
robustness,alternating,2,76,16,40,8000,0.71997,6.57843e-05,0.000303747,2.26418e-05,6.11048,4.59755,14.1658,0.00912058,0.0333432,0.717209,0.717226,0.714945,0.719369,6.58855e-05,6.58889e-05,6.56906e-05,6.60707e-05,0.00031,0.000309949,0.000293472,0.000326687,2.27128e-05,2.27131e-05,2.26059e-05,2.28216e-05,-0.0828241,4,0.71677,6.58841e-05,9,9,9,1,12,9
robustness,alternating,2,76,17,20,8000,0.71997,6.57843e-05,0.000303747,2.17644e-05,2.94935,2.80275,8.13265,0.0599708,0.0650152,0.717236,0.717247,0.714997,0.719403,6.58846e-05,6.58859e-05,6.56869e-05,6.60703e-05,0.000308005,0.000307857,0.0002919,0.000324742,2.16831e-05,2.16837e-05,2.15043e-05,2.18595e-05,-0.0517377,3,0.71677,6.58841e-05,9,9,9,1,12,9
robustness,alternating,2,76,18,40,8000,0.71997,6.57843e-05,0.000303747,2.14278e-05,5.78285,4.32514,14.5639,0.110784,0.0786263,0.717144,0.717122,0.715013,0.719307,6.58825e-05,6.58845e-05,6.56839e-05,6.60664e-05,0.000306663,0.00030658,0.000290204,0.00032359,2.13067e-05,2.13076e-05,2.11959e-05,2.14161e-05,-0.110289,4,0.71677,6.58841e-05,9,9,9,1,12,9
robustness,alternating,2,76,19,20,8000,0.71997,6.57843e-05,0.000303747,2.00489e-05,2.71688,2.58637,8.4492,0.0272284,0.0508946,0.717069,0.717038,0.714949,0.719218,6.58843e-05,6.58868e-05,6.56854e-05,6.60654e-05,0.000306522,0.00030632,0.000290339,0.000323231,2.02183e-05,2.02193e-05,2.00441e-05,2.03932e-05,-0.059497,2,0.71677,6.58841e-05,9,9,9,1,12,9
robustness,alternating,2,76,20,40,8000,0.71997,6.57843e-05,0.000303747,1.94692e-05,5.25428,3.96051,15.2063,0.0778257,0.0295486,0.717086,0.717081,0.715016,0.719176,6.58868e-05,6.58878e-05,6.56877e-05,6.60739e-05,0.000307612,0.000307549,0.000291188,0.000323912,1.95146e-05,1.9515e-05,1.94036e-05,1.96241e-05,-0.0824595,4,0.71677,6.58841e-05,9,9,9,1,12,9
robustness,alternating,2,77,1,20,8000,0.0817137,4.35941e-05,0.000220371,4.35941e-05,5.84688,2.34366,2.34366,3.76247,0,0.0813773,0.0813737,0.0797855,0.0829995,4.36738e-05,4.36752e-05,4.33994e-05,4.3947e-05,0.00026977,0.000251763,0.000140835,0.000458812,4.36738e-05,4.36752e-05,4.33994e-05,4.3947e-05,-0.0709771,16,0.081418,4.36699e-05,16,9,29,0.941435,12,19
robustness,alternating,2,77,2,40,8000,0.0817137,4.35941e-05,0.000220371,4.10767e-05,10.9999,4.21703,0.71246,0.154338,0.233344,0.0816642,0.0816422,0.0804809,0.0828733,4.36424e-05,4.36443e-05,4.33727e-05,4.39137e-05,0.000306841,0.000305376,0.000215623,0.000403188,4.11531e-05,4.11522e-05,4.10174e-05,4.12907e-05,-0.0251078,6,0.081418,4.36699e-05,13,11,19,0.935853,12,19
robustness,alternating,2,77,3,20,8000,0.0817137,4.35941e-05,0.000220371,3.84188e-05,5.15276,1.7297,0.723904,0.175735,0.0352037,0.0815837,0.0815799,0.0805972,0.0825887,4.35834e-05,4.35815e-05,4.33404e-05,4.38293e-05,0.000227176,0.000227297,0.00018462,0.000271945,3.84768e-05,3.8479e-05,3.82105e-05,3.87357e-05,-0.0470753,6,0.081418,4.36699e-05,18,15,22,0.949514,12,19
robustness,alternating,2,77,4,40,8000,0.0817137,4.35941e-05,0.000220371,3.64439e-05,9.75927,3.12799,1.98556,0.190258,0.185812,0.0814888,0.0814892,0.0806091,0.0823677,4.36021e-05,4.36007e-05,4.33505e-05,4.38589e-05,0.000245398,0.000244546,0.000206388,0.000287129,3.64729e-05,3.64728e-05,3.63397e-05,3.66085e-05,-0.0134996,5,0.081418,4.36699e-05,17,14,19,0.95146,12,19
robustness,alternating,2,77,5,20,8000,0.0817137,4.35941e-05,0.000220371,3.39947e-05,4.55939,1.38183,1.33411,0.0116345,0.0202347,0.0814954,0.0814892,0.0807023,0.0823133,4.36007e-05,4.36002e-05,4.33487e-05,4.38565e-05,0.0002423,0.000242338,0.000208808,0.00027677,3.39931e-05,3.39954e-05,3.37398e-05,3.42427e-05,-0.0260306,3,0.081418,4.36699e-05,17,15,19,0.952269,12,19
robustness,alternating,2,77,6,40,8000,0.0817137,4.35941e-05,0.000220371,3.26951e-05,8.7554,2.4327,3.01573,0.0515734,0.0771386,0.0813938,0.0813886,0.0806491,0.0821625,4.36007e-05,4.36001e-05,4.3349e-05,4.38552e-05,0.000244561,0.000244126,0.000213848,0.000276779,3.27456e-05,3.27459e-05,3.26104e-05,3.28768e-05,0.000247775,4,0.081418,4.36699e-05,17,15,19,0.968646,12,19
robustness,alternating,2,77,7,20,8000,0.0817137,4.35941e-05,0.000220371,3.09511e-05,4.15119,1.08568,1.75391,0.0373047,0.0159088,0.0811502,0.0811365,0.0804917,0.0818577,4.3603e-05,4.36014e-05,4.33462e-05,4.38621e-05,0.000234684,0.000234297,0.000207629,0.000262424,3.10828e-05,3.10808e-05,3.08339e-05,3.13386e-05,-0.0229164,4,0.081418,4.36699e-05,17,15,19,0.975848,12,19
robustness,alternating,2,77,8,40,8000,0.0817137,4.35941e-05,0.000220371,3.01039e-05,8.06149,1.83085,3.72781,0.0202625,0.000416597,0.0811022,0.0810932,0.0804757,0.0817778,4.36055e-05,4.36037e-05,4.33552e-05,4.38626e-05,0.000235699,0.000235563,0.000209762,0.000262191,3.00417e-05,3.00403e-05,2.99094e-05,3.01761e-05,-0.00294806,4,0.081418,4.36699e-05,17,15,19,0.988454,12,19
robustness,alternating,2,77,9,20,8000,0.0817137,4.35941e-05,0.000220371,2.89581e-05,3.88388,0.813877,2.02881,0.0831452,0.0598788,0.0812571,0.0812472,0.0806023,0.0819597,4.35967e-05,4.35981e-05,4.33436e-05,4.38486e-05,0.000226658,0.000226477,0.000201855,0.000251761,2.88599e-05,2.88557e-05,2.86177e-05,2.91128e-05,-0.0269332,4,0.081418,4.36699e-05,17,16,19,0.946293,12,19
robustness,alternating,2,77,10,40,8000,0.0817137,4.35941e-05,0.000220371,2.83873e-05,7.60179,1.27325,4.19955,0.0791192,0.0467544,0.0811623,0.0811598,0.0805256,0.081821,4.35942e-05,4.35957e-05,4.33472e-05,4.384e-05,0.000222756,0.000222649,0.000198601,0.000247353,2.83798e-05,2.83803e-05,2.82473e-05,2.8511e-05,-0.015581,4,0.081418,4.36699e-05,18,17,20,0.950933,12,19
robustness,alternating,2,77,11,20,8000,0.0817137,4.35941e-05,0.000220371,2.72667e-05,3.65704,0.61669,2.2621,0.0434773,0.0395184,0.0812758,0.0812723,0.0806368,0.0819427,4.35951e-05,4.35954e-05,4.33503e-05,4.38382e-05,0.000217233,0.000217035,0.000193406,0.000240968,2.73048e-05,2.73012e-05,2.70739e-05,2.75409e-05,0.00589283,4,0.081418,4.36699e-05,19,17,20,0.948009,12,19
robustness,alternating,2,77,12,40,8000,0.0817137,4.35941e-05,0.000220371,2.63187e-05,7.04784,1.00338,4.76801,0.0927823,0.0798718,0.0811414,0.0811397,0.0805167,0.081772,4.35902e-05,4.35905e-05,4.33398e-05,4.38401e-05,0.000220188,0.000220152,0.000196777,0.000243421,2.63343e-05,2.63342e-05,2.62031e-05,2.64629e-05,0.0189731,4,0.081418,4.36699e-05,18,17,20,0.978748,12,19
robustness,alternating,2,77,13,20,8000,0.0817137,4.35941e-05,0.000220371,2.51102e-05,3.36781,0.539042,2.55955,0.00790912,0.000447486,0.0811903,0.0811861,0.0805849,0.0818126,4.35903e-05,4.35912e-05,4.33361e-05,4.38382e-05,0.000220129,0.000220036,0.00019733,0.000242748,2.51227e-05,2.51238e-05,2.48905e-05,2.53562e-05,-0.0238142,2,0.081418,4.36699e-05,18,17,19,0.954522,12,19
robustness,alternating,2,77,14,40,8000,0.0817137,4.35941e-05,0.000220371,2.42964e-05,6.50631,0.861307,5.32373,0.0745814,0.0702782,0.0811503,0.0811505,0.0805329,0.0817572,4.35853e-05,4.35856e-05,4.33284e-05,4.38342e-05,0.000222951,0.000222574,0.000201544,0.000246158,2.42467e-05,2.4245e-05,2.41183e-05,2.43799e-05,-0.0117947,4,0.081418,4.36699e-05,18,17,19,0.989168,12,19
robustness,alternating,2,77,15,20,8000,0.0817137,4.35941e-05,0.000220371,2.35292e-05,3.15576,0.454924,2.77762,0.0456916,0.0368633,0.0810936,0.0811034,0.0804726,0.0816925,4.35885e-05,4.35862e-05,4.33465e-05,4.38356e-05,0.000218398,0.000218325,0.000197507,0.000240031,2.3548e-05,2.35454e-05,2.33209e-05,2.37819e-05,-0.0251349,4,0.081418,4.36699e-05,18,17,19,0.976462,12,19
robustness,alternating,2,77,16,40,8000,0.0817137,4.35941e-05,0.000220371,2.31305e-05,6.19409,0.612486,5.64413,0.0215112,0.0251914,0.0811338,0.0811432,0.0805357,0.0817107,4.35869e-05,4.35851e-05,4.33477e-05,4.3834e-05,0.000216677,0.000216403,0.000196284,0.00023784,2.32404e-05,2.32413e-05,2.31095e-05,2.33705e-05,-0.0312874,3,0.081418,4.36699e-05,19,18,19,0.948331,12,19
robustness,alternating,2,77,17,20,8000,0.0817137,4.35941e-05,0.000220371,2.27175e-05,3.0469,0.3539,2.88957,0.0572314,0.0724961,0.0811565,0.0811661,0.0805774,0.0817091,4.35873e-05,4.35833e-05,4.33461e-05,4.38363e-05,0.000213057,0.000212785,0.000194025,0.000232716,2.25947e-05,2.25922e-05,2.23718e-05,2.28273e-05,-0.0173992,4,0.081418,4.36699e-05,19,18,20,0.987497,12,19
robustness,alternating,2,77,18,40,8000,0.0817137,4.35941e-05,0.000220371,2.22585e-05,5.96057,0.394626,5.88377,0.0280917,0.000495041,0.0811688,0.0811747,0.0806165,0.0816947,4.35891e-05,4.35882e-05,4.3345e-05,4.38405e-05,0.000212833,0.00021274,0.000193774,0.000232133,2.21473e-05,2.21464e-05,2.20172e-05,2.22794e-05,-0.00316095,3,0.081418,4.36699e-05,19,19,19,0.974967,12,19
robustness,alternating,2,77,19,20,8000,0.0817137,4.35941e-05,0.000220371,2.13859e-05,2.86829,0.318181,3.07325,0.0119808,0.000383517,0.0811957,0.0811955,0.0806674,0.081714,4.35891e-05,4.35895e-05,4.3346e-05,4.38373e-05,0.000214076,0.000213845,0.000195571,0.000233388,2.11902e-05,2.11873e-05,2.09753e-05,2.14079e-05,-0.0137235,2,0.081418,4.36699e-05,19,19,19,0.999265,12,19
robustness,alternating,2,77,20,40,8000,0.0817137,4.35941e-05,0.000220371,2.07945e-05,5.56853,0.360531,6.28608,0.00602418,0.0511004,0.0812791,0.0812747,0.0807643,0.0818057,4.359e-05,4.35907e-05,4.33468e-05,4.38317e-05,0.000213977,0.00021353,0.000195846,0.000232983,2.08196e-05,2.08211e-05,2.06877e-05,2.09468e-05,-0.0127114,3,0.081418,4.36699e-05,19,19,19,0.999476,12,19
robustness,alternating,2,78,1,20,8000,1.85349,6.93143e-05,0.000370375,6.93143e-05,9.46638,11.8703,11.8703,8.68288,0,1.84485,1.84475,1.83307,1.85669,6.92205e-05,6.92194e-05,6.9034e-05,6.94118e-05,0.000267056,0.000251368,0.000143067,0.000441004,6.92205e-05,6.92194e-05,6.9034e-05,6.94118e-05,-0.452174,18,1.84482,6.92233e-05,11,7,18,0.920685,12,7
robustness,alternating,2,78,2,40,8000,1.85349,6.93143e-05,0.000370375,6.25826e-05,16.9925,18.0922,2.53569,0.619448,0.0492676,1.85216,1.8521,1.84498,1.85943,6.91607e-05,6.91597e-05,6.89728e-05,6.93485e-05,0.000335339,0.000334252,0.000276764,0.000395192,6.27171e-05,6.27182e-05,6.26075e-05,6.2823e-05,-0.45924,9,1.84482,6.92233e-05,9,7,10,0.984525,12,7
robustness,alternating,2,78,3,20,8000,1.85349,6.93143e-05,0.000370375,5.24158e-05,7.15852,8.94107,3.63668,0.0999617,0.123516,1.85194,1.85192,1.84531,1.85862,6.91645e-05,6.91654e-05,6.8982e-05,6.93424e-05,0.000347783,0.000347981,0.00031763,0.000377865,5.2408e-05,5.24092e-05,5.22366e-05,5.2578e-05,-0.211711,5,1.84482,6.92233e-05,8,7,9,1,12,7
robustness,alternating,2,78,4,40,8000,1.85349,6.93143e-05,0.000370375,4.85864e-05,13.1922,14.0588,7.92905,0.0332795,0.0549437,1.85158,1.85156,1.84588,1.85722,6.91693e-05,6.91692e-05,6.89964e-05,6.93427e-05,0.000348714,0.000348604,0.000321116,0.000376314,4.85895e-05,4.85887e-05,4.84901e-05,4.86914e-05,-0.30841,5,1.84482,6.92233e-05,8,7,9,1,12,7
robustness,alternating,2,78,5,20,8000,1.85349,6.93143e-05,0.000370375,4.13968e-05,5.65363,7.07234,6.02924,0.205621,0.127069,1.85343,1.85338,1.84797,1.85907,6.91737e-05,6.91749e-05,6.90058e-05,6.93376e-05,0.000367252,0.000367716,0.000342964,0.000390478,4.1359e-05,4.13601e-05,4.11862e-05,4.15275e-05,-0.165778,7,1.84482,6.92233e-05,8,7,8,0.996736,12,7
robustness,alternating,2,78,6,40,8000,1.85349,6.93143e-05,0.000370375,3.91877e-05,10.6403,11.4088,11.5509,0.11459,0.111314,1.85422,1.85421,1.84914,1.85931,6.91702e-05,6.91735e-05,6.90032e-05,6.93249e-05,0.000364834,0.000365061,0.000340932,0.000387288,3.92522e-05,3.92524e-05,3.91555e-05,3.93483e-05,-0.218527,5,1.84482,6.92233e-05,8,7,8,0.99734,12,7
robustness,alternating,2,78,7,20,8000,1.85349,6.93143e-05,0.000370375,3.46045e-05,4.72599,5.93244,7.50405,0.075736,0.0493002,1.85433,1.85432,1.84949,1.85924,6.91756e-05,6.91791e-05,6.90123e-05,6.93317e-05,0.000368074,0.000368302,0.000347125,0.000388228,3.47137e-05,3.47148e-05,3.45494e-05,3.48755e-05,-0.0925662,3,1.84482,6.92233e-05,8,7,8,1,12,7
robustness,alternating,2,78,8,40,8000,1.85349,6.93143e-05,0.000370375,3.27406e-05,8.88974,9.61458,14.0354,0.0858586,0.0422424,1.8535,1.85344,1.84893,1.85835,6.91848e-05,6.91881e-05,6.90233e-05,6.93407e-05,0.000369286,0.000369632,0.000349153,0.000388574,3.27041e-05,3.27043e-05,3.26068e-05,3.27998e-05,-0.166132,5,1.84482,6.92233e-05,8,7,8,1,12,7
robustness,alternating,2,78,9,20,8000,1.85349,6.93143e-05,0.000370375,2.95208e-05,4.0317,5.08614,8.60788,0.0284052,0.032563,1.85329,1.85326,1.84878,1.85805,6.91869e-05,6.91909e-05,6.90238e-05,6.93431e-05,0.000370012,0.000370416,0.000350801,0.000388624,2.95865e-05,2.95868e-05,2.94259e-05,2.97486e-05,-0.0934752,3,1.84482,6.92233e-05,8,7,8,1,12,7
robustness,alternating,2,78,10,40,8000,1.85349,6.93143e-05,0.000370375,2.81759e-05,7.65034,8.34595,15.7945,0.0496456,0.0244074,1.85252,1.85248,1.84817,1.85711,6.91922e-05,6.91946e-05,6.90241e-05,6.93501e-05,0.000369914,0.000370122,0.000350814,0.000388142,2.82582e-05,2.82588e-05,2.8162e-05,2.83535e-05,-0.144882,4,1.84482,6.92233e-05,8,7,8,1,12,7
robustness,alternating,2,78,11,20,8000,1.85349,6.93143e-05,0.000370375,2.6016e-05,3.55305,4.49818,9.36887,0.0125099,0.0280237,1.85261,1.85258,1.84815,1.85724,6.91918e-05,6.91939e-05,6.90224e-05,6.9353e-05,0.000369419,0.000369581,0.000351328,0.0003869,2.59995e-05,2.59981e-05,2.58392e-05,2.61621e-05,-0.082516,3,1.84482,6.92233e-05,8,7,8,1,12,7
robustness,alternating,2,78,12,40,8000,1.85349,6.93143e-05,0.000370375,2.48315e-05,6.74226,7.4085,17.0833,0.0664639,0.0719166,1.85314,1.8531,1.8488,1.85748,6.919e-05,6.91919e-05,6.90207e-05,6.93494e-05,0.000370224,0.000370343,0.000352266,0.000388051,2.48621e-05,2.48628e-05,2.47682e-05,2.49544e-05,-0.132442,4,1.84482,6.92233e-05,8,7,8,1,12,7
robustness,alternating,2,78,13,20,8000,1.85349,6.93143e-05,0.000370375,2.26323e-05,3.09093,3.94639,10.1036,0.0946788,0.0895719,1.85286,1.85286,1.84847,1.8572,6.91916e-05,6.91924e-05,6.90225e-05,6.93551e-05,0.000373229,0.000373276,0.000355716,0.000390994,2.27449e-05,2.27451e-05,2.25902e-05,2.28996e-05,-0.0885651,4,1.84482,6.92233e-05,8,7,8,1,12,7
robustness,alternating,2,78,14,40,8000,1.85349,6.93143e-05,0.000370375,2.16326e-05,5.8737,6.5516,18.316,0.132341,0.0934729,1.85251,1.85251,1.84817,1.85688,6.91978e-05,6.91973e-05,6.90329e-05,6.93626e-05,0.000375141,0.000375151,0.00035716,0.000393608,2.17052e-05,2.17047e-05,2.16133e-05,2.17969e-05,-0.0998794,5,1.84482,6.92233e-05,8,7,8,1,12,7
robustness,alternating,2,78,15,20,8000,1.85349,6.93143e-05,0.000370375,2.0243e-05,2.76463,3.5511,10.6224,0.0157314,0.00589378,1.85212,1.85212,1.84782,1.85645,6.92034e-05,6.92048e-05,6.90405e-05,6.93693e-05,0.00037383,0.00037383,0.000356297,0.000391826,2.04505e-05,2.04512e-05,2.02971e-05,2.06045e-05,-0.0691208,2,1.84482,6.92233e-05,8,7,8,1,12,7
robustness,alternating,2,78,16,40,8000,1.85349,6.93143e-05,0.000370375,1.94353e-05,5.27707,5.94015,19.1628,0.150772,0.0774545,1.85256,1.85264,1.84824,1.85678,6.91928e-05,6.91949e-05,6.90339e-05,6.93478e-05,0.000375826,0.000375955,0.000358349,0.00039289,1.93747e-05,1.9374e-05,1.92841e-05,1.94672e-05,-0.0890234,7,1.84482,6.92233e-05,8,7,8,1,12,7
robustness,alternating,2,78,17,20,8000,1.85349,6.93143e-05,0.000370375,1.82065e-05,2.4865,3.21684,11.0646,0.0121439,0.0272338,1.85263,1.85266,1.84832,1.85676,6.91911e-05,6.91915e-05,6.9033e-05,6.93456e-05,0.000376093,0.000376114,0.000358994,0.000392852,1.82333e-05,1.82342e-05,1.80856e-05,1.83818e-05,-0.0558675,2,1.84482,6.92233e-05,8,7,8,1,12,7
robustness,alternating,2,78,18,40,8000,1.85349,6.93143e-05,0.000370375,1.80204e-05,4.8929,5.50813,19.708,0.111514,0.117705,1.85186,1.85191,1.84737,1.85624,6.91996e-05,6.91997e-05,6.90402e-05,6.93511e-05,0.000373907,0.000373718,0.00035665,0.000391783,1.8146e-05,1.81464e-05,1.80551e-05,1.82355e-05,-0.0271682,6,1.84482,6.92233e-05,8,7,8,1,12,7
robustness,alternating,2,78,19,20,8000,1.85349,6.93143e-05,0.000370375,1.70496e-05,2.32849,3.00765,11.3158,0.0264181,0.00440601,1.85158,1.85166,1.8471,1.85593,6.92003e-05,6.9201e-05,6.90429e-05,6.93544e-05,0.000374424,0.000374195,0.000357584,0.000391892,1.71079e-05,1.71089e-05,1.69615e-05,1.72538e-05,-0.0401275,2,1.84482,6.92233e-05,8,7,8,1,12,7
robustness,alternating,2,78,20,40,8000,1.85349,6.93143e-05,0.000370375,1.65201e-05,4.48555,5.08301,20.2862,0.056916,0.0377552,1.85173,1.85174,1.84736,1.85609,6.91996e-05,6.91991e-05,6.90524e-05,6.93535e-05,0.000375551,0.00037531,0.00035865,0.000393456,1.6484e-05,1.64836e-05,1.63943e-05,1.65763e-05,-0.0820445,4,1.84482,6.92233e-05,8,7,8,1,12,7
robustness,alternating,2,79,1,20,8000,0.740512,5.57362e-05,0.00024105,5.57362e-05,7.5544,7.22249,7.22249,4.04875,0,0.74071,0.740728,0.73164,0.749722,5.54575e-05,5.54575e-05,5.52275e-05,5.56873e-05,0.000264715,0.000243146,0.000140086,0.000461622,5.54575e-05,5.54575e-05,5.52275e-05,5.56873e-05,-0.492773,16,0.740789,5.54547e-05,13,7,23,0.954282,12,13
robustness,alternating,2,79,2,40,8000,0.740512,5.57362e-05,0.00024105,5.33282e-05,14.3943,10.8418,0.701835,0.34922,0.181398,0.736688,0.736687,0.732295,0.741042,5.55164e-05,5.55146e-05,5.53132e-05,5.57255e-05,0.000195168,0.000193053,0.000143238,0.000253272,5.33278e-05,5.33286e-05,5.32018e-05,5.34517e-05,-0.428802,8,0.740789,5.54547e-05,17,13,22,0.92976,12,13
robustness,alternating,2,79,3,20,8000,0.740512,5.57362e-05,0.00024105,4.81246e-05,6.52274,6.2165,1.35928,0.157761,0.0152444,0.737178,0.737212,0.733173,0.741012,5.55301e-05,5.553e-05,5.53363e-05,5.57217e-05,0.000228998,0.000229011,0.000196136,0.0002621,4.79715e-05,4.79712e-05,4.77661e-05,4.81749e-05,-0.228608,6,0.740789,5.54547e-05,14,13,17,0.958001,12,13
robustness,alternating,2,79,4,40,8000,0.740512,5.57362e-05,0.00024105,4.69931e-05,12.6843,9.49309,2.78925,0.381021,0.356633,0.73824,0.738255,0.735112,0.741283,5.54993e-05,5.54995e-05,5.53084e-05,5.56935e-05,0.000213989,0.000214044,0.000183547,0.000243392,4.68761e-05,4.68763e-05,4.67578e-05,4.69937e-05,-0.27962,7,0.740789,5.54547e-05,15,13,17,0.951854,12,13
robustness,alternating,2,79,5,20,8000,0.740512,5.57362e-05,0.00024105,4.28275e-05,5.80477,5.52,2.34112,0.0668975,0.00666969,0.738617,0.738608,0.735545,0.741682,5.55003e-05,5.54979e-05,5.53055e-05,5.56993e-05,0.000219222,0.000219244,0.000194563,0.000243199,4.29405e-05,4.29411e-05,4.27416e-05,4.31364e-05,-0.142237,4,0.740789,5.54547e-05,15,13,17,0.99145,12,13
robustness,alternating,2,79,6,40,8000,0.740512,5.57362e-05,0.00024105,4.09889e-05,11.0637,8.27575,4.76766,0.109397,0.0266143,0.739597,0.739619,0.736813,0.742361,5.54905e-05,5.54884e-05,5.52939e-05,5.56967e-05,0.000221651,0.000221527,0.000198259,0.000244965,4.10977e-05,4.10982e-05,4.09841e-05,4.12115e-05,-0.213664,5,0.740789,5.54547e-05,15,13,17,0.996861,12,13
robustness,alternating,2,79,7,20,8000,0.740512,5.57362e-05,0.00024105,3.77595e-05,5.11787,4.8662,3.28048,0.07504,0.012849,0.7399,0.739915,0.737143,0.742588,5.54898e-05,5.54874e-05,5.52905e-05,5.56959e-05,0.00022473,0.00022489,0.000203044,0.000246281,3.79645e-05,3.79644e-05,3.77706e-05,3.8161e-05,-0.14192,3,0.740789,5.54547e-05,15,13,16,0.974022,12,13
robustness,alternating,2,79,8,40,8000,0.740512,5.57362e-05,0.00024105,3.71662e-05,10.0319,7.48726,6.02726,0.16495,0.255834,0.739397,0.73946,0.736716,0.741921,5.54867e-05,5.54839e-05,5.52894e-05,5.56854e-05,0.000218217,0.000217959,0.000197143,0.000239689,3.73231e-05,3.73234e-05,3.7211e-05,3.74369e-05,-0.196462,6,0.740789,5.54547e-05,15,14,17,0.983725,12,13
robustness,alternating,2,79,9,20,8000,0.740512,5.57362e-05,0.00024105,3.40453e-05,4.61444,4.38575,3.96893,0.16455,0.0951209,0.73961,0.739685,0.736902,0.742101,5.54868e-05,5.54868e-05,5.52846e-05,5.56909e-05,0.000227904,0.000228173,0.000207634,0.000247948,3.41132e-05,3.41147e-05,3.39179e-05,3.43097e-05,-0.150348,7,0.740789,5.54547e-05,15,13,15,0.96906,12,13
robustness,alternating,2,79,10,40,8000,0.740512,5.57362e-05,0.00024105,3.26401e-05,8.81018,6.58683,7.51862,0.135927,0.095431,0.739386,0.739427,0.736863,0.741811,5.5503e-05,5.55004e-05,5.53021e-05,5.57003e-05,0.000231202,0.000231241,0.000211693,0.000250774,3.25602e-05,3.25596e-05,3.24476e-05,3.26724e-05,-0.17619,5,0.740789,5.54547e-05,14,13,15,0.996676,12,13
robustness,alternating,2,79,11,20,8000,0.740512,5.57362e-05,0.00024105,3.02366e-05,4.09823,3.89816,4.67487,0.0713377,0.0710609,0.739273,0.739334,0.736717,0.74175,5.55066e-05,5.5505e-05,5.53084e-05,5.57072e-05,0.000234083,0.000234029,0.000215439,0.000253043,3.03511e-05,3.03503e-05,3.01657e-05,3.05401e-05,-0.0826315,4,0.740789,5.54547e-05,14,13,15,0.999823,12,13
robustness,alternating,2,79,12,40,8000,0.740512,5.57362e-05,0.00024105,2.9178e-05,7.8757,5.89783,8.65938,0.0994119,0.0583423,0.739375,0.739434,0.736924,0.741674,5.55071e-05,5.55048e-05,5.53068e-05,5.5709e-05,0.000235992,0.000236103,0.000216743,0.000254933,2.91644e-05,2.91646e-05,2.90515e-05,2.92766e-05,-0.172257,4,0.740789,5.54547e-05,13,13,14,0.988461,12,13
robustness,alternating,2,79,13,20,8000,0.740512,5.57362e-05,0.00024105,2.74536e-05,3.72103,3.54035,5.1907,0.0220688,0.0193949,0.739597,0.739637,0.73716,0.741942,5.55055e-05,5.55049e-05,5.53056e-05,5.57062e-05,0.000236873,0.000237261,0.000217806,0.000254956,2.7509e-05,2.75076e-05,2.73265e-05,2.76972e-05,-0.0921922,3,0.740789,5.54547e-05,13,13,13,0.970427,12,13
robustness,alternating,2,79,14,40,8000,0.740512,5.57362e-05,0.00024105,2.67936e-05,7.23209,5.41317,9.44506,0.00405917,0.0222878,0.739774,0.739776,0.737507,0.742033,5.55023e-05,5.54996e-05,5.53031e-05,5.57044e-05,0.000236436,0.000236537,0.000217975,0.000254684,2.68533e-05,2.68533e-05,2.67424e-05,2.69653e-05,-0.118522,4,0.740789,5.54547e-05,13,13,13,0.971693,12,13
robustness,alternating,2,79,15,20,8000,0.740512,5.57362e-05,0.00024105,2.53825e-05,3.44031,3.2722,5.57459,0.0216117,0.00779577,0.739531,0.739552,0.737277,0.741747,5.55059e-05,5.55029e-05,5.53052e-05,5.57114e-05,0.000238402,0.000238442,0.000220259,0.000256387,2.5295e-05,2.52945e-05,2.51133e-05,2.54765e-05,-0.0668664,3,0.740789,5.54547e-05,13,13,13,0.970562,12,13
robustness,alternating,2,79,16,40,8000,0.740512,5.57362e-05,0.00024105,2.45322e-05,6.62172,4.96049,10.1902,0.0482536,0.0749974,0.739485,0.739511,0.737309,0.741575,5.55066e-05,5.55039e-05,5.5307e-05,5.57179e-05,0.000239392,0.000239643,0.000220502,0.000257134,2.45785e-05,2.45783e-05,2.4469e-05,2.46897e-05,-0.100959,3,0.740789,5.54547e-05,13,13,13,0.969854,12,13
robustness,alternating,2,79,17,20,8000,0.740512,5.57362e-05,0.00024105,2.27847e-05,3.0882,2.94398,6.05611,0.119201,0.110727,0.739568,0.739546,0.73731,0.741823,5.55091e-05,5.5506e-05,5.53095e-05,5.57199e-05,0.000244198,0.000243935,0.000226886,0.000262947,2.2926e-05,2.29256e-05,2.27508e-05,2.31004e-05,-0.118874,6,0.740789,5.54547e-05,13,13,13,0.967404,12,13
robustness,alternating,2,79,18,40,8000,0.740512,5.57362e-05,0.00024105,2.19896e-05,5.9354,4.47243,11.028,0.138149,0.0964532,0.739553,0.739528,0.737375,0.74172,5.55102e-05,5.55068e-05,5.53197e-05,5.57094e-05,0.000247187,0.000246932,0.000229956,0.000264821,2.19537e-05,2.19538e-05,2.18474e-05,2.20609e-05,-0.107974,6,0.740789,5.54547e-05,13,13,13,0.983081,12,13
robustness,alternating,2,79,19,20,8000,0.740512,5.57362e-05,0.00024105,2.1146e-05,2.8661,2.73303,6.35984,0.0268787,0.0153523,0.739724,0.739698,0.737531,0.741926,5.55088e-05,5.55056e-05,5.53186e-05,5.57055e-05,0.000244664,0.000244528,0.000228078,0.000261818,2.12424e-05,2.12427e-05,2.10659e-05,2.14199e-05,-0.0456398,3,0.740789,5.54547e-05,13,13,13,0.98228,12,13
robustness,alternating,2,79,20,40,8000,0.740512,5.57362e-05,0.00024105,2.09099e-05,5.64399,4.23726,11.3837,0.0381079,0.0649136,0.73916,0.739183,0.736925,0.741294,5.55122e-05,5.55081e-05,5.53235e-05,5.57109e-05,0.000244528,0.000244145,0.000227858,0.000262211,2.08256e-05,2.08267e-05,2.07182e-05,2.09333e-05,-0.112268,3,0.740789,5.54547e-05,13,13,13,0.984514,12,13
robustness,alternating,2,80,1,20,8000,0.00339241,3.7325e-05,0.000191289,3.7325e-05,5.00942,3.47191,3.47191,4.70323,0,0.00332971,0.00332514,0.00308291,0.00358357,3.71496e-05,3.71475e-05,3.68765e-05,3.74302e-05,0.000253865,0.000245094,0.00013986,0.000396668,3.71496e-05,3.71475e-05,3.68765e-05,3.74302e-05,0.00761533,15,0.00331906,3.71466e-05,19,12,33,0.922714,12,23
robustness,alternating,2,80,2,40,8000,0.00339241,3.7325e-05,0.000191289,3.66951e-05,9.8789,6.13128,0.125411,0.257027,0.120052,0.00328482,0.00328428,0.00317215,0.00340034,3.72448e-05,3.724e-05,3.69876e-05,3.75059e-05,0.00017082,0.000165764,0.000111276,0.000246333,3.67214e-05,3.67225e-05,3.65827e-05,3.686e-05,0.0527116,7,0.00331906,3.71466e-05,28,19,42,0.916927,12,23
robustness,alternating,2,80,3,20,8000,0.00339241,3.7325e-05,0.000191289,3.43579e-05,4.61119,2.56445,0.378638,0.0723895,0.039183,0.00327849,0.00327872,0.00317435,0.00338271,3.7285e-05,3.72823e-05,3.70267e-05,3.75436e-05,0.000210315,0.000208665,0.000162287,0.000262882,3.41944e-05,3.41938e-05,3.39254e-05,3.44616e-05,-0.0204182,5,0.00331906,3.71466e-05,23,18,29,0.929169,12,23
robustness,alternating,2,80,4,40,8000,0.00339241,3.7325e-05,0.000191289,3.3055e-05,8.89893,4.75759,1.11329,0.0520909,0.107059,0.00334331,0.00334437,0.00325874,0.0034247,3.72915e-05,3.72863e-05,3.70319e-05,3.75543e-05,0.000215514,0.000214032,0.000174011,0.000261795,3.30328e-05,3.30338e-05,3.28986e-05,3.31663e-05,0.0334701,5,0.00331906,3.71466e-05,22,18,27,0.937951,12,23
robustness,alternating,2,80,5,20,8000,0.00339241,3.7325e-05,0.000191289,3.18927e-05,4.28034,1.96659,0.713041,0.0991844,0.068466,0.00334924,0.0033493,0.00327001,0.00342422,3.72758e-05,3.72694e-05,3.70187e-05,3.7558e-05,0.000194312,0.000193379,0.000162101,0.000229483,3.17187e-05,3.17145e-05,3.147e-05,3.19759e-05,-0.00755693,4,0.00331906,3.71466e-05,24,20,29,0.944027,12,23
robustness,alternating,2,80,6,40,8000,0.00339241,3.7325e-05,0.000191289,3.06951e-05,8.26362,3.71268,1.7547,0.0672874,0.112421,0.00335883,0.00335854,0.00329092,0.00342637,3.72884e-05,3.72846e-05,3.70282e-05,3.7564e-05,0.000202658,0.000201992,0.000170574,0.000237423,3.05098e-05,3.0509e-05,3.03777e-05,3.06415e-05,0.00551107,5,0.00331906,3.71466e-05,23,20,27,0.915171,12,23
robustness,alternating,2,80,7,20,8000,0.00339241,3.7325e-05,0.000191289,2.92222e-05,3.92193,1.61105,1.07535,0.0293088,0.00446511,0.00336233,0.00336169,0.00329679,0.00342789,3.72918e-05,3.72854e-05,3.70337e-05,3.75682e-05,0.000202968,0.000202803,0.00017378,0.000234342,2.89894e-05,2.89858e-05,2.87442e-05,2.92442e-05,-0.00846917,2,0.00331906,3.71466e-05,23,20,27,0.942904,12,23
robustness,alternating,2,80,8,40,8000,0.00339241,3.7325e-05,0.000191289,2.84885e-05,7.66957,3.02043,2.35448,0.0497722,0.0203179,0.00337594,0.00337565,0.00331494,0.00343631,3.73027e-05,3.72965e-05,3.70339e-05,3.75899e-05,0.000199105,0.000199009,0.000171877,0.000227074,2.85536e-05,2.85532e-05,2.842e-05,2.8689e-05,0.0166633,4,0.00331906,3.71466e-05,23,21,27,0.931224,12,23
robustness,alternating,2,80,9,20,8000,0.00339241,3.7325e-05,0.000191289,2.74231e-05,3.68048,1.31387,1.31944,0.0225218,0.0240333,0.00337694,0.00337647,0.00331688,0.00343732,3.7297e-05,3.72908e-05,3.70297e-05,3.75882e-05,0.00019504,0.000194778,0.00016905,0.000221142,2.74493e-05,2.74481e-05,2.72046e-05,2.76941e-05,-0.000632862,3,0.00331906,3.71466e-05,24,21,27,0.941297,12,23
robustness,alternating,2,80,10,40,8000,0.00339241,3.7325e-05,0.000191289,2.6745e-05,7.20017,2.49539,2.82842,0.0324682,0.0265004,0.00337878,0.00337816,0.00332097,0.00343618,3.72992e-05,3.72922e-05,3.70333e-05,3.75881e-05,0.000196136,0.000195971,0.000170641,0.000221475,2.67744e-05,2.67745e-05,2.6643e-05,2.69088e-05,0.00777583,3,0.00331906,3.71466e-05,23,21,27,0.956588,12,23
robustness,alternating,2,80,11,20,8000,0.00339241,3.7325e-05,0.000191289,2.57042e-05,3.44978,1.10907,1.55266,0.00694909,0.00757594,0.00337897,0.00337869,0.00332127,0.00343593,3.72973e-05,3.7292e-05,3.70314e-05,3.75874e-05,0.000194863,0.000194718,0.00017034,0.000219359,2.57191e-05,2.57178e-05,2.54826e-05,2.59623e-05,-0.00254552,2,0.00331906,3.71466e-05,24,21,27,0.962886,12,23
robustness,alternating,2,80,12,40,8000,0.00339241,3.7325e-05,0.000191289,2.5039e-05,6.74089,2.13687,3.29214,0.0432257,0.0420619,0.00338055,0.00337975,0.00332577,0.00343665,3.73028e-05,3.72983e-05,3.70373e-05,3.7583e-05,0.000195684,0.000195502,0.000171758,0.000219642,2.51198e-05,2.51199e-05,2.49852e-05,2.52526e-05,0.00613932,3,0.00331906,3.71466e-05,24,21,27,0.976174,12,23
robustness,alternating,2,80,13,20,8000,0.00339241,3.7325e-05,0.000191289,2.40376e-05,3.2261,0.967047,1.77879,0.0123998,0.00528748,0.00337635,0.00337572,0.00332295,0.00343198,3.73046e-05,3.7301e-05,3.70328e-05,3.75885e-05,0.000197227,0.000197078,0.000174377,0.0002202,2.40285e-05,2.40264e-05,2.37967e-05,2.42617e-05,-0.012544,3,0.00331906,3.71466e-05,23,21,26,0.948232,12,23
robustness,alternating,2,80,14,40,8000,0.00339241,3.7325e-05,0.000191289,2.3998e-05,6.46064,1.80927,3.57511,0.11674,0.110669,0.00338572,0.00338545,0.00333215,0.00343935,3.73031e-05,3.73026e-05,3.70359e-05,3.75745e-05,0.000193464,0.000193134,0.000170818,0.000216459,2.39889e-05,2.39883e-05,2.38556e-05,2.41244e-05,-0.00821254,5,0.00331906,3.71466e-05,24,22,27,0.956953,12,23
robustness,alternating,2,80,15,20,8000,0.00339241,3.7325e-05,0.000191289,2.28909e-05,3.07221,0.837448,1.93437,0.0281144,0.0301582,0.00338722,0.00338704,0.00333352,0.00344057,3.73047e-05,3.73056e-05,3.70374e-05,3.75744e-05,0.000192839,0.000192551,0.000170978,0.000215206,2.31453e-05,2.31432e-05,2.29147e-05,2.33815e-05,-0.00256342,2,0.00331906,3.71466e-05,25,22,27,0.964118,12,23
robustness,alternating,2,80,16,40,8000,0.00339241,3.7325e-05,0.000191289,2.25222e-05,6.06335,1.62337,3.97625,0.055563,0.0099601,0.00338776,0.00338749,0.00333421,0.00344125,3.73071e-05,3.73087e-05,3.70343e-05,3.75729e-05,0.000194837,0.000194569,0.000172987,0.000217361,2.25051e-05,2.25039e-05,2.2373e-05,2.26388e-05,0.00981817,3,0.00331906,3.71466e-05,24,22,27,0.977243,12,23
robustness,alternating,2,80,17,20,8000,0.00339241,3.7325e-05,0.000191289,2.18874e-05,2.93752,0.738928,2.07053,0.0242106,0.0197239,0.00337803,0.00337765,0.00332586,0.00343133,3.72988e-05,3.73005e-05,3.70233e-05,3.75635e-05,0.000191674,0.000191288,0.000171304,0.000213567,2.19118e-05,2.19117e-05,2.16826e-05,2.21465e-05,-0.0271205,3,0.00331906,3.71466e-05,25,23,27,0.954835,12,23
robustness,alternating,2,80,18,40,8000,0.00339241,3.7325e-05,0.000191289,2.11406e-05,5.6914,1.48141,4.35181,0.108836,0.102227,0.00336937,0.00336902,0.00331829,0.00342125,3.73119e-05,3.73162e-05,3.70379e-05,3.75791e-05,0.000195292,0.000194939,0.000174956,0.000216741,2.10976e-05,2.10979e-05,2.09722e-05,2.12267e-05,0.0155499,5,0.00331906,3.71466e-05,23,22,25,0.94796,12,23
robustness,alternating,2,80,19,20,8000,0.00339241,3.7325e-05,0.000191289,2.06299e-05,2.76875,0.677277,2.24115,0.0316269,0.0240699,0.00336678,0.00336702,0.00331694,0.0034181,3.73082e-05,3.73114e-05,3.70355e-05,3.75742e-05,0.000192606,0.000192178,0.000172665,0.000213857,2.06011e-05,2.05985e-05,2.03808e-05,2.08266e-05,0.0162823,3,0.00331906,3.71466e-05,24,23,26,0.940899,12,23
robustness,alternating,2,80,20,40,8000,0.00339241,3.7325e-05,0.000191289,2.04996e-05,5.51881,1.3264,4.52607,0.0612216,0.0541378,0.00336776,0.00336783,0.00332032,0.00341777,3.73034e-05,3.73059e-05,3.70367e-05,3.75687e-05,0.00019156,0.000191212,0.000172173,0.000212344,2.04047e-05,2.04039e-05,2.02742e-05,2.05377e-05,0.015984,3,0.00331906,3.71466e-05,24,23,26,0.959927,12,23
robustness,alternating,2,81,1,20,8000,0.0132126,4.54702e-05,0.000226374,4.54702e-05,6.08823,2.29952,2.29952,3.79442,0,0.0130458,0.0130463,0.0125245,0.0135775,4.56425e-05,4.56418e-05,4.53665e-05,4.59178e-05,0.000266705,0.000246299,0.000124771,0.000489887,4.56425e-05,4.56418e-05,4.53665e-05,4.59178e-05,-0.0184232,15,0.0130594,4.56408e-05,16,9,30,0.907953,12,16
robustness,alternating,2,81,2,40,8000,0.0132126,4.54702e-05,0.000226374,4.37746e-05,11.7329,4.21237,0.506498,0.0892249,0.0458693,0.0130127,0.0130133,0.0127267,0.0133113,4.56515e-05,4.56465e-05,4.53871e-05,4.5923e-05,0.000217759,0.000215468,0.000139742,0.000301615,4.38574e-05,4.38574e-05,4.37204e-05,4.39945e-05,-0.00728276,5,0.0130594,4.56408e-05,18,13,27,0.936736,12,16
robustness,alternating,2,81,3,20,8000,0.0132126,4.54702e-05,0.000226374,4.03083e-05,5.39708,1.68161,0.72475,0.0394825,0.0097781,0.0130482,0.0130482,0.0127812,0.0133219,4.56475e-05,4.56454e-05,4.53904e-05,4.59093e-05,0.000212238,0.000211919,0.000168965,0.000256715,4.06593e-05,4.06632e-05,4.03828e-05,4.09338e-05,0.0031588,4,0.0130594,4.56408e-05,18,15,23,0.958477,12,16
robustness,alternating,2,81,4,40,8000,0.0132126,4.54702e-05,0.000226374,3.88417e-05,10.4108,3.19968,1.84522,0.112446,0.000556982,0.0131976,0.0132014,0.0129787,0.0134108,4.56751e-05,4.56758e-05,4.54226e-05,4.59343e-05,0.000226468,0.000225937,0.000187916,0.000265664,3.87392e-05,3.87391e-05,3.8598e-05,3.88783e-05,-0.0568924,6,0.0130594,4.56408e-05,17,15,20,0.931366,12,16
robustness,alternating,2,81,5,20,8000,0.0132126,4.54702e-05,0.000226374,3.57657e-05,4.78885,1.33977,1.34224,0.0423337,0.0532132,0.0131563,0.0131569,0.0129448,0.0133597,4.5682e-05,4.56836e-05,4.54237e-05,4.59428e-05,0.00023372,0.000233406,0.000202493,0.000266206,3.58288e-05,3.58279e-05,3.55737e-05,3.60838e-05,-0.00363185,3,0.0130594,4.56408e-05,17,15,19,0.959059,12,16
robustness,alternating,2,81,6,40,8000,0.0132126,4.54702e-05,0.000226374,3.44195e-05,9.22548,2.64086,3.04549,0.0581514,0.0508869,0.0131335,0.0131328,0.0129465,0.013327,4.56823e-05,4.56833e-05,4.54331e-05,4.59374e-05,0.000236293,0.000235562,0.000206989,0.000267612,3.44733e-05,3.44742e-05,3.4336e-05,3.46092e-05,-0.0295484,4,0.0130594,4.56408e-05,17,15,19,0.970594,12,16
robustness,alternating,2,81,7,20,8000,0.0132126,4.54702e-05,0.000226374,3.16355e-05,4.23584,1.15913,1.90369,0.0860598,0.0907387,0.0130545,0.0130529,0.0128697,0.0132437,4.56796e-05,4.56833e-05,4.54209e-05,4.59328e-05,0.000244896,0.000244498,0.000217087,0.000274018,3.19211e-05,3.1919e-05,3.16759e-05,3.21739e-05,-0.0161364,4,0.0130594,4.56408e-05,16,15,17,0.91285,12,16
robustness,alternating,2,81,8,40,8000,0.0132126,4.54702e-05,0.000226374,3.02724e-05,8.11391,2.36578,4.17114,0.176697,0.123468,0.0130954,0.0130932,0.012916,0.0132821,4.56942e-05,4.56956e-05,4.54387e-05,4.59485e-05,0.000253965,0.000254263,0.000225854,0.000280565,3.02345e-05,3.02353e-05,3.01e-05,3.03676e-05,-0.00622559,6,0.0130594,4.56408e-05,15,14,17,0.975655,12,16
robustness,alternating,2,81,9,20,8000,0.0132126,4.54702e-05,0.000226374,2.81986e-05,3.77565,1.03975,2.3709,0.0281152,0.0584987,0.0130753,0.0130753,0.0128981,0.013257,4.56948e-05,4.56936e-05,4.54437e-05,4.5949e-05,0.000255424,0.000255677,0.000228862,0.000280601,2.83408e-05,2.83385e-05,2.80967e-05,2.85867e-05,0.016174,2,0.0130594,4.56408e-05,15,14,16,0.939647,12,16
robustness,alternating,2,81,10,40,8000,0.0132126,4.54702e-05,0.000226374,2.77902e-05,7.44861,1.99775,4.84487,0.0744503,0.0853221,0.0130862,0.0130866,0.0129258,0.0132509,4.56954e-05,4.5695e-05,4.54287e-05,4.59545e-05,0.000252448,0.000252633,0.000227114,0.000277239,2.77814e-05,2.77811e-05,2.76463e-05,2.7916e-05,-0.00457661,4,0.0130594,4.56408e-05,15,14,17,0.997034,12,16
robustness,alternating,2,81,11,20,8000,0.0132126,4.54702e-05,0.000226374,2.60892e-05,3.49322,0.876544,2.65765,0.0213386,0.0425246,0.0130784,0.0130783,0.0129154,0.0132399,4.56993e-05,4.57007e-05,4.54341e-05,4.59598e-05,0.000255755,0.000255878,0.00023109,0.000279507,2.60647e-05,2.60637e-05,2.58264e-05,2.63018e-05,0.0122933,3,0.0130594,4.56408e-05,15,14,16,0.968305,12,16
robustness,alternating,2,81,12,40,8000,0.0132126,4.54702e-05,0.000226374,2.53634e-05,6.79816,1.77984,5.50357,0.00853856,0.028922,0.0130336,0.0130364,0.0128739,0.0131859,4.56941e-05,4.56947e-05,4.54316e-05,4.59555e-05,0.0002564,0.000256603,0.00023235,0.000280344,2.53467e-05,2.53467e-05,2.52121e-05,2.54822e-05,-0.00486144,3,0.0130594,4.56408e-05,15,15,16,0.937482,12,16
robustness,alternating,2,81,13,20,8000,0.0132126,4.54702e-05,0.000226374,2.41581e-05,3.23464,0.764371,2.92017,0.0175515,0.00631572,0.0130436,0.0130463,0.0128869,0.013196,4.56943e-05,4.56963e-05,4.54297e-05,4.59544e-05,0.000255459,0.000255548,0.000232706,0.000278201,2.40821e-05,2.40824e-05,2.3848e-05,2.43171e-05,0.0128299,2,0.0130594,4.56408e-05,15,15,16,0.974567,12,16
robustness,alternating,2,81,14,40,8000,0.0132126,4.54702e-05,0.000226374,2.38566e-05,6.3943,1.51594,5.91254,0.101643,0.062435,0.0130548,0.013056,0.0129014,0.0132041,4.56948e-05,4.56936e-05,4.54387e-05,4.59586e-05,0.000252314,0.00025241,0.000230089,0.00027487,2.37566e-05,2.37559e-05,2.3626e-05,2.3888e-05,0.00182085,4,0.0130594,4.56408e-05,15,15,16,0.985287,12,16
robustness,alternating,2,81,15,20,8000,0.0132126,4.54702e-05,0.000226374,2.29211e-05,3.06902,0.638535,3.08832,0.040895,0.0123918,0.0130685,0.0130724,0.0129182,0.0132148,4.5695e-05,4.56977e-05,4.54365e-05,4.5956e-05,0.000246967,0.000246818,0.000226033,0.000268749,2.29694e-05,2.29734e-05,2.27383e-05,2.31896e-05,0.00610421,4,0.0130594,4.56408e-05,16,15,17,0.99977,12,16
robustness,alternating,2,81,16,40,8000,0.0132126,4.54702e-05,0.000226374,2.22115e-05,5.95335,1.36151,6.35909,0.0642742,0.0626873,0.0130785,0.0130818,0.0129297,0.0132144,4.56954e-05,4.56976e-05,4.54321e-05,4.59595e-05,0.000248477,0.000248616,0.00022713,0.0002694,2.22646e-05,2.22649e-05,2.21334e-05,2.23951e-05,-0.0171627,3,0.0130594,4.56408e-05,16,15,16,1,12,16
robustness,alternating,2,81,17,20,8000,0.0132126,4.54702e-05,0.000226374,2.153e-05,2.88276,0.565277,3.27743,0.0340443,0.0285216,0.0130822,0.0130845,0.0129399,0.0132136,4.56948e-05,4.56955e-05,4.54302e-05,4.59642e-05,0.000245785,0.000245835,0.000224245,0.000267256,2.14969e-05,2.14954e-05,2.12773e-05,2.1722e-05,0.00217106,3,0.0130594,4.56408e-05,16,15,16,1,12,16
robustness,alternating,2,81,18,40,8000,0.0132126,4.54702e-05,0.000226374,2.07216e-05,5.55403,1.24412,6.76346,0.0863465,0.104691,0.0130908,0.0130931,0.0129555,0.0132203,4.56974e-05,4.56951e-05,4.54325e-05,4.59753e-05,0.000247589,0.000247676,0.000226772,0.000268706,2.0749e-05,2.07497e-05,2.06184e-05,2.08797e-05,0.00910295,4,0.0130594,4.56408e-05,16,15,16,1,12,16
robustness,alternating,2,81,19,20,8000,0.0132126,4.54702e-05,0.000226374,1.97575e-05,2.64542,0.549328,3.51839,0.0201297,0.025475,0.0131034,0.0131059,0.0129701,0.0132307,4.57004e-05,4.56998e-05,4.54303e-05,4.59766e-05,0.000247822,0.000247921,0.00022739,0.000268693,1.98865e-05,1.98862e-05,1.96669e-05,2.01087e-05,-0.0185712,2,0.0130594,4.56408e-05,16,15,16,1,12,16
robustness,alternating,2,81,20,40,8000,0.0132126,4.54702e-05,0.000226374,1.88946e-05,5.06434,1.22693,7.25936,0.161724,0.13751,0.0131169,0.0131165,0.0129732,0.0132554,4.5722e-05,4.57319e-05,4.54417e-05,4.59864e-05,0.000253796,0.000253801,0.000232544,0.000275849,1.89296e-05,1.89287e-05,1.88025e-05,1.90581e-05,-0.0607178,6,0.0130594,4.56408e-05,16,15,16,1,12,16
robustness,alternating,2,82,1,20,8000,0.928298,5.6716e-05,0.000245435,5.6716e-05,7.69989,7.91648,7.91648,4.74173,0,0.9272,0.927148,0.91743,0.937056,5.68397e-05,5.68387e-05,5.66105e-05,5.70695e-05,0.000253553,0.000237357,0.000132644,0.000434227,5.68397e-05,5.68387e-05,5.66105e-05,5.70695e-05,-0.533092,17,0.927271,5.68368e-05,13,8,23,0.913927,12,13
robustness,alternating,2,82,2,40,8000,0.928298,5.6716e-05,0.000245435,5.34387e-05,14.4424,12.0246,1.15849,0.064162,0.0551421,0.925472,0.925454,0.920827,0.930103,5.6849e-05,5.68474e-05,5.66507e-05,5.70543e-05,0.000253294,0.000250762,0.000189731,0.000325073,5.34709e-05,5.34718e-05,5.33508e-05,5.3587e-05,-0.388843,7,0.927271,5.68368e-05,13,10,17,0.960125,12,13
robustness,alternating,2,82,3,20,8000,0.928298,5.6716e-05,0.000245435,4.80739e-05,6.52661,6.7044,1.68669,0.0390743,0.00648376,0.926269,0.926278,0.921993,0.930477,5.68325e-05,5.68349e-05,5.66412e-05,5.70222e-05,0.000236547,0.00023649,0.000203551,0.000269531,4.83003e-05,4.82991e-05,4.81045e-05,4.84982e-05,-0.199624,5,0.927271,5.68368e-05,13,12,15,0.935424,12,13
robustness,alternating,2,82,4,40,8000,0.928298,5.6716e-05,0.000245435,4.51781e-05,12.2099,10.1695,3.98374,0.313422,0.221407,0.926538,0.926585,0.923007,0.929963,5.68321e-05,5.68336e-05,5.66428e-05,5.70196e-05,0.000249827,0.000249067,0.000219527,0.000281962,4.52316e-05,4.52308e-05,4.51218e-05,4.53437e-05,-0.254066,7,0.927271,5.68368e-05,13,11,14,0.951337,12,13
robustness,alternating,2,82,5,20,8000,0.928298,5.6716e-05,0.000245435,4.13137e-05,5.60884,5.76311,2.98966,0.0118726,0.00490545,0.926199,0.926249,0.922713,0.929568,5.68333e-05,5.68345e-05,5.66465e-05,5.70198e-05,0.000248865,0.000248607,0.000223666,0.000275005,4.13168e-05,4.13166e-05,4.11291e-05,4.15077e-05,-0.159302,3,0.927271,5.68368e-05,13,12,14,0.930948,12,13
robustness,alternating,2,82,6,40,8000,0.928298,5.6716e-05,0.000245435,3.94828e-05,10.6707,8.87768,5.93165,0.048674,0.0563969,0.925767,0.925791,0.92261,0.928872,5.68359e-05,5.68351e-05,5.66527e-05,5.70271e-05,0.000250536,0.00024994,0.000226843,0.000276233,3.95134e-05,3.95132e-05,3.94016e-05,3.96271e-05,-0.206222,5,0.927271,5.68368e-05,13,12,14,0.945809,12,13
robustness,alternating,2,82,7,20,8000,0.928298,5.6716e-05,0.000245435,3.65978e-05,4.9686,5.1024,3.89862,0.0303311,0.0197878,0.925404,0.925389,0.92237,0.928518,5.68392e-05,5.68394e-05,5.66544e-05,5.70287e-05,0.000247993,0.000247769,0.000225777,0.00027153,3.66144e-05,3.66149e-05,3.64264e-05,3.67987e-05,-0.156448,3,0.927271,5.68368e-05,13,12,14,0.97905,12,13
robustness,alternating,2,82,8,40,8000,0.928298,5.6716e-05,0.000245435,3.53239e-05,9.54666,7.92814,7.35406,0.0231059,0.012483,0.924702,0.924653,0.921822,0.927618,5.68451e-05,5.68417e-05,5.66613e-05,5.70401e-05,0.000248055,0.000247684,0.000226549,0.000271085,3.52913e-05,3.52916e-05,3.51812e-05,3.54021e-05,-0.179665,4,0.927271,5.68368e-05,13,12,13,0.946901,12,13
robustness,alternating,2,82,9,20,8000,0.928298,5.6716e-05,0.000245435,3.33449e-05,4.52697,4.64304,4.52561,0.0965679,0.0813706,0.924932,0.924914,0.922201,0.927707,5.68378e-05,5.68326e-05,5.66609e-05,5.70269e-05,0.000240192,0.000239852,0.000221143,0.000260375,3.34111e-05,3.34123e-05,3.32242e-05,3.35925e-05,-0.0913787,5,0.927271,5.68368e-05,13,13,14,0.960044,12,13
robustness,alternating,2,82,10,40,8000,0.928298,5.6716e-05,0.000245435,3.23967e-05,8.75555,7.25068,8.35521,0.0286043,0.0483619,0.925145,0.925124,0.922557,0.927765,5.6836e-05,5.68321e-05,5.66567e-05,5.70258e-05,0.000239562,0.000239003,0.000221105,0.00025949,3.24453e-05,3.24443e-05,3.23362e-05,3.25547e-05,-0.155607,4,0.927271,5.68368e-05,13,13,14,0.980699,12,13
robustness,alternating,2,82,11,20,8000,0.928298,5.6716e-05,0.000245435,2.99791e-05,4.07002,4.17547,5.17434,0.0891164,0.0755702,0.925121,0.925115,0.922594,0.927662,5.6838e-05,5.6831e-05,5.66669e-05,5.70278e-05,0.000245536,0.000245372,0.000226434,0.000265083,2.99141e-05,2.99122e-05,2.97347e-05,3.00986e-05,-0.112032,5,0.927271,5.68368e-05,13,13,13,0.965457,12,13
robustness,alternating,2,82,12,40,8000,0.928298,5.6716e-05,0.000245435,2.90202e-05,7.84302,6.5039,9.51003,0.0113938,0.0262245,0.924972,0.92499,0.922521,0.927382,5.684e-05,5.68336e-05,5.66697e-05,5.70291e-05,0.000245682,0.000245345,0.000226431,0.000265714,2.90405e-05,2.9041e-05,2.89316e-05,2.91507e-05,-0.105031,4,0.927271,5.68368e-05,13,13,13,0.999862,12,13
robustness,alternating,2,82,13,20,8000,0.928298,5.6716e-05,0.000245435,2.76606e-05,3.75527,3.85035,5.62121,0.0532371,0.0522675,0.924941,0.924954,0.922564,0.927309,5.684e-05,5.68329e-05,5.66663e-05,5.70324e-05,0.000243897,0.000243519,0.000225355,0.000263152,2.75608e-05,2.75617e-05,2.73826e-05,2.77362e-05,-0.0765255,3,0.927271,5.68368e-05,13,13,13,1,12,13
robustness,alternating,2,82,14,40,8000,0.928298,5.6716e-05,0.000245435,2.69419e-05,7.28134,6.02803,10.2208,0.0483877,0.0113469,0.924971,0.924976,0.922642,0.927318,5.68375e-05,5.68308e-05,5.66591e-05,5.7027e-05,0.000242962,0.000242687,0.000224663,0.000262217,2.69666e-05,2.69664e-05,2.68591e-05,2.70766e-05,-0.118635,4,0.927271,5.68368e-05,13,13,13,1,12,13
robustness,alternating,2,82,15,20,8000,0.928298,5.6716e-05,0.000245435,2.56105e-05,3.47694,3.56397,6.01636,0.0122527,0.0148455,0.924608,0.924624,0.922301,0.926915,5.68389e-05,5.6833e-05,5.66608e-05,5.70252e-05,0.000241796,0.000241612,0.000224063,0.000260149,2.56764e-05,2.56761e-05,2.5497e-05,2.58532e-05,-0.0534764,2,0.927271,5.68368e-05,13,13,13,1,12,13
robustness,alternating,2,82,16,40,8000,0.928298,5.6716e-05,0.000245435,2.5086e-05,6.77977,5.60746,10.8556,0.0226651,0.0413044,0.924832,0.924822,0.922535,0.927173,5.68386e-05,5.68342e-05,5.66589e-05,5.70253e-05,0.000242007,0.000241658,0.000224756,0.000260183,2.49666e-05,2.49659e-05,2.4862e-05,2.50734e-05,-0.077495,4,0.927271,5.68368e-05,13,13,13,1,12,13
robustness,alternating,2,82,17,20,8000,0.928298,5.6716e-05,0.000245435,2.34754e-05,3.18707,3.26817,6.42789,0.0542055,0.0746594,0.924824,0.924785,0.922611,0.927107,5.68392e-05,5.68355e-05,5.66656e-05,5.70167e-05,0.000245701,0.000245638,0.000228687,0.000263302,2.34043e-05,2.34044e-05,2.32323e-05,2.35767e-05,-0.0505124,4,0.927271,5.68368e-05,13,13,13,1,12,13
robustness,alternating,2,82,18,40,8000,0.928298,5.6716e-05,0.000245435,2.3107e-05,6.24493,5.16823,11.5324,0.0884081,0.0596366,0.924895,0.924862,0.922692,0.927175,5.68386e-05,5.68339e-05,5.66631e-05,5.70241e-05,0.000244643,0.000244563,0.000227487,0.0002619,2.30489e-05,2.30487e-05,2.29435e-05,2.31545e-05,-0.0567971,4,0.927271,5.68368e-05,13,13,13,1,12,13
robustness,alternating,2,82,19,20,8000,0.928298,5.6716e-05,0.000245435,2.20996e-05,3.00029,3.07522,6.69305,0.0191811,0.00627226,0.925161,0.925128,0.922969,0.927494,5.68349e-05,5.68311e-05,5.66618e-05,5.70203e-05,0.00024408,0.000244102,0.000227722,0.000260956,2.20719e-05,2.20718e-05,2.18989e-05,2.22443e-05,-0.0380584,3,0.927271,5.68368e-05,13,13,13,1,12,13
robustness,alternating,2,82,20,40,8000,0.928298,5.6716e-05,0.000245435,2.17002e-05,5.86471,4.85046,12.0136,0.0412374,0.027986,0.925088,0.925039,0.922892,0.92741,5.68334e-05,5.68288e-05,5.66638e-05,5.7018e-05,0.000243626,0.000243361,0.000227362,0.000261061,2.17044e-05,2.17041e-05,2.16005e-05,2.18107e-05,-0.0961707,3,0.927271,5.68368e-05,13,13,13,1,12,13
robustness,alternating,2,83,1,20,8000,0.0103727,0.000118984,0.000262281,0.000118984,15.936,8.13645,8.13645,8.257,0,0.0102274,0.0102277,0.0100325,0.010422,0.000119224,0.000119223,0.000118947,0.000119501,0.000241606,0.000230826,0.000118537,0.000404828,0.000119224,0.000119223,0.000118947,0.000119501,-0.0309533,20,0.0102241,0.000119234,7,5,13,0.934761,12,7
robustness,alternating,2,83,2,40,8000,0.0103727,0.000118984,0.000262281,0.000105057,28.17,13.5199,3.8466,0.293261,0.0710668,0.0102685,0.0102682,0.0101716,0.0103667,0.000119211,0.000119211,0.000118933,0.000119497,0.000256268,0.000255565,0.000221766,0.000293264,0.000105209,0.000105209,0.00010507,0.000105346,-0.0367243,9,0.0102241,0.000119234,7,6,7,0.978008,12,7
robustness,alternating,2,83,3,20,8000,0.0103727,0.000118984,0.000262281,8.38991e-05,11.2369,4.70622,4.79998,0.0787857,0.00369965,0.0103032,0.0103051,0.0102107,0.0103928,0.00011921,0.000119212,0.000118924,0.000119494,0.000262052,0.000262086,0.000243984,0.000279925,8.3908e-05,8.39115e-05,8.36343e-05,8.41793e-05,-0.00133356,5,0.0102241,0.000119234,7,6,7,1,12,7
robustness,alternating,2,83,4,40,8000,0.0103727,0.000118984,0.000262281,7.74918e-05,20.7787,8.41115,11.3255,0.207594,0.211303,0.0103235,0.010324,0.0102413,0.0104036,0.000119208,0.000119208,0.000118925,0.000119499,0.000258446,0.000258331,0.000241596,0.000275891,7.75333e-05,7.75332e-05,7.73944e-05,7.76715e-05,-0.00276365,6,0.0102241,0.000119234,7,7,7,0.968488,12,7
robustness,alternating,2,83,5,20,8000,0.0103727,0.000118984,0.000262281,6.66178e-05,8.92237,3.30855,7.14775,0.103325,0.129759,0.0103202,0.0103198,0.0102439,0.0103985,0.000119199,0.000119201,0.000118901,0.000119486,0.00025372,0.000253872,0.000239798,0.000267727,6.65196e-05,6.65219e-05,6.62473e-05,6.6789e-05,-0.00576928,4,0.0102241,0.000119234,7,7,7,0.999999,12,7
robustness,alternating,2,83,6,40,8000,0.0103727,0.000118984,0.000262281,6.25906e-05,16.7831,6.08386,15.3687,0.130662,0.147798,0.0103281,0.0103275,0.0102565,0.0104025,0.000119197,0.000119197,0.00011891,0.000119483,0.000251595,0.000251538,0.000238096,0.00026511,6.26534e-05,6.26541e-05,6.25135e-05,6.27895e-05,-0.0265242,6,0.0102241,0.000119234,7,7,7,1,12,7
robustness,alternating,2,83,7,20,8000,0.0103727,0.000118984,0.000262281,5.51277e-05,7.38345,2.4642,8.70877,0.00571461,0.0509549,0.0103233,0.0103227,0.0102539,0.0103959,0.000119194,0.000119193,0.000118906,0.000119482,0.000250006,0.000249904,0.000237798,0.000262493,5.53869e-05,5.53877e-05,5.51209e-05,5.56552e-05,0.00378078,3,0.0102241,0.000119234,7,7,7,1,12,7
robustness,alternating,2,83,8,40,8000,0.0103727,0.000118984,0.000262281,5.26503e-05,14.1177,4.69251,18.0657,0.0813673,0.182487,0.0103219,0.0103221,0.0102558,0.0103891,0.000119195,0.000119196,0.000118911,0.000119476,0.000248951,0.000248818,0.00023678,0.000261588,5.26917e-05,5.26917e-05,5.2555e-05,5.2825e-05,-0.00935624,5,0.0102241,0.000119234,7,7,7,1,12,7
robustness,alternating,2,83,9,20,8000,0.0103727,0.000118984,0.000262281,4.68758e-05,6.27825,1.90458,9.82985,0.0636821,0.0231514,0.0103221,0.0103222,0.0102562,0.0103878,0.000119197,0.0001192,0.000118908,0.000119483,0.00025038,0.00025022,0.000238718,0.00026268,4.69895e-05,4.69892e-05,4.67292e-05,4.72514e-05,-0.0135996,3,0.0102241,0.000119234,7,7,7,1,12,7
robustness,alternating,2,83,10,40,8000,0.0103727,0.000118984,0.000262281,4.49052e-05,12.0409,3.63278,20.1672,0.0288886,0.0859556,0.0103201,0.0103207,0.0102556,0.010385,0.000119194,0.000119195,0.000118912,0.000119482,0.000249979,0.00024982,0.000238411,0.000262475,4.50446e-05,4.50439e-05,4.49093e-05,4.518e-05,-0.0201271,4,0.0102241,0.000119234,7,7,7,1,12,7
robustness,alternating,2,83,11,20,8000,0.0103727,0.000118984,0.000262281,4.05386e-05,5.42948,1.49821,10.6908,0.0759513,0.0348742,0.0103222,0.010322,0.0102587,0.0103864,0.000119196,0.000119201,0.00011891,0.000119486,0.000252312,0.000252018,0.000240648,0.000265027,4.0626e-05,4.0626e-05,4.03656e-05,4.08803e-05,-0.00850616,4,0.0102241,0.000119234,7,7,7,1,12,7
robustness,alternating,2,83,12,40,8000,0.0103727,0.000118984,0.000262281,3.88305e-05,10.412,2.8389,21.8154,0.0381191,0.00229234,0.0103269,0.0103267,0.0102647,0.0103897,0.0001192,0.000119204,0.000118902,0.000119491,0.000252539,0.000252205,0.000240898,0.000265313,3.88643e-05,3.8864e-05,3.87277e-05,3.90016e-05,-0.0169639,4,0.0102241,0.000119234,7,7,7,1,12,7
robustness,alternating,2,83,13,20,8000,0.0103727,0.000118984,0.000262281,3.53157e-05,4.72996,1.1705,11.4004,0.0768367,0.057323,0.0103274,0.0103277,0.010266,0.0103896,0.000119205,0.000119207,0.0001189,0.000119508,0.000254104,0.000253594,0.000242505,0.000267079,3.55005e-05,3.55006e-05,3.52508e-05,3.57496e-05,-0.0275612,3,0.0102241,0.000119234,7,7,7,1,12,7
robustness,alternating,2,83,14,40,8000,0.0103727,0.000118984,0.000262281,3.45064e-05,9.25257,2.36056,22.9887,0.0756885,0.134854,0.0103221,0.0103228,0.0102595,0.0103831,0.000119207,0.000119208,0.000118898,0.000119514,0.000253699,0.000253223,0.000242308,0.000266804,3.43431e-05,3.43433e-05,3.42086e-05,3.44771e-05,-0.0294029,4,0.0102241,0.000119234,7,7,7,1,12,7
robustness,alternating,2,83,15,20,8000,0.0103727,0.000118984,0.000262281,3.21937e-05,4.31182,1.04461,11.8245,0.0287111,0.0191287,0.0103218,0.0103221,0.0102605,0.0103813,0.0001192,0.000119202,0.00011889,0.000119507,0.000252427,0.000252014,0.000241443,0.000264608,3.22702e-05,3.22695e-05,3.20239e-05,3.25212e-05,-0.0136166,3,0.0102241,0.000119234,7,7,7,1,12,7
robustness,alternating,2,83,16,40,8000,0.0103727,0.000118984,0.000262281,3.16162e-05,8.47759,2.13348,23.7729,0.109026,0.138354,0.01032,0.0103212,0.0102595,0.0103779,0.000119191,0.000119197,0.000118878,0.00011949,0.000251521,0.000251349,0.000240919,0.000262918,3.15604e-05,3.15581e-05,3.14243e-05,3.16976e-05,-0.00988254,4,0.0102241,0.000119234,7,7,7,1,12,7
robustness,alternating,2,83,17,20,8000,0.0103727,0.000118984,0.000262281,2.98796e-05,4.00188,0.976154,12.1389,0.0409954,0.0447527,0.0103198,0.0103209,0.0102595,0.0103762,0.000119187,0.00011919,0.000118882,0.000119485,0.000250292,0.000250078,0.00024005,0.000261708,2.98593e-05,2.98604e-05,2.96141e-05,3.01023e-05,-0.0107172,3,0.0102241,0.000119234,7,7,7,1,12,7
robustness,alternating,2,83,18,40,8000,0.0103727,0.000118984,0.000262281,2.92842e-05,7.85228,1.97032,24.4056,0.0876112,0.09291,0.0103157,0.010317,0.0102561,0.0103715,0.000119184,0.000119182,0.000118874,0.00011949,0.000249671,0.00024949,0.000239676,0.000260514,2.92088e-05,2.92097e-05,2.90729e-05,2.93427e-05,-0.0080833,4,0.0102241,0.000119234,7,7,7,1,12,7
robustness,alternating,2,83,19,20,8000,0.0103727,0.000118984,0.000262281,2.77394e-05,3.71524,0.900293,12.4297,0.0295889,0.0315351,0.0103172,0.0103185,0.0102569,0.0103738,0.000119186,0.000119182,0.000118876,0.000119488,0.000250042,0.000249905,0.000240026,0.000260795,2.74071e-05,2.74046e-05,2.71676e-05,2.76476e-05,0.00264744,2,0.0102241,0.000119234,7,7,7,1,12,7
robustness,alternating,2,83,20,40,8000,0.0103727,0.000118984,0.000262281,2.63888e-05,7.07591,1.63486,25.1913,0.072795,0.146911,0.0103161,0.0103171,0.0102545,0.0103744,0.000119184,0.000119182,0.000118872,0.000119497,0.000250511,0.000250317,0.000240468,0.000261241,2.63944e-05,2.6395e-05,2.6262e-05,2.65273e-05,-0.0233987,5,0.0102241,0.000119234,7,7,7,1,12,7
robustness,alternating,2,84,1,20,8000,4.60615,6.86601e-05,0.00017988,6.86601e-05,9.47434,14.8239,14.8239,11.9214,0,4.59004,4.58986,4.55301,4.62684,6.87725e-05,6.87713e-05,6.85994e-05,6.89521e-05,0.000262425,0.000244141,0.00013158,0.000451838,6.87725e-05,6.87713e-05,6.85994e-05,6.89521e-05,-0.596714,18,4.59006,6.87735e-05,11,7,19,0.91435,12,14
robustness,alternating,2,84,2,40,8000,4.60615,6.86601e-05,0.00017988,6.51509e-05,17.8351,24.5414,1.6194,0.564326,0.0688357,4.60504,4.60484,4.59136,4.61949,6.87388e-05,6.87376e-05,6.85922e-05,6.88861e-05,0.000197823,0.000195899,0.000149644,0.000252663,6.51298e-05,6.51296e-05,6.50383e-05,6.52189e-05,-0.463685,9,4.59006,6.87735e-05,13,11,17,0.933705,12,14
robustness,alternating,2,84,3,20,8000,4.60615,6.86601e-05,0.00017988,5.82654e-05,8.03998,12.5859,2.66749,0.101053,0.247894,4.60805,4.60784,4.5951,4.62171,6.87375e-05,6.87383e-05,6.85888e-05,6.88862e-05,0.000206329,0.000205824,0.000180592,0.000234294,5.82569e-05,5.82572e-05,5.81131e-05,5.84035e-05,-0.213651,6,4.59006,6.87735e-05,13,11,15,0.994128,12,14
robustness,alternating,2,84,4,40,8000,4.60615,6.86601e-05,0.00017988,5.50887e-05,15.0805,20.7502,6.17326,0.181296,0.339428,4.61243,4.61241,4.60153,4.62342,6.87251e-05,6.87244e-05,6.85823e-05,6.88706e-05,0.000211838,0.000211758,0.000187233,0.000237594,5.50092e-05,5.50082e-05,5.49254e-05,5.50963e-05,-0.336932,6,4.59006,6.87735e-05,13,11,14,0.975906,12,14
robustness,alternating,2,84,5,20,8000,4.60615,6.86601e-05,0.00017988,5.0961e-05,7.03205,11.0155,4.52909,0.231308,0.0332608,4.61106,4.61101,4.6008,4.62193,6.87344e-05,6.87337e-05,6.85895e-05,6.88759e-05,0.000198287,0.000197925,0.000178818,0.00021895,5.10404e-05,5.10417e-05,5.08964e-05,5.11795e-05,-0.179094,6,4.59006,6.87735e-05,13,12,15,0.991648,12,14
robustness,alternating,2,84,6,40,8000,4.60615,6.86601e-05,0.00017988,4.90872e-05,13.4376,18.5028,8.88956,0.0403798,0.00564305,4.61083,4.6106,4.60161,4.62067,6.87366e-05,6.87362e-05,6.85917e-05,6.88789e-05,0.000197814,0.000197562,0.000179438,0.000217309,4.90192e-05,4.90194e-05,4.89353e-05,4.91041e-05,-0.248551,6,4.59006,6.87735e-05,13,12,15,0.996329,12,14
robustness,alternating,2,84,7,20,8000,4.60615,6.86601e-05,0.00017988,4.53031e-05,6.25132,9.79772,5.9711,0.0046411,0.0990274,4.61138,4.61125,4.60216,4.62109,6.8737e-05,6.87362e-05,6.85963e-05,6.88792e-05,0.000197749,0.000197484,0.000181093,0.000215046,4.53177e-05,4.53168e-05,4.51766e-05,4.54607e-05,-0.142669,4,4.59006,6.87735e-05,13,13,15,0.971272,12,14
robustness,alternating,2,84,8,40,8000,4.60615,6.86601e-05,0.00017988,4.44242e-05,12.1611,16.7591,11.0001,0.32288,0.269361,4.60666,4.60658,4.59834,4.61524,6.87402e-05,6.87408e-05,6.8606e-05,6.88745e-05,0.000194084,0.000193629,0.000179155,0.000210359,4.4367e-05,4.4367e-05,4.42829e-05,4.44492e-05,-0.222692,7,4.59006,6.87735e-05,14,13,15,0.996571,12,14
robustness,alternating,2,84,9,20,8000,4.60615,6.86601e-05,0.00017988,4.14313e-05,5.71705,8.97192,6.95789,0.0130358,0.0515969,4.60801,4.60791,4.59969,4.61656,6.87375e-05,6.87373e-05,6.86027e-05,6.88737e-05,0.000194189,0.000194098,0.000179639,0.000209505,4.13732e-05,4.13727e-05,4.12342e-05,4.15121e-05,-0.0976439,4,4.59006,6.87735e-05,14,13,15,0.999443,12,14
robustness,alternating,2,84,10,40,8000,4.60615,6.86601e-05,0.00017988,3.99104e-05,10.9255,15.0575,13.043,0.0620899,0.129595,4.60947,4.60938,4.60128,4.61785,6.87382e-05,6.87393e-05,6.8602e-05,6.88716e-05,0.000194462,0.000194312,0.000180276,0.00020896,3.99509e-05,3.99512e-05,3.98687e-05,4.00331e-05,-0.177237,5,4.59006,6.87735e-05,14,13,15,0.999679,12,14
robustness,alternating,2,84,11,20,8000,4.60615,6.86601e-05,0.00017988,3.76495e-05,5.19521,8.15567,7.92172,0.0344029,0.000323638,4.60878,4.60877,4.60055,4.61684,6.87418e-05,6.87429e-05,6.86067e-05,6.88739e-05,0.000192438,0.000192166,0.00017876,0.000206978,3.78147e-05,3.78138e-05,3.7672e-05,3.79569e-05,-0.104281,4,4.59006,6.87735e-05,14,13,15,1,12,14
robustness,alternating,2,84,12,40,8000,4.60615,6.86601e-05,0.00017988,3.59744e-05,9.84798,13.5695,14.8245,0.336409,0.296134,4.6071,4.60703,4.59938,4.61526,6.8742e-05,6.87436e-05,6.85993e-05,6.88795e-05,0.000194226,0.000194174,0.000180242,0.000208181,3.60146e-05,3.60152e-05,3.59338e-05,3.60951e-05,-0.169226,7,4.59006,6.87735e-05,13,13,14,0.996623,12,14
robustness,alternating,2,84,13,20,8000,4.60615,6.86601e-05,0.00017988,3.48576e-05,4.80997,7.5575,8.63328,0.210709,0.184619,4.60745,4.60749,4.59963,4.61512,6.87389e-05,6.87388e-05,6.85979e-05,6.88779e-05,0.000190253,0.000190315,0.000176607,0.0002038,3.48064e-05,3.48082e-05,3.46664e-05,3.49405e-05,-0.0714013,7,4.59006,6.87735e-05,14,14,15,1,12,14
robustness,alternating,2,84,14,40,8000,4.60615,6.86601e-05,0.00017988,3.32569e-05,9.10408,12.5498,16.0544,0.282568,0.328024,4.60715,4.6072,4.59991,4.61416,6.87415e-05,6.87405e-05,6.86004e-05,6.88804e-05,0.000191923,0.000191552,0.000178649,0.000205974,3.32155e-05,3.32155e-05,3.31357e-05,3.32945e-05,-0.116303,7,4.59006,6.87735e-05,14,14,14,1,12,14
robustness,alternating,2,84,15,20,8000,4.60615,6.86601e-05,0.00017988,3.14282e-05,4.33674,6.80617,9.50732,0.0287912,0.0642642,4.6076,4.60763,4.60045,4.61452,6.87409e-05,6.87387e-05,6.86033e-05,6.8883e-05,0.000192548,0.000192209,0.000179563,0.000206556,3.14324e-05,3.14317e-05,3.12962e-05,3.15706e-05,-0.0636861,3,4.59006,6.87735e-05,14,14,14,1,12,14
robustness,alternating,2,84,16,40,8000,4.60615,6.86601e-05,0.00017988,3.04011e-05,8.3223,11.4684,17.347,0.123102,0.142181,4.60769,4.6077,4.60079,4.61448,6.87405e-05,6.87391e-05,6.86007e-05,6.88824e-05,0.000193479,0.000193325,0.000180555,0.000207098,3.04686e-05,3.04678e-05,3.03889e-05,3.05498e-05,-0.11228,5,4.59006,6.87735e-05,14,14,14,1,12,14
robustness,alternating,2,84,17,20,8000,4.60615,6.86601e-05,0.00017988,2.93847e-05,4.05476,6.36732,10.0281,0.0847963,0.0774172,4.60806,4.60807,4.60125,4.61483,6.87365e-05,6.87366e-05,6.85953e-05,6.88752e-05,0.000192541,0.000192455,0.000179683,0.000205774,2.92754e-05,2.92773e-05,2.91374e-05,2.94101e-05,-0.0331843,4,4.59006,6.87735e-05,14,14,14,1,12,14
robustness,alternating,2,84,18,40,8000,4.60615,6.86601e-05,0.00017988,2.8701e-05,7.85691,10.8352,18.1165,0.0392718,0.0271277,4.60916,4.60914,4.60242,4.61578,6.87321e-05,6.8732e-05,6.8597e-05,6.88704e-05,0.000192626,0.000192536,0.000179721,0.00020586,2.87184e-05,2.87176e-05,2.86384e-05,2.87989e-05,-0.106266,4,4.59006,6.87735e-05,14,14,14,1,12,14
robustness,alternating,2,84,19,20,8000,4.60615,6.86601e-05,0.00017988,2.77218e-05,3.8253,6.01183,10.4519,0.0651167,0.0506915,4.60842,4.60846,4.60169,4.61495,6.8732e-05,6.87318e-05,6.85955e-05,6.88745e-05,0.000191337,0.00019126,0.000178509,0.000204182,2.76979e-05,2.76977e-05,2.75636e-05,2.7836e-05,-0.0574946,4,4.59006,6.87735e-05,14,14,14,1,12,14
robustness,alternating,2,84,20,40,8000,4.60615,6.86601e-05,0.00017988,2.76829e-05,7.57819,10.4685,18.5773,0.258936,0.23379,4.60809,4.60811,4.60138,4.6146,6.87232e-05,6.87194e-05,6.85844e-05,6.88752e-05,0.000189935,0.000190098,0.000177092,0.00020203,2.77653e-05,2.77647e-05,2.76855e-05,2.78458e-05,-0.0943546,7,4.59006,6.87735e-05,14,14,14,1,12,14
robustness,alternating,2,85,1,20,8000,0.0015813,2.67028e-05,0.000240519,2.67028e-05,3.59574,4.80983,4.80983,5.76467,0,0.00145673,0.00144933,0.00130243,0.00163666,2.68495e-05,2.68499e-05,2.65715e-05,2.71239e-05,0.000268941,0.000263292,0.000169764,0.00038353,2.68495e-05,2.68499e-05,2.65715e-05,2.71239e-05,0.0203231,18,0.00143405,2.68322e-05,24,17,37,0.916109,12,29
robustness,alternating,2,85,2,40,8000,0.0015813,2.67028e-05,0.000240519,2.65325e-05,7.17757,8.61316,0.101833,0.129404,0.142614,0.00166233,0.00166334,0.0015673,0.00175402,2.70027e-05,2.70088e-05,2.67602e-05,2.72268e-05,0.000228258,0.00022455,0.000154927,0.000317902,2.67091e-05,2.6709e-05,2.65818e-05,2.68357e-05,0.0244478,8,0.00143405,2.68322e-05,29,20,41,0.914104,12,29
robustness,alternating,2,85,3,20,8000,0.0015813,2.67028e-05,0.000240519,2.48222e-05,3.34252,3.73836,0.276681,0.0797969,0.048146,0.00164829,0.00164817,0.00156643,0.0017292,2.70244e-05,2.70246e-05,2.67998e-05,2.72537e-05,0.000281277,0.000279739,0.000215138,0.000353215,2.48622e-05,2.48588e-05,2.46113e-05,2.51205e-05,-0.0314876,4,0.00143405,2.68322e-05,23,19,30,0.90836,12,29
robustness,alternating,2,85,4,40,8000,0.0015813,2.67028e-05,0.000240519,2.41944e-05,6.54505,6.8776,0.7265,0.0239362,0.0078179,0.00163477,0.00163439,0.00156855,0.0017013,2.70251e-05,2.70266e-05,2.67974e-05,2.72515e-05,0.000278755,0.000277756,0.000222256,0.000338846,2.41847e-05,2.41842e-05,2.40496e-05,2.43193e-05,0.0281738,4,0.00143405,2.68322e-05,23,19,29,0.939065,12,29
robustness,alternating,2,85,5,20,8000,0.0015813,2.67028e-05,0.000240519,2.32221e-05,3.12704,3.00407,0.493336,0.0474381,0.0214757,0.00162962,0.00162908,0.00156506,0.00169477,2.7012e-05,2.70145e-05,2.67839e-05,2.72331e-05,0.000260167,0.000258974,0.000212056,0.000310638,2.31423e-05,2.31391e-05,2.29018e-05,2.33895e-05,-0.0105122,3,0.00143405,2.68322e-05,25,21,30,0.92051,12,29
robustness,alternating,2,85,6,40,8000,0.0015813,2.67028e-05,0.000240519,2.28811e-05,6.18978,5.52224,1.08425,0.0849791,0.0501766,0.00160689,0.00160589,0.00155413,0.00166187,2.70026e-05,2.70034e-05,2.67834e-05,2.72205e-05,0.000241574,0.000241009,0.000197185,0.000287152,2.30443e-05,2.30456e-05,2.29094e-05,2.31761e-05,0.0284239,5,0.00143405,2.68322e-05,27,23,33,0.927834,12,29
robustness,alternating,2,85,7,20,8000,0.0015813,2.67028e-05,0.000240519,2.204e-05,2.96787,2.45171,0.653766,0.00558582,0.0232623,0.00160982,0.00160899,0.00155835,0.00166414,2.70048e-05,2.70046e-05,2.67812e-05,2.72229e-05,0.000245374,0.000244611,0.000203772,0.000288186,2.19294e-05,2.19287e-05,2.16997e-05,2.21604e-05,0.00314085,2,0.00143405,2.68322e-05,26,23,31,0.909309,12,29
robustness,alternating,2,85,8,40,8000,0.0015813,2.67028e-05,0.000240519,2.14864e-05,5.8125,4.58794,1.46452,0.0128989,0.0219764,0.00159758,0.00159752,0.00154858,0.00164731,2.70055e-05,2.7005e-05,2.67867e-05,2.72276e-05,0.000244123,0.000243747,0.000205074,0.000284516,2.14568e-05,2.14568e-05,2.13236e-05,2.15888e-05,0.00991291,3,0.00143405,2.68322e-05,26,23,31,0.930608,12,29
robustness,alternating,2,85,9,20,8000,0.0015813,2.67028e-05,0.000240519,2.07382e-05,2.79256,2.06722,0.830578,0.0251248,0.0197804,0.00160122,0.00160083,0.00155294,0.00165053,2.69995e-05,2.69989e-05,2.67805e-05,2.72192e-05,0.000237965,0.000237598,0.000200909,0.000276202,2.07122e-05,2.0711e-05,2.04864e-05,2.09389e-05,0.00947159,3,0.00143405,2.68322e-05,27,23,32,0.950425,12,29
robustness,alternating,2,85,10,40,8000,0.0015813,2.67028e-05,0.000240519,2.01729e-05,5.45718,3.90475,1.82279,0.0336953,0.0398751,0.00158378,0.00158408,0.00153695,0.00162861,2.70019e-05,2.69996e-05,2.67864e-05,2.72239e-05,0.000239935,0.000239455,0.000206166,0.000275295,2.01901e-05,2.019e-05,2.00587e-05,2.03196e-05,0.029172,3,0.00143405,2.68322e-05,27,23,31,0.959041,12,29
robustness,alternating,2,85,11,20,8000,0.0015813,2.67028e-05,0.000240519,1.93461e-05,2.60511,1.79915,1.01971,0.00797784,0.00516533,0.00158115,0.00158156,0.00153479,0.00162542,2.70061e-05,2.70053e-05,2.67919e-05,2.7224e-05,0.000244588,0.000244053,0.000211982,0.00027903,1.92508e-05,1.92527e-05,1.90294e-05,1.94688e-05,0.0186781,3,0.00143405,2.68322e-05,26,23,30,0.943317,12,29
robustness,alternating,2,85,12,40,8000,0.0015813,2.67028e-05,0.000240519,1.87516e-05,5.07269,3.43507,2.21054,0.0361709,0.06263,0.00158399,0.0015842,0.00154021,0.00162706,2.70077e-05,2.70053e-05,2.6789e-05,2.72288e-05,0.000246594,0.000246251,0.000214247,0.000280325,1.88051e-05,1.8805e-05,1.86753e-05,1.89334e-05,0.0256079,3,0.00143405,2.68322e-05,26,23,29,0.938247,12,29
robustness,alternating,2,85,13,20,8000,0.0015813,2.67028e-05,0.000240519,1.83528e-05,2.47135,1.5635,1.15469,0.0335357,0.0385715,0.0015813,0.00158124,0.00153932,0.00162298,2.70029e-05,2.69994e-05,2.67894e-05,2.72236e-05,0.000242631,0.000242509,0.000210869,0.000275105,1.82324e-05,1.82318e-05,1.80169e-05,1.84481e-05,0.0321087,2,0.00143405,2.68322e-05,27,23,30,0.950055,12,29
robustness,alternating,2,85,14,40,8000,0.0015813,2.67028e-05,0.000240519,1.78978e-05,4.84171,2.97769,2.44349,0.00178966,0.0344814,0.00158782,0.00158769,0.00154782,0.00162822,2.70051e-05,2.70015e-05,2.67897e-05,2.72262e-05,0.000243274,0.000243029,0.000212694,0.000274882,1.78751e-05,1.78742e-05,1.77483e-05,1.80061e-05,0.0263399,3,0.00143405,2.68322e-05,26,24,30,0.921434,12,29
robustness,alternating,2,85,15,20,8000,0.0015813,2.67028e-05,0.000240519,1.7379e-05,2.34023,1.38331,1.28702,0.0179758,0.0140773,0.0015864,0.00158632,0.00154706,0.00162616,2.70011e-05,2.69972e-05,2.67924e-05,2.72256e-05,0.000238498,0.00023855,0.000208757,0.000269252,1.7426e-05,1.74264e-05,1.72187e-05,1.76289e-05,0.0229761,2,0.00143405,2.68322e-05,27,24,30,0.933427,12,29
robustness,alternating,2,85,16,40,8000,0.0015813,2.67028e-05,0.000240519,1.69138e-05,4.57552,2.65382,2.71198,0.0590882,0.0465049,0.00158623,0.00158634,0.00154872,0.00162497,2.70032e-05,2.69993e-05,2.67944e-05,2.72209e-05,0.000237785,0.000237719,0.000209488,0.000266657,1.71502e-05,1.71499e-05,1.70208e-05,1.72793e-05,0.0138001,3,0.00143405,2.68322e-05,27,25,30,0.918577,12,29
robustness,alternating,2,85,17,20,8000,0.0015813,2.67028e-05,0.000240519,1.63602e-05,2.20304,1.25142,1.42549,0.0309151,0.000369976,0.00159232,0.00159231,0.00155482,0.00163018,2.70047e-05,2.70015e-05,2.6794e-05,2.72204e-05,0.00024,0.000239985,0.000211668,0.000269213,1.65025e-05,1.65027e-05,1.62988e-05,1.67069e-05,0.015029,2,0.00143405,2.68322e-05,27,25,30,0.926554,12,29
robustness,alternating,2,85,18,40,8000,0.0015813,2.67028e-05,0.000240519,1.59733e-05,4.32109,2.40041,2.96861,0.0719024,0.034259,0.00158975,0.0015898,0.00155328,0.0016266,2.7005e-05,2.70024e-05,2.67987e-05,2.72186e-05,0.000241481,0.000241159,0.000213692,0.00027003,1.61654e-05,1.61658e-05,1.6038e-05,1.62923e-05,0.0208801,3,0.00143405,2.68322e-05,27,25,29,0.918854,12,29
robustness,alternating,2,85,19,20,8000,0.0015813,2.67028e-05,0.000240519,1.55348e-05,2.09188,1.13316,1.53769,0.0166173,0.00790068,0.00158892,0.00158861,0.0015531,0.00162565,2.70085e-05,2.70071e-05,2.67999e-05,2.72211e-05,0.000244593,0.000244197,0.00021699,0.000272966,1.55308e-05,1.553e-05,1.5334e-05,1.57291e-05,-0.00897881,2,0.00143405,2.68322e-05,26,24,29,0.972014,12,29
robustness,alternating,2,85,20,40,8000,0.0015813,2.67028e-05,0.000240519,1.56557e-05,4.23518,2.0829,3.05526,0.099152,0.0973591,0.00159175,0.00159164,0.00155753,0.00162674,2.70054e-05,2.70033e-05,2.67949e-05,2.72206e-05,0.000241231,0.000240939,0.000213756,0.000269138,1.54839e-05,1.54849e-05,1.53564e-05,1.5614e-05,-0.00027567,3,0.00143405,2.68322e-05,27,25,29,0.95851,12,29
robustness,alternating,2,86,1,20,8000,0.138708,6.20049e-05,0.000103824,6.20049e-05,8.33086,2.53554,2.53554,1.62138,0,0.13859,0.13859,0.137208,0.13999,6.20844e-05,6.20867e-05,6.18109e-05,6.23516e-05,0.000279735,0.000255656,0.000150055,0.000481292,6.20844e-05,6.20867e-05,6.18109e-05,6.23516e-05,-0.264639,16,0.138547,6.20851e-05,11,7,19,0.933959,12,29
robustness,alternating,2,86,2,40,8000,0.138708,6.20049e-05,0.000103824,6.06132e-05,16.2514,2.34726,0.404987,0.751334,0.0573291,0.139187,0.13919,0.138302,0.140059,6.20839e-05,6.20883e-05,6.18237e-05,6.23245e-05,0.000160275,0.000158342,0.000118267,0.000209088,6.03499e-05,6.03501e-05,6.02152e-05,6.04847e-05,-0.0329193,9,0.138547,6.20851e-05,18,14,24,0.920119,12,29
robustness,alternating,2,86,3,20,8000,0.138708,6.20049e-05,0.000103824,5.78771e-05,7.77625,2.54622,0.596793,0.293328,0.0404664,0.138695,0.138694,0.137912,0.139491,6.20321e-05,6.20434e-05,6.17407e-05,6.22803e-05,0.000118864,0.000118626,9.64269e-05,0.00014193,5.78525e-05,5.78537e-05,5.75898e-05,5.81125e-05,-0.0952045,9,0.138547,6.20851e-05,24,20,30,0.924912,12,29
robustness,alternating,2,86,4,40,8000,0.138708,6.20049e-05,0.000103824,5.62713e-05,15.0873,2.97798,1.6,0.00145139,0.0579347,0.138647,0.138645,0.137985,0.139306,6.20353e-05,6.20467e-05,6.17447e-05,6.22781e-05,0.000118634,0.00011843,9.70907e-05,0.000141556,5.63175e-05,5.63174e-05,5.61816e-05,5.64537e-05,-0.0320609,4,0.138547,6.20851e-05,24,20,29,0.922714,12,29
robustness,alternating,2,86,5,20,8000,0.138708,6.20049e-05,0.000103824,5.40294e-05,7.25929,2.60278,1.14337,0.0977489,0.0520626,0.138735,0.138737,0.13809,0.139367,6.20112e-05,6.20214e-05,6.17237e-05,6.22665e-05,0.000110007,0.000109298,9.3828e-05,0.000128156,5.41672e-05,5.41671e-05,5.39135e-05,5.44218e-05,-0.0819484,5,0.138547,6.20851e-05,26,22,31,0.939597,12,29
robustness,alternating,2,86,6,40,8000,0.138708,6.20049e-05,0.000103824,5.14675e-05,13.7993,3.21067,2.92218,0.385538,0.370189,0.138726,0.138727,0.138182,0.13928,6.20419e-05,6.20472e-05,6.17637e-05,6.23016e-05,0.000118518,0.000118258,9.94574e-05,0.000140288,5.14266e-05,5.14264e-05,5.12902e-05,5.15611e-05,-0.0274609,9,0.138547,6.20851e-05,24,20,29,0.954544,12,29
robustness,alternating,2,86,7,20,8000,0.138708,6.20049e-05,0.000103824,4.94136e-05,6.63912,2.49828,1.79906,0.0657714,0.0188286,0.138677,0.138671,0.138166,0.139218,6.20309e-05,6.2036e-05,6.17493e-05,6.22953e-05,0.000114552,0.000114308,9.81001e-05,0.000131496,4.93072e-05,4.93064e-05,4.90526e-05,4.95569e-05,-0.0965418,3,0.138547,6.20851e-05,25,21,29,0.960065,12,29
robustness,alternating,2,86,8,40,8000,0.138708,6.20049e-05,0.000103824,4.89013e-05,13.1113,3.70082,3.62848,0.19561,0.139431,0.138725,0.138719,0.138252,0.1392,6.20125e-05,6.20189e-05,6.17209e-05,6.22787e-05,0.000111933,0.000111823,9.46843e-05,0.000129782,4.89616e-05,4.89617e-05,4.88251e-05,4.90984e-05,-0.0203752,6,0.138547,6.20851e-05,25,22,30,0.930993,12,29
robustness,alternating,2,86,9,20,8000,0.138708,6.20049e-05,0.000103824,4.65702e-05,6.25708,2.51725,2.20299,0.0370075,0.0504575,0.138846,0.13885,0.138385,0.139301,6.20107e-05,6.20174e-05,6.17336e-05,6.22709e-05,0.000112505,0.000112326,9.63804e-05,0.000129351,4.68067e-05,4.68057e-05,4.65577e-05,4.70521e-05,-0.0547711,4,0.138547,6.20851e-05,25,22,29,0.936697,12,29
robustness,alternating,2,86,10,40,8000,0.138708,6.20049e-05,0.000103824,4.56373e-05,12.2361,3.78661,4.52688,0.0502703,0.00754202,0.138729,0.138723,0.138312,0.139172,6.20222e-05,6.20259e-05,6.17376e-05,6.22894e-05,0.000113874,0.000113797,9.77675e-05,0.000130344,4.55343e-05,4.5534e-05,4.5398e-05,4.5668e-05,0.0204674,4,0.138547,6.20851e-05,25,22,29,0.953764,12,29
robustness,alternating,2,86,11,20,8000,0.138708,6.20049e-05,0.000103824,4.42756e-05,5.94878,2.54399,2.52895,0.0869697,0.0513795,0.138726,0.138719,0.138325,0.139151,6.19951e-05,6.19975e-05,6.17099e-05,6.2272e-05,0.000109266,0.00010904,9.42479e-05,0.000124914,4.4355e-05,4.43557e-05,4.41024e-05,4.46026e-05,-0.0734284,5,0.138547,6.20851e-05,26,23,30,0.950958,12,29
robustness,alternating,2,86,12,40,8000,0.138708,6.20049e-05,0.000103824,4.32084e-05,11.5849,3.91856,5.19539,0.0803946,0.0683504,0.138634,0.138633,0.138237,0.139038,6.19993e-05,6.20047e-05,6.17107e-05,6.227e-05,0.000109907,0.000109589,9.51996e-05,0.000125751,4.32957e-05,4.32947e-05,4.31627e-05,4.34309e-05,-0.018833,4,0.138547,6.20851e-05,26,23,29,0.934434,12,29
robustness,alternating,2,86,13,20,8000,0.138708,6.20049e-05,0.000103824,4.15966e-05,5.58883,2.47281,2.90952,0.00816055,0.00930053,0.138583,0.138588,0.138175,0.138978,6.1994e-05,6.1997e-05,6.1711e-05,6.22689e-05,0.000109319,0.000109166,9.51721e-05,0.00012383,4.17101e-05,4.17105e-05,4.14634e-05,4.19563e-05,-0.0434151,3,0.138547,6.20851e-05,26,23,29,0.95081,12,29
robustness,alternating,2,86,14,40,8000,0.138708,6.20049e-05,0.000103824,4.1035e-05,11.0022,3.9877,5.79359,0.0256311,0.0444808,0.13868,0.138684,0.138289,0.139058,6.19912e-05,6.19947e-05,6.17025e-05,6.22693e-05,0.000109223,0.000109409,9.51798e-05,0.000123274,4.10041e-05,4.10043e-05,4.08685e-05,4.11389e-05,-0.0380827,4,0.138547,6.20851e-05,26,23,29,0.95773,12,29
robustness,alternating,2,86,15,20,8000,0.138708,6.20049e-05,0.000103824,4.00906e-05,5.3865,2.51063,3.12345,0.0778864,0.064153,0.138703,0.138706,0.13832,0.139077,6.1974e-05,6.19764e-05,6.16774e-05,6.226e-05,0.000105559,0.000105514,9.23444e-05,0.000118939,4.01894e-05,4.01905e-05,3.99428e-05,4.04362e-05,-0.0858535,5,0.138547,6.20851e-05,27,25,31,0.94357,12,29
robustness,alternating,2,86,16,40,8000,0.138708,6.20049e-05,0.000103824,3.95863e-05,10.6138,4.15019,6.19232,0.0213816,0.0461455,0.138706,0.138711,0.138334,0.139075,6.19707e-05,6.19705e-05,6.16787e-05,6.22533e-05,0.000105306,0.000105309,9.2188e-05,0.000118701,3.96309e-05,3.96304e-05,3.94971e-05,3.97654e-05,-0.00842097,4,0.138547,6.20851e-05,27,25,31,0.957472,12,29
robustness,alternating,2,86,17,20,8000,0.138708,6.20049e-05,0.000103824,3.85389e-05,5.17802,2.51105,3.34387,0.0319904,0.0358815,0.138817,0.138814,0.138453,0.139181,6.19688e-05,6.19668e-05,6.16866e-05,6.22548e-05,0.000104788,0.00010477,9.22543e-05,0.000117868,3.84107e-05,3.84109e-05,3.81632e-05,3.86542e-05,-0.0346881,3,0.138547,6.20851e-05,27,25,31,0.969992,12,29
robustness,alternating,2,86,18,40,8000,0.138708,6.20049e-05,0.000103824,3.86488e-05,10.3624,4.37183,6.45036,0.23783,0.201204,0.13878,0.138779,0.13842,0.139143,6.19679e-05,6.19644e-05,6.17044e-05,6.22469e-05,0.000102567,0.000102473,9.04526e-05,0.000115705,3.87096e-05,3.87096e-05,3.85761e-05,3.88437e-05,-0.0448161,7,0.138547,6.20851e-05,29,26,32,0.953461,12,29
robustness,alternating,2,86,19,20,8000,0.138708,6.20049e-05,0.000103824,3.7481e-05,5.03587,2.55045,3.49416,0.00132396,0.0101948,0.138733,0.138733,0.138377,0.139087,6.19645e-05,6.19611e-05,6.17093e-05,6.22276e-05,0.000102125,0.00010201,9.03501e-05,0.000114588,3.75415e-05,3.75436e-05,3.73002e-05,3.7782e-05,-0.0340644,3,0.138547,6.20851e-05,29,27,32,0.923803,12,29
robustness,alternating,2,86,20,40,8000,0.138708,6.20049e-05,0.000103824,3.67423e-05,9.85123,4.26757,6.97509,0.060933,0.0415604,0.138777,0.13878,0.138432,0.139116,6.19633e-05,6.19605e-05,6.17175e-05,6.22198e-05,0.000102727,0.000102537,9.11271e-05,0.000115309,3.6631e-05,3.66304e-05,3.64984e-05,3.67646e-05,-0.00489898,4,0.138547,6.20851e-05,28,26,31,0.957649,12,29
robustness,alternating,2,87,1,20,8000,3.28879,6.643e-05,0.000488651,6.643e-05,9.12654,13.2786,13.2786,10.2185,0,3.2849,3.28441,3.25479,3.31686,6.64357e-05,6.64356e-05,6.6246e-05,6.6621e-05,0.000277039,0.000266135,0.000141546,0.000445958,6.64357e-05,6.64356e-05,6.6246e-05,6.6621e-05,-0.584107,18,3.28486,6.64399e-05,11,7,19,0.938497,12,7
robustness,alternating,2,87,2,40,8000,3.28879,6.643e-05,0.000488651,5.80148e-05,15.8276,19.8694,3.5768,1.55139,0.0911643,3.28804,3.28804,3.27527,3.30078,6.64196e-05,6.64188e-05,6.62654e-05,6.65794e-05,0.0004833,0.000481082,0.000418027,0.000555171,5.80207e-05,5.80206e-05,5.79246e-05,5.81159e-05,-0.427268,11,3.28486,6.64399e-05,7,6,7,0.963809,12,7
robustness,alternating,2,87,3,20,8000,3.28879,6.643e-05,0.000488651,4.60348e-05,6.32452,9.21226,4.91936,0.0443887,0.0127491,3.2881,3.28805,3.27588,3.30085,6.64202e-05,6.64167e-05,6.62714e-05,6.65798e-05,0.000487449,0.000487529,0.000457063,0.000518758,4.60621e-05,4.60629e-05,4.5909e-05,4.62138e-05,-0.208271,5,3.28486,6.64399e-05,6,6,7,1,12,7
robustness,alternating,2,87,4,40,8000,3.28879,6.643e-05,0.000488651,4.2477e-05,11.5886,14.7287,10.1836,0.181535,0.195343,3.28666,3.28678,3.27598,3.29718,6.64188e-05,6.64185e-05,6.62645e-05,6.65781e-05,0.000481999,0.000481772,0.000454031,0.000510516,4.24452e-05,4.2446e-05,4.23564e-05,4.25324e-05,-0.265101,5,3.28486,6.64399e-05,7,6,7,1,12,7
robustness,alternating,2,87,5,20,8000,3.28879,6.643e-05,0.000488651,3.55419e-05,4.88294,7.18555,7.45061,0.0986456,0.0839124,3.28758,3.28756,3.27734,3.29791,6.64198e-05,6.64215e-05,6.62586e-05,6.65828e-05,0.000491919,0.000491489,0.000467748,0.000517287,3.54706e-05,3.54701e-05,3.53218e-05,3.5619e-05,-0.114982,5,3.28486,6.64399e-05,6,6,7,1,12,7
robustness,alternating,2,87,6,40,8000,3.28879,6.643e-05,0.000488651,3.34707e-05,9.13146,11.8212,14.0131,0.181557,0.148019,3.28718,3.28731,3.27751,3.29672,6.64173e-05,6.64231e-05,6.62505e-05,6.65749e-05,0.000487695,0.000487462,0.000464543,0.000511546,3.35261e-05,3.35259e-05,3.34395e-05,3.36119e-05,-0.19793,6,3.28486,6.64399e-05,7,7,7,0.999999,12,7
robustness,alternating,2,87,7,20,8000,3.28879,6.643e-05,0.000488651,2.91456e-05,4.00418,5.9594,8.99362,0.0519569,0.0393723,3.28656,3.28669,3.27695,3.29566,6.64207e-05,6.64235e-05,6.62549e-05,6.65799e-05,0.000490195,0.000489993,0.000468938,0.000512135,2.91965e-05,2.91965e-05,2.90517e-05,2.93429e-05,-0.103831,4,3.28486,6.64399e-05,7,7,7,1,12,7
robustness,alternating,2,87,8,40,8000,3.28879,6.643e-05,0.000488651,2.76973e-05,7.55636,9.96108,16.468,0.0631478,0.0802914,3.28371,3.28378,3.27481,3.29243,6.64308e-05,6.64332e-05,6.6269e-05,6.65906e-05,0.000489665,0.00048925,0.000469123,0.000511896,2.76832e-05,2.7683e-05,2.75976e-05,2.77698e-05,-0.165219,4,3.28486,6.64399e-05,7,7,7,1,12,7
robustness,alternating,2,87,9,20,8000,3.28879,6.643e-05,0.000488651,2.47229e-05,3.39658,5.11111,10.0605,0.0171891,0.0222472,3.28487,3.28504,3.27588,3.29356,6.64261e-05,6.64271e-05,6.6268e-05,6.65825e-05,0.000491068,0.000490754,0.000470821,0.000512686,2.47132e-05,2.47134e-05,2.45689e-05,2.48555e-05,-0.0893984,3,3.28486,6.64399e-05,7,7,7,1,12,7
robustness,alternating,2,87,10,40,8000,3.28879,6.643e-05,0.000488651,2.34599e-05,6.40033,8.60343,18.2698,0.0274262,0.0339888,3.28503,3.28516,3.27634,3.29342,6.64291e-05,6.6429e-05,6.62693e-05,6.65865e-05,0.000490589,0.000490138,0.000471177,0.000510962,2.35312e-05,2.35321e-05,2.34444e-05,2.3615e-05,-0.124132,4,3.28486,6.64399e-05,7,7,7,1,12,7
robustness,alternating,2,87,11,20,8000,3.28879,6.643e-05,0.000488651,2.16771e-05,2.97812,4.51567,10.7953,0.0617382,0.0728672,3.2851,3.28526,3.27636,3.29357,6.64259e-05,6.64256e-05,6.627e-05,6.65809e-05,0.000488323,0.00048779,0.00046935,0.000508835,2.1619e-05,2.16206e-05,2.14749e-05,2.1759e-05,-0.0890942,3,3.28486,6.64399e-05,7,7,7,1,12,7
robustness,alternating,2,87,12,40,8000,3.28879,6.643e-05,0.000488651,2.08029e-05,5.67545,7.6949,19.3996,0.0392879,0.0162012,3.2856,3.28575,3.27722,3.29382,6.64242e-05,6.64247e-05,6.6264e-05,6.65808e-05,0.000488151,0.000487879,0.000469245,0.000508279,2.07202e-05,2.07203e-05,2.06364e-05,2.08036e-05,-0.0982958,4,3.28486,6.64399e-05,7,7,7,1,12,7
robustness,alternating,2,87,13,20,8000,3.28879,6.643e-05,0.000488651,1.89908e-05,2.60907,4.0026,11.4433,0.0228977,0.0396137,3.28565,3.28579,3.27722,3.29377,6.6421e-05,6.64215e-05,6.62604e-05,6.65781e-05,0.000487834,0.000487488,0.000469173,0.000507411,1.91101e-05,1.91086e-05,1.89727e-05,1.92497e-05,-0.0654086,2,3.28486,6.64399e-05,7,7,7,1,12,7
robustness,alternating,2,87,14,40,8000,3.28879,6.643e-05,0.000488651,1.81609e-05,4.95465,6.85428,20.523,0.0997777,0.0543834,3.28681,3.28686,3.2784,3.29507,6.64167e-05,6.64157e-05,6.62591e-05,6.65794e-05,0.000489315,0.000489238,0.000469522,0.000508985,1.81866e-05,1.81872e-05,1.81023e-05,1.82719e-05,-0.126807,4,3.28486,6.64399e-05,7,7,7,1,12,7
robustness,alternating,2,87,15,20,8000,3.28879,6.643e-05,0.000488651,1.67111e-05,2.29587,3.57407,11.9932,0.0502208,0.0451916,3.28678,3.28677,3.27853,3.29495,6.6416e-05,6.64149e-05,6.62556e-05,6.65811e-05,0.000490961,0.000490758,0.000471774,0.000510353,1.67721e-05,1.67735e-05,1.66374e-05,1.69064e-05,-0.0557048,3,3.28486,6.64399e-05,7,7,7,1,12,7
robustness,alternating,2,87,16,40,8000,3.28879,6.643e-05,0.000488651,1.63501e-05,4.46063,6.23958,21.2929,0.0544454,0.0781508,3.28725,3.28723,3.27905,3.29525,6.64122e-05,6.64102e-05,6.62522e-05,6.65824e-05,0.000489892,0.000489733,0.000470817,0.000509018,1.64019e-05,1.64012e-05,1.63183e-05,1.6484e-05,-0.0635926,4,3.28486,6.64399e-05,7,7,7,1,12,7
robustness,alternating,2,87,17,20,8000,3.28879,6.643e-05,0.000488651,1.50122e-05,2.06246,3.24675,12.4031,0.085614,0.0750307,3.28729,3.28748,3.27958,3.29466,6.64069e-05,6.64068e-05,6.62314e-05,6.6578e-05,0.000494179,0.000494157,0.000475696,0.000513057,1.49871e-05,1.49862e-05,1.48627e-05,1.51153e-05,-0.0291185,6,3.28486,6.64399e-05,7,7,7,1,12,7
robustness,alternating,2,87,18,40,8000,3.28879,6.643e-05,0.000488651,1.46558e-05,3.9984,5.6908,22.0134,0.0488066,0.0357265,3.28683,3.28697,3.27919,3.29412,6.64067e-05,6.64068e-05,6.62391e-05,6.65731e-05,0.000494137,0.000493987,0.000475598,0.00051298,1.456e-05,1.456e-05,1.44768e-05,1.46435e-05,-0.0643166,3,3.28486,6.64399e-05,7,7,7,1,12,7
robustness,alternating,2,87,19,20,8000,3.28879,6.643e-05,0.000488651,1.39951e-05,1.92272,3.02498,12.6484,0.063489,0.0402994,3.28676,3.28682,3.27926,3.29399,6.64064e-05,6.64068e-05,6.624e-05,6.65698e-05,0.000492958,0.000492971,0.000474109,0.000511729,1.3846e-05,1.38463e-05,1.37159e-05,1.39762e-05,-0.054593,3,3.28486,6.64399e-05,7,7,7,1,12,7
robustness,alternating,2,87,20,40,8000,3.28879,6.643e-05,0.000488651,1.35161e-05,3.68747,5.27925,22.498,0.021274,0.0407229,3.28641,3.2864,3.27906,3.29376,6.64061e-05,6.6407e-05,6.62437e-05,6.65675e-05,0.000492359,0.000492307,0.000473369,0.000511135,1.35222e-05,1.35225e-05,1.34397e-05,1.3604e-05,-0.0710265,3,3.28486,6.64399e-05,7,7,7,1,12,7
robustness,alternating,2,88,1,20,8000,2.41053,4.57986e-05,0.000236758,4.57986e-05,6.27144,8.68849,8.68849,5.69016,0,2.4415,2.44132,2.41887,2.46417,4.56729e-05,4.56757e-05,4.54833e-05,4.58588e-05,0.000264599,0.000247159,0.00013986,0.000444409,4.56729e-05,4.56757e-05,4.54833e-05,4.58588e-05,-0.495654,17,2.44118,4.56755e-05,16,9,27,0.939557,12,17
robustness,alternating,2,88,2,40,8000,2.41053,4.57986e-05,0.000236758,4.38483e-05,11.9309,14.5128,0.77845,0.12841,0.00881337,2.41861,2.41846,2.40584,2.4315,4.57566e-05,4.57548e-05,4.55972e-05,4.59178e-05,0.000224516,0.000220749,0.000157419,0.000303059,4.38723e-05,4.38724e-05,4.37739e-05,4.39735e-05,-0.336223,8,2.44118,4.56755e-05,17,13,24,0.931955,12,17
robustness,alternating,2,88,3,20,8000,2.41053,4.57986e-05,0.000236758,3.96424e-05,5.42844,7.47116,1.40494,0.203769,0.151069,2.41207,2.41174,2.40269,2.42231,4.57916e-05,4.57892e-05,4.56537e-05,4.59393e-05,0.000274049,0.000273903,0.000231435,0.000316273,3.95645e-05,3.95638e-05,3.94023e-05,3.97283e-05,-0.181585,7,2.44118,4.56755e-05,15,13,17,0.953306,12,17
robustness,alternating,2,88,4,40,8000,2.41053,4.57986e-05,0.000236758,3.76132e-05,10.2344,12.4009,3.30097,0.10216,0.221623,2.41035,2.4101,2.40224,2.41938,4.5796e-05,4.57922e-05,4.56624e-05,4.59459e-05,0.000281859,0.000281931,0.000243037,0.000321455,3.75687e-05,3.75682e-05,3.74759e-05,3.76627e-05,-0.218748,5,2.44118,4.56755e-05,14,13,16,0.930152,12,17
robustness,alternating,2,88,5,20,8000,2.41053,4.57986e-05,0.000236758,3.4968e-05,4.78836,6.56256,2.47183,0.112705,0.0049546,2.41331,2.4132,2.40472,2.42201,4.57876e-05,4.5786e-05,4.56436e-05,4.59434e-05,0.000269022,0.000268439,0.00023843,0.000301487,3.48632e-05,3.48629e-05,3.47021e-05,3.50196e-05,-0.172137,4,2.44118,4.56755e-05,15,13,17,0.9946,12,17
robustness,alternating,2,88,6,40,8000,2.41053,4.57986e-05,0.000236758,3.42004e-05,9.30578,11.1332,4.68269,0.255892,0.157113,2.41502,2.41511,2.40669,2.4232,4.57837e-05,4.57804e-05,4.56408e-05,4.59398e-05,0.000259615,0.000258871,0.000232756,0.000289604,3.41907e-05,3.41906e-05,3.40978e-05,3.4283e-05,-0.185922,7,2.44118,4.56755e-05,15,14,17,0.958708,12,17
robustness,alternating,2,88,7,20,8000,2.41053,4.57986e-05,0.000236758,3.18845e-05,4.36611,5.95008,3.17578,0.0137848,0.0319531,2.41434,2.4144,2.40602,2.4225,4.57833e-05,4.57795e-05,4.56427e-05,4.59351e-05,0.00025994,0.000259462,0.000234819,0.000287594,3.17985e-05,3.17979e-05,3.1644e-05,3.19576e-05,-0.116152,3,2.44118,4.56755e-05,15,14,17,0.977463,12,17
robustness,alternating,2,88,8,40,8000,2.41053,4.57986e-05,0.000236758,3.05886e-05,8.323,9.92977,6.14514,0.0682564,0.135142,2.41244,2.41258,2.40433,2.42016,4.57841e-05,4.57819e-05,4.56457e-05,4.59324e-05,0.000261982,0.000261267,0.000237103,0.000289498,3.06176e-05,3.06182e-05,3.05276e-05,3.07083e-05,-0.15867,5,2.44118,4.56755e-05,15,14,17,0.982205,12,17
robustness,alternating,2,88,9,20,8000,2.41053,4.57986e-05,0.000236758,2.88075e-05,3.94477,5.36725,3.87826,0.0254616,0.00784883,2.4122,2.41232,2.40409,2.41984,4.57875e-05,4.57859e-05,4.56454e-05,4.59376e-05,0.000263839,0.000263211,0.000240249,0.000289973,2.85683e-05,2.85675e-05,2.84135e-05,2.87235e-05,-0.118294,3,2.44118,4.56755e-05,15,14,16,0.952585,12,17
robustness,alternating,2,88,10,40,8000,2.41053,4.57986e-05,0.000236758,2.85073e-05,7.75671,9.17814,6.98785,0.320197,0.196963,2.41159,2.41166,2.40392,2.41895,4.57825e-05,4.57787e-05,4.56557e-05,4.59224e-05,0.00025698,0.000256247,0.00023601,0.000279841,2.84534e-05,2.84534e-05,2.83618e-05,2.85449e-05,-0.149934,8,2.44118,4.56755e-05,15,15,17,0.988715,12,17
robustness,alternating,2,88,11,20,8000,2.41053,4.57986e-05,0.000236758,2.76833e-05,3.79082,5.12459,4.13493,0.196839,0.158922,2.4125,2.41277,2.40472,2.41994,4.57765e-05,4.57751e-05,4.56356e-05,4.59106e-05,0.00024721,0.000246872,0.000230784,0.000264468,2.76196e-05,2.76187e-05,2.74666e-05,2.77713e-05,-0.165453,8,2.44118,4.56755e-05,17,15,18,0.990649,12,17
robustness,alternating,2,88,12,40,8000,2.41053,4.57986e-05,0.000236758,2.69805e-05,7.34127,8.62363,7.60608,0.0453556,0.00972844,2.41265,2.4129,2.40503,2.4198,4.57761e-05,4.5775e-05,4.56341e-05,4.59141e-05,0.000246997,0.000246565,0.000230906,0.000264604,2.69192e-05,2.69193e-05,2.68288e-05,2.7009e-05,-0.143247,4,2.44118,4.56755e-05,17,16,17,0.920904,12,17
robustness,alternating,2,88,13,20,8000,2.41053,4.57986e-05,0.000236758,2.5393e-05,3.4772,4.69859,4.65783,0.0265055,0.0511241,2.41197,2.41208,2.40456,2.41923,4.57803e-05,4.5778e-05,4.56409e-05,4.59216e-05,0.000247725,0.00024749,0.000231534,0.000264818,2.54019e-05,2.54027e-05,2.52504e-05,2.55553e-05,-0.099921,3,2.44118,4.56755e-05,17,16,17,0.953501,12,17
robustness,alternating,2,88,14,40,8000,2.41053,4.57986e-05,0.000236758,2.49014e-05,6.77554,7.94896,8.44797,0.0554585,0.048803,2.4109,2.41098,2.40388,2.41793,4.57863e-05,4.5783e-05,4.56507e-05,4.5931e-05,0.00024712,0.000246945,0.000230941,0.000263936,2.48251e-05,2.48255e-05,2.47355e-05,2.49166e-05,-0.130226,4,2.44118,4.56755e-05,17,16,17,0.983695,12,17
robustness,alternating,2,88,15,20,8000,2.41053,4.57986e-05,0.000236758,2.38925e-05,3.27173,4.41402,5.00041,0.0613701,0.0353914,2.41172,2.41182,2.40461,2.41883,4.57812e-05,4.57771e-05,4.56499e-05,4.59213e-05,0.000246402,0.000246179,0.000230361,0.00026275,2.37394e-05,2.37398e-05,2.35861e-05,2.38925e-05,-0.113812,3,2.44118,4.56755e-05,17,16,17,0.986923,12,17
robustness,alternating,2,88,16,40,8000,2.41053,4.57986e-05,0.000236758,2.35772e-05,6.41523,7.50094,8.98417,0.159157,0.0919106,2.41129,2.41133,2.40435,2.41811,4.57788e-05,4.57777e-05,4.56434e-05,4.59166e-05,0.000244758,0.000244417,0.000228733,0.000261768,2.36098e-05,2.36092e-05,2.35163e-05,2.3703e-05,-0.116747,6,2.44118,4.56755e-05,17,17,18,0.996209,12,17
robustness,alternating,2,88,17,20,8000,2.41053,4.57986e-05,0.000236758,2.25557e-05,3.08867,4.1627,5.30563,0.0056297,0.00530098,2.41109,2.41116,2.40419,2.41785,4.57792e-05,4.57774e-05,4.56451e-05,4.5917e-05,0.000244693,0.000244237,0.00022878,0.00026165,2.25154e-05,2.25145e-05,2.23676e-05,2.26656e-05,-0.090224,2,2.44118,4.56755e-05,17,17,17,0.999914,12,17
robustness,alternating,2,88,18,40,8000,2.41053,4.57986e-05,0.000236758,2.20381e-05,5.99646,7.00533,9.60737,0.00750192,0.0137456,2.41101,2.41106,2.40417,2.41769,4.5781e-05,4.57806e-05,4.56488e-05,4.59167e-05,0.000244972,0.000244626,0.000228545,0.000262283,2.19911e-05,2.19909e-05,2.19029e-05,2.20798e-05,-0.108709,4,2.44118,4.56755e-05,17,17,17,1,12,17
robustness,alternating,2,88,19,20,8000,2.41053,4.57986e-05,0.000236758,2.09725e-05,2.87187,3.87071,5.66711,0.0184515,0.0346066,2.41052,2.41052,2.40383,2.41721,4.57828e-05,4.57819e-05,4.5648e-05,4.592e-05,0.000245196,0.000244741,0.000228508,0.000262709,2.10265e-05,2.10248e-05,2.08791e-05,2.1176e-05,-0.0940268,2,2.44118,4.56755e-05,17,17,17,1,12,17
robustness,alternating,2,88,20,40,8000,2.41053,4.57986e-05,0.000236758,2.05849e-05,5.60105,6.54218,10.1958,0.00360599,0.0125044,2.41081,2.41083,2.40416,2.41736,4.57825e-05,4.57814e-05,4.56489e-05,4.59211e-05,0.000245592,0.000245077,0.000229231,0.000263096,2.05538e-05,2.05533e-05,2.04657e-05,2.06431e-05,-0.0934009,4,2.44118,4.56755e-05,17,17,17,1,12,17
robustness,alternating,2,89,1,20,8000,0.213245,5.95213e-05,0.000239977,5.95213e-05,8.01108,3.94632,3.94632,1.79197,0,0.211365,0.211352,0.209127,0.213686,5.956e-05,5.95582e-05,5.9295e-05,5.98297e-05,0.000260521,0.000242549,0.000137858,0.000450032,5.956e-05,5.95582e-05,5.9295e-05,5.98297e-05,-0.357268,16,0.211303,5.95674e-05,13,7,21,0.935638,12,13
robustness,alternating,2,89,2,40,8000,0.213245,5.95213e-05,0.000239977,5.65457e-05,15.1806,3.73449,0.835738,0.182457,0.105362,0.212939,0.212933,0.211786,0.214122,5.94898e-05,5.94838e-05,5.92284e-05,5.97566e-05,0.000204359,0.000203361,0.000147719,0.000265159,5.66638e-05,5.66622e-05,5.65301e-05,5.68007e-05,-0.136729,7,0.211303,5.95674e-05,15,12,20,0.909894,12,13
robustness,alternating,2,89,3,20,8000,0.213245,5.95213e-05,0.000239977,5.10654e-05,6.87299,3.38064,1.26615,0.075404,0.0632986,0.212864,0.21287,0.21179,0.21394,5.95057e-05,5.95073e-05,5.92426e-05,5.97744e-05,0.000226523,0.000226418,0.000194619,0.000258744,5.08789e-05,5.08786e-05,5.06328e-05,5.11276e-05,-0.151606,5,0.211303,5.95674e-05,13,12,15,0.936928,12,13
robustness,alternating,2,89,4,40,8000,0.213245,5.95213e-05,0.000239977,4.80032e-05,12.8872,3.16924,3.21318,0.151829,0.162471,0.212744,0.212753,0.211859,0.213622,5.95127e-05,5.95113e-05,5.92385e-05,5.97829e-05,0.000232324,0.000232215,0.000202496,0.000261867,4.81655e-05,4.81661e-05,4.80293e-05,4.82989e-05,-0.0726,5,0.211303,5.95674e-05,13,12,15,0.953134,12,13
robustness,alternating,2,89,5,20,8000,0.213245,5.95213e-05,0.000239977,4.31452e-05,5.80699,2.85987,2.45635,0.125272,0.085674,0.212902,0.212905,0.212048,0.213741,5.95123e-05,5.95152e-05,5.92325e-05,5.97804e-05,0.000241903,0.000241601,0.000217751,0.000267468,4.34602e-05,4.3462e-05,4.32061e-05,4.37037e-05,-0.112129,4,0.211303,5.95674e-05,13,11,14,0.980883,12,13
robustness,alternating,2,89,6,40,8000,0.213245,5.95213e-05,0.000239977,4.1515e-05,11.1454,2.74283,5.0198,0.0347318,0.0407124,0.212731,0.212728,0.211983,0.213482,5.95152e-05,5.95173e-05,5.9229e-05,5.97873e-05,0.000243792,0.000243568,0.000220735,0.000267772,4.14628e-05,4.14627e-05,4.13302e-05,4.15954e-05,-0.0631903,4,0.211303,5.95674e-05,13,11,13,0.952843,12,13
robustness,alternating,2,89,7,20,8000,0.213245,5.95213e-05,0.000239977,3.7848e-05,5.09403,2.50945,3.25243,0.0501929,0.0661033,0.21278,0.212773,0.21205,0.21353,5.95169e-05,5.95207e-05,5.92317e-05,5.97932e-05,0.00024792,0.000247524,0.000226826,0.000270262,3.79053e-05,3.79057e-05,3.76747e-05,3.81346e-05,-0.0697566,3,0.211303,5.95674e-05,12,11,13,0.988653,12,13
robustness,alternating,2,89,8,40,8000,0.213245,5.95213e-05,0.000239977,3.67278e-05,9.86015,2.42623,6.35286,0.0688544,0.0696821,0.212658,0.212649,0.211961,0.213358,5.95186e-05,5.95195e-05,5.92336e-05,5.97972e-05,0.000246326,0.00024601,0.000225759,0.00026769,3.668e-05,3.66785e-05,3.65515e-05,3.68125e-05,-0.0473104,5,0.211303,5.95674e-05,13,12,13,0.964313,12,13
robustness,alternating,2,89,9,20,8000,0.213245,5.95213e-05,0.000239977,3.38843e-05,4.56055,2.24596,3.84812,0.0293943,0.0459855,0.212687,0.212684,0.211989,0.213381,5.95147e-05,5.9518e-05,5.92315e-05,5.97948e-05,0.000247991,0.00024783,0.000228309,0.00026772,3.39445e-05,3.3943e-05,3.37194e-05,3.41742e-05,-0.0612887,2,0.211303,5.95674e-05,13,12,13,0.978402,12,13
robustness,alternating,2,89,10,40,8000,0.213245,5.95213e-05,0.000239977,3.25825e-05,8.7473,2.15909,7.50718,0.063229,0.056043,0.212682,0.212686,0.212013,0.213336,5.95208e-05,5.95251e-05,5.92352e-05,5.97994e-05,0.000249722,0.000249566,0.000230671,0.000269376,3.25495e-05,3.25481e-05,3.2422e-05,3.26819e-05,-0.0497126,5,0.211303,5.95674e-05,12,12,13,0.982068,12,13
robustness,alternating,2,89,11,20,8000,0.213245,5.95213e-05,0.000239977,3.06522e-05,4.12553,2.03147,4.33387,0.0291869,0.0112238,0.212656,0.212655,0.212012,0.213307,5.95208e-05,5.95258e-05,5.92316e-05,5.97953e-05,0.000248272,0.000247969,0.000230199,0.00026758,3.06276e-05,3.06254e-05,3.04035e-05,3.08582e-05,-0.0578083,2,0.211303,5.95674e-05,12,12,13,1,12,13
robustness,alternating,2,89,12,40,8000,0.213245,5.95213e-05,0.000239977,3.01115e-05,8.0839,1.98694,8.1953,0.117874,0.100614,0.212766,0.212775,0.21216,0.213382,5.95159e-05,5.95179e-05,5.92318e-05,5.97889e-05,0.000246062,0.000245486,0.000228108,0.000264795,2.99751e-05,2.99757e-05,2.9844e-05,3.01039e-05,-0.0612341,5,0.211303,5.95674e-05,13,13,13,0.970582,12,13
robustness,alternating,2,89,13,20,8000,0.213245,5.95213e-05,0.000239977,2.84993e-05,3.83578,1.88671,4.65742,0.0416772,0.0156912,0.212736,0.212742,0.212132,0.213327,5.95151e-05,5.95188e-05,5.92332e-05,5.97913e-05,0.000244279,0.000243913,0.000226909,0.00026254,2.84217e-05,2.84215e-05,2.82024e-05,2.86389e-05,-0.0595839,2,0.211303,5.95674e-05,13,13,13,0.978666,12,13
robustness,alternating,2,89,14,40,8000,0.213245,5.95213e-05,0.000239977,2.77003e-05,7.43658,1.82778,8.86674,0.0209589,0.00515471,0.212798,0.212794,0.212213,0.213396,5.95122e-05,5.95155e-05,5.9227e-05,5.97899e-05,0.000243985,0.00024385,0.000226862,0.000262137,2.76836e-05,2.7685e-05,2.75528e-05,2.78146e-05,-0.0272508,4,0.211303,5.95674e-05,13,13,13,0.977783,12,13
robustness,alternating,2,89,15,20,8000,0.213245,5.95213e-05,0.000239977,2.60969e-05,3.51242,1.72784,5.01849,0.0161816,0.0221526,0.212856,0.212849,0.212269,0.213462,5.95082e-05,5.95133e-05,5.92293e-05,5.97823e-05,0.000245445,0.000245262,0.000228997,0.00026288,2.6043e-05,2.60442e-05,2.58268e-05,2.62605e-05,-0.0494997,3,0.211303,5.95674e-05,13,13,13,0.97897,12,13
robustness,alternating,2,89,16,40,8000,0.213245,5.95213e-05,0.000239977,2.5541e-05,6.85689,1.68535,9.46803,0.0458136,0.0276885,0.212866,0.21286,0.212315,0.213451,5.95086e-05,5.95122e-05,5.92237e-05,5.97811e-05,0.000244584,0.000244195,0.000227882,0.00026252,2.55351e-05,2.55333e-05,2.5408e-05,2.56644e-05,-0.0257847,3,0.211303,5.95674e-05,13,13,13,0.979872,12,13
robustness,alternating,2,89,17,20,8000,0.213245,5.95213e-05,0.000239977,2.43676e-05,3.27968,1.61312,5.27837,0.0152763,0.0100803,0.212912,0.212908,0.212348,0.213494,5.9508e-05,5.95158e-05,5.92191e-05,5.9782e-05,0.000244446,0.000244183,0.000228201,0.000261724,2.42803e-05,2.4279e-05,2.40657e-05,2.44918e-05,-0.0386987,2,0.211303,5.95674e-05,13,13,13,0.979748,12,13
robustness,alternating,2,89,18,40,8000,0.213245,5.95213e-05,0.000239977,2.39544e-05,6.43095,1.58322,9.90985,0.071314,0.0441652,0.212988,0.21298,0.212418,0.213574,5.95059e-05,5.9505e-05,5.92288e-05,5.97826e-05,0.000242968,0.00024282,0.000226788,0.000259185,2.39665e-05,2.39679e-05,2.38368e-05,2.40948e-05,-0.0359134,4,0.211303,5.95674e-05,13,13,13,0.979313,12,13
robustness,alternating,2,89,19,20,8000,0.213245,5.95213e-05,0.000239977,2.27898e-05,3.06732,1.50876,5.5155,0.00940202,0.010792,0.212955,0.212945,0.212398,0.213531,5.95073e-05,5.95063e-05,5.92294e-05,5.97871e-05,0.00024212,0.000241962,0.000226351,0.000258321,2.29721e-05,2.29732e-05,2.27612e-05,2.31795e-05,-0.0268852,3,0.211303,5.95674e-05,13,13,13,0.977506,12,13
robustness,alternating,2,89,20,40,8000,0.213245,5.95213e-05,0.000239977,2.29271e-05,6.15514,1.53265,10.1959,0.13061,0.177611,0.213,0.212996,0.212428,0.213551,5.95073e-05,5.95046e-05,5.92369e-05,5.97821e-05,0.000240305,0.000240396,0.000224315,0.000255766,2.28045e-05,2.28036e-05,2.26764e-05,2.29367e-05,-0.0202567,4,0.211303,5.95674e-05,13,13,13,0.983624,12,13
robustness,alternating,2,90,1,20,8000,1.75948,5.76882e-05,0.000247881,5.76882e-05,7.87441,9.70734,9.70734,6.56153,0,1.76673,1.76676,1.75237,1.78061,5.77673e-05,5.77659e-05,5.75786e-05,5.79599e-05,0.000277008,0.000262997,0.000144981,0.000456495,5.77673e-05,5.77659e-05,5.75786e-05,5.79599e-05,-0.444288,17,1.76657,5.77731e-05,12,7,21,0.951174,12,13
robustness,alternating,2,90,2,40,8000,1.75948,5.76882e-05,0.000247881,5.38527e-05,14.6163,15.378,1.51254,0.134246,0.222215,1.77001,1.76998,1.76142,1.77851,5.77414e-05,5.77398e-05,5.75608e-05,5.79285e-05,0.000292334,0.000292265,0.000222516,0.000362848,5.37963e-05,5.37953e-05,5.36886e-05,5.39065e-05,-0.463941,7,1.76657,5.77731e-05,11,9,14,0.959267,12,13
robustness,alternating,2,90,3,20,8000,1.75948,5.76882e-05,0.000247881,4.88153e-05,6.66326,8.21137,1.93573,0.303487,0.106263,1.77279,1.77285,1.76531,1.77987,5.77053e-05,5.77038e-05,5.75173e-05,5.78944e-05,0.000238206,0.000237351,0.000208441,0.000270908,4.87797e-05,4.87795e-05,4.86047e-05,4.89568e-05,-0.248803,7,1.76657,5.77731e-05,13,12,15,0.941972,12,13
robustness,alternating,2,90,4,40,8000,1.75948,5.76882e-05,0.000247881,4.68235e-05,12.7084,13.3367,4.19523,0.0995748,0.132829,1.76943,1.76944,1.76313,1.77563,5.77254e-05,5.77244e-05,5.75513e-05,5.79075e-05,0.000234271,0.000234608,0.000205386,0.000261825,4.68167e-05,4.6816e-05,4.67152e-05,4.69193e-05,-0.298437,6,1.76657,5.77731e-05,13,12,15,0.965418,12,13
robustness,alternating,2,90,5,20,8000,1.75948,5.76882e-05,0.000247881,4.28364e-05,5.84715,7.2017,3.22175,0.0189223,0.0481442,1.76903,1.76903,1.76297,1.77505,5.77318e-05,5.77289e-05,5.75612e-05,5.79125e-05,0.000236425,0.000236864,0.000212273,0.000259369,4.27205e-05,4.27196e-05,4.25518e-05,4.28895e-05,-0.169019,4,1.76657,5.77731e-05,13,12,15,0.988192,12,13
robustness,alternating,2,90,6,40,8000,1.75948,5.76882e-05,0.000247881,4.12501e-05,11.1958,11.7361,6.32239,0.0830947,0.0842969,1.76848,1.76851,1.76294,1.77396,5.77316e-05,5.773e-05,5.75556e-05,5.79188e-05,0.000234304,0.000234775,0.000210976,0.000255932,4.13289e-05,4.13282e-05,4.12318e-05,4.14259e-05,-0.210961,5,1.76657,5.77731e-05,13,13,15,0.956387,12,13
robustness,alternating,2,90,7,20,8000,1.75948,5.76882e-05,0.000247881,3.82006e-05,5.21436,6.42054,4.21891,0.016483,0.0509065,1.76863,1.76859,1.7632,1.77396,5.773e-05,5.77287e-05,5.75594e-05,5.79122e-05,0.00023316,0.000233224,0.000212558,0.000253226,3.83012e-05,3.83022e-05,3.81357e-05,3.84665e-05,-0.118174,3,1.76657,5.77731e-05,13,13,15,0.983503,12,13
robustness,alternating,2,90,8,40,8000,1.75948,5.76882e-05,0.000247881,3.72884e-05,10.1205,10.5951,7.83449,0.122605,0.201622,1.76669,1.76675,1.76153,1.77166,5.77383e-05,5.77385e-05,5.75678e-05,5.79105e-05,0.000230823,0.000230686,0.000210633,0.000251319,3.72617e-05,3.72614e-05,3.71635e-05,3.73592e-05,-0.221315,5,1.76657,5.77731e-05,14,13,15,0.995418,12,13
robustness,alternating,2,90,9,20,8000,1.75948,5.76882e-05,0.000247881,3.47228e-05,4.73964,5.83507,4.96698,0.0163282,0.0280345,1.76561,1.76559,1.76072,1.77052,5.77492e-05,5.77484e-05,5.75776e-05,5.79257e-05,0.000231626,0.000231343,0.000212639,0.000250964,3.46952e-05,3.46949e-05,3.45294e-05,3.4862e-05,-0.122362,4,1.76657,5.77731e-05,14,13,15,0.998135,12,13
robustness,alternating,2,90,10,40,8000,1.75948,5.76882e-05,0.000247881,3.35232e-05,9.0986,9.52401,9.27153,0.0350233,0.00280697,1.76472,1.76466,1.76013,1.76938,5.77571e-05,5.77568e-05,5.75833e-05,5.79352e-05,0.00023127,0.00023087,0.000212421,0.000250678,3.35303e-05,3.35311e-05,3.34315e-05,3.36275e-05,-0.17856,4,1.76657,5.77731e-05,13,13,15,0.999869,12,13
robustness,alternating,2,90,11,20,8000,1.75948,5.76882e-05,0.000247881,3.19923e-05,4.36694,5.37655,5.5543,0.104971,0.141153,1.76351,1.76342,1.75922,1.76819,5.77628e-05,5.77633e-05,5.75763e-05,5.79515e-05,0.000225688,0.000225631,0.000207115,0.000243967,3.19839e-05,3.19818e-05,3.18204e-05,3.21495e-05,-0.125256,5,1.76657,5.77731e-05,14,13,15,0.998847,12,13
robustness,alternating,2,90,12,40,8000,1.75948,5.76882e-05,0.000247881,3.08346e-05,8.36887,8.75521,10.2977,0.0919556,0.0550687,1.7643,1.76423,1.76007,1.76876,5.77587e-05,5.77587e-05,5.75842e-05,5.79363e-05,0.00022774,0.00022773,0.000210079,0.000245348,3.07556e-05,3.07559e-05,3.06591e-05,3.08492e-05,-0.128488,5,1.76657,5.77731e-05,14,13,15,1,12,13
robustness,alternating,2,90,13,20,8000,1.75948,5.76882e-05,0.000247881,2.86139e-05,3.90578,4.80848,6.281,0.099402,0.0785967,1.76468,1.76461,1.76048,1.76922,5.77579e-05,5.77557e-05,5.75809e-05,5.79361e-05,0.000231792,0.000231674,0.000215357,0.000248683,2.86302e-05,2.8631e-05,2.84664e-05,2.87917e-05,-0.0761917,4,1.76657,5.77731e-05,13,13,13,0.987733,12,13
robustness,alternating,2,90,14,40,8000,1.75948,5.76882e-05,0.000247881,2.83231e-05,7.68721,8.04106,11.2563,0.166909,0.198968,1.76389,1.76382,1.75959,1.7683,5.77643e-05,5.77612e-05,5.75979e-05,5.79429e-05,0.000229096,0.000228755,0.00021247,0.000246224,2.83514e-05,2.83514e-05,2.82539e-05,2.84485e-05,-0.11971,6,1.76657,5.77731e-05,13,13,13,0.968473,12,13
robustness,alternating,2,90,15,20,8000,1.75948,5.76882e-05,0.000247881,2.72152e-05,3.71487,4.5746,6.58184,0.0660448,0.099266,1.76293,1.76288,1.7587,1.76725,5.7774e-05,5.77714e-05,5.76071e-05,5.79543e-05,0.000226699,0.000226424,0.000210836,0.000243427,2.716e-05,2.71607e-05,2.69976e-05,2.73215e-05,-0.0660279,4,1.76657,5.77731e-05,13,13,13,0.968571,12,13
robustness,alternating,2,90,16,40,8000,1.75948,5.76882e-05,0.000247881,2.63459e-05,7.15059,7.47805,12.0109,0.0588916,0.0512015,1.76413,1.76408,1.75993,1.76844,5.7766e-05,5.77643e-05,5.75951e-05,5.79472e-05,0.00022841,0.000228048,0.000212613,0.000245176,2.62828e-05,2.62822e-05,2.61891e-05,2.63766e-05,-0.0995172,4,1.76657,5.77731e-05,13,13,13,0.963991,12,13
robustness,alternating,2,90,17,20,8000,1.75948,5.76882e-05,0.000247881,2.46896e-05,3.37012,4.1491,7.1251,0.0766505,0.0636196,1.76435,1.76428,1.76008,1.76863,5.77631e-05,5.77633e-05,5.75918e-05,5.79389e-05,0.000230723,0.000230542,0.00021469,0.000247126,2.4738e-05,2.47379e-05,2.45823e-05,2.48979e-05,-0.0814188,4,1.76657,5.77731e-05,13,13,13,0.967869,12,13
robustness,alternating,2,90,18,40,8000,1.75948,5.76882e-05,0.000247881,2.4237e-05,6.57822,6.88077,12.8158,0.0236396,0.0584825,1.76378,1.76374,1.75958,1.76806,5.77699e-05,5.77691e-05,5.75944e-05,5.795e-05,0.000230292,0.000230239,0.000214379,0.000246067,2.42493e-05,2.42491e-05,2.41554e-05,2.43461e-05,-0.107747,4,1.76657,5.77731e-05,13,13,13,0.967173,12,13
robustness,alternating,2,90,19,20,8000,1.75948,5.76882e-05,0.000247881,2.29988e-05,3.13932,3.86496,7.48881,0.0408683,0.018157,1.76397,1.76392,1.75989,1.76816,5.77691e-05,5.77694e-05,5.75954e-05,5.79472e-05,0.000231721,0.000231691,0.000216098,0.000247577,2.30187e-05,2.3019e-05,2.28578e-05,2.31764e-05,-0.0711608,3,1.76657,5.77731e-05,13,13,13,0.970052,12,13
robustness,alternating,2,90,20,40,8000,1.75948,5.76882e-05,0.000247881,2.2605e-05,6.13526,6.41739,13.4387,0.027705,0.0505136,1.76421,1.7642,1.76014,1.76828,5.77696e-05,5.77704e-05,5.75902e-05,5.79484e-05,0.000231278,0.000231161,0.000215989,0.000246866,2.26453e-05,2.2645e-05,2.25502e-05,2.27398e-05,-0.107716,3,1.76657,5.77731e-05,13,13,13,0.965402,12,13
robustness,alternating,2,91,1,20,8000,0.0875012,5.84519e-05,0.000410688,5.84519e-05,7.84121,1.00494,1.00494,2.51001,0,0.0870164,0.0870174,0.0857964,0.0882045,5.81899e-05,5.81893e-05,5.7914e-05,5.84651e-05,0.000252191,0.000241381,0.000143824,0.000397374,5.81899e-05,5.81893e-05,5.7914e-05,5.84651e-05,-0.123133,16,0.0870128,5.8188e-05,13,8,21,0.928289,12,8
robustness,alternating,2,91,2,40,8000,0.0875012,5.84519e-05,0.000410688,5.23448e-05,14.0193,1.33408,1.60591,0.685537,0.186067,0.0871103,0.0871185,0.0862003,0.0879964,5.81669e-05,5.81674e-05,5.7862e-05,5.8469e-05,0.000416005,0.000414512,0.000339819,0.000497542,5.2366e-05,5.23669e-05,5.22282e-05,5.2502e-05,0.0110876,9,0.0870128,5.8188e-05,8,7,9,0.963719,12,8
robustness,alternating,2,91,3,20,8000,0.0875012,5.84519e-05,0.000410688,4.39415e-05,5.89466,1.15761,1.967,0.0123834,0.0018562,0.0871429,0.0871471,0.0863552,0.0879055,5.81581e-05,5.81561e-05,5.78688e-05,5.84584e-05,0.000412911,0.000413117,0.000375172,0.00044934,4.39417e-05,4.39423e-05,4.36725e-05,4.42107e-05,-0.0132308,4,0.0870128,5.8188e-05,8,7,9,0.999624,12,8
robustness,alternating,2,91,4,40,8000,0.0875012,5.84519e-05,0.000410688,4.10181e-05,10.9857,1.93507,4.71911,0.0545593,0.0500758,0.0869982,0.0869947,0.0862605,0.0877183,5.81656e-05,5.81589e-05,5.78848e-05,5.84694e-05,0.000409581,0.000409575,0.000375884,0.000443696,4.09786e-05,4.0979e-05,4.08448e-05,4.11138e-05,0.0098004,4,0.0870128,5.8188e-05,8,7,9,1,12,8
robustness,alternating,2,91,5,20,8000,0.0875012,5.84519e-05,0.000410688,3.55524e-05,4.76928,1.24252,3.12593,0.0293918,0.0301378,0.0869072,0.086908,0.086206,0.0875879,5.81755e-05,5.81695e-05,5.78887e-05,5.84864e-05,0.000411027,0.000410704,0.000382346,0.000439787,3.57152e-05,3.57161e-05,3.54611e-05,3.5972e-05,-0.0213288,3,0.0870128,5.8188e-05,8,8,9,0.977539,12,8
robustness,alternating,2,91,6,40,8000,0.0875012,5.84519e-05,0.000410688,3.34309e-05,8.95363,2.25062,6.80451,0.0625208,0.0204516,0.0867229,0.0867258,0.0860689,0.0873571,5.81981e-05,5.81896e-05,5.79049e-05,5.85212e-05,0.000414584,0.000414326,0.000388346,0.000441486,3.33995e-05,3.33985e-05,3.32671e-05,3.35329e-05,-0.0146152,4,0.0870128,5.8188e-05,8,8,9,0.984386,12,8
robustness,alternating,2,91,7,20,8000,0.0875012,5.84519e-05,0.000410688,2.96427e-05,3.9765,1.28193,3.94235,0.030289,0.0357772,0.0867669,0.0867703,0.0861446,0.0873814,5.81997e-05,5.81938e-05,5.79026e-05,5.85197e-05,0.000417302,0.000417262,0.000392629,0.000442721,2.97124e-05,2.97122e-05,2.94662e-05,2.99522e-05,-0.0276699,3,0.0870128,5.8188e-05,8,8,8,0.991565,12,8
robustness,alternating,2,91,8,40,8000,0.0875012,5.84519e-05,0.000410688,2.82564e-05,7.56778,2.33631,8.22675,0.0103849,0.0120492,0.0868442,0.0868482,0.086242,0.0874291,5.81948e-05,5.81892e-05,5.79124e-05,5.85147e-05,0.00041746,0.00041763,0.000393419,0.000441488,2.82453e-05,2.82455e-05,2.81149e-05,2.83785e-05,-0.0152607,3,0.0870128,5.8188e-05,8,8,8,0.999774,12,8
robustness,alternating,2,91,9,20,8000,0.0875012,5.84519e-05,0.000410688,2.55276e-05,3.42448,1.25873,4.51084,0.0207566,0.0256991,0.0870481,0.0870442,0.086467,0.0876674,5.81771e-05,5.81733e-05,5.78949e-05,5.84856e-05,0.000416222,0.00041621,0.000393074,0.000439714,2.57384e-05,2.57404e-05,2.55022e-05,2.5969e-05,-0.0513638,3,0.0870128,5.8188e-05,8,8,8,1,12,8
robustness,alternating,2,91,10,40,8000,0.0875012,5.84519e-05,0.000410688,2.44402e-05,6.5457,2.33417,9.27567,0.0554142,0.00638382,0.0871232,0.0871134,0.086552,0.0877448,5.8175e-05,5.8169e-05,5.78906e-05,5.84871e-05,0.000418099,0.000418115,0.00039576,0.000440815,2.44315e-05,2.44311e-05,2.43009e-05,2.45622e-05,-0.0249674,3,0.0870128,5.8188e-05,8,8,8,1,12,8
robustness,alternating,2,91,11,20,8000,0.0875012,5.84519e-05,0.000410688,2.229e-05,2.99016,1.23363,4.95812,0.0265966,0.0325945,0.0871418,0.08713,0.0865681,0.0877595,5.81747e-05,5.81698e-05,5.78935e-05,5.84889e-05,0.0004178,0.000417705,0.000395787,0.000439549,2.24952e-05,2.2496e-05,2.2269e-05,2.27192e-05,-0.0097992,2,0.0870128,5.8188e-05,8,8,8,1,12,8
robustness,alternating,2,91,12,40,8000,0.0875012,5.84519e-05,0.000410688,2.16173e-05,5.78967,2.26085,10.0516,0.0113407,0.038733,0.0872172,0.087207,0.0866516,0.0878242,5.81668e-05,5.81613e-05,5.78842e-05,5.8473e-05,0.000419492,0.000419694,0.000397826,0.000440502,2.14993e-05,2.14998e-05,2.13733e-05,2.16289e-05,-0.00296676,4,0.0870128,5.8188e-05,8,8,8,1,12,8
robustness,alternating,2,91,13,20,8000,0.0875012,5.84519e-05,0.000410688,2.04063e-05,2.73746,1.11608,5.21835,0.0590179,0.0405522,0.0871339,0.0871287,0.0865607,0.0877236,5.81691e-05,5.8166e-05,5.78845e-05,5.84696e-05,0.000416162,0.000416271,0.000394696,0.000437402,2.0237e-05,2.02366e-05,2.00257e-05,2.04511e-05,-0.0207494,3,0.0870128,5.8188e-05,8,8,8,1,12,8
robustness,alternating,2,91,14,40,8000,0.0875012,5.84519e-05,0.000410688,1.97109e-05,5.27908,2.08487,10.5756,0.0410825,0.00341985,0.0871618,0.0871531,0.0865949,0.0877617,5.81681e-05,5.81655e-05,5.7888e-05,5.84672e-05,0.000415732,0.000415758,0.000393724,0.000437213,1.96381e-05,1.96388e-05,1.95094e-05,1.97651e-05,-0.00565552,3,0.0870128,5.8188e-05,8,8,8,1,12,8
robustness,alternating,2,91,15,20,8000,0.0875012,5.84519e-05,0.000410688,1.87825e-05,2.51964,1.02366,5.44267,0.0565652,0.0451008,0.0871309,0.0871206,0.0865905,0.0876913,5.81725e-05,5.81697e-05,5.78972e-05,5.84557e-05,0.000410343,0.000410198,0.000389394,0.000431732,1.8749e-05,1.8752e-05,1.85433e-05,1.89496e-05,-0.0283789,4,0.0870128,5.8188e-05,8,8,8,1,12,8
robustness,alternating,2,91,16,40,8000,0.0875012,5.84519e-05,0.000410688,1.82346e-05,4.88368,1.90251,10.9813,0.0173802,0.00863224,0.0871897,0.0871809,0.0866495,0.0877631,5.8167e-05,5.81633e-05,5.78921e-05,5.84546e-05,0.00040913,0.000409065,0.000388866,0.000430108,1.82921e-05,1.82906e-05,1.81642e-05,1.84209e-05,0.000642951,4,0.0870128,5.8188e-05,8,8,8,1,12,8
robustness,alternating,2,91,17,20,8000,0.0875012,5.84519e-05,0.000410688,1.73049e-05,2.32142,0.957495,5.64681,0.0131046,0.0202876,0.0872384,0.0872302,0.0866965,0.0878137,5.81614e-05,5.81561e-05,5.78879e-05,5.84472e-05,0.000407031,0.000407012,0.000387289,0.000427731,1.73628e-05,1.73627e-05,1.71572e-05,1.75725e-05,0.00274122,2,0.0870128,5.8188e-05,8,8,8,1,12,8
robustness,alternating,2,91,18,40,8000,0.0875012,5.84519e-05,0.000410688,1.67807e-05,4.49428,1.7994,11.381,0.0252195,0.00875176,0.0872385,0.0872322,0.0867022,0.0878072,5.81628e-05,5.81578e-05,5.78908e-05,5.84546e-05,0.0004072,0.000407126,0.000387146,0.000427623,1.68514e-05,1.68505e-05,1.67264e-05,1.69757e-05,-0.00273749,3,0.0870128,5.8188e-05,8,8,8,1,12,8
robustness,alternating,2,91,19,20,8000,0.0875012,5.84519e-05,0.000410688,1.57929e-05,2.11858,0.931046,5.85569,0.0197563,0.0102079,0.0872999,0.0872931,0.0867582,0.0878777,5.81575e-05,5.81545e-05,5.78773e-05,5.84514e-05,0.00040948,0.000409511,0.000389202,0.000429881,1.57538e-05,1.57531e-05,1.55584e-05,1.59512e-05,-0.00703591,3,0.0870128,5.8188e-05,8,8,8,1,12,8
robustness,alternating,2,91,20,40,8000,0.0875012,5.84519e-05,0.000410688,1.54207e-05,4.13005,1.73868,11.7548,0.0207409,0.0105691,0.0872719,0.0872656,0.086743,0.0878332,5.81602e-05,5.81547e-05,5.78815e-05,5.84509e-05,0.000408137,0.000407899,0.000388055,0.000428535,1.54591e-05,1.54585e-05,1.5333e-05,1.55865e-05,-0.0182746,3,0.0870128,5.8188e-05,8,8,8,1,12,8
robustness,alternating,2,92,1,20,8000,0.0370018,5.53342e-05,0.000343825,5.53342e-05,7.4077,0.837786,0.837786,3.84727,0,0.0366178,0.0366144,0.0352854,0.037908,5.51429e-05,5.51434e-05,5.48631e-05,5.54228e-05,0.000267383,0.000252744,0.00013713,0.000447844,5.51429e-05,5.51434e-05,5.48631e-05,5.54228e-05,-0.116895,14,0.0366498,5.51441e-05,13,8,23,0.910533,12,10
robustness,alternating,2,92,2,40,8000,0.0370018,5.53342e-05,0.000343825,5.15369e-05,13.7952,1.71065,0.98176,0.113929,0.0870079,0.0375215,0.0375231,0.0369876,0.0380423,5.51086e-05,5.51082e-05,5.48344e-05,5.53841e-05,0.000282037,0.000280243,0.000212246,0.000356373,5.15555e-05,5.15569e-05,5.14145e-05,5.16926e-05,-0.0528977,8,0.0366498,5.51441e-05,12,9,15,0.965508,12,10
robustness,alternating,2,92,3,20,8000,0.0370018,5.53342e-05,0.000343825,4.49465e-05,6.01707,0.865869,1.39984,0.12117,0.044708,0.0374098,0.0374082,0.0368949,0.0379164,5.51332e-05,5.51347e-05,5.48466e-05,5.54141e-05,0.000315138,0.000314828,0.000279853,0.000352133,4.49874e-05,4.49899e-05,4.47185e-05,4.52547e-05,-0.0599318,5,0.0366498,5.51441e-05,11,10,12,0.938646,12,10
robustness,alternating,2,92,4,40,8000,0.0370018,5.53342e-05,0.000343825,4.22609e-05,11.3122,1.77291,3.5087,0.063721,0.0136369,0.0372553,0.0372556,0.0368432,0.0376601,5.51383e-05,5.51412e-05,5.48471e-05,5.54173e-05,0.000319564,0.000319512,0.000286432,0.000353516,4.22618e-05,4.22615e-05,4.21286e-05,4.24004e-05,-0.0353208,4,0.0366498,5.51441e-05,11,10,11,0.913274,12,10
robustness,alternating,2,92,5,20,8000,0.0370018,5.53342e-05,0.000343825,3.76822e-05,5.04459,0.874308,2.39733,0.0255071,0.0180147,0.0372533,0.037251,0.0368399,0.0376519,5.51397e-05,5.51425e-05,5.48446e-05,5.54221e-05,0.000324352,0.000324346,0.000296249,0.000352511,3.76672e-05,3.7667e-05,3.74109e-05,3.79226e-05,-0.0122732,3,0.0366498,5.51441e-05,11,10,11,0.956566,12,10
robustness,alternating,2,92,6,40,8000,0.0370018,5.53342e-05,0.000343825,3.56869e-05,9.55251,1.7851,5.2997,0.0476236,0.017117,0.0371252,0.037126,0.0367565,0.0374964,5.51463e-05,5.51483e-05,5.48448e-05,5.54315e-05,0.000327455,0.000327743,0.000299491,0.000354497,3.56453e-05,3.56457e-05,3.55098e-05,3.57832e-05,-0.00256427,5,0.0366498,5.51441e-05,10,10,11,0.964703,12,10
robustness,alternating,2,92,7,20,8000,0.0370018,5.53342e-05,0.000343825,3.20555e-05,4.29133,0.904062,3.16997,0.0500077,0.0332914,0.0370858,0.0370871,0.0367277,0.0374464,5.51587e-05,5.51624e-05,5.48468e-05,5.54438e-05,0.000338252,0.000338154,0.000313685,0.000362805,3.18891e-05,3.18895e-05,3.16408e-05,3.214e-05,0.00347419,4,0.0366498,5.51441e-05,10,9,11,1,12,10
robustness,alternating,2,92,8,40,8000,0.0370018,5.53342e-05,0.000343825,3.07463e-05,8.23004,1.78058,6.6457,0.0591691,0.0258186,0.0371642,0.0371642,0.0368292,0.0375017,5.51579e-05,5.51632e-05,5.4857e-05,5.54462e-05,0.000335525,0.000335601,0.000312317,0.000359008,3.07548e-05,3.07557e-05,3.06212e-05,3.08875e-05,-0.00546087,4,0.0366498,5.51441e-05,10,10,11,0.985786,12,10
robustness,alternating,2,92,9,20,8000,0.0370018,5.53342e-05,0.000343825,2.82696e-05,3.78451,0.851716,3.68982,0.0029916,0.00769885,0.0371232,0.0371218,0.036789,0.0374567,5.51594e-05,5.51636e-05,5.48605e-05,5.54507e-05,0.000332911,0.000332726,0.000310461,0.000355475,2.84556e-05,2.84594e-05,2.82138e-05,2.86926e-05,0.00202309,2,0.0366498,5.51441e-05,10,10,11,1,12,10
robustness,alternating,2,92,10,40,8000,0.0370018,5.53342e-05,0.000343825,2.69661e-05,7.21817,1.74934,7.67558,0.113712,0.0568764,0.0371957,0.0371979,0.0368615,0.0375335,5.51606e-05,5.51631e-05,5.48593e-05,5.54631e-05,0.000337238,0.000337373,0.000315238,0.000359236,2.68651e-05,2.68657e-05,2.67344e-05,2.69963e-05,-0.0117067,6,0.0366498,5.51441e-05,10,10,10,1,12,10
robustness,alternating,2,92,11,20,8000,0.0370018,5.53342e-05,0.000343825,2.48022e-05,3.32032,0.864742,4.16596,0.0215108,0.0282188,0.0371682,0.0371681,0.0368367,0.0375003,5.51604e-05,5.5162e-05,5.48599e-05,5.54603e-05,0.000338614,0.000338719,0.000316993,0.00036046,2.48714e-05,2.48718e-05,2.4637e-05,2.51074e-05,-0.0095877,2,0.0366498,5.51441e-05,10,10,10,1,12,10
robustness,alternating,2,92,12,40,8000,0.0370018,5.53342e-05,0.000343825,2.41494e-05,6.46422,1.66192,8.44294,0.0309463,0.0522995,0.0371572,0.0371565,0.0368394,0.0374759,5.51553e-05,5.51563e-05,5.48558e-05,5.5453e-05,0.000337649,0.000337656,0.00031674,0.000359328,2.41365e-05,2.41365e-05,2.40025e-05,2.42683e-05,-0.0251554,3,0.0366498,5.51441e-05,10,10,10,1,12,10
robustness,alternating,2,92,13,20,8000,0.0370018,5.53342e-05,0.000343825,2.2742e-05,3.04451,0.773569,4.44886,0.0206707,0.0232487,0.0371339,0.0371321,0.0368155,0.0374533,5.51505e-05,5.51519e-05,5.48525e-05,5.54431e-05,0.000334719,0.000334862,0.000314198,0.00035473,2.28307e-05,2.28299e-05,2.26046e-05,2.30576e-05,-0.00665795,3,0.0366498,5.51441e-05,10,10,10,1,12,10
robustness,alternating,2,92,14,40,8000,0.0370018,5.53342e-05,0.000343825,2.22909e-05,5.96673,1.46826,8.94929,0.0430559,0.0708728,0.0371476,0.037149,0.0368348,0.037455,5.51503e-05,5.5149e-05,5.48503e-05,5.54411e-05,0.000333368,0.000333381,0.000313471,0.000353055,2.22557e-05,2.22552e-05,2.21255e-05,2.23881e-05,-0.0128527,3,0.0366498,5.51441e-05,10,10,10,1,12,10
robustness,alternating,2,92,15,20,8000,0.0370018,5.53342e-05,0.000343825,2.12226e-05,2.84111,0.67092,4.6575,0.0363617,0.0382536,0.0371689,0.0371681,0.0368552,0.037481,5.51484e-05,5.51489e-05,5.4848e-05,5.54413e-05,0.000332943,0.000332948,0.000313351,0.000352692,2.09902e-05,2.09906e-05,2.07715e-05,2.12083e-05,-0.000214998,2,0.0366498,5.51441e-05,10,10,10,1,12,10
robustness,alternating,2,92,16,40,8000,0.0370018,5.53342e-05,0.000343825,2.06584e-05,5.52976,1.32327,9.39403,0.069403,0.0152211,0.0371284,0.0371278,0.0368158,0.0374442,5.5145e-05,5.51449e-05,5.48447e-05,5.54461e-05,0.000331083,0.000331082,0.000311475,0.000350266,2.06132e-05,2.06144e-05,2.04815e-05,2.07428e-05,-0.0375896,4,0.0366498,5.51441e-05,10,10,10,1,12,10
robustness,alternating,2,92,17,20,8000,0.0370018,5.53342e-05,0.000343825,1.93835e-05,2.5949,0.654484,4.91004,0.0161982,0.0158626,0.0371344,0.0371324,0.0368219,0.0374483,5.51446e-05,5.51445e-05,5.48444e-05,5.54409e-05,0.000331191,0.000331137,0.00031206,0.000350342,1.94962e-05,1.94955e-05,1.9286e-05,1.97094e-05,-0.00708112,2,0.0366498,5.51441e-05,10,10,10,1,12,10
robustness,alternating,2,92,18,40,8000,0.0370018,5.53342e-05,0.000343825,1.89971e-05,5.08506,1.26864,9.84664,0.00369626,0.0358282,0.0371569,0.0371556,0.0368513,0.0374671,5.51431e-05,5.51431e-05,5.4849e-05,5.54383e-05,0.000329495,0.000329474,0.000310677,0.000348416,1.9173e-05,1.91743e-05,1.90412e-05,1.93036e-05,-0.0225555,3,0.0366498,5.51441e-05,10,10,10,1,12,10
robustness,alternating,2,92,19,20,8000,0.0370018,5.53342e-05,0.000343825,1.77677e-05,2.37859,0.644949,5.13191,0.061366,0.0338783,0.0371672,0.0371667,0.0368507,0.037486,5.51487e-05,5.51483e-05,5.48595e-05,5.54391e-05,0.00033282,0.000333029,0.000314297,0.000351152,1.78792e-05,1.78812e-05,1.76656e-05,1.80939e-05,0.0322251,4,0.0366498,5.51441e-05,10,10,10,1,12,10
robustness,alternating,2,92,20,40,8000,0.0370018,5.53342e-05,0.000343825,1.7626e-05,4.71805,1.20528,10.2202,0.0468956,0.0800858,0.0371265,0.0371262,0.0368233,0.0374323,5.51491e-05,5.51451e-05,5.48612e-05,5.54422e-05,0.000331795,0.000331784,0.000313347,0.000350744,1.76146e-05,1.76135e-05,1.7486e-05,1.77438e-05,-0.0246519,3,0.0366498,5.51441e-05,10,10,10,1,12,10
robustness,alternating,2,93,1,20,8000,0.0767067,6.89485e-05,0.000157901,6.89485e-05,9.24577,1.44167,1.44167,2.9954,0,0.0778409,0.0778459,0.0768371,0.0788327,6.89616e-05,6.89621e-05,6.86867e-05,6.92327e-05,0.000261063,0.00024658,0.000134038,0.000441908,6.89616e-05,6.89621e-05,6.86867e-05,6.92327e-05,-0.0688984,16,0.0778552,6.89581e-05,11,7,19,0.925653,12,16
robustness,alternating,2,93,2,40,8000,0.0767067,6.89485e-05,0.000157901,6.6866e-05,17.904,2.97685,0.578069,0.752151,0.247231,0.0772464,0.0772448,0.0765307,0.0779476,6.89969e-05,6.89954e-05,6.87294e-05,6.92738e-05,0.000146309,0.000144307,0.000105719,0.00019322,6.6767e-05,6.67672e-05,6.66287e-05,6.6908e-05,-0.057668,9,0.0778552,6.89581e-05,18,13,24,0.944791,12,16
robustness,alternating,2,93,3,20,8000,0.0767067,6.89485e-05,0.000157901,6.01013e-05,8.05939,1.49243,1.22317,0.219721,0.174509,0.0768529,0.0768474,0.0762636,0.0774685,6.90395e-05,6.90443e-05,6.87399e-05,6.93241e-05,0.000177974,0.000177939,0.000148956,0.00020674,6.02653e-05,6.02681e-05,5.99914e-05,6.05329e-05,-0.0383218,6,0.0778552,6.89581e-05,15,13,17,0.94915,12,16
robustness,alternating,2,93,4,40,8000,0.0767067,6.89485e-05,0.000157901,5.8389e-05,15.6342,2.99234,2.90552,0.189641,0.153917,0.0768647,0.0768618,0.0763362,0.077427,6.90195e-05,6.90138e-05,6.87459e-05,6.93074e-05,0.00017077,0.000171051,0.000145375,0.00019674,5.83726e-05,5.83736e-05,5.82354e-05,5.85101e-05,-0.0228244,6,0.0778552,6.89581e-05,15,13,18,0.970597,12,16
robustness,alternating,2,93,5,20,8000,0.0767067,6.89485e-05,0.000157901,5.44523e-05,7.30187,1.62898,2.00124,0.0835923,0.0383383,0.0768562,0.0768644,0.0763634,0.0773334,6.90067e-05,6.90014e-05,6.87322e-05,6.92932e-05,0.000163746,0.000163724,0.000142945,0.000184732,5.43478e-05,5.43462e-05,5.40856e-05,5.46062e-05,-0.0136851,4,0.0778552,6.89581e-05,16,14,18,0.952226,12,16
robustness,alternating,2,93,6,40,8000,0.0767067,6.89485e-05,0.000157901,5.30275e-05,14.1986,3.23115,4.37822,0.165167,0.122003,0.0767591,0.0767661,0.0762704,0.077232,6.90082e-05,6.90063e-05,6.87405e-05,6.92757e-05,0.000160069,0.00015995,0.000140755,0.000180173,5.30004e-05,5.2999e-05,5.28647e-05,5.31378e-05,0.00646762,5,0.0778552,6.89581e-05,17,15,19,0.976453,12,16
robustness,alternating,2,93,7,20,8000,0.0767067,6.89485e-05,0.000157901,4.88509e-05,6.55074,1.55982,2.7729,0.0862623,0.0948472,0.0766567,0.0766579,0.0761943,0.0771169,6.90206e-05,6.90214e-05,6.87539e-05,6.92732e-05,0.000166331,0.000166023,0.000148276,0.000185287,4.88249e-05,4.88242e-05,4.85681e-05,4.90834e-05,-0.000859167,5,0.0778552,6.89581e-05,16,15,17,0.926538,12,16
robustness,alternating,2,93,8,40,8000,0.0767067,6.89485e-05,0.000157901,4.74078e-05,12.6939,2.99958,5.92191,0.044616,0.0175198,0.0766403,0.076641,0.0761943,0.0770813,6.90268e-05,6.90309e-05,6.87651e-05,6.92749e-05,0.000165672,0.000165392,0.000148106,0.000183851,4.7415e-05,4.74152e-05,4.72805e-05,4.75481e-05,-0.021133,4,0.0778552,6.89581e-05,16,15,17,0.942686,12,16
robustness,alternating,2,93,9,20,8000,0.0767067,6.89485e-05,0.000157901,4.46991e-05,5.994,1.5369,3.3449,0.0293505,0.0123118,0.0765979,0.0765954,0.0761723,0.0770267,6.90303e-05,6.90348e-05,6.87652e-05,6.92831e-05,0.000165155,0.000165001,0.000148656,0.000182087,4.45532e-05,4.45536e-05,4.42969e-05,4.48104e-05,-0.0211788,3,0.0778552,6.89581e-05,16,15,17,0.962306,12,16
robustness,alternating,2,93,10,40,8000,0.0767067,6.89485e-05,0.000157901,4.36844e-05,11.6969,3.01141,6.94472,0.121789,0.0682686,0.0766683,0.0766651,0.0762628,0.0770826,6.90212e-05,6.90225e-05,6.87608e-05,6.92799e-05,0.000163553,0.000163654,0.000147286,0.000180317,4.35984e-05,4.35974e-05,4.34641e-05,4.37323e-05,-0.00804445,4,0.0778552,6.89581e-05,16,15,17,0.95392,12,16
robustness,alternating,2,93,11,20,8000,0.0767067,6.89485e-05,0.000157901,4.08789e-05,5.48172,1.45461,3.87125,0.0363675,0.0584341,0.0766064,0.0766007,0.0762252,0.0770018,6.90249e-05,6.90248e-05,6.87675e-05,6.92814e-05,0.00016384,0.00016374,0.00014799,0.000180077,4.10824e-05,4.10834e-05,4.08284e-05,4.13384e-05,-0.0272736,3,0.0778552,6.89581e-05,16,15,17,0.969309,12,16
robustness,alternating,2,93,12,40,8000,0.0767067,6.89485e-05,0.000157901,3.96065e-05,10.605,2.73159,8.06488,0.101406,0.0589103,0.0765982,0.0765883,0.0762134,0.076997,6.9034e-05,6.90356e-05,6.87685e-05,6.92922e-05,0.000165652,0.000165429,0.00015034,0.000182061,3.95539e-05,3.95553e-05,3.94213e-05,3.96852e-05,-0.012706,5,0.0778552,6.89581e-05,16,15,17,0.995562,12,16
robustness,alternating,2,93,13,20,8000,0.0767067,6.89485e-05,0.000157901,3.73658e-05,5.01062,1.33711,4.35527,0.0193813,0.0383199,0.0766261,0.0766232,0.076241,0.0770159,6.90316e-05,6.90314e-05,6.87707e-05,6.92892e-05,0.000165445,0.000165169,0.000150833,0.000181054,3.75056e-05,3.75039e-05,3.72561e-05,3.77592e-05,-0.0140746,3,0.0778552,6.89581e-05,16,15,17,0.998301,12,16
robustness,alternating,2,93,14,40,8000,0.0767067,6.89485e-05,0.000157901,3.63967e-05,9.74557,2.54459,8.94661,0.0483101,0.0231294,0.0766132,0.0766082,0.0762287,0.0769927,6.90353e-05,6.90361e-05,6.87778e-05,6.92929e-05,0.000166221,0.000166042,0.000151337,0.000182076,3.63888e-05,3.63889e-05,3.62578e-05,3.65193e-05,-0.0239098,4,0.0778552,6.89581e-05,16,15,17,0.999895,12,16
robustness,alternating,2,93,15,20,8000,0.0767067,6.89485e-05,0.000157901,3.4932e-05,4.68427,1.30673,4.6906,0.039651,0.0270197,0.0765733,0.0765736,0.0762031,0.0769421,6.90379e-05,6.90394e-05,6.87824e-05,6.92932e-05,0.000165862,0.000165688,0.000151342,0.000181095,3.46951e-05,3.46964e-05,3.44437e-05,3.49433e-05,-0.0192145,2,0.0778552,6.89581e-05,16,15,16,0.9501,12,16
robustness,alternating,2,93,16,40,8000,0.0767067,6.89485e-05,0.000157901,3.42703e-05,9.1762,2.54397,9.53072,0.102349,0.0308327,0.0765852,0.0765892,0.0762123,0.0769495,6.90376e-05,6.90396e-05,6.87648e-05,6.93008e-05,0.000164562,0.000164497,0.000150031,0.000179401,3.43342e-05,3.43332e-05,3.4205e-05,3.4467e-05,-0.0277432,5,0.0778552,6.89581e-05,16,15,17,1,12,16
robustness,alternating,2,93,17,20,8000,0.0767067,6.89485e-05,0.000157901,3.24003e-05,4.34477,1.21862,5.03942,0.0543154,0.0545123,0.07662,0.0766215,0.0762517,0.0769937,6.90394e-05,6.90409e-05,6.87699e-05,6.93018e-05,0.000167191,0.00016724,0.00015329,0.000181498,3.23432e-05,3.23435e-05,3.20982e-05,3.25863e-05,-0.0194419,4,0.0778552,6.89581e-05,16,15,16,0.97289,12,16
robustness,alternating,2,93,18,40,8000,0.0767067,6.89485e-05,0.000157901,3.18447e-05,8.52671,2.37641,10.1971,0.0565423,0.0304179,0.0765884,0.0765918,0.0762243,0.0769462,6.90373e-05,6.90415e-05,6.8778e-05,6.92934e-05,0.000166226,0.000166199,0.000152697,0.000180009,3.19257e-05,3.19263e-05,3.1793e-05,3.2059e-05,-0.00424504,4,0.0778552,6.89581e-05,16,15,16,0.96775,12,16
robustness,alternating,2,93,19,20,8000,0.0767067,6.89485e-05,0.000157901,3.02789e-05,4.0603,1.15042,5.33171,0.0413496,0.0400526,0.0765732,0.0765779,0.0762186,0.0769198,6.90382e-05,6.90436e-05,6.8772e-05,6.92968e-05,0.000165646,0.000165638,0.00015243,0.00017935,3.06916e-05,3.06956e-05,3.04454e-05,3.09293e-05,0.00357746,2,0.0778552,6.89581e-05,16,15,16,0.967006,12,16
robustness,alternating,2,93,20,40,8000,0.0767067,6.89485e-05,0.000157901,3.00503e-05,8.04624,2.3137,10.69,0.00459099,0.0971604,0.0765918,0.076594,0.0762428,0.0769346,6.90379e-05,6.90439e-05,6.87768e-05,6.92864e-05,0.000165797,0.000165648,0.00015268,0.000179458,3.00325e-05,3.00321e-05,2.98994e-05,3.01637e-05,0.000178821,4,0.0778552,6.89581e-05,16,15,16,0.970998,12,16
robustness,alternating,2,94,1,20,8000,0.00780545,7.24382e-05,0.000267599,7.24382e-05,9.70545,2.27615,2.27615,3.31638,0,0.0076995,0.00769433,0.0074747,0.00793319,7.21649e-05,7.21653e-05,7.18906e-05,7.24368e-05,0.000273429,0.00025542,0.000145898,0.00046278,7.21649e-05,7.21653e-05,7.18906e-05,7.24368e-05,-0.000914179,15,0.00767965,7.21678e-05,10,6,17,0.927365,12,10
robustness,alternating,2,94,2,40,8000,0.00780545,7.24382e-05,0.000267599,6.76482e-05,18.151,4.17668,1.22692,0.275881,0.191817,0.00780814,0.00780769,0.00767854,0.0079391,7.21673e-05,7.21676e-05,7.18939e-05,7.24414e-05,0.000224569,0.000223793,0.000171564,0.000280237,6.76184e-05,6.76184e-05,6.74778e-05,6.77576e-05,0.0308119,7,0.00767965,7.21678e-05,11,9,15,0.981523,12,10
robustness,alternating,2,94,3,20,8000,0.00780545,7.24382e-05,0.000267599,5.83035e-05,7.81165,1.67081,1.88196,0.197134,0.00800084,0.00780339,0.00780421,0.00768955,0.00791887,7.21961e-05,7.21959e-05,7.1907e-05,7.24774e-05,0.000251891,0.000251921,0.000224,0.000280044,5.8528e-05,5.8529e-05,5.82547e-05,5.88003e-05,0.00966228,6,0.00767965,7.21678e-05,10,9,11,0.976043,12,10
robustness,alternating,2,94,4,40,8000,0.00780545,7.24382e-05,0.000267599,5.48311e-05,14.712,3.06479,4.70433,0.0797931,0.0314224,0.00779086,0.00779222,0.00769064,0.0078871,7.21945e-05,7.21912e-05,7.19203e-05,7.24732e-05,0.000253821,0.000253513,0.000228643,0.000279536,5.49457e-05,5.49441e-05,5.48108e-05,5.50841e-05,0.00179622,4,0.00767965,7.21678e-05,10,9,11,0.991564,12,10
robustness,alternating,2,94,5,20,8000,0.00780545,7.24382e-05,0.000267599,4.87028e-05,6.52533,1.3092,3.18538,0.0454561,0.00762942,0.0077984,0.00779912,0.00770186,0.00789374,7.22042e-05,7.22057e-05,7.19268e-05,7.24811e-05,0.000260798,0.000260731,0.00023942,0.000282602,4.8564e-05,4.85627e-05,4.83e-05,4.8837e-05,-0.00587566,4,0.00767965,7.21678e-05,10,9,11,0.999802,12,10
robustness,alternating,2,94,6,40,8000,0.00780545,7.24382e-05,0.000267599,4.6362e-05,12.4396,2.45528,7.00225,0.065623,0.0477383,0.00778246,0.00778247,0.00769045,0.00787236,7.22078e-05,7.2209e-05,7.19271e-05,7.24884e-05,0.000258506,0.000258185,0.000237802,0.000279967,4.64001e-05,4.63992e-05,4.62637e-05,4.65411e-05,-0.00398272,5,0.00767965,7.21678e-05,10,9,11,1,12,10
robustness,alternating,2,94,7,20,8000,0.00780545,7.24382e-05,0.000267599,4.18483e-05,5.60694,1.08111,4.11599,0.0317272,0.00704085,0.00777866,0.0077794,0.00768783,0.00786674,7.2209e-05,7.22102e-05,7.19252e-05,7.2492e-05,0.000260441,0.000260158,0.000241263,0.000280237,4.19138e-05,4.19129e-05,4.16517e-05,4.21758e-05,-0.0234571,3,0.00767965,7.21678e-05,10,9,11,1,12,10
robustness,alternating,2,94,8,40,8000,0.00780545,7.24382e-05,0.000267599,4.01085e-05,10.7617,2.04506,8.69904,0.0044679,0.0339797,0.00779775,0.00779833,0.00771379,0.00787967,7.22088e-05,7.22106e-05,7.19199e-05,7.24917e-05,0.000260891,0.000260662,0.000242055,0.000280157,4.00387e-05,4.00388e-05,3.99046e-05,4.0175e-05,-0.0250594,4,0.00767965,7.21678e-05,10,9,11,1,12,10
robustness,alternating,2,94,9,20,8000,0.00780545,7.24382e-05,0.000267599,3.69718e-05,4.95358,0.940812,4.77806,0.0279785,0.0305755,0.00778729,0.00778784,0.00770151,0.00787072,7.22099e-05,7.22096e-05,7.19298e-05,7.24892e-05,0.000258555,0.000258332,0.000240716,0.000276417,3.69548e-05,3.69535e-05,3.67023e-05,3.72128e-05,-0.00226247,3,0.00767965,7.21678e-05,10,10,11,1,12,10
robustness,alternating,2,94,10,40,8000,0.00780545,7.24382e-05,0.000267599,3.51388e-05,9.42826,1.73692,10.0475,0.110966,0.101322,0.00779399,0.00779427,0.00771318,0.00787326,7.22075e-05,7.22075e-05,7.1926e-05,7.24837e-05,0.0002598,0.000259464,0.0002424,0.000277727,3.52946e-05,3.52944e-05,3.51576e-05,3.54307e-05,0.0193779,4,0.00767965,7.21678e-05,10,10,10,1,12,10
robustness,alternating,2,94,11,20,8000,0.00780545,7.24382e-05,0.000267599,3.30116e-05,4.42297,0.828103,5.31574,0.0349877,0.0633952,0.00780144,0.00780069,0.00772115,0.0078799,7.22065e-05,7.22054e-05,7.19239e-05,7.24867e-05,0.000258848,0.000258465,0.000242223,0.0002762,3.28511e-05,3.28494e-05,3.26006e-05,3.31022e-05,-0.00386358,2,0.00767965,7.21678e-05,10,10,10,1,12,10
robustness,alternating,2,94,12,40,8000,0.00780545,7.24382e-05,0.000267599,3.18447e-05,8.5444,1.57361,10.9413,0.0297245,0.000193351,0.00780652,0.00780604,0.00772933,0.00788352,7.22048e-05,7.22033e-05,7.19265e-05,7.24815e-05,0.000258333,0.000258196,0.000242198,0.000275458,3.18383e-05,3.18385e-05,3.17039e-05,3.1974e-05,-0.0170676,4,0.00767965,7.21678e-05,10,10,10,1,12,10
robustness,alternating,2,94,13,20,8000,0.00780545,7.24382e-05,0.000267599,3.02719e-05,4.05591,0.763961,5.68769,0.067849,0.0767662,0.00780296,0.00780221,0.00772607,0.00788164,7.22039e-05,7.2202e-05,7.19329e-05,7.24799e-05,0.000254149,0.000253914,0.000238779,0.000270872,3.03151e-05,3.03152e-05,3.00698e-05,3.05619e-05,0.0105113,4,0.00767965,7.21678e-05,10,10,10,1,12,10
robustness,alternating,2,94,14,40,8000,0.00780545,7.24382e-05,0.000267599,2.88873e-05,7.75087,1.41577,11.7437,0.133108,0.109239,0.00779402,0.0077943,0.00771728,0.00787172,7.22067e-05,7.22039e-05,7.19342e-05,7.24844e-05,0.000256126,0.000256129,0.000240289,0.000272067,2.89845e-05,2.8985e-05,2.88491e-05,2.91179e-05,0.0308391,5,0.00767965,7.21678e-05,10,10,10,1,12,10
robustness,alternating,2,94,15,20,8000,0.00780545,7.24382e-05,0.000267599,2.74861e-05,3.68266,0.684494,6.06591,0.0277987,0.0494137,0.00779573,0.00779631,0.0077189,0.00787085,7.22046e-05,7.2202e-05,7.19345e-05,7.24844e-05,0.000256665,0.00025674,0.000241103,0.000272523,2.7209e-05,2.72108e-05,2.69644e-05,2.74463e-05,0.013569,2,0.00767965,7.21678e-05,10,10,10,1,12,10
robustness,alternating,2,94,16,40,8000,0.00780545,7.24382e-05,0.000267599,2.68806e-05,7.21246,1.33034,12.2882,0.116357,0.0557234,0.00779939,0.0077983,0.00772728,0.00787198,7.21989e-05,7.21975e-05,7.19303e-05,7.24803e-05,0.000254981,0.00025513,0.000239314,0.000270455,2.68106e-05,2.68091e-05,2.66778e-05,2.69467e-05,0.0197895,4,0.00767965,7.21678e-05,10,10,10,1,12,10
robustness,alternating,2,94,17,20,8000,0.00780545,7.24382e-05,0.000267599,2.50235e-05,3.35272,0.61598,6.40025,0.0452936,0.0441758,0.00780091,0.0078005,0.00772931,0.00787271,7.22026e-05,7.22006e-05,7.19342e-05,7.24767e-05,0.000256853,0.000256816,0.000241471,0.000272237,2.50852e-05,2.50867e-05,2.48523e-05,2.53183e-05,0.00935467,3,0.00767965,7.21678e-05,10,10,10,1,12,10
robustness,alternating,2,94,18,40,8000,0.00780545,7.24382e-05,0.000267599,2.4256e-05,6.50823,1.17519,13.0004,0.0490211,0.0256668,0.00780161,0.00780179,0.00773168,0.00787122,7.22053e-05,7.22046e-05,7.19367e-05,7.24833e-05,0.000257826,0.000257713,0.00024255,0.000273395,2.4263e-05,2.42632e-05,2.41327e-05,2.4396e-05,-0.00496493,4,0.00767965,7.21678e-05,10,10,10,1,12,10
robustness,alternating,2,94,19,20,8000,0.00780545,7.24382e-05,0.000267599,2.29694e-05,3.07749,0.563161,6.67914,0.0123852,0.00486901,0.00779901,0.00779922,0.0077288,0.00786985,7.22058e-05,7.22039e-05,7.19355e-05,7.24818e-05,0.000258289,0.000258181,0.000243313,0.000273847,2.29975e-05,2.29978e-05,2.27669e-05,2.32314e-05,-0.0121566,2,0.00767965,7.21678e-05,10,10,10,1,12,10
robustness,alternating,2,94,20,40,8000,0.00780545,7.24382e-05,0.000267599,2.25376e-05,6.04717,1.09058,13.4666,0.0241769,0.036874,0.00780927,0.00780895,0.00773882,0.00788059,7.22035e-05,7.2203e-05,7.19286e-05,7.24808e-05,0.000257964,0.000257874,0.000243102,0.000272904,2.25012e-05,2.2501e-05,2.23692e-05,2.26325e-05,0.00408863,3,0.00767965,7.21678e-05,10,10,10,1,12,10
robustness,alternating,2,95,1,20,8000,0.00426294,6.36387e-05,0.000175704,6.36387e-05,8.5357,1.76083,1.76083,3.25606,0,0.00434377,0.00434185,0.00415359,0.00453392,6.35999e-05,6.36015e-05,6.33243e-05,6.38715e-05,0.000262632,0.000244632,0.00014244,0.000438461,6.35999e-05,6.36015e-05,6.33243e-05,6.38715e-05,-0.0326161,14,0.00436239,6.36014e-05,12,7,19,0.932271,12,17
robustness,alternating,2,95,2,40,8000,0.00426294,6.36387e-05,0.000175704,6.13162e-05,16.4886,3.56996,0.620652,0.514176,0.139456,0.00431105,0.00431068,0.00422797,0.00439484,6.36271e-05,6.36324e-05,6.33432e-05,6.38956e-05,0.000166427,0.000165527,0.000117011,0.000218981,6.13637e-05,6.13628e-05,6.1226e-05,6.15044e-05,0.0178,8,0.00436239,6.36014e-05,17,13,23,0.93387,12,17
robustness,alternating,2,95,3,20,8000,0.00426294,6.36387e-05,0.000175704,5.69208e-05,7.63464,1.69066,0.906453,0.0607157,0.104952,0.00431443,0.0043148,0.00423732,0.00439191,6.36176e-05,6.36255e-05,6.33311e-05,6.38721e-05,0.00016051,0.000160213,0.000132543,0.000189282,5.66801e-05,5.66798e-05,5.64089e-05,5.69513e-05,-0.00779645,4,0.00436239,6.36014e-05,17,15,21,0.956038,12,17
robustness,alternating,2,95,4,40,8000,0.00426294,6.36387e-05,0.000175704,5.46837e-05,14.7051,3.41038,2.42113,0.0242359,0.0101212,0.00432782,0.00432887,0.00426496,0.00438892,6.36148e-05,6.36224e-05,6.33388e-05,6.38732e-05,0.000160117,0.000159741,0.000135591,0.000185508,5.45924e-05,5.45932e-05,5.44569e-05,5.47299e-05,0.0334563,5,0.00436239,6.36014e-05,17,15,21,0.977641,12,17
robustness,alternating,2,95,5,20,8000,0.00426294,6.36387e-05,0.000175704,4.94813e-05,6.6368,1.48914,1.91556,0.184004,0.145399,0.00432968,0.00432977,0.00427057,0.00438723,6.36481e-05,6.36545e-05,6.33688e-05,6.39206e-05,0.000178034,0.000178181,0.000157051,0.0001989,4.95357e-05,4.95321e-05,4.92793e-05,4.97987e-05,-0.0204192,6,0.00436239,6.36014e-05,16,14,18,0.965302,12,17
robustness,alternating,2,95,6,40,8000,0.00426294,6.36387e-05,0.000175704,4.80341e-05,12.9169,3.05362,4.22709,0.0683688,0.0749421,0.00431537,0.00431631,0.00425945,0.0043685,6.36356e-05,6.36385e-05,6.3356e-05,6.39098e-05,0.000175784,0.000175744,0.000155533,0.000196317,4.8148e-05,4.81501e-05,4.80103e-05,4.82838e-05,0.0147712,5,0.00436239,6.36014e-05,16,15,18,0.93437,12,17
robustness,alternating,2,95,7,20,8000,0.00426294,6.36387e-05,0.000175704,4.53603e-05,6.08407,1.46985,2.4746,0.0581796,0.0716929,0.00431791,0.00431892,0.00426433,0.00436946,6.36326e-05,6.36344e-05,6.33492e-05,6.39134e-05,0.000173808,0.000173789,0.000155578,0.00019227,4.51102e-05,4.51107e-05,4.48473e-05,4.53716e-05,0.00195536,3,0.00436239,6.36014e-05,16,15,18,0.962269,12,17
robustness,alternating,2,95,8,40,8000,0.00426294,6.36387e-05,0.000175704,4.43736e-05,11.9326,3.0523,5.22126,0.185397,0.12589,0.00431207,0.00431243,0.00426243,0.00436045,6.36306e-05,6.36321e-05,6.33532e-05,6.39011e-05,0.000169602,0.000169705,0.000151584,0.000188104,4.43424e-05,4.43432e-05,4.42048e-05,4.44765e-05,-0.00963883,5,0.00436239,6.36014e-05,17,15,19,0.992663,12,17
robustness,alternating,2,95,9,20,8000,0.00426294,6.36387e-05,0.000175704,4.18428e-05,5.61227,1.44429,2.95178,0.0219979,0.0283644,0.00430868,0.00430859,0.00426097,0.00435611,6.36316e-05,6.36355e-05,6.33574e-05,6.3899e-05,0.000168612,0.000168568,0.000151841,0.000186004,4.18043e-05,4.1804e-05,4.15492e-05,4.20668e-05,-0.00787574,3,0.00436239,6.36014e-05,17,15,19,0.996361,12,17
robustness,alternating,2,95,10,40,8000,0.00426294,6.36387e-05,0.000175704,4.07195e-05,10.9499,2.92664,6.21371,0.0282427,0.0304964,0.00430081,0.00430055,0.0042553,0.0043467,6.36358e-05,6.36342e-05,6.33608e-05,6.39086e-05,0.000168278,0.000168113,0.000151928,0.000185179,4.07267e-05,4.07245e-05,4.05928e-05,4.08656e-05,0.0187763,4,0.00436239,6.36014e-05,17,16,19,0.951856,12,17
robustness,alternating,2,95,11,20,8000,0.00426294,6.36387e-05,0.000175704,3.7924e-05,5.08665,1.31718,3.4834,0.0798794,0.0654301,0.00429744,0.00429707,0.00425264,0.00434241,6.36424e-05,6.36389e-05,6.33687e-05,6.39249e-05,0.000171204,0.00017087,0.000155456,0.000187556,3.81531e-05,3.81533e-05,3.78883e-05,3.84113e-05,-0.000495795,4,0.00436239,6.36014e-05,17,15,18,0.983554,12,17
robustness,alternating,2,95,12,40,8000,0.00426294,6.36387e-05,0.000175704,3.73317e-05,10.0389,2.74125,7.13384,0.0483489,0.115191,0.00430441,0.00430463,0.00426231,0.00434808,6.36372e-05,6.36322e-05,6.33752e-05,6.39141e-05,0.000170969,0.000170773,0.000155451,0.000187142,3.72849e-05,3.72836e-05,3.71501e-05,3.74241e-05,-0.0207551,4,0.00436239,6.36014e-05,17,16,18,0.951014,12,17
robustness,alternating,2,95,13,20,8000,0.00426294,6.36387e-05,0.000175704,3.55971e-05,4.77455,1.30782,3.79907,0.028193,0.0290784,0.00430097,0.00430079,0.00425826,0.00434458,6.36404e-05,6.36362e-05,6.33723e-05,6.39253e-05,0.000170012,0.00016985,0.000155159,0.000185706,3.55022e-05,3.55013e-05,3.52473e-05,3.57573e-05,-0.0164477,2,0.00436239,6.36014e-05,17,16,18,0.977917,12,17
robustness,alternating,2,95,14,40,8000,0.00426294,6.36387e-05,0.000175704,3.49009e-05,9.38525,2.67076,7.79405,0.0734716,0.0543469,0.00429696,0.0042968,0.00425456,0.00433869,6.36421e-05,6.36379e-05,6.33723e-05,6.3934e-05,0.000168596,0.000168273,0.000153867,0.000184377,3.49041e-05,3.49042e-05,3.47715e-05,3.50399e-05,0.0202812,4,0.00436239,6.36014e-05,17,16,18,0.98374,12,17
robustness,alternating,2,95,15,20,8000,0.00426294,6.36387e-05,0.000175704,3.28833e-05,4.41055,1.21924,4.16722,0.051818,0.0422265,0.00429335,0.00429312,0.00425257,0.00433567,6.36503e-05,6.36453e-05,6.33753e-05,6.39374e-05,0.00017171,0.000171389,0.000157133,0.000187256,3.27545e-05,3.27553e-05,3.25061e-05,3.30024e-05,-0.00971776,5,0.00436239,6.36014e-05,17,16,17,0.995425,12,17
robustness,alternating,2,95,16,40,8000,0.00426294,6.36387e-05,0.000175704,3.23904e-05,8.71014,2.51161,8.47592,0.102214,0.074062,0.00429346,0.00429243,0.00425361,0.00433605,6.36523e-05,6.36529e-05,6.3375e-05,6.3926e-05,0.000170564,0.000170358,0.000156012,0.000185795,3.23391e-05,3.23397e-05,3.22037e-05,3.24717e-05,0.0014824,4,0.00436239,6.36014e-05,17,17,17,0.995888,12,17
robustness,alternating,2,95,17,20,8000,0.00426294,6.36387e-05,0.000175704,3.08534e-05,4.13829,1.1747,4.4426,0.00902144,0.00877094,0.00428776,0.00428713,0.00424756,0.00433005,6.36632e-05,6.36612e-05,6.33869e-05,6.39378e-05,0.000171679,0.000171524,0.000157421,0.000186372,3.07019e-05,3.07021e-05,3.0455e-05,3.09471e-05,-0.00233141,3,0.00436239,6.36014e-05,17,17,17,1,12,17
robustness,alternating,2,95,18,40,8000,0.00426294,6.36387e-05,0.000175704,2.98155e-05,8.01772,2.27983,9.17528,0.0635604,0.0987198,0.00428603,0.00428529,0.00424717,0.00432618,6.36689e-05,6.36686e-05,6.33925e-05,6.39537e-05,0.00017207,0.000171801,0.000158359,0.00018682,3.00261e-05,3.00271e-05,2.98896e-05,3.01594e-05,0.0106188,3,0.00436239,6.36014e-05,17,17,17,1,12,17
robustness,alternating,2,95,19,20,8000,0.00426294,6.36387e-05,0.000175704,2.87307e-05,3.85357,1.09471,4.73057,0.00808006,0.0223867,0.00428782,0.00428732,0.00424911,0.00432732,6.36713e-05,6.3671e-05,6.33954e-05,6.39512e-05,0.000172443,0.000172139,0.000158969,0.00018701,2.87525e-05,2.8752e-05,2.85145e-05,2.8994e-05,-0.0331024,2,0.00436239,6.36014e-05,17,17,17,1,12,17
robustness,alternating,2,95,20,40,8000,0.00426294,6.36387e-05,0.000175704,2.81509e-05,7.57009,2.20377,9.62739,0.00784108,0.00150023,0.00428642,0.0042863,0.00424835,0.00432431,6.36775e-05,6.36751e-05,6.34085e-05,6.39622e-05,0.000172818,0.000172453,0.000159491,0.000187118,2.80168e-05,2.80173e-05,2.78824e-05,2.81504e-05,-0.0194522,4,0.00436239,6.36014e-05,17,17,17,1,12,17
robustness,alternating,2,96,1,20,8000,0.011371,9.67105e-05,0.00021972,9.67105e-05,12.9514,5.15208,5.15208,5.55521,0,0.0111279,0.0111254,0.0108792,0.0113873,9.65587e-05,9.65594e-05,9.62752e-05,9.68366e-05,0.000275007,0.000251589,0.000143308,0.000482206,9.65587e-05,9.65594e-05,9.62752e-05,9.68366e-05,-0.0313993,18,0.0111419,9.65619e-05,8,5,13,0.942135,12,9
robustness,alternating,2,96,2,40,8000,0.011371,9.67105e-05,0.00021972,8.78201e-05,23.5443,8.96317,2.37233,0.300814,0.238952,0.0113935,0.0113919,0.0112717,0.0115167,9.65613e-05,9.65602e-05,9.62725e-05,9.68481e-05,0.000240677,0.000241856,0.000194695,0.000281372,8.78194e-05,8.78196e-05,8.7675e-05,8.79598e-05,-5.35351e-05,9,0.0111419,9.65619e-05,8,7,10,0.97709,12,9
robustness,alternating,2,96,3,20,8000,0.011371,9.67105e-05,0.00021972,7.52881e-05,10.0825,3.55833,2.89041,0.181038,0.033218,0.0113403,0.0113407,0.0112299,0.0114542,9.65404e-05,9.65421e-05,9.62677e-05,9.68188e-05,0.000226694,0.00022644,0.000206412,0.000248768,7.49033e-05,7.4904e-05,7.46267e-05,7.51791e-05,-0.0363535,6,0.0111419,9.65619e-05,9,8,9,0.980072,12,9
robustness,alternating,2,96,4,40,8000,0.011371,9.67105e-05,0.00021972,6.95612e-05,18.6491,6.34712,7.32639,0.0934422,0.224268,0.0113486,0.0113491,0.0112546,0.0114437,9.65339e-05,9.65382e-05,9.62576e-05,9.68086e-05,0.000228654,0.000228653,0.000209496,0.000248549,6.95864e-05,6.95859e-05,6.94496e-05,6.97263e-05,-0.012765,5,0.0111419,9.65619e-05,9,8,9,0.99308,12,9
robustness,alternating,2,96,5,20,8000,0.011371,9.67105e-05,0.00021972,6.20799e-05,8.31367,2.7035,4.68513,0.129142,0.0901807,0.0113531,0.0113522,0.0112647,0.0114455,9.65299e-05,9.65351e-05,9.6252e-05,9.67953e-05,0.000220677,0.000220439,0.000205552,0.000236794,6.20023e-05,6.20037e-05,6.17387e-05,6.22646e-05,0.0126581,5,0.0111419,9.65619e-05,9,9,9,0.976685,12,9
robustness,alternating,2,96,6,40,8000,0.011371,9.67105e-05,0.00021972,5.83783e-05,15.651,5.00006,10.3608,0.0749907,0.0950238,0.0113618,0.0113614,0.011278,0.0114472,9.65343e-05,9.65377e-05,9.62685e-05,9.67971e-05,0.000222471,0.000222512,0.000206931,0.000238153,5.82147e-05,5.82142e-05,5.80769e-05,5.83524e-05,0.00214602,5,0.0111419,9.65619e-05,9,9,9,0.985247,12,9
robustness,alternating,2,96,7,20,8000,0.011371,9.67105e-05,0.00021972,5.35866e-05,7.17627,2.24915,5.83922,0.164018,0.136098,0.0113514,0.0113512,0.0112709,0.011435,9.65329e-05,9.65356e-05,9.62578e-05,9.67978e-05,0.000215961,0.000215859,0.000202126,0.000230232,5.3448e-05,5.3448e-05,5.31831e-05,5.37172e-05,0.0106524,6,0.0111419,9.65619e-05,9,9,9,0.990273,12,9
robustness,alternating,2,96,8,40,8000,0.011371,9.67105e-05,0.00021972,5.12674e-05,13.7446,4.33378,12.2904,0.0750604,0.0508283,0.0113413,0.0113413,0.0112636,0.0114222,9.65322e-05,9.65336e-05,9.62517e-05,9.6805e-05,0.000215436,0.000215177,0.000201922,0.000229359,5.11553e-05,5.11557e-05,5.10156e-05,5.12945e-05,-0.0441623,4,0.0111419,9.65619e-05,9,9,9,0.998511,12,9
robustness,alternating,2,96,9,20,8000,0.011371,9.67105e-05,0.00021972,4.65721e-05,6.23688,1.84805,6.79238,0.0255191,0.0270968,0.0113404,0.0113398,0.0112625,0.0114207,9.65338e-05,9.65373e-05,9.62476e-05,9.68128e-05,0.00021697,0.000216817,0.000204215,0.000230083,4.64683e-05,4.64667e-05,4.62123e-05,4.67305e-05,-0.00268722,3,0.0111419,9.65619e-05,9,9,9,1,12,9
robustness,alternating,2,96,10,40,8000,0.011371,9.67105e-05,0.00021972,4.38736e-05,11.7624,3.36958,14.2967,0.198337,0.216896,0.0113234,0.0113244,0.0112484,0.0113976,9.6535e-05,9.6538e-05,9.62416e-05,9.68163e-05,0.000218912,0.00021855,0.00020593,0.000232485,4.3878e-05,4.38767e-05,4.37402e-05,4.40171e-05,0.0351675,6,0.0111419,9.65619e-05,9,9,9,1,12,9
robustness,alternating,2,96,11,20,8000,0.011371,9.67105e-05,0.00021972,4.0615e-05,5.43913,1.48896,7.60184,0.00595295,0.00755818,0.0113105,0.0113119,0.0112366,0.0113833,9.65379e-05,9.6542e-05,9.62418e-05,9.68132e-05,0.000218813,0.000218512,0.00020632,0.000232,4.05499e-05,4.05495e-05,4.02925e-05,4.08057e-05,-0.014943,3,0.0111419,9.65619e-05,9,9,9,1,12,9
robustness,alternating,2,96,12,40,8000,0.011371,9.67105e-05,0.00021972,4.03249e-05,10.811,3.18961,15.2597,0.330842,0.314242,0.0113212,0.0113207,0.0112499,0.0113956,9.65459e-05,9.65571e-05,9.62501e-05,9.68111e-05,0.000216296,0.000216224,0.000204425,0.000228797,4.02927e-05,4.02928e-05,4.01572e-05,4.04276e-05,0.058983,9,0.0111419,9.65619e-05,9,9,9,1,12,9
robustness,alternating,2,96,13,20,8000,0.011371,9.67105e-05,0.00021972,3.7447e-05,5.01486,1.40702,8.03233,0.0112848,0.00942415,0.0113248,0.0113247,0.0112524,0.0113989,9.65413e-05,9.65519e-05,9.62401e-05,9.68147e-05,0.000216959,0.000216786,0.000205176,0.000229144,3.73877e-05,3.73892e-05,3.71326e-05,3.76425e-05,0.00328343,2,0.0111419,9.65619e-05,9,9,9,1,12,9
robustness,alternating,2,96,14,40,8000,0.011371,9.67105e-05,0.00021972,3.66949e-05,9.83776,2.87091,16.2447,0.143543,0.130437,0.0113116,0.0113112,0.0112421,0.0113831,9.65366e-05,9.65432e-05,9.6226e-05,9.68289e-05,0.000214999,0.000215053,0.000203134,0.000226795,3.67378e-05,3.67383e-05,3.66017e-05,3.68733e-05,0.00120371,6,0.0111419,9.65619e-05,9,9,9,1,12,9
robustness,alternating,2,96,15,20,8000,0.011371,9.67105e-05,0.00021972,3.46854e-05,4.64503,1.32512,8.40759,0.031673,0.0439781,0.0113182,0.0113176,0.0112483,0.0113901,9.65337e-05,9.65416e-05,9.62185e-05,9.68188e-05,0.000215654,0.000215626,0.000204312,0.000227277,3.43631e-05,3.43632e-05,3.41137e-05,3.46129e-05,-0.0141398,2,0.0111419,9.65619e-05,9,9,9,1,12,9
robustness,alternating,2,96,16,40,8000,0.011371,9.67105e-05,0.00021972,3.34335e-05,8.9634,2.55247,17.1297,0.025577,0.0523335,0.0113086,0.0113083,0.0112391,0.0113798,9.65376e-05,9.65441e-05,9.62278e-05,9.6831e-05,0.000214909,0.000214901,0.000203468,0.0002263,3.35254e-05,3.35234e-05,3.33945e-05,3.36622e-05,0.00105033,4,0.0111419,9.65619e-05,9,9,9,1,12,9
robustness,alternating,2,96,17,20,8000,0.011371,9.67105e-05,0.00021972,3.12537e-05,4.18546,1.12236,8.8739,0.0497826,0.0322583,0.0113144,0.0113145,0.0112461,0.011387,9.6537e-05,9.65431e-05,9.62171e-05,9.68391e-05,0.000216211,0.000216105,0.000205179,0.000227863,3.13152e-05,3.13144e-05,3.10686e-05,3.15628e-05,-0.0429294,3,0.0111419,9.65619e-05,9,9,9,1,12,9
robustness,alternating,2,96,18,40,8000,0.011371,9.67105e-05,0.00021972,2.99635e-05,8.03311,2.11831,18.0713,0.137601,0.116427,0.0113166,0.0113164,0.0112478,0.0113868,9.65372e-05,9.65346e-05,9.62198e-05,9.68551e-05,0.000217038,0.000216992,0.000206009,0.000228267,3.00441e-05,3.00438e-05,2.991e-05,3.01784e-05,-0.00590607,5,0.0111419,9.65619e-05,9,9,9,1,12,9
robustness,alternating,2,96,19,20,8000,0.011371,9.67105e-05,0.00021972,2.8508e-05,3.81777,0.974649,9.24699,0.00332051,0.0148784,0.0113201,0.0113198,0.011251,0.0113908,9.65345e-05,9.6533e-05,9.62174e-05,9.68475e-05,0.000216369,0.000216292,0.000205541,0.000227935,2.87229e-05,2.8723e-05,2.84785e-05,2.89625e-05,-0.0194083,3,0.0111419,9.65619e-05,9,9,9,1,12,9
robustness,alternating,2,96,20,40,8000,0.011371,9.67105e-05,0.00021972,2.77868e-05,7.44954,1.93976,18.662,0.0590957,0.00105107,0.011328,0.011329,0.0112581,0.0113954,9.65326e-05,9.65324e-05,9.62206e-05,9.68396e-05,0.000216675,0.000216496,0.000205979,0.000228139,2.79381e-05,2.79382e-05,2.7804e-05,2.8075e-05,-0.0351489,3,0.0111419,9.65619e-05,9,9,9,1,12,9
robustness,alternating,2,97,1,20,8000,0.0016636,6.6731e-05,0.000224376,6.6731e-05,8.98345,2.25961,2.25961,3.37635,0,0.0016043,0.00160334,0.00153209,0.00167877,6.67692e-05,6.67716e-05,6.64918e-05,6.70452e-05,0.000252122,0.000230199,0.000124516,0.000446548,6.67692e-05,6.67716e-05,6.64918e-05,6.70452e-05,0.0478564,15,0.00160583,6.67798e-05,12,7,21,0.920471,12,11
robustness,alternating,2,97,2,40,8000,0.0016636,6.6731e-05,0.000224376,6.33651e-05,17.1351,4.35057,0.937001,0.275501,0.163651,0.00162445,0.00162408,0.00158568,0.00166373,6.67726e-05,6.67711e-05,6.65043e-05,6.70386e-05,0.000191833,0.000189591,0.000142976,0.000248563,6.34547e-05,6.34547e-05,6.33154e-05,6.35954e-05,0.0683119,7,0.00160583,6.67798e-05,14,11,19,0.96317,12,11
robustness,alternating,2,97,3,20,8000,0.0016636,6.6731e-05,0.000224376,5.5255e-05,7.43852,1.85112,1.56806,0.2962,0.152549,0.00162775,0.0016278,0.00159305,0.00166191,6.68342e-05,6.68262e-05,6.65841e-05,6.7099e-05,0.000243707,0.000243495,0.000213905,0.000273615,5.5434e-05,5.54307e-05,5.51621e-05,5.5714e-05,0.0276918,6,0.00160583,6.67798e-05,11,10,13,0.989971,12,11
robustness,alternating,2,97,4,40,8000,0.0016636,6.6731e-05,0.000224376,5.2591e-05,14.2216,3.53908,3.87535,0.0442938,0.0189063,0.00162534,0.00162554,0.00159627,0.00165386,6.68284e-05,6.68194e-05,6.65839e-05,6.70898e-05,0.000243165,0.000243141,0.000215842,0.000270613,5.24967e-05,5.24972e-05,5.23586e-05,5.26323e-05,0.0512277,5,0.00160583,6.67798e-05,11,11,13,0.949176,12,11
robustness,alternating,2,97,5,20,8000,0.0016636,6.6731e-05,0.000224376,4.71359e-05,6.34551,1.56782,2.67153,0.0235092,0.0807976,0.00162999,0.0016302,0.00160202,0.00165671,6.68375e-05,6.68296e-05,6.65941e-05,6.71014e-05,0.000247559,0.000247336,0.000224422,0.00027006,4.69991e-05,4.69996e-05,4.67359e-05,4.72631e-05,-0.00022499,3,0.00160583,6.67798e-05,11,11,12,0.937015,12,11
robustness,alternating,2,97,6,40,8000,0.0016636,6.6731e-05,0.000224376,4.55008e-05,12.3043,3.05274,5.80961,0.184599,0.0985847,0.00164134,0.00164118,0.00161547,0.00166782,6.6833e-05,6.6835e-05,6.65844e-05,6.7081e-05,0.000242634,0.000242428,0.000220564,0.000265026,4.5458e-05,4.54574e-05,4.53244e-05,4.55958e-05,0.056183,6,0.00160583,6.67798e-05,11,11,13,0.99506,12,11
robustness,alternating,2,97,7,20,8000,0.0016636,6.6731e-05,0.000224376,4.1742e-05,5.61938,1.39471,3.40466,0.0316079,0.0131622,0.00164163,0.0016414,0.00161618,0.00166864,6.68262e-05,6.68263e-05,6.65831e-05,6.70726e-05,0.000239466,0.00023943,0.000219566,0.00025936,4.1768e-05,4.17687e-05,4.15029e-05,4.20311e-05,-0.00724627,3,0.00160583,6.67798e-05,11,11,13,0.999487,12,11
robustness,alternating,2,97,8,40,8000,0.0016636,6.6731e-05,0.000224376,3.99382e-05,10.8001,2.66433,7.32717,0.0452893,0.0639246,0.00163646,0.00163596,0.001614,0.00166113,6.68233e-05,6.68249e-05,6.6579e-05,6.70655e-05,0.000239981,0.000239817,0.00022068,0.000259321,3.99697e-05,3.99708e-05,3.9833e-05,4.01057e-05,0.00419315,4,0.00160583,6.67798e-05,11,11,12,0.964892,12,11
robustness,alternating,2,97,9,20,8000,0.0016636,6.6731e-05,0.000224376,3.69558e-05,4.97506,1.22812,4.0552,0.00792955,0.0199464,0.00163478,0.00163446,0.00161247,0.00165814,6.68215e-05,6.68229e-05,6.65777e-05,6.70645e-05,0.000239436,0.000239082,0.000221379,0.000257657,3.70001e-05,3.70013e-05,3.67402e-05,3.72528e-05,0.00154836,3,0.00160583,6.67798e-05,11,11,12,0.975914,12,11
robustness,alternating,2,97,10,40,8000,0.0016636,6.6731e-05,0.000224376,3.56421e-05,9.63829,2.36997,8.49922,0.0203532,0.0220592,0.0016344,0.00163424,0.00161227,0.00165694,6.68236e-05,6.68201e-05,6.65854e-05,6.70651e-05,0.000238924,0.000238574,0.000222261,0.000256503,3.57552e-05,3.57547e-05,3.5622e-05,3.58913e-05,-0.00779509,4,0.00160583,6.67798e-05,11,11,12,0.992406,12,11
robustness,alternating,2,97,11,20,8000,0.0016636,6.6731e-05,0.000224376,3.30988e-05,4.45582,1.09487,4.57945,0.0332004,0.0375148,0.00163287,0.00163291,0.00161088,0.00165501,6.68263e-05,6.68255e-05,6.65872e-05,6.70658e-05,0.000241229,0.000241084,0.000224933,0.000258076,3.30576e-05,3.30576e-05,3.28103e-05,3.33075e-05,0.00284463,3,0.00160583,6.67798e-05,11,11,11,0.981259,12,11
robustness,alternating,2,97,12,40,8000,0.0016636,6.6731e-05,0.000224376,3.17952e-05,8.59804,2.09474,9.54871,0.0575883,0.0853571,0.00163883,0.00163878,0.00161792,0.00166052,6.68332e-05,6.68352e-05,6.65935e-05,6.70784e-05,0.000242694,0.000242481,0.000226459,0.000259486,3.17393e-05,3.17413e-05,3.16022e-05,3.18736e-05,-0.000908069,4,0.00160583,6.67798e-05,11,11,11,0.994656,12,11
robustness,alternating,2,97,13,20,8000,0.0016636,6.6731e-05,0.000224376,2.9843e-05,4.01751,0.98274,5.02199,0.00842769,0.0192559,0.00163895,0.00163909,0.00161764,0.00166018,6.68336e-05,6.68355e-05,6.65943e-05,6.70793e-05,0.000241977,0.000241827,0.000226391,0.000258139,2.98707e-05,2.98693e-05,2.96274e-05,3.01158e-05,0.011692,2,0.00160583,6.67798e-05,11,11,11,0.994846,12,11
robustness,alternating,2,97,14,40,8000,0.0016636,6.6731e-05,0.000224376,2.89038e-05,7.81615,1.89931,10.3375,0.0286695,0.0361581,0.00163695,0.00163703,0.0016161,0.00165749,6.68298e-05,6.68307e-05,6.65884e-05,6.70714e-05,0.000243139,0.000243234,0.00022723,0.000258704,2.87418e-05,2.87419e-05,2.86099e-05,2.88742e-05,0.00103061,4,0.00160583,6.67798e-05,11,11,11,0.995369,12,11
robustness,alternating,2,97,15,20,8000,0.0016636,6.6731e-05,0.000224376,2.6953e-05,3.62845,0.884979,5.41481,0.0258838,0.0612553,0.00163483,0.00163458,0.00161422,0.0016556,6.68275e-05,6.68277e-05,6.65846e-05,6.70664e-05,0.000243053,0.000243228,0.000227394,0.000258295,2.71412e-05,2.71438e-05,2.69008e-05,2.73831e-05,0.00086404,2,0.00160583,6.67798e-05,11,11,11,0.996223,12,11
robustness,alternating,2,97,16,40,8000,0.0016636,6.6731e-05,0.000224376,2.65958e-05,7.19201,1.74668,10.9672,0.0487649,0.0822984,0.00163644,0.00163625,0.00161588,0.00165648,6.68291e-05,6.68312e-05,6.6587e-05,6.70716e-05,0.000242845,0.000242917,0.000227559,0.000258042,2.65305e-05,2.65303e-05,2.63964e-05,2.6664e-05,-0.00766817,3,0.00160583,6.67798e-05,11,11,11,0.996205,12,11
robustness,alternating,2,97,17,20,8000,0.0016636,6.6731e-05,0.000224376,2.5554e-05,3.44012,0.843301,5.60496,0.0534468,0.0314067,0.00163751,0.00163749,0.0016171,0.00165726,6.68263e-05,6.68285e-05,6.65746e-05,6.70712e-05,0.000239809,0.000239761,0.000224508,0.00025522,2.55964e-05,2.55955e-05,2.53615e-05,2.58345e-05,-0.0373994,5,0.00160583,6.67798e-05,11,11,11,0.99414,12,11
robustness,alternating,2,97,18,40,8000,0.0016636,6.6731e-05,0.000224376,2.46376e-05,6.66248,1.61746,11.5015,0.0891454,0.0883446,0.00163879,0.00163879,0.00161945,0.0016579,6.68253e-05,6.68252e-05,6.65787e-05,6.70746e-05,0.000241749,0.000241752,0.000227003,0.000256566,2.45817e-05,2.45805e-05,2.44491e-05,2.47158e-05,0.0106875,4,0.00160583,6.67798e-05,11,11,11,0.998422,12,11
robustness,alternating,2,97,19,20,8000,0.0016636,6.6731e-05,0.000224376,2.33172e-05,3.139,0.765778,5.90899,0.0137455,0.0307298,0.00164013,0.00164018,0.00162108,0.00165888,6.68238e-05,6.68235e-05,6.65776e-05,6.70684e-05,0.000242403,0.000242406,0.000227861,0.000257183,2.33283e-05,2.33266e-05,2.30979e-05,2.35609e-05,-0.00833492,2,0.00160583,6.67798e-05,11,11,11,0.998721,12,11
robustness,alternating,2,97,20,40,8000,0.0016636,6.6731e-05,0.000224376,2.29803e-05,6.21431,1.50884,11.9536,0.0499857,0.0428171,0.00164158,0.00164144,0.00162296,0.00166096,6.68223e-05,6.68194e-05,6.65806e-05,6.70698e-05,0.000240871,0.000240789,0.00022653,0.000255461,2.30608e-05,2.3062e-05,2.29288e-05,2.31918e-05,0.0466775,4,0.00160583,6.67798e-05,11,11,11,0.998373,12,11
robustness,alternating,2,98,1,20,8000,4.36855,4.66051e-05,0.00015921,4.66051e-05,6.4261,10.0911,10.0911,7.19861,0,4.39996,4.39954,4.34563,4.455,4.65607e-05,4.65619e-05,4.63806e-05,4.67368e-05,0.000265939,0.00024899,0.000134533,0.000449953,4.65607e-05,4.65619e-05,4.63806e-05,4.67368e-05,-0.596364,17,4.4009,4.6556e-05,15,9,28,0.924122,12,23
robustness,alternating,2,98,2,40,8000,4.36855,4.66051e-05,0.00015921,4.55572e-05,12.465,17.3648,0.479461,0.541766,0.150067,4.35415,4.35422,4.33365,4.37455,4.66657e-05,4.66648e-05,4.65209e-05,4.68072e-05,0.000168677,0.000165401,0.000111832,0.000237588,4.55981e-05,4.55978e-05,4.55046e-05,4.56922e-05,-0.489495,9,4.4009,4.6556e-05,23,16,33,0.917031,12,23
robustness,alternating,2,98,3,20,8000,4.36855,4.66051e-05,0.00015921,4.25732e-05,5.87016,9.1223,1.02098,0.0637081,0.095698,4.35422,4.35413,4.33524,4.37313,4.66761e-05,4.66746e-05,4.65334e-05,4.68158e-05,0.000179057,0.0001786,0.000142046,0.000218624,4.25573e-05,4.25573e-05,4.24125e-05,4.27033e-05,-0.233844,6,4.4009,4.6556e-05,21,17,27,0.962337,12,23
robustness,alternating,2,98,4,40,8000,4.36855,4.66051e-05,0.00015921,4.14376e-05,11.3379,15.6004,2.32306,0.0895878,0.00885026,4.36311,4.3632,4.34808,4.37823,4.66558e-05,4.66551e-05,4.65108e-05,4.68022e-05,0.000173751,0.000173117,0.000141131,0.00020873,4.15269e-05,4.1527e-05,4.14406e-05,4.16127e-05,-0.309716,5,4.4009,4.6556e-05,22,18,27,0.949555,12,23
robustness,alternating,2,98,5,20,8000,4.36855,4.66051e-05,0.00015921,3.93517e-05,5.42597,8.39009,1.83443,0.0495626,0.0189586,4.36695,4.36689,4.35188,4.38263,4.66478e-05,4.66482e-05,4.64986e-05,4.67957e-05,0.000170818,0.000169954,0.000144555,0.00019956,3.92371e-05,3.92362e-05,3.90945e-05,3.93829e-05,-0.174021,5,4.4009,4.6556e-05,22,19,26,0.941497,12,23
robustness,alternating,2,98,6,40,8000,4.36855,4.66051e-05,0.00015921,3.82006e-05,10.4522,14.2779,3.77333,0.00617555,0.073004,4.3648,4.36462,4.35201,4.37817,4.6653e-05,4.66548e-05,4.65082e-05,4.6792e-05,0.000170841,0.000170091,0.000145907,0.000198671,3.82203e-05,3.82212e-05,3.81324e-05,3.83044e-05,-0.260374,5,4.4009,4.6556e-05,22,19,26,0.955437,12,23
robustness,alternating,2,98,7,20,8000,4.36855,4.66051e-05,0.00015921,3.65396e-05,5.03823,7.77491,2.54459,0.0756784,0.0452908,4.36536,4.36524,4.35288,4.37826,4.66476e-05,4.66478e-05,4.6504e-05,4.67876e-05,0.000165279,0.000164697,0.000143807,0.00018844,3.65589e-05,3.65579e-05,3.64168e-05,3.67023e-05,-0.127564,4,4.4009,4.6556e-05,23,20,27,0.960323,12,23
robustness,alternating,2,98,8,40,8000,4.36855,4.66051e-05,0.00015921,3.54954e-05,9.71199,13.2132,4.98549,0.0809114,0.0858067,4.36381,4.36381,4.35217,4.37542,4.66541e-05,4.66569e-05,4.65133e-05,4.67925e-05,0.000165766,0.000165292,0.00014397,0.000188874,3.55924e-05,3.55915e-05,3.5509e-05,3.56778e-05,-0.221429,5,4.4009,4.6556e-05,23,20,26,0.933244,12,23
robustness,alternating,2,98,9,20,8000,4.36855,4.66051e-05,0.00015921,3.44258e-05,4.74677,7.32077,3.07842,0.127816,0.131869,4.36305,4.36301,4.3517,4.37481,4.66552e-05,4.66561e-05,4.65146e-05,4.67938e-05,0.000159707,0.000159653,0.000140048,0.00017962,3.43699e-05,3.43705e-05,3.42283e-05,3.45114e-05,-0.128529,4,4.4009,4.6556e-05,23,21,27,0.961607,12,23
robustness,alternating,2,98,10,40,8000,4.36855,4.66051e-05,0.00015921,3.39993e-05,9.30264,12.6186,5.65588,0.176167,0.148276,4.36441,4.36433,4.35374,4.37514,4.66515e-05,4.66534e-05,4.6511e-05,4.67893e-05,0.000157932,0.000157864,0.000138406,0.000177252,3.39344e-05,3.39348e-05,3.3851e-05,3.40168e-05,-0.198369,6,4.4009,4.6556e-05,24,21,27,0.952967,12,23
robustness,alternating,2,98,11,20,8000,4.36855,4.66051e-05,0.00015921,3.24926e-05,4.48021,6.91239,3.56666,0.00256969,0.0113555,4.36446,4.36436,4.35391,4.37522,4.66497e-05,4.66509e-05,4.65105e-05,4.67898e-05,0.00015706,0.000157053,0.000138567,0.000175242,3.25311e-05,3.25306e-05,3.23916e-05,3.2671e-05,-0.11724,3,4.4009,4.6556e-05,24,22,27,0.927478,12,23
robustness,alternating,2,98,12,40,8000,4.36855,4.66051e-05,0.00015921,3.18269e-05,8.70824,11.8055,6.62932,0.0173963,0.00424922,4.36379,4.36373,4.35372,4.37392,4.6652e-05,4.66534e-05,4.65141e-05,4.67899e-05,0.000156783,0.000156741,0.000138172,0.000175056,3.1926e-05,3.19262e-05,3.18433e-05,3.20081e-05,-0.17601,4,4.4009,4.6556e-05,24,22,27,0.940141,12,23
robustness,alternating,2,98,13,20,8000,4.36855,4.66051e-05,0.00015921,3.04094e-05,4.19297,6.47282,4.09277,0.0603145,0.0340391,4.36417,4.36408,4.35421,4.37429,4.66492e-05,4.66497e-05,4.65093e-05,4.6789e-05,0.000158173,0.000158034,0.000141009,0.000175962,3.05299e-05,3.05293e-05,3.03931e-05,3.0669e-05,-0.104558,4,4.4009,4.6556e-05,24,22,27,0.953758,12,23
robustness,alternating,2,98,14,40,8000,4.36855,4.66051e-05,0.00015921,3.01897e-05,8.26029,11.1977,7.36292,0.118797,0.166741,4.36304,4.36294,4.3534,4.37305,4.66559e-05,4.66574e-05,4.65164e-05,4.67929e-05,0.000157115,0.000157037,0.000140194,0.000174522,3.017e-05,3.01695e-05,3.00869e-05,3.02524e-05,-0.193569,5,4.4009,4.6556e-05,25,22,27,0.965146,12,23
robustness,alternating,2,98,15,20,8000,4.36855,4.66051e-05,0.00015921,2.85787e-05,3.94055,6.08708,4.55512,0.112999,0.115084,4.36274,4.36259,4.35289,4.37282,4.66532e-05,4.66545e-05,4.65234e-05,4.67838e-05,0.000160846,0.0001608,0.000143675,0.000178101,2.85929e-05,2.85933e-05,2.8452e-05,2.87311e-05,-0.106277,5,4.4009,4.6556e-05,23,22,26,0.935553,12,23
robustness,alternating,2,98,16,40,8000,4.36855,4.66051e-05,0.00015921,2.7673e-05,7.57167,10.2639,8.4907,0.172265,0.171533,4.36314,4.36296,4.35376,4.37308,4.66489e-05,4.6648e-05,4.65183e-05,4.67798e-05,0.000162211,0.000162211,0.000145024,0.000179143,2.76852e-05,2.76853e-05,2.76026e-05,2.7769e-05,-0.142448,5,4.4009,4.6556e-05,23,21,25,0.973857,12,23
robustness,alternating,2,98,17,20,8000,4.36855,4.66051e-05,0.00015921,2.66305e-05,3.67192,5.67341,5.04716,0.0158433,0.0177241,4.36227,4.36207,4.35292,4.3721,4.66515e-05,4.66508e-05,4.65223e-05,4.67832e-05,0.000162342,0.000162344,0.00014542,0.000179094,2.66865e-05,2.66844e-05,2.65503e-05,2.68249e-05,-0.0711858,3,4.4009,4.6556e-05,23,21,25,0.981102,12,23
robustness,alternating,2,98,18,40,8000,4.36855,4.66051e-05,0.00015921,2.60929e-05,7.13936,9.6792,9.19871,0.0552293,0.037253,4.36261,4.36242,4.35344,4.37224,4.66477e-05,4.6647e-05,4.65171e-05,4.67803e-05,0.000162719,0.000162617,0.000146092,0.000179751,2.61243e-05,2.61239e-05,2.60415e-05,2.62056e-05,-0.127964,4,4.4009,4.6556e-05,23,22,25,0.943335,12,23
robustness,alternating,2,98,19,20,8000,4.36855,4.66051e-05,0.00015921,2.53361e-05,3.49345,5.40217,5.37405,0.0249243,0.0274078,4.36311,4.363,4.35373,4.37257,4.66469e-05,4.66466e-05,4.65158e-05,4.6781e-05,0.000163961,0.000163959,0.000147597,0.000180723,2.51077e-05,2.51076e-05,2.49723e-05,2.5245e-05,-0.0685847,3,4.4009,4.6556e-05,23,22,24,0.906625,12,23
robustness,alternating,2,98,20,40,8000,4.36855,4.66051e-05,0.00015921,2.4918e-05,6.81788,9.24706,9.72521,0.103544,0.00298877,4.36455,4.36448,4.3553,4.37377,4.66445e-05,4.66449e-05,4.65107e-05,4.67807e-05,0.000162631,0.000162502,0.000146901,0.000179251,2.49604e-05,2.49599e-05,2.48793e-05,2.50423e-05,-0.131858,5,4.4009,4.6556e-05,23,22,25,0.995351,12,23
robustness,alternating,2,99,1,20,8000,0.149256,7.23179e-05,0.000232742,7.23179e-05,9.71915,3.60671,3.60671,2.14288,0,0.150944,0.15095,0.149535,0.152301,7.19877e-05,7.19869e-05,7.17211e-05,7.22577e-05,0.000261343,0.000245599,0.000137236,0.000440032,7.19877e-05,7.19869e-05,7.17211e-05,7.22577e-05,-0.295101,17,0.150955,7.199e-05,11,7,18,0.91188,12,11
robustness,alternating,2,99,2,40,8000,0.149256,7.23179e-05,0.000232742,6.82486e-05,18.3023,4.11183,1.03576,0.422758,0.195172,0.149495,0.149487,0.148695,0.150309,7.20784e-05,7.2081e-05,7.18221e-05,7.23183e-05,0.000184925,0.000183811,0.000142407,0.000233593,6.83969e-05,6.83962e-05,6.8258e-05,6.85358e-05,-0.0169896,9,0.150955,7.199e-05,14,11,17,0.948395,12,11
robustness,alternating,2,99,3,20,8000,0.149256,7.23179e-05,0.000232742,5.98417e-05,8.04241,2.94448,1.75132,0.271976,0.0206896,0.149616,0.149605,0.148875,0.150395,7.20762e-05,7.20794e-05,7.18353e-05,7.22985e-05,0.000221171,0.000221005,0.000194275,0.000249033,6.00188e-05,6.00161e-05,5.97608e-05,6.02739e-05,-0.117952,6,0.150955,7.199e-05,11,11,13,0.957637,12,11
robustness,alternating,2,99,4,40,8000,0.149256,7.23179e-05,0.000232742,5.69341e-05,15.2681,3.27904,4.15085,0.0208067,0.105519,0.149466,0.149451,0.148849,0.150117,7.20811e-05,7.20828e-05,7.18477e-05,7.23093e-05,0.000222351,0.00022208,0.000198266,0.000248464,5.67592e-05,5.67595e-05,5.66252e-05,5.68946e-05,-0.00530934,5,0.150955,7.199e-05,11,11,13,0.971094,12,11
robustness,alternating,2,99,5,20,8000,0.149256,7.23179e-05,0.000232742,5.1181e-05,6.87845,2.49909,2.99041,0.00820772,0.00820491,0.149396,0.149382,0.148813,0.150013,7.20876e-05,7.20922e-05,7.18531e-05,7.23179e-05,0.00022178,0.000221544,0.000201479,0.000243469,5.1242e-05,5.12426e-05,5.09864e-05,5.14985e-05,-0.0723489,3,0.150955,7.199e-05,11,11,13,0.993491,12,11
robustness,alternating,2,99,6,40,8000,0.149256,7.23179e-05,0.000232742,4.94846e-05,13.2704,2.85871,6.20271,0.150206,0.198491,0.149265,0.149258,0.148737,0.149821,7.20992e-05,7.21037e-05,7.18576e-05,7.23362e-05,0.000217997,0.000217373,0.000198989,0.000239011,4.94238e-05,4.9422e-05,4.92909e-05,4.95596e-05,-0.0273116,5,0.150955,7.199e-05,12,11,13,0.998132,12,11
robustness,alternating,2,99,7,20,8000,0.149256,7.23179e-05,0.000232742,4.53123e-05,6.08973,2.22665,3.83013,0.0035062,0.0354241,0.149258,0.149254,0.148748,0.149796,7.20972e-05,7.20994e-05,7.18559e-05,7.23317e-05,0.000218384,0.000217917,0.000201353,0.000237334,4.52346e-05,4.52326e-05,4.49858e-05,4.54847e-05,-0.0608365,3,0.150955,7.199e-05,12,11,13,0.999978,12,11
robustness,alternating,2,99,8,40,8000,0.149256,7.23179e-05,0.000232742,4.36973e-05,11.7184,2.51521,7.79683,0.0656163,0.0784068,0.149363,0.149354,0.148872,0.149892,7.20911e-05,7.20919e-05,7.18571e-05,7.23212e-05,0.000217024,0.000216735,0.000200025,0.00023514,4.37555e-05,4.37552e-05,4.36219e-05,4.38889e-05,-0.0437868,5,0.150955,7.199e-05,12,11,13,0.999765,12,11
robustness,alternating,2,99,9,20,8000,0.149256,7.23179e-05,0.000232742,3.98804e-05,5.35972,1.93345,4.60738,0.0903957,0.0503283,0.149362,0.149357,0.148878,0.149873,7.20868e-05,7.20893e-05,7.18566e-05,7.23092e-05,0.000222479,0.000222216,0.000205932,0.000239801,3.99171e-05,3.99205e-05,3.96693e-05,4.01596e-05,-0.0698909,4,0.150955,7.199e-05,11,11,12,0.977429,12,11
robustness,alternating,2,99,10,40,8000,0.149256,7.23179e-05,0.000232742,3.84481e-05,10.3107,2.09205,9.24272,0.0161693,0.0118318,0.149404,0.149402,0.148937,0.149898,7.20856e-05,7.20853e-05,7.18562e-05,7.23189e-05,0.000223295,0.000222991,0.000207142,0.000240722,3.8449e-05,3.84506e-05,3.83148e-05,3.85791e-05,-0.00986756,4,0.150955,7.199e-05,11,11,12,0.994513,12,11
robustness,alternating,2,99,11,20,8000,0.149256,7.23179e-05,0.000232742,3.59458e-05,4.83093,1.7389,5.17039,0.0123928,0.0276901,0.149439,0.149439,0.148974,0.149921,7.2082e-05,7.20802e-05,7.18555e-05,7.23142e-05,0.000222879,0.000222611,0.000207323,0.000239266,3.59025e-05,3.59025e-05,3.56582e-05,3.6143e-05,-0.0443174,3,0.150955,7.199e-05,11,11,12,0.999429,12,11
robustness,alternating,2,99,12,40,8000,0.149256,7.23179e-05,0.000232742,3.46863e-05,9.30189,1.86,10.2789,0.0175638,0.0161891,0.149474,0.149467,0.149021,0.149951,7.20786e-05,7.20765e-05,7.18501e-05,7.23112e-05,0.000222851,0.000222367,0.000207391,0.0002399,3.47781e-05,3.47801e-05,3.46419e-05,3.49095e-05,-0.000947036,3,0.150955,7.199e-05,11,11,12,1,12,11
robustness,alternating,2,99,13,20,8000,0.149256,7.23179e-05,0.000232742,3.2149e-05,4.32066,1.52855,5.71368,0.07336,0.0479994,0.149454,0.149452,0.149009,0.149914,7.20792e-05,7.20767e-05,7.18612e-05,7.2304e-05,0.000225763,0.000225584,0.000210251,0.000241888,3.22337e-05,3.22315e-05,3.20005e-05,3.24705e-05,-0.0585748,4,0.150955,7.199e-05,11,11,12,1,12,11
robustness,alternating,2,99,14,40,8000,0.149256,7.23179e-05,0.000232742,3.14216e-05,8.42637,1.63583,11.1782,0.0337369,0.0646497,0.149483,0.149481,0.149038,0.14994,7.20744e-05,7.20737e-05,7.1844e-05,7.22994e-05,0.000225169,0.000224955,0.000209797,0.000241023,3.14665e-05,3.14655e-05,3.13358e-05,3.15976e-05,-0.0297316,4,0.150955,7.199e-05,11,11,12,1,12,11
robustness,alternating,2,99,15,20,8000,0.149256,7.23179e-05,0.000232742,2.98283e-05,4.00877,1.42927,6.04577,0.0162573,0.0313587,0.14947,0.14947,0.149036,0.14992,7.20737e-05,7.20714e-05,7.18393e-05,7.23012e-05,0.000224355,0.000224156,0.000209418,0.000239962,2.98103e-05,2.98091e-05,2.95817e-05,3.00452e-05,-0.0411725,2,0.150955,7.199e-05,11,11,12,1,12,11
robustness,alternating,2,99,16,40,8000,0.149256,7.23179e-05,0.000232742,2.86496e-05,7.68302,1.44364,11.9418,0.101323,0.096269,0.14947,0.149465,0.149049,0.149923,7.20754e-05,7.2073e-05,7.18521e-05,7.2298e-05,0.000226014,0.000225969,0.000210951,0.000240973,2.86221e-05,2.86219e-05,2.84899e-05,2.8751e-05,-0.00909269,5,0.150955,7.199e-05,11,11,12,1,12,11
robustness,alternating,2,99,17,20,8000,0.149256,7.23179e-05,0.000232742,2.70051e-05,3.62934,1.27048,6.44976,0.0225089,0.0191637,0.149459,0.149451,0.149038,0.149906,7.20764e-05,7.20742e-05,7.18532e-05,7.2302e-05,0.000226105,0.000226087,0.000211627,0.000241,2.71271e-05,2.71258e-05,2.69009e-05,2.73575e-05,-0.0563829,2,0.150955,7.199e-05,11,11,12,1,12,11
robustness,alternating,2,99,18,40,8000,0.149256,7.23179e-05,0.000232742,2.65517e-05,7.12043,1.33523,12.5197,0.0254386,0.062591,0.149472,0.149467,0.149046,0.149916,7.2077e-05,7.20738e-05,7.18566e-05,7.2301e-05,0.000226311,0.000226296,0.000211755,0.000240972,2.6466e-05,2.64666e-05,2.63348e-05,2.65967e-05,-0.0078936,3,0.150955,7.199e-05,11,11,12,1,12,11
robustness,alternating,2,99,19,20,8000,0.149256,7.23179e-05,0.000232742,2.51982e-05,3.38651,1.18774,6.70831,0.00288114,0.00764985,0.14948,0.149476,0.14906,0.149917,7.20764e-05,7.20735e-05,7.18546e-05,7.23043e-05,0.000225607,0.000225542,0.000211048,0.000240191,2.53386e-05,2.53393e-05,2.51128e-05,2.55679e-05,-0.0591267,2,0.150955,7.199e-05,11,11,12,1,12,11
robustness,alternating,2,99,20,40,8000,0.149256,7.23179e-05,0.000232742,2.45269e-05,6.57741,1.19881,13.0774,0.0635556,0.0215804,0.149497,0.149497,0.149076,0.149916,7.20792e-05,7.20786e-05,7.18554e-05,7.23036e-05,0.000226953,0.000226885,0.000212635,0.000241982,2.44534e-05,2.44538e-05,2.43218e-05,2.4585e-05,-0.00310488,5,0.150955,7.199e-05,11,11,12,1,12,11
