world,draw,schedule,noise_um,true_k_pad,true_K0,true_lam,true_force_gain,true_final_K,cross_true,cross_A,final_rmse_A_um,final_rmse_B_um,final_rmse_C_um,final_rmse_D_um,final_rmse_oracle_um,final_true_mean_removal_um,mean_rmse_A_um,mean_rmse_B_um,mean_rmse_C_um,mean_rmse_D_um,mean_rmse_oracle_um,startup_rmse_C_um,startup_rmse_D_um,startup_rmse_oracle_um,steady_rmse_C_um,steady_rmse_D_um,steady_rmse_oracle_um,last_two_rmse_C_um,last_two_rmse_D_um,last_two_rmse_oracle_um,final_rmse_C2_um,startup_rmse_C2_um,steady_rmse_C2_um,n_passes_C_better_than_B,n_passes_C_better_than_D,predictive_inside_passes_2_on,predictive_passes_2_on,in90_k_pad,in90_lam,in90_K,in90_K0,relw_k_pad,relw_lam,relw_K,relerr_k_pad,relerr_lam,relerr_K,corr_logk_logK,B_relerr_k_pad,median_sigma_C_um,median_rejected_points_C,passes_redone_C
realistic_b,0,alternating,2,0.0514127,6.54201e-05,0.000167524,1.02318,2.05354e-05,9,13,1.22786,11.5683,0.517551,0.587796,0.136157,4.72099,1.17328,5.95683,0.62562,0.652408,0.20416,1.52645,1.482,0.472317,0.563298,0.592377,0.184976,0.450386,0.52053,0.126669,0.31408,2.01774,0.402893,19,14,18,19,False,True,False,False,0.0314621,0.84331,0.0823738,-0.179798,0.467031,-0.0866786,-0.0812204,-0.377809,4.85854,32,1
realistic_b,1,alternating,2,0.00263825,6.65061e-05,0.00017117,0.852104,2.05371e-05,8,13,1.49028,13.6891,0.562197,0.628477,0.181931,5.35466,1.60707,7.3689,0.516027,0.534219,0.122136,1.1508,1.64649,0.29961,0.469562,0.467961,0.109899,0.388943,0.407564,0.0503111,0.436581,0.859316,0.359277,19,8,19,19,False,False,True,True,0.0622657,1.00456,0.0776578,0.0874617,1.58965,0.0266321,-0.0383009,0.0567106,4.80253,32.5,2
realistic_b,2,alternating,2,0.000920037,5.18764e-05,0.000379041,0.982743,1.05853e-05,5,13,2.96148,14.471,0.263008,0.246845,0.139364,3.14057,2.6198,8.19927,0.342686,0.407112,0.0951078,1.09454,2.79934,0.214639,0.298925,0.324491,0.0864229,0.195129,0.200096,0.0331312,0.183429,1.13285,0.211612,19,13,18,19,False,True,False,False,0.123912,0.908537,0.11152,0.157299,0.331371,0.190982,-0.00762999,0.574295,4.75209,32.5,2
realistic_b,3,alternating,2,1.25621,5.0914e-05,0.000416065,1.06415,1.37716e-05,7,13,4.2244,9.07769,0.389431,0.392909,0.122338,2.35179,4.54218,5.32735,0.501632,0.538779,0.126666,1.21964,2.20969,0.228001,0.451847,0.456355,0.118203,0.324141,0.320888,0.0881497,0.288359,1.33294,0.36248,20,11,18,19,False,True,False,False,0.0315449,0.786282,0.0884363,-0.230187,0.257778,-0.329095,-0.0759804,-0.21883,4.95448,33,1
realistic_b,4,alternating,2,0.163498,0.000104092,0.000257282,0.980435,2.39137e-05,5,13,1.37824,15.4897,0.597523,0.663686,0.137571,4.66285,1.56983,8.69449,0.70603,0.75145,0.188032,1.14762,2.18655,0.364529,0.666811,0.662718,0.173944,0.475539,0.503474,0.109255,0.362336,1.11477,0.449292,20,12,16,19,False,True,False,False,0.0192089,0.777956,0.0661734,-0.220047,0.0816078,-0.236815,-0.0198051,-0.130387,4.86536,31,3
realistic_b,5,alternating,2,0.134883,6.06557e-05,0.000305899,0.966343,1.58467e-05,7,13,2.69907,10.4123,0.436224,0.500205,0.123925,3.18778,2.62735,5.80176,0.501939,0.538736,0.168284,1.36383,2.35175,0.344484,0.446251,0.452981,0.154682,0.366218,0.388123,0.147595,0.401752,1.85429,0.367629,19,12,16,19,False,True,False,False,0.0323399,0.756509,0.0824571,-0.219097,0.351376,-0.168653,-0.0250051,-0.297399,4.74991,32,3
realistic_b,6,alternating,2,0.352031,3.04858e-05,0.000304466,0.991127,1.23789e-05,13,13,3.65092,3.90279,0.348061,0.343902,0.0816812,2.37536,4.09838,1.98247,0.322938,0.325997,0.0888528,0.671819,0.613196,0.128879,0.296273,0.302645,0.0850491,0.262953,0.272905,0.0704551,0.291947,0.791024,0.248037,19,7,17,19,False,True,False,False,0.036945,0.987588,0.100612,-0.203329,0.579871,-0.270954,-0.109907,-0.177296,4.77087,31.5,4
realistic_b,7,alternating,2,0.372478,5.62212e-05,0.000164505,1.04415,2.17424e-05,11,13,2.16743,7.74822,0.621268,0.599918,0.175777,4.38206,2.97473,4.123,0.685785,0.604613,0.202028,1.49715,1.10739,0.213661,0.6256,0.563063,0.200702,0.44961,0.484497,0.190253,0.412899,1.74732,0.522345,20,5,8,19,False,False,False,False,0.0232057,0.967866,0.0689837,-0.23762,0.839343,-0.22385,-0.160093,-0.208826,4.98382,31.5,5
realistic_b,8,alternating,2,0.848178,5.16568e-05,0.000224518,0.978317,1.82075e-05,11,13,3.64878,7.94029,0.487031,0.535851,0.106922,3.21199,4.16934,4.35211,0.529733,0.540179,0.121908,1.24967,1.48019,0.180466,0.478856,0.479771,0.11641,0.381456,0.397839,0.102415,0.37942,1.86031,0.384942,20,10,16,19,False,False,False,False,0.0299813,0.735867,0.0566024,-0.218112,0.761826,-0.318078,-0.115722,-0.249725,4.87707,30,2
realistic_b,9,alternating,2,0.319433,6.36999e-05,0.000224183,0.982771,1.99099e-05,9,13,2.45869,9.97277,0.507494,0.499047,0.135164,3.79393,2.94265,5.58269,0.630389,0.609401,0.170929,1.29348,1.78623,0.193943,0.579275,0.536979,0.168408,0.413668,0.399007,0.0981355,0.358179,1.52355,0.433177,20,7,13,19,False,False,False,False,0.0212382,0.830155,0.0898104,-0.197653,1.42539,-0.283057,-0.117599,-0.171277,4.87694,31,3
realistic_b,10,alternating,2,0.0135469,4.15807e-05,0.000223674,0.993521,1.34935e-05,9,13,2.68711,9.31361,0.312598,0.316186,0.135888,3.34902,2.64813,5.04586,0.404711,0.437126,0.0994022,1.30436,1.75583,0.209849,0.352655,0.371161,0.091037,0.243624,0.246462,0.0939533,0.214619,1.19129,0.262408,19,13,15,19,False,False,True,True,0.0797965,0.957337,0.115511,-0.167299,0.775873,-0.0365976,-0.0224112,-0.256299,4.84389,33,1
realistic_b,11,alternating,2,1.65584,5.43367e-05,0.00021849,0.996213,1.92743e-05,9,13,4.23284,8.38609,0.517475,0.562253,0.173971,3.20981,4.70875,4.49406,0.60477,0.584551,0.162793,1.48661,1.26012,0.283438,0.544047,0.534043,0.152512,0.417589,0.438026,0.106117,0.39888,2.0383,0.440256,19,8,13,19,False,True,False,False,0.0305936,0.90822,0.0654223,-0.273433,0.354272,-0.347614,-0.142655,-0.22825,4.99792,32,4
realistic_b,12,alternating,2,3.12005,7.02256e-05,0.000223104,1.01187,2.34632e-05,9,13,4.95723,11.1923,0.643503,0.706095,0.13961,3.6429,5.66413,6.10966,0.84228,0.869786,0.201689,2.06637,1.90822,0.282034,0.757885,0.792993,0.193888,0.57116,0.610101,0.122785,0.435161,2.71676,0.600229,20,16,14,19,False,True,False,False,0.0209652,1.05224,0.0506586,-0.265529,0.13053,-0.409051,-0.106369,-0.451133,5.1831,31.5,6
realistic_b,13,alternating,2,0.842023,8.66968e-05,0.000173562,1.00029,2.75053e-05,9,13,3.70937,12.6216,0.826638,1.00914,0.224595,5.01933,4.5269,6.94576,0.887757,0.872761,0.230324,1.56631,1.67284,0.372363,0.830394,0.80845,0.217669,0.615453,0.682218,0.176628,0.617566,1.71842,0.630577,20,11,15,19,False,False,False,False,0.0200414,0.806776,0.0576586,-0.234248,0.59343,-0.308159,-0.117477,-0.293433,5.42891,28.5,4
realistic_b,14,alternating,2,0.00105566,6.50552e-05,0.000251873,1.10108,1.4778e-05,5,13,1.65473,18.5012,0.551472,0.60341,0.0601532,4.93303,1.77623,10.4318,0.481073,0.5377,0.125665,1.0233,2.44946,0.186488,0.440197,0.449848,0.119963,0.344154,0.359,0.090997,0.458567,0.977408,0.312848,19,8,17,19,True,True,False,False,0.108495,0.741833,0.084815,0.0200684,0.20397,0.311099,0.0775276,0.185786,4.76176,34.5,5
realistic_b,15,alternating,2,0.203389,4.93178e-05,0.000391678,0.96814,1.36121e-05,7,13,3.32302,6.74985,0.341986,0.347822,0.0896104,2.61103,3.51589,3.65615,0.416575,0.411895,0.120224,0.893059,1.18896,0.221737,0.380829,0.3636,0.11187,0.290137,0.280921,0.084951,0.246683,0.890898,0.311067,20,8,14,19,False,True,False,False,0.0334774,0.835407,0.0921405,-0.179029,0.352327,-0.258709,-0.102638,-0.0709726,4.81922,32,1
realistic_b,16,alternating,2,0.00817383,6.34585e-05,0.000129333,1.06416,2.23213e-05,11,13,1.37094,13.5466,0.564949,0.598253,0.1698,6.21251,1.58237,6.87229,0.681503,0.639849,0.200513,1.16999,1.34461,0.372505,0.639521,0.586319,0.186422,0.522539,0.520123,0.194216,0.348262,1.30864,0.460861,19,11,15,19,False,False,False,False,0.0468132,0.774699,0.062437,-0.208106,0.509343,0.0943401,-0.0208469,-0.137815,4.88942,33,2
realistic_b,17,alternating,2,0.844872,3.43188e-05,0.000198144,1.05698,1.5591e-05,15,13,3.69128,4.6304,0.414995,0.390888,0.0728496,2.93216,4.27929,2.44833,0.425241,0.420341,0.132895,0.75514,0.704424,0.124261,0.397461,0.395568,0.133949,0.366232,0.339789,0.0771976,0.399905,0.986149,0.367457,19,9,14,19,False,False,False,False,0.035398,0.884296,0.0744972,-0.242078,0.624919,-0.292867,-0.210281,-0.250471,4.90264,35.5,1
realistic_b,18,alternating,2,0.0111182,5.93734e-05,0.00026007,0.934732,1.49922e-05,7,13,2.40461,11.8412,0.373978,0.410477,0.0919883,3.66519,2.2215,6.37356,0.445175,0.471839,0.125063,0.820195,1.65583,0.201002,0.414294,0.407052,0.118273,0.312929,0.32054,0.0886435,0.236299,0.714621,0.309953,19,8,15,19,False,True,True,False,0.0738022,0.769555,0.080636,-0.169845,0.304452,-0.0254428,-0.00229069,-0.127407,4.91754,33,2
realistic_b,19,alternating,2,0.0320614,5.7304e-05,0.000232591,1.02459,1.64945e-05,7,13,1.96518,11.4034,0.443623,0.574017,0.0990252,4.05361,1.87521,6.25052,0.513233,0.568787,0.140639,0.686581,2.14205,0.279329,0.49596,0.48663,0.129732,0.360022,0.413711,0.104828,0.271447,0.668357,0.347904,19,9,15,19,False,True,True,True,0.0426929,0.802123,0.0940308,-0.189538,0.244429,-0.00694701,0.0202614,-0.176896,4.78542,30,2
realistic_b,20,alternating,2,0.00148679,5.13882e-05,0.000334693,1.01852,1.15519e-05,5,13,2.53179,13.1199,0.354455,0.418702,0.14513,3.65077,2.44012,7.34713,0.347283,0.395187,0.10178,0.841306,2.24086,0.2071,0.31295,0.322212,0.0936197,0.239899,0.277034,0.0921991,0.262311,0.828446,0.200087,19,13,18,19,True,True,False,False,0.09954,0.801446,0.0817965,-0.0435544,0.147129,0.249133,0.0283689,-0.0888667,4.64161,34,1
realistic_b,21,alternating,2,0.0232812,3.8188e-05,0.000346871,0.877464,1.15514e-05,8,13,3.45346,6.5133,0.293914,0.250306,0.0711862,2.48763,3.49948,3.40292,0.320127,0.344061,0.0788773,0.84806,1.15206,0.103237,0.28546,0.298462,0.0764189,0.236012,0.227894,0.0555699,0.224956,1.14405,0.224924,19,12,17,19,False,False,False,False,0.081364,0.862383,0.1164,-0.0851848,0.869765,-0.169243,0.0305514,0.0527872,4.70678,30,1
realistic_b,22,alternating,2,3.06271,6.15639e-05,0.000243022,1.07879,1.95734e-05,9,13,4.70666,11.4826,0.60026,0.603787,0.133908,3.24833,5.34531,6.47658,0.750078,0.790052,0.186439,1.37735,2.34905,0.255903,0.69832,0.694994,0.17962,0.550601,0.576961,0.127183,0.430125,1.34638,0.557291,20,12,16,19,False,True,False,False,0.0238632,0.841383,0.0861784,-0.293474,0.350265,-0.388362,-0.0177674,-0.422095,5.24654,33.5,3
realistic_b,23,alternating,2,0.00966661,6.00985e-05,0.000461774,1.02524,1.06611e-05,4,13,3.15507,13.6176,0.289245,0.290142,0.066362,2.84378,2.9192,7.91186,0.39577,0.438505,0.107836,1.31099,2.87772,0.160883,0.343754,0.351437,0.102878,0.235879,0.234582,0.043391,0.140698,0.964671,0.215944,19,13,16,19,False,True,False,True,0.0778994,0.876157,0.106161,-0.233497,-0.0362488,0.0869585,-0.0328968,-0.182081,4.70404,33,3
realistic_b,24,alternating,2,0.00189826,9.25037e-05,0.000285091,0.983446,1.57271e-05,4,13,1.89576,22.9688,0.38127,0.386552,0.108944,4.49517,1.78667,13.0411,0.505979,0.599375,0.132394,1.0617,2.84422,0.404999,0.463731,0.499043,0.116076,0.304593,0.317298,0.103607,0.206498,1.02484,0.287303,19,16,18,19,True,True,False,False,0.0643344,0.706543,0.0784998,0.0251711,0.218177,0.186531,0.00770877,0.106278,4.77664,32.5,3
realistic_b,25,alternating,2,0.269315,5.0659e-05,0.000204286,0.97134,1.79705e-05,11,13,2.68992,7.65764,0.48243,0.643372,0.189963,3.40144,3.0267,4.01589,0.492062,0.509263,0.130021,0.761486,1.20865,0.218385,0.467422,0.460026,0.122326,0.361312,0.413208,0.084876,0.463741,0.74025,0.380992,20,11,17,19,False,False,False,False,0.0268695,0.909207,0.102821,-0.176411,1.05195,-0.27029,-0.0818631,-0.215228,4.85399,34.5,1
realistic_b,26,alternating,2,0.487647,5.47067e-05,0.000222702,0.8935,1.99413e-05,10,13,3.16558,7.24985,0.531847,0.528976,0.108108,3.41872,3.73627,3.93878,0.58088,0.563169,0.146043,1.15865,1.13279,0.251633,0.53556,0.518718,0.136988,0.44594,0.418948,0.0968435,0.367277,1.47098,0.417976,20,8,13,19,False,False,False,False,0.0305493,0.915433,0.0979001,-0.0952391,1.1433,-0.350136,-0.134862,-0.162222,4.90456,31,1
realistic_b,27,alternating,2,0.325409,5.78473e-05,0.000232689,0.986769,1.84194e-05,9,13,2.70632,8.5643,0.4621,0.444494,0.089495,3.47858,3.12314,4.72526,0.5599,0.588987,0.177072,1.24378,1.64222,0.27596,0.509718,0.522053,0.168066,0.382094,0.387657,0.0762369,0.309863,1.55868,0.411386,20,13,14,19,False,False,False,False,0.0275675,0.77933,0.072559,-0.185169,0.716599,-0.279018,-0.127375,-0.150733,4.84163,34.5,3
realistic_b,28,alternating,2,0.749298,5.07873e-05,0.000248174,0.965485,1.7352e-05,9,13,3.63077,7.56021,0.490553,0.484656,0.152635,3.06097,4.14495,4.32329,0.512595,0.521337,0.128258,1.23299,1.53209,0.255865,0.462305,0.459241,0.11825,0.362717,0.35571,0.0923209,0.398598,1.54415,0.367649,20,9,16,19,False,True,False,False,0.0345867,0.896065,0.0879067,-0.179249,0.42901,-0.330718,-0.124427,-0.178229,4.90868,28,1
realistic_b,29,alternating,2,0.000914479,6.16461e-05,0.00027674,1.05296,1.30483e-05,5,13,2.17476,17.4792,0.313083,0.326662,0.101794,4.09703,1.95259,9.73697,0.406253,0.466412,0.122482,0.859959,2.54777,0.189763,0.371947,0.38196,0.116333,0.260132,0.260715,0.114274,0.205503,0.795214,0.234999,19,15,17,19,True,True,False,False,0.120695,0.736359,0.0698241,0.0294474,0.287034,0.280279,0.0191899,0.114465,4.75827,32,4
realistic_b,30,alternating,2,0.0217527,6.47009e-05,0.000144224,1.17371,2.11425e-05,9,13,1.2838,12.8144,0.637069,0.650352,0.263294,5.96312,1.29577,6.59326,0.747547,0.644778,0.200192,1.87962,1.22502,0.518476,0.670701,0.597886,0.178989,0.63309,0.601359,0.260987,0.380367,1.80116,0.470116,19,7,14,19,False,True,False,False,0.0341264,0.833731,0.0790818,-0.299888,0.15836,0.115132,0.0346738,-0.214639,4.84806,31.5,2
realistic_b,31,alternating,2,0.146555,5.82261e-05,0.000420221,1.15137,1.21862e-05,5,13,3.02326,11.146,0.533234,0.641241,0.18821,2.86115,2.98048,6.44599,0.454943,0.510008,0.131615,0.963477,2.38316,0.263703,0.416502,0.425406,0.121283,0.367687,0.419775,0.122201,0.462975,1.05668,0.30336,19,11,13,19,False,True,False,False,0.0374288,0.88299,0.106203,-0.348181,0.216733,-0.0912412,-0.028281,-0.344296,4.80393,32.5,1
realistic_b,32,alternating,2,0.0315541,4.45216e-05,0.000165634,1.11362,1.74088e-05,13,13,1.68781,9.11694,0.411584,0.460023,0.111006,4.37255,1.67982,4.62647,0.527679,0.549713,0.15961,1.14602,1.3467,0.23529,0.481663,0.494715,0.152487,0.356939,0.377856,0.103102,0.224219,0.948988,0.36777,19,11,16,19,False,False,True,True,0.0589939,0.831051,0.0808187,-0.295866,0.779728,0.0270751,-0.0400834,-0.291312,4.85564,32.5,2
realistic_b,33,alternating,2,4.97013,4.94411e-05,0.000246268,1.01243,2.01984e-05,13,13,5.15259,7.55255,0.669775,0.692852,0.272294,2.95302,5.63526,4.11139,0.851121,0.727713,0.188548,2.50785,1.38412,0.216391,0.749512,0.674701,0.185517,0.506345,0.52298,0.174384,0.553202,3.29508,0.656549,19,8,13,19,False,True,False,False,0.026134,0.8321,0.0898603,-0.274216,0.217105,-0.436315,-0.0341142,-0.642565,5.05942,30.5,3
realistic_b,34,alternating,2,0.00242178,7.38486e-05,0.000343318,0.984731,1.36651e-05,4,13,2.2326,18.9612,0.453079,0.492311,0.0931444,4.01721,2.0687,11.2021,0.469551,0.514101,0.13724,1.27463,3.75654,0.27422,0.417503,0.406848,0.126507,0.306438,0.317764,0.0944092,0.338978,1.18847,0.308475,19,5,17,19,False,True,False,False,0.0979511,0.805962,0.0895797,-0.140862,0.0248056,0.158406,-0.0185774,-0.112047,4.83434,34.5,2
realistic_b,35,alternating,2,0.274584,7.31756e-05,0.000173687,0.956823,2.44602e-05,10,13,1.80927,11.5754,0.605511,0.610035,0.174855,4.63966,2.45195,6.25779,0.685401,0.690032,0.173637,1.56818,1.72369,0.425871,0.621808,0.619575,0.156244,0.485865,0.484326,0.0952464,0.407853,1.88582,0.474673,20,12,15,19,False,True,False,False,0.0183763,0.687254,0.0566169,-0.178004,0.3554,-0.248731,-0.0425061,-0.256951,5.07469,30.5,2
realistic_b,36,alternating,2,0.192736,5.91761e-05,0.000232007,0.956453,1.87878e-05,9,13,2.28606,8.7223,0.491594,0.490607,0.0836173,3.67742,2.54935,4.65791,0.547604,0.53745,0.138897,1.30642,1.44017,0.263936,0.494358,0.478604,0.128793,0.390976,0.386257,0.0793901,0.357142,1.05738,0.38806,20,7,15,19,False,True,False,False,0.0288632,0.835585,0.0860049,-0.19176,0.536557,-0.228733,-0.0415237,-0.140941,4.76222,34,4
realistic_b,37,alternating,2,0.366699,0.000106728,0.000220518,0.933048,2.53315e-05,5,13,2.36939,16.2068,0.631111,0.690611,0.111398,4.51295,3.02368,9.4674,0.824668,0.834119,0.217704,1.16855,2.74367,0.437943,0.791537,0.725091,0.200519,0.598637,0.592439,0.143789,0.56173,1.08824,0.552619,20,5,11,19,False,True,False,False,0.0167677,0.842991,0.0798509,-0.137253,0.0807947,-0.306354,-0.159836,-0.137626,5.18385,29,3
realistic_b,38,alternating,2,0.0168294,7.65938e-05,0.000530194,0.982227,1.03353e-05,3,13,3.47756,14.7916,0.335189,0.55402,0.0743667,2.50031,2.92891,8.49683,0.393599,0.454448,0.0975579,0.869812,2.80043,0.27199,0.358541,0.366922,0.0864719,0.244491,0.317068,0.0509977,0.241363,0.798355,0.247898,19,8,18,19,False,True,True,False,0.0555884,0.788921,0.10433,-0.179131,0.0069296,0.0336893,-0.0131091,-0.0252131,4.75908,33.5,2
realistic_b,39,alternating,2,2.00089,6.34626e-05,0.000277031,0.991015,2.02126e-05,8,13,4.37397,9.85988,0.877011,0.841914,0.354808,3.54264,4.95216,5.51949,0.824115,0.730913,0.184819,1.37143,1.73293,0.211391,0.776187,0.660326,0.181921,0.635626,0.566443,0.258636,0.678082,1.3421,0.599077,20,6,10,19,False,False,False,False,0.0292384,0.737928,0.0820164,-0.271012,0.9842,-0.365784,-0.0118555,-0.295812,5.39189,28,8
realistic_b,40,alternating,2,0.0104006,4.88093e-05,0.000304774,1.06696,1.26425e-05,7,13,2.56375,11.4275,0.330862,0.370417,0.0561144,3.49006,2.49442,6.37956,0.397087,0.448083,0.102232,0.782715,2.1651,0.124222,0.366617,0.372284,0.0999152,0.269737,0.277899,0.078134,0.218904,0.656259,0.270536,19,10,18,19,False,True,False,False,0.068503,0.827631,0.0829295,-0.250323,0.368093,0.0954096,-0.00448855,-0.206277,4.73274,31.5,2
realistic_b,41,alternating,2,0.000824368,5.60693e-05,0.000224817,0.985335,1.49333e-05,7,13,2.01744,14.8881,0.343796,0.381427,0.259385,4.31069,1.86553,7.87189,0.401113,0.442634,0.108745,0.934807,1.66848,0.178137,0.363109,0.378658,0.10261,0.332358,0.336093,0.188557,0.27787,0.900861,0.279553,19,13,17,19,False,False,False,False,0.100967,0.809107,0.078571,0.200681,0.591969,0.178566,0.00285383,0.508675,4.75602,31.5,2
realistic_b,42,alternating,2,0.211394,8.04403e-05,0.000212391,0.919828,2.33398e-05,7,13,1.8317,11.8088,0.606464,0.808774,0.13543,4.28708,2.25551,6.55792,0.683239,0.713687,0.223708,0.91315,2.04531,0.390209,0.660317,0.630542,0.209535,0.470119,0.546991,0.14727,0.439518,0.950753,0.527377,20,13,15,19,False,True,False,False,0.020854,0.914934,0.0896292,-0.140468,0.250253,-0.282938,-0.0664298,-0.0999083,4.84807,31.5,1
realistic_b,43,alternating,2,0.0611176,6.16414e-05,0.000185597,0.924229,2.03266e-05,11,13,1.46182,9.71621,0.661454,0.63862,0.182864,4.46713,1.43708,5.02843,0.56931,0.599977,0.162416,0.838278,1.51363,0.241805,0.543976,0.538089,0.154986,0.431628,0.42752,0.157539,0.519088,0.85424,0.420489,19,7,16,19,False,False,False,False,0.0335718,0.752177,0.0827487,-0.155594,1.0061,-0.147157,-0.0255789,-0.319059,4.8113,33,2
realistic_b,44,alternating,2,0.00877544,8.00801e-05,0.000153841,1.00151,2.28481e-05,7,13,1.34535,16.7713,0.574956,0.638457,0.201034,6.18645,1.58927,9.00441,0.665184,0.645665,0.193926,1.75064,1.59728,0.229075,0.593608,0.580401,0.190162,0.453405,0.476098,0.131954,0.326137,1.05641,0.413501,19,5,18,19,False,True,False,True,0.0457365,0.795378,0.0615731,-0.211704,0.221819,0.0811543,0.0514277,-0.145443,4.83248,31.5,3
realistic_b,45,alternating,2,0.164134,7.18197e-05,0.000281725,1.08669,1.65075e-05,5,13,2.30465,12.573,0.446386,0.440812,0.0977858,3.59299,2.18107,7.05058,0.577341,0.608785,0.156729,0.918959,2.34483,0.190618,0.546618,0.519475,0.15316,0.360531,0.356142,0.0830103,0.303408,0.901557,0.413562,20,6,16,19,False,False,False,False,0.0291008,0.854782,0.100353,-0.308433,0.639551,-0.172035,-0.0252981,-0.235121,4.8443,33,2
realistic_b,46,alternating,2,0.0065048,6.25317e-05,0.000379231,1.01776,1.18618e-05,5,13,2.84543,14.1808,0.340725,0.34552,0.0812788,3.20439,2.54047,8.03388,0.400061,0.465223,0.112737,0.810984,2.52491,0.160642,0.368147,0.381276,0.108136,0.276947,0.29864,0.0815534,0.242561,0.68709,0.253723,19,9,17,19,False,True,False,False,0.0775182,0.772717,0.0912663,-0.213673,0.0389723,0.0934084,-0.103076,-0.117499,4.77346,31.5,2
realistic_b,47,alternating,2,0.11732,4.21433e-05,0.00027008,1.06299,1.39386e-05,9,13,2.74086,6.92537,0.374324,0.423036,0.106003,3.13127,2.91182,3.63999,0.436541,0.44036,0.12581,1.10839,1.11159,0.159684,0.391217,0.39491,0.12233,0.296922,0.316514,0.0923684,0.299153,1.08972,0.327478,19,11,16,19,False,True,False,False,0.0535649,0.857571,0.0986824,-0.323265,0.313035,-0.131522,-0.0664538,-0.253575,4.77702,34,5
realistic_b,48,alternating,2,0.192416,5.71096e-05,0.00044031,1.00931,1.23025e-05,5,13,3.41288,9.31453,0.317252,0.322812,0.0380651,2.49569,3.3893,5.28365,0.414428,0.471965,0.121142,0.938643,1.93971,0.214417,0.376425,0.399664,0.113272,0.262994,0.26585,0.0435046,0.2406,1.07189,0.296496,20,15,18,19,False,True,False,False,0.0328401,0.85187,0.107078,-0.246103,0.15141,-0.179571,0.00197881,-0.208397,4.86449,32,2
realistic_b,49,alternating,2,4.7392,6.62195e-05,0.000174116,0.964605,2.58562e-05,12,13,5.63584,10.4729,0.978996,0.948987,0.270461,3.70618,6.20906,5.50835,0.904299,0.876468,0.2279,1.156,1.41448,0.178293,0.878548,0.828479,0.234578,0.814632,0.771995,0.192041,0.72512,1.35869,0.739063,20,7,13,19,False,False,False,False,0.0194002,0.827253,0.100732,-0.252384,2.07729,-0.464795,-0.0112313,-0.338195,5.46184,27,6
realistic_b,50,alternating,2,0.0828523,7.06437e-05,0.00013876,0.880603,2.55546e-05,10,13,0.866153,10.1263,0.695865,0.924475,0.248036,5.19506,1.05087,5.28861,0.656405,0.702695,0.21402,1.79496,1.33619,0.532067,0.583142,0.651526,0.192275,0.494479,0.651329,0.165065,0.587172,2.27769,0.490035,19,16,17,19,False,True,False,False,0.034196,0.868133,0.0933538,-0.169376,0.512822,-0.213087,0.0523403,-0.0994746,4.85517,32.5,2
realistic_b,51,alternating,2,1.68862,7.48566e-05,0.0001558,0.907458,2.89072e-05,12,13,4.79502,11.1299,0.799797,0.791196,0.162718,4.50108,5.42707,6.02921,0.879301,0.841612,0.19374,1.70644,1.68317,0.405638,0.813319,0.775708,0.177608,0.709259,0.685202,0.130195,0.623179,1.90665,0.649208,20,5,13,19,False,False,False,False,0.0216728,0.778495,0.0755852,-0.17718,0.707985,-0.405952,-0.0909203,-0.181363,5.2378,29,9
realistic_b,52,alternating,2,0.203444,3.17471e-05,0.000307864,1.08306,1.11698e-05,11,13,3.44364,4.45063,0.308971,0.385074,0.0948344,2.46366,3.74617,2.22218,0.353565,0.321898,0.0975982,0.811692,0.680156,0.146545,0.320633,0.294779,0.0930409,0.238911,0.271485,0.0824399,0.245369,1.14544,0.276374,18,5,14,19,False,True,False,False,0.0458207,0.867273,0.0854306,-0.283358,0.304576,-0.121355,-0.0715332,-0.213049,4.84103,34,2
realistic_b,53,alternating,2,0.0508977,6.60853e-05,0.000194473,0.893559,2.12314e-05,8,13,1.31824,10.2623,0.503768,0.522024,0.183649,4.59813,1.5168,5.57398,0.597825,0.573051,0.152712,1.24144,1.49324,0.235445,0.548578,0.511988,0.145129,0.404318,0.406103,0.147213,0.328631,1.4899,0.41955,19,6,14,19,False,True,False,False,0.0425003,0.934864,0.0734898,-0.0691415,0.293672,-0.138931,-0.0228495,-0.111778,4.8003,33,2
realistic_b,54,alternating,2,0.458467,7.80247e-05,0.000173308,0.958377,2.49563e-05,9,13,2.61821,11.0215,0.816125,0.742087,0.130152,4.58255,3.37356,5.97526,0.794862,0.746541,0.207746,1.54075,1.50223,0.46856,0.735318,0.687584,0.188789,0.596678,0.547236,0.118221,0.497841,1.53573,0.541745,20,4,12,19,False,False,False,False,0.0198089,0.753842,0.101464,-0.155534,0.979551,-0.313305,0.0658717,-0.128483,5.20632,33.5,2
realistic_b,55,alternating,2,0.230568,6.21485e-05,0.00027544,1.02369,1.68512e-05,7,13,2.68462,9.78077,0.430568,0.456577,0.164086,3.29321,2.78638,5.38721,0.533322,0.559607,0.145639,0.80611,1.61063,0.17041,0.508022,0.494163,0.142972,0.350868,0.363064,0.0936411,0.291267,0.783786,0.380392,20,8,10,19,False,True,False,False,0.0242641,0.760419,0.0741484,-0.237223,0.410483,-0.213938,0.0113764,-0.135823,4.8843,31,4
realistic_b,56,alternating,2,0.64706,6.61169e-05,0.000251971,1.13978,1.85833e-05,7,13,3.10199,11.7121,0.618162,0.674316,0.0747721,3.72055,3.67871,6.81788,0.648001,0.697005,0.163281,1.25849,2.34342,0.144945,0.599323,0.60434,0.165585,0.491766,0.535589,0.11517,0.470076,1.27838,0.455745,20,14,12,19,False,True,False,False,0.0254602,0.702616,0.0577485,-0.289268,0.413267,-0.24072,-0.181822,-0.310474,4.93942,31.5,2
realistic_b,57,alternating,2,0.0470275,5.70565e-05,0.000130068,0.95426,2.23847e-05,13,13,1.01111,8.77225,0.634213,0.700461,0.116777,4.97367,1.16859,4.26445,0.561692,0.575758,0.165093,0.88382,0.999386,0.249888,0.532522,0.539591,0.157235,0.489372,0.530637,0.142643,0.483741,0.821745,0.412112,19,8,13,19,False,False,False,False,0.0325368,0.697202,0.0631381,-0.119801,1.01834,-0.136959,-0.0440404,-0.18547,4.79664,33,2
realistic_b,58,alternating,2,0.0639866,5.98522e-05,0.000248563,1.07855,1.65732e-05,7,13,1.94419,10.863,0.46858,0.510864,0.124305,3.93847,1.91187,5.92153,0.517543,0.562367,0.143987,0.883932,1.72393,0.227112,0.485956,0.492929,0.13647,0.369859,0.386214,0.0667318,0.346828,0.834646,0.37767,19,13,19,19,False,True,False,False,0.0365911,0.789676,0.0706707,-0.217002,0.145519,-0.040009,0.00524869,-0.347182,4.77357,32.5,5
realistic_b,59,alternating,2,0.0603766,5.56415e-05,0.000209291,1.04899,1.81549e-05,9,13,1.84134,9.80818,0.482771,0.488726,0.199642,4.04292,1.73389,5.03092,0.527003,0.542503,0.139055,0.860727,1.21307,0.291197,0.497448,0.493499,0.127474,0.382171,0.379826,0.142734,0.334723,0.81229,0.382124,19,9,16,19,False,False,False,False,0.0437071,0.744622,0.06485,-0.22552,0.526996,-0.0985259,0.00838776,-0.280498,4.87473,31.5,2
realistic_b,60,alternating,2,1.51384,6.91124e-05,0.00024361,0.930047,2.2534e-05,9,13,4.28446,9.70649,0.600171,0.57193,0.137286,3.50313,4.85794,5.00842,0.696145,0.693405,0.196667,1.18656,1.20557,0.293531,0.653814,0.649722,0.187616,0.611959,0.546984,0.143826,0.408936,1.20653,0.502584,20,11,15,19,False,False,False,False,0.0267488,0.75644,0.0677905,-0.200611,1.8216,-0.386517,-0.117266,-0.111511,5.03486,33,6
realistic_b,61,alternating,2,0.776684,5.75126e-05,0.000294218,0.969277,1.68656e-05,8,13,3.74775,8.84161,0.464447,0.488896,0.0896878,2.87022,4.14929,4.95339,0.512615,0.524316,0.133821,1.29834,1.68425,0.239761,0.459525,0.457054,0.124948,0.360846,0.366,0.0643962,0.362915,1.79649,0.360222,20,9,18,19,False,True,False,False,0.0293989,0.923116,0.0741662,-0.182183,0.41072,-0.34019,-0.14208,-0.216098,4.94607,28.5,2
realistic_b,62,alternating,2,0.00413077,7.94495e-05,0.000309491,1.08031,1.422e-05,4,13,2.00186,20.6976,0.410256,0.532968,0.141213,4.28419,1.80644,12.1045,0.532158,0.598939,0.153958,1.31039,3.6456,0.308174,0.478628,0.484286,0.141888,0.336223,0.394427,0.102094,0.251016,1.18803,0.314447,19,10,18,19,False,True,False,False,0.0611794,0.806088,0.0896448,-0.252565,-0.0362182,0.222383,0.049572,-0.194888,4.87415,33,1
realistic_b,63,alternating,2,0.028985,6.94013e-05,0.000270945,0.970533,1.80913e-05,6,13,1.82155,12.579,0.572246,0.536742,0.0968877,4.23335,1.71647,6.91618,0.584626,0.580207,0.178495,1.37662,1.89479,0.258504,0.528593,0.504795,0.170884,0.433607,0.419976,0.105341,0.423973,1.19792,0.402125,19,7,15,19,False,True,False,False,0.0446613,0.768867,0.0823369,-0.172426,0.239716,-0.0903296,0.0288706,-0.0726194,4.79837,30.5,1
realistic_b,64,alternating,2,0.0662107,7.03688e-05,0.000275866,1.08493,1.57248e-05,5,13,2.25337,13.5175,0.49011,0.458526,0.0930298,3.62929,1.76945,7.3705,0.548393,0.587959,0.151212,1.06375,2.08322,0.26428,0.50727,0.506656,0.141598,0.389898,0.371428,0.101125,0.383548,1.05531,0.369344,19,10,16,19,False,True,False,False,0.0357379,0.766685,0.0718193,-0.230392,0.317483,-0.0655324,-0.0155605,-0.323322,4.77793,29,5
realistic_b,65,alternating,2,2.67731,5.85756e-05,0.000146337,0.996989,2.41762e-05,13,13,4.93249,9.10331,0.716224,0.664404,0.28519,3.93922,5.48588,4.84512,0.856062,0.797935,0.214178,1.88696,1.41525,0.296314,0.780049,0.745915,0.206153,0.623399,0.584976,0.242081,0.531249,2.15963,0.70365,20,6,14,19,False,False,False,False,0.0170863,0.749681,0.075266,-0.237446,0.642376,-0.398895,-0.0941529,-0.182773,5.12333,30.5,6
realistic_b,66,alternating,2,0.000736306,5.17716e-05,0.000349299,1.03472,1.10404e-05,5,13,2.55676,13.6338,0.363074,0.31871,0.170808,3.61844,2.45055,7.6342,0.319762,0.376579,0.0901264,0.604565,2.23586,0.239242,0.296677,0.305384,0.0803473,0.245803,0.249344,0.0820777,0.279719,0.589255,0.195793,19,12,17,19,False,True,False,False,0.132471,0.764636,0.0865644,0.227502,-0.0858674,0.29842,-0.0144993,0.346597,4.79183,31,1
realistic_b,67,alternating,2,0.0466334,4.18841e-05,0.000409281,1.06623,1.02431e-05,6,13,3.35988,7.92744,0.334539,0.333982,0.132363,2.53924,3.41776,4.38736,0.365491,0.394933,0.121657,1.20573,1.49649,0.261435,0.317608,0.337644,0.111187,0.251288,0.253208,0.0791589,0.28893,1.84198,0.265563,19,10,18,19,False,True,True,False,0.0701603,0.860428,0.10237,-0.213603,0.306062,-0.0289619,0.00575606,-0.381855,4.80776,34,1
realistic_b,68,alternating,2,0.00321112,5.33881e-05,0.000304005,1.03221,1.23451e-05,6,13,2.58551,13.4819,0.307097,0.332735,0.14254,3.5447,2.3168,7.42213,0.410446,0.456264,0.128847,0.96508,2.24042,0.18508,0.37117,0.378363,0.123473,0.289047,0.311048,0.0882666,0.206303,0.951866,0.258082,19,9,14,19,False,True,False,False,0.0910156,0.729873,0.0726565,-0.156865,0.252838,0.15286,0.00456308,-0.270586,4.79829,33,2
realistic_b,69,alternating,2,0.48676,8.38084e-05,0.000163375,0.946616,2.80427e-05,9,13,2.8679,12.2458,0.725122,0.715508,0.192537,4.88912,3.58375,6.83234,0.809208,0.843033,0.228602,1.23615,1.92513,0.273869,0.76986,0.764988,0.223795,0.630437,0.616761,0.117816,0.492247,1.15413,0.580507,20,10,10,19,False,False,False,False,0.0210772,0.696529,0.0549778,-0.154672,0.864568,-0.319348,-0.123804,-0.142233,5.10498,32,8
realistic_b,70,alternating,2,0.761916,7.31397e-05,0.000378525,1.05595,1.60734e-05,5,13,3.57313,12.812,0.514346,0.597725,0.169238,3.04821,4.03101,7.76172,0.583405,0.64134,0.12222,1.32713,3.09156,0.244526,0.529635,0.532997,0.112644,0.393318,0.420345,0.0749518,0.427247,1.58949,0.415624,20,12,14,19,False,True,False,False,0.0254962,0.714735,0.0730601,-0.238911,0.272933,-0.30847,-0.139018,-0.304569,4.95678,33,2
realistic_b,71,alternating,2,0.025172,5.13495e-05,0.000320872,0.90815,1.40265e-05,7,13,2.82644,8.82411,0.367241,0.353413,0.0694291,3.15025,2.73407,4.69918,0.406559,0.430593,0.121721,0.851267,1.54931,0.265519,0.372706,0.37038,0.111049,0.316198,0.299517,0.0734631,0.246976,0.970698,0.27544,19,10,18,19,False,False,False,False,0.0643985,0.821869,0.101029,-0.128182,0.712977,-0.151844,0.0306972,-0.0103152,4.83071,32.5,1
realistic_b,72,alternating,2,3.13234,3.74955e-05,0.000253613,0.978878,1.57826e-05,15,13,4.63125,5.14656,0.432005,0.481892,0.0566535,2.47016,5.10205,2.68208,0.549774,0.549832,0.114764,1.27334,1.03596,0.127189,0.498048,0.510345,0.113384,0.37244,0.400929,0.0602702,0.396264,1.68284,0.456173,19,13,17,19,False,False,False,False,0.0341102,0.899696,0.068722,-0.272961,0.784267,-0.403356,-0.129344,-0.50083,4.93082,30.5,2
realistic_b,73,alternating,2,0.616577,6.02017e-05,0.000110569,0.993666,2.74414e-05,16,13,3.1955,8.20144,0.694979,0.662541,0.10318,4.91232,3.92289,4.23117,0.723287,0.710415,0.17221,1.30578,1.2604,0.211451,0.674726,0.664076,0.168101,0.560362,0.550522,0.103991,0.513508,1.43448,0.532559,20,8,16,19,False,False,False,False,0.0243996,0.794981,0.0566026,-0.189805,1.70769,-0.325753,-0.200266,-0.265531,5.13077,28,5
realistic_b,74,alternating,2,0.0228227,4.94077e-05,0.000559936,1.00695,9.26796e-06,5,13,3.5205,9.83551,0.384063,0.487998,0.185288,2.44688,3.56379,5.75655,0.334053,0.384532,0.0996805,0.702817,2.23811,0.135374,0.306064,0.312564,0.0961551,0.259505,0.296296,0.097161,0.345354,0.656363,0.248334,19,10,16,19,False,True,True,False,0.0799098,0.860291,0.101042,-0.19469,0.0159303,0.017031,-0.0240744,-0.132153,4.74234,31.5,1
realistic_b,75,alternating,2,0.928244,3.54826e-05,0.00026817,0.922918,1.40555e-05,12,13,4.17655,4.86282,0.330968,0.334603,0.118871,2.24662,4.53784,2.50391,0.390381,0.388653,0.105259,0.945232,0.821487,0.129959,0.351808,0.355896,0.10268,0.270428,0.268565,0.0862408,0.308537,1.18272,0.332558,19,11,18,19,False,False,False,False,0.0549913,0.941633,0.102959,-0.166703,1.11402,-0.375417,-0.224439,-0.232487,4.94094,31.5,1
realistic_b,76,alternating,2,0.71997,6.57843e-05,0.000303747,1.01819,1.73494e-05,7,13,3.5058,10.5217,0.50135,0.497528,0.0799955,3.18495,3.97151,6.02149,0.554498,0.597006,0.13901,1.10835,1.90627,0.209578,0.511111,0.520788,0.132455,0.396338,0.401253,0.0871418,0.3765,1.17555,0.383599,20,16,17,19,False,True,False,False,0.0248221,0.996496,0.0777191,-0.222274,0.364273,-0.309605,-0.136828,-0.210778,4.95992,33,1
realistic_b,77,alternating,2,0.0817137,4.35941e-05,0.000220371,0.951134,1.59402e-05,11,13,2.6702,7.03726,0.378311,0.612506,0.192842,3.19526,2.71922,3.60346,0.415564,0.463265,0.125565,0.839993,1.12063,0.229011,0.382544,0.417538,0.116994,0.291061,0.406875,0.113905,0.26388,1.17083,0.295558,19,15,17,19,False,False,False,False,0.0481831,0.898456,0.0990395,-0.217161,0.946898,-0.202279,0.0369001,-0.197327,4.72445,34,2
realistic_b,78,alternating,2,1.85349,6.93143e-05,0.000370375,1.03612,1.60773e-05,6,13,4.35221,12.7465,0.449436,0.446274,0.186232,2.60002,4.7612,7.35084,0.595589,0.643523,0.169668,1.12936,2.56328,0.24605,0.5524,0.546952,0.162408,0.415859,0.386939,0.109383,0.347958,1.06829,0.423214,20,12,12,19,False,False,False,False,0.0293878,0.697691,0.0581042,-0.262048,0.779892,-0.364329,-0.142879,-0.244386,4.98564,32.5,3
realistic_b,79,alternating,2,0.740512,5.57362e-05,0.00024105,0.978269,1.7992e-05,10,13,3.54631,8.5402,0.509124,0.481606,0.139325,3.20185,4.02837,4.57388,0.557664,0.548966,0.126499,1.17213,1.46369,0.176927,0.510998,0.489147,0.121603,0.387624,0.366151,0.0833915,0.381862,1.70664,0.40256,20,7,17,19,False,False,False,False,0.0272275,0.806531,0.0932163,-0.200375,0.874121,-0.29292,-0.142284,-0.219248,5.01307,32.5,3
realistic_b,80,alternating,2,0.00339241,3.7325e-05,0.000191289,1.03692,1.39021e-05,11,13,2.11734,8.25134,0.362729,0.30556,0.0680733,4.12625,2.26122,4.13697,0.385965,0.376695,0.118769,0.697526,0.801539,0.140264,0.360007,0.344675,0.116467,0.289945,0.264656,0.0716016,0.315158,1.02996,0.300269,19,6,14,19,False,True,False,False,0.0991946,0.921152,0.089927,-0.157439,0.464152,0.216961,0.0821014,-0.205357,4.80388,34,2
realistic_b,81,alternating,2,0.0132126,4.54702e-05,0.000226374,0.917806,1.37844e-05,9,13,2.7406,8.7216,0.322238,0.34442,0.153541,3.28181,2.55863,4.397,0.37552,0.402979,0.12951,0.861155,1.13683,0.177766,0.340586,0.356691,0.124773,0.281544,0.279337,0.103493,0.23107,1.19746,0.228804,19,12,16,19,False,False,True,False,0.0643397,0.749364,0.0727915,-0.0870444,0.540806,0.0109241,-0.0184019,0.0150784,4.7566,33,2
realistic_b,82,alternating,2,0.928298,5.6716e-05,0.000245435,0.960057,1.91184e-05,9,13,3.77127,8.58487,0.510235,0.50841,0.127336,3.21058,4.25253,4.70942,0.56886,0.588675,0.159257,0.893044,1.43325,0.274159,0.539463,0.530166,0.149398,0.436387,0.416693,0.101985,0.38317,0.935754,0.444504,20,7,16,19,False,True,False,False,0.034529,0.874104,0.0760313,-0.187133,0.480212,-0.365285,-0.142164,-0.160088,5.0446,31.5,1
realistic_b,83,alternating,2,0.0103727,0.000118984,0.000262281,1.03974,2.01162e-05,4,13,1.3233,26.2691,0.608944,0.616708,0.150336,5.4132,1.65201,15.1985,0.743015,0.818001,0.218192,1.19069,3.27368,0.357853,0.702916,0.69486,0.205854,0.477672,0.477004,0.0812888,0.330983,1.08541,0.447302,19,12,17,19,False,True,False,False,0.0314095,0.82991,0.0856781,-0.248942,-0.0682539,0.0976822,0.00725496,-0.149068,4.80777,31.5,6
realistic_b,84,alternating,2,4.60615,6.86601e-05,0.00017988,0.973942,2.56943e-05,11,13,5.56567,10.344,0.893969,0.818666,0.245247,3.72378,6.18697,5.42433,0.917441,0.880321,0.199635,1.51872,1.56771,0.350205,0.86462,0.822537,0.186862,0.72806,0.633434,0.161526,0.673548,2.00675,0.723838,20,7,12,19,False,False,False,False,0.0220707,0.735533,0.0746438,-0.206811,1.29919,-0.437764,-0.0950319,-0.453698,5.29575,29,6
realistic_b,85,alternating,2,0.0015813,2.67028e-05,0.000240519,1.04172,1.05222e-05,12,13,2.74824,6.21015,0.264734,0.254386,0.213812,3.38369,3.04247,3.13634,0.261204,0.283173,0.0773858,0.647198,0.862309,0.100573,0.234758,0.248403,0.0750362,0.203881,0.214463,0.0987752,0.264734,1.1399,0.21159,19,12,18,19,False,True,False,False,0.147832,0.921313,0.0805435,-0.103282,0.331523,0.247966,0.0221971,0.134282,4.73201,36,1
realistic_b,86,alternating,2,0.138708,6.20049e-05,0.000103824,1.00499,2.80081e-05,15,13,0.740571,9.13191,0.629356,0.648788,0.122457,5.80461,1.25294,4.68246,0.690252,0.688491,0.224346,1.24237,1.17854,0.334401,0.644138,0.6463,0.214055,0.50973,0.522449,0.120904,0.51945,1.50862,0.540513,19,10,15,19,False,True,False,False,0.0263525,0.862762,0.0768884,-0.256915,0.456199,-0.194279,-0.0102207,-0.214007,4.99815,31,1
realistic_b,87,alternating,2,3.28879,6.643e-05,0.000488651,1.0977,1.38738e-05,5,13,4.64001,12.818,0.43736,0.460515,0.139797,2.26017,5.10067,7.49011,0.635838,0.692383,0.134798,1.4942,2.88745,0.25398,0.575032,0.58531,0.125117,0.404614,0.421221,0.106578,0.310277,1.43281,0.426946,20,15,16,19,False,True,False,False,0.0330267,0.843945,0.0718144,-0.324516,0.247145,-0.363794,-0.120954,-0.321083,4.98668,32.5,7
realistic_b,88,alternating,2,2.41053,4.57986e-05,0.000236758,1.0001,1.80728e-05,12,13,4.52929,7.12119,0.525617,0.627638,0.12419,2.83683,4.97354,3.74861,0.583229,0.59514,0.166076,1.24524,1.32022,0.260823,0.533439,0.541888,0.157486,0.434548,0.497196,0.128457,0.433964,1.76142,0.463464,19,11,14,19,False,True,False,False,0.0279405,0.873944,0.0715668,-0.238224,0.446,-0.402513,-0.124591,-0.277426,5.04086,29.5,3
realistic_b,89,alternating,2,0.213245,5.95213e-05,0.000239977,1.00055,1.85967e-05,8,13,2.40997,9.19955,0.492664,0.46965,0.124548,3.59027,2.67103,5.01961,0.55451,0.566705,0.157694,0.907966,1.45694,0.225342,0.523255,0.507121,0.151209,0.417756,0.403342,0.100955,0.337747,0.844773,0.394048,20,8,10,19,False,False,False,False,0.0256716,0.78434,0.0739716,-0.209028,0.58109,-0.266698,-0.070491,-0.179302,4.86181,33,2
realistic_b,90,alternating,2,1.75948,5.76882e-05,0.000247881,1.02149,2.02425e-05,10,13,4.28472,8.95903,0.577912,0.596489,0.122309,3.45465,4.81901,4.87637,0.616266,0.657274,0.160333,1.05548,1.55149,0.222386,0.578464,0.594106,0.154279,0.461161,0.466176,0.103532,0.481247,1.1035,0.465885,20,14,18,19,False,False,False,False,0.0305556,0.739048,0.0597764,-0.261823,0.78462,-0.356978,-0.097767,-0.250647,5.04424,32.5,5
realistic_b,91,alternating,2,0.0875012,5.84519e-05,0.000410688,0.901496,1.34504e-05,5,13,3.24844,9.66746,0.375685,0.524294,0.102867,2.6255,3.19284,5.48103,0.408968,0.448748,0.107739,1.07323,2.18879,0.209816,0.365086,0.372425,0.0996133,0.269737,0.322909,0.0866072,0.336833,0.942969,0.288163,19,11,16,19,False,True,False,False,0.0543565,0.965221,0.0976489,-0.1736,0.198977,-0.201726,-0.105502,-0.133307,4.78312,35,1
realistic_b,92,alternating,2,0.0370018,5.53342e-05,0.000343825,0.950428,1.39347e-05,6,13,2.5914,9.97964,0.466692,0.503193,0.303101,3.35076,2.7005,5.65401,0.478594,0.483751,0.134089,1.15155,1.9184,0.19024,0.431625,0.411369,0.128683,0.334754,0.373061,0.13794,0.351046,1.67745,0.327757,19,8,11,19,False,True,False,False,0.0516006,0.798061,0.091189,-0.117678,0.0398866,-0.0781821,-0.0431458,-0.0991656,4.74549,31,1
realistic_b,93,alternating,2,0.0767067,6.89485e-05,0.000157901,1.01644,2.25231e-05,9,13,0.937648,11.9485,0.623487,0.706563,0.18357,5.09681,0.885873,6.30941,0.654722,0.698565,0.209978,1.09609,1.76799,0.416437,0.616209,0.626272,0.193726,0.478092,0.510127,0.149421,0.424939,1.08327,0.478205,19,14,17,19,False,True,False,False,0.0364595,1.02931,0.072469,-0.235812,-0.10913,-0.129226,-0.0368272,-0.294565,4.90429,32,1
realistic_b,94,alternating,2,0.00780545,7.24382e-05,0.000267599,1.02347,1.62933e-05,5,13,1.84831,16.2519,0.439199,0.520411,0.0711895,4.37286,1.66679,9.03498,0.517339,0.585249,0.126422,0.891872,2.38508,0.203839,0.485231,0.496086,0.119513,0.347077,0.379182,0.057721,0.253195,0.818682,0.313698,19,10,18,19,False,True,False,False,0.0607725,0.745479,0.0831733,-0.200341,0.238541,0.099373,0.0255458,-0.161941,4.85398,31,1
realistic_b,95,alternating,2,0.00426294,6.36387e-05,0.000175704,0.969932,1.97071e-05,9,13,1.39527,13.8258,0.460927,0.448803,0.0647759,5.46561,1.51785,7.27885,0.627904,0.588084,0.169317,1.41464,1.41599,0.343684,0.57068,0.530325,0.155786,0.427942,0.381576,0.100406,0.247842,1.71014,0.410289,19,7,15,19,False,False,False,False,0.0618863,0.689321,0.0802107,-0.103093,0.803828,0.144055,-0.00700451,-0.150407,4.80324,30,2
realistic_b,96,alternating,2,0.011371,9.67105e-05,0.00021972,1.01586,2.05736e-05,5,13,1.31039,21.5,0.561273,0.5854,0.129668,5.3467,1.49423,12.1984,0.739924,0.766518,0.171159,2.335,3.05886,0.354659,0.646353,0.651346,0.1571,0.462267,0.495609,0.0850613,0.317404,1.66609,0.472441,19,14,16,19,False,True,True,True,0.0431809,0.746889,0.103131,-0.22776,-0.0597183,0.049901,-0.0495682,-0.244182,4.79501,32.5,4
realistic_b,97,alternating,2,0.0016636,6.6731e-05,0.000224376,0.999097,1.5727e-05,6,13,1.90797,17.5003,0.356199,0.376248,0.238493,4.46009,1.77257,9.43634,0.47215,0.538733,0.166443,0.819726,2.08519,0.421379,0.44248,0.459435,0.149213,0.290784,0.28298,0.117067,0.223832,0.767315,0.297376,19,11,15,19,False,False,False,False,0.0756948,0.667841,0.0698697,-0.0684913,0.709222,0.133867,0.0157971,-0.0886439,4.73458,32.5,3
realistic_b,98,alternating,2,4.36855,4.66051e-05,0.00015921,0.99765,2.17877e-05,17,13,5.135,6.59831,0.643121,0.679302,0.222033,3.20267,5.63126,3.27766,0.73215,0.69899,0.180614,1.2112,1.04728,0.270146,0.69005,0.66652,0.172259,0.517764,0.520866,0.135586,0.55232,1.65248,0.620945,19,7,12,19,False,False,False,False,0.0238824,0.848968,0.0810788,-0.286744,0.710441,-0.426424,-0.0493508,-0.540339,5.15289,30,5
realistic_b,99,alternating,2,0.149256,7.23179e-05,0.000232742,1.01201,1.98671e-05,7,13,1.7993,11.5926,0.569504,0.544918,0.153341,4.12651,1.8179,6.23509,0.622468,0.620755,0.192231,1.4972,1.80383,0.36122,0.561403,0.547542,0.178482,0.437447,0.417829,0.135323,0.410391,1.92159,0.41889,20,7,13,19,False,True,False,False,0.0280881,0.703176,0.0685201,-0.258728,0.311948,-0.194398,-0.044301,-0.175297,4.93296,31.5,2
realistic_c,0,alternating,2,0.0514127,6.54201e-05,0.000167524,1.01153,2.42083e-05,11,13,0.525739,10.6819,0.527295,0.530966,0.159864,5.94345,0.549916,5.24413,0.483824,0.492563,0.195273,0.782333,0.839071,0.345256,0.457229,0.462642,0.18261,0.398115,0.441923,0.149685,0.383465,0.736054,0.343348,19,12,17,19,False,True,False,False,0.0173715,0.728109,0.0494744,-0.0989287,-0.150976,-0.0343041,-0.0341812,-0.196756,2.80942,16,13
realistic_c,1,alternating,2,0.00263825,6.65061e-05,0.00017117,0.923095,2.5019e-05,11,13,1.63215,11.3567,0.389857,0.416912,0.186758,6.48617,1.60908,5.75393,0.390367,0.369891,0.108733,0.903886,0.788073,0.244013,0.353651,0.338397,0.0988695,0.27845,0.289056,0.0695281,0.278292,0.911799,0.261869,19,10,18,19,False,False,False,False,0.0259956,0.537498,0.0416731,0.0804818,1.35084,0.0287323,0.0680472,0.0622577,2.68941,17.5,8
realistic_c,2,alternating,2,0.000920037,5.18764e-05,0.000379041,0.991334,1.34985e-05,7,13,2.42441,11.7132,0.18061,0.16355,0.127222,3.79486,2.2743,6.19547,0.239337,0.274318,0.0732591,0.97163,1.73826,0.148705,0.202966,0.220759,0.0674046,0.135275,0.135895,0.0371893,0.11878,0.724607,0.156352,19,13,18,19,False,True,False,False,0.066073,0.766174,0.0592532,0.123578,0.129563,0.101989,0.00186436,0.349166,2.66719,19.5,3
realistic_c,3,alternating,2,1.25621,5.0914e-05,0.000416065,1.03158,1.50313e-05,8,13,4.09647,10.3753,0.386934,0.390505,0.117268,3.22313,4.56625,5.87002,0.42411,0.478119,0.15221,0.759428,1.88,0.223197,0.396016,0.406987,0.145508,0.301947,0.303143,0.093984,0.246026,0.5795,0.299945,20,15,19,19,False,True,False,False,0.0137665,0.671205,0.0482563,-0.127769,-0.20375,-0.17319,-0.0435378,-0.122089,2.83684,19,10
realistic_c,4,alternating,2,0.163498,0.000104092,0.000257282,0.990169,2.68526e-05,6,13,1.04852,17.1181,0.657498,0.648262,0.137216,6.04414,1.63937,9.378,0.64528,0.672865,0.2043,1.02208,1.58741,0.395544,0.611293,0.608238,0.189022,0.483695,0.482575,0.112318,0.394397,1.01835,0.421595,20,9,18,19,False,True,False,False,0.00792734,0.581845,0.0429402,-0.109588,-0.0208875,-0.129772,-0.0354014,-0.0679406,2.81805,18,19
realistic_c,5,alternating,2,0.134883,6.06557e-05,0.000305899,0.983027,1.80804e-05,8,13,1.78319,10.4467,0.419184,0.413,0.143189,4.13107,1.86485,5.51832,0.4185,0.464565,0.173545,0.753667,1.64153,0.286864,0.390516,0.400454,0.163582,0.337438,0.335719,0.135977,0.292376,0.742849,0.290968,19,11,19,19,False,True,False,False,0.0142837,0.647447,0.0424551,-0.100695,0.232529,-0.0883516,0.0160975,-0.133119,2.71144,19,14
realistic_c,6,alternating,2,0.352031,3.04858e-05,0.000304466,0.995554,1.394e-05,16,13,3.0627,4.10317,0.277749,0.277351,0.105462,3.14666,3.66781,2.01427,0.253739,0.25182,0.105456,0.481478,0.479724,0.134668,0.23532,0.233432,0.102465,0.205537,0.213988,0.083987,0.20278,0.582878,0.179879,19,11,17,19,False,True,False,False,0.0172935,0.831351,0.0400693,-0.101077,-0.145226,-0.138283,-0.246304,-0.110998,2.70376,20,7
realistic_c,7,alternating,2,0.372478,5.62212e-05,0.000164505,1.02184,2.46382e-05,15,13,2.35759,8.11968,0.535629,0.564153,0.186835,5.7143,3.08696,4.20563,0.489592,0.468779,0.220849,0.952975,0.726803,0.252508,0.452694,0.445207,0.217395,0.39119,0.429419,0.194137,0.395761,1.14643,0.381561,20,6,14,19,False,False,False,False,0.00945938,0.669616,0.0339032,-0.117652,0.568646,-0.12768,-0.0233279,-0.119475,2.84861,16,12
realistic_c,8,alternating,2,0.848178,5.16568e-05,0.000224518,0.989099,2.00959e-05,13,13,3.72154,8.89577,0.433736,0.439385,0.153021,4.34572,4.33622,4.68314,0.460876,0.459031,0.162061,1.25085,1.15279,0.254443,0.409798,0.411902,0.153684,0.340451,0.347037,0.142197,0.310195,1.16642,0.320036,20,10,17,19,False,True,False,False,0.011903,0.676263,0.0358142,-0.106177,0.400351,-0.174951,-0.0851115,-0.124654,2.73639,17.5,6
realistic_c,9,alternating,2,0.319433,6.36999e-05,0.000224183,0.991348,2.24998e-05,11,13,2.07224,10.2144,0.525417,0.500556,0.164965,5.01217,2.77043,5.40005,0.503391,0.491364,0.186778,0.945002,1.12549,0.236411,0.46744,0.445715,0.181671,0.396672,0.377362,0.124989,0.336595,0.932214,0.349813,20,7,14,19,False,False,False,False,0.0095917,0.583514,0.0432111,-0.095204,1.08364,-0.145845,-0.0788374,-0.0761964,2.80198,17,17
realistic_c,10,alternating,2,0.0135469,4.15807e-05,0.000223674,0.996755,1.61543e-05,12,13,1.97309,7.52861,0.296381,0.300479,0.115552,4.12285,2.17236,3.83006,0.292536,0.313403,0.0893646,0.647218,1.01525,0.17946,0.266444,0.272928,0.0823269,0.214745,0.215874,0.0841427,0.18892,0.458514,0.186908,19,10,19,19,False,True,True,True,0.0369181,0.72267,0.0565717,-0.0814803,0.19276,-0.00592493,0.037919,-0.103391,2.71496,20.5,6
realistic_c,11,alternating,2,1.65584,5.43367e-05,0.00021849,0.998105,2.10475e-05,11,13,4.77875,9.76881,0.503758,0.543613,0.238298,4.46392,5.26696,5.09378,0.508295,0.492191,0.210171,1.17403,0.946344,0.380169,0.460621,0.455755,0.196015,0.397154,0.410094,0.15583,0.383939,0.816844,0.371323,20,11,17,19,False,True,False,False,0.0127742,0.684128,0.0321828,-0.134938,-0.162019,-0.190055,-0.124929,-0.1077,2.94694,18,12
realistic_c,12,alternating,2,3.12005,7.02256e-05,0.000223104,1.00592,2.51233e-05,10,13,6.31236,14.1229,0.674307,0.698598,0.148603,5.16866,7.10252,7.4648,0.780011,0.75318,0.276577,1.73126,1.51795,0.396969,0.710173,0.693573,0.265065,0.578826,0.572421,0.155255,0.455967,2.15004,0.575091,20,10,17,19,False,False,False,False,0.00691155,0.625826,0.0411406,-0.14753,-0.266727,-0.227539,-0.0517421,-0.233159,3.13051,17,16
realistic_c,13,alternating,2,0.842023,8.66968e-05,0.000173562,1.00014,3.04514e-05,10,13,5.09467,14.6953,0.816578,0.831935,0.218238,6.75314,5.90443,7.84203,0.722004,0.737022,0.285095,0.810178,1.13916,0.367263,0.712283,0.700217,0.276726,0.58925,0.590317,0.176585,0.588227,0.755753,0.547785,20,10,14,19,False,True,False,False,0.0085362,0.499214,0.0391818,-0.13171,0.141539,-0.16366,-0.101196,-0.132108,3.14414,17.5,16
realistic_c,14,alternating,2,0.00105566,6.50552e-05,0.000251873,1.04932,1.92792e-05,8,13,1.50742,14.2575,0.298832,0.322039,0.0372966,5.8133,1.66756,7.47817,0.314391,0.332339,0.103921,0.64876,1.17803,0.158883,0.288707,0.286369,0.0988584,0.218147,0.226087,0.0576145,0.213554,0.633314,0.219727,19,9,19,19,False,True,False,False,0.0394387,0.622015,0.0323231,0.0638522,-0.178311,0.164031,0.0223013,0.163022,2.65603,20.5,10
realistic_c,15,alternating,2,0.203389,4.93178e-05,0.000391678,0.983941,1.53602e-05,8,13,2.54787,7.45731,0.36649,0.364699,0.115613,3.45031,2.90523,3.92279,0.346636,0.357639,0.130091,0.54987,0.954777,0.229357,0.328321,0.318621,0.121695,0.287818,0.292369,0.0980842,0.244409,0.538335,0.255223,20,8,17,19,False,True,False,False,0.0125624,0.740888,0.0462189,-0.0895621,-0.13117,-0.130785,-0.0602461,-0.0277323,2.74002,18,3
realistic_c,16,alternating,2,0.00817383,6.34585e-05,0.000129333,1.03158,2.73128e-05,14,13,2.11218,10.6302,0.492095,0.495706,0.132597,7.44536,1.80376,5.12493,0.454682,0.442947,0.17235,0.667894,0.725087,0.276244,0.434571,0.417995,0.163045,0.394852,0.391843,0.152648,0.285493,0.688958,0.318218,19,9,17,19,False,True,False,False,0.0251107,0.53994,0.030344,-0.107479,-0.0453669,0.0588115,0.0443521,-0.0832955,2.73487,18.5,10
realistic_c,17,alternating,2,0.844872,3.43188e-05,0.000198144,1.02809,1.72167e-05,21,13,3.60543,5.06224,0.337144,0.339375,0.11025,3.88799,4.19448,2.63526,0.313232,0.3305,0.156832,0.490645,0.566058,0.173539,0.297123,0.310227,0.154975,0.272039,0.271181,0.108321,0.26058,0.536665,0.25525,20,14,18,19,False,True,False,False,0.0177133,0.734513,0.0337904,-0.135523,-0.143446,-0.131265,-0.19792,-0.145021,2.82126,19.5,4
realistic_c,18,alternating,2,0.0111182,5.93734e-05,0.00026007,0.966816,1.79906e-05,8,13,1.63268,10.6973,0.372085,0.367361,0.11823,4.56476,1.64699,5.49869,0.363117,0.378421,0.117809,0.513239,1.06692,0.161703,0.348632,0.334978,0.113501,0.284879,0.287969,0.105215,0.237436,0.443073,0.249601,19,8,17,19,False,True,True,False,0.0310697,0.60945,0.0470024,-0.0636328,-0.123252,-0.00349513,-0.0402512,-0.0652636,2.68458,18,7
realistic_c,19,alternating,2,0.0320614,5.7304e-05,0.000232591,1.01222,1.97211e-05,10,13,1.08473,9.9946,0.415282,0.429837,0.104551,5.01552,1.16331,5.12109,0.418474,0.439191,0.127075,0.677278,1.21677,0.232947,0.395429,0.389572,0.11833,0.324946,0.333856,0.0974667,0.246946,0.651223,0.273478,19,11,17,19,False,True,True,False,0.0206013,0.70494,0.0378155,-0.0995645,-0.0210378,-0.00369032,0.0976256,-0.0603357,2.70293,18,12
realistic_c,20,alternating,2,0.00148679,5.13882e-05,0.000334693,1.00922,1.47878e-05,9,13,2.03758,10.6146,0.297646,0.330406,0.104348,4.31284,2.09546,5.53538,0.259505,0.272882,0.0843473,0.809134,1.28154,0.142459,0.227009,0.227481,0.0793035,0.200185,0.224365,0.0630202,0.235728,0.814615,0.182322,19,12,17,19,True,True,False,False,0.0491102,0.638028,0.041834,0.0215315,0.0887079,0.131709,-0.0323026,0.0187822,2.63114,19,4
realistic_c,21,alternating,2,0.0232812,3.8188e-05,0.000346871,0.93673,1.35024e-05,11,13,2.76446,6.05832,0.308655,0.28078,0.0900723,3.18269,2.95813,3.01187,0.251464,0.260713,0.080629,0.517018,0.788123,0.0990893,0.231019,0.228898,0.078697,0.217511,0.202685,0.0606037,0.251101,0.645987,0.173625,19,7,18,19,False,True,False,False,0.0397776,0.667399,0.0507424,-0.0285066,0.176323,-0.0862188,-0.0476149,0.0877865,2.60371,17,3
realistic_c,22,alternating,2,3.06271,6.15639e-05,0.000243022,1.03865,2.12246e-05,11,13,5.61672,13.5726,0.610561,0.593359,0.180238,4.51561,6.41197,7.30426,0.655347,0.681008,0.244967,0.914536,1.8625,0.346873,0.630151,0.604989,0.235144,0.487982,0.492398,0.155853,0.442023,0.909213,0.485135,20,9,16,19,False,True,False,False,0.0071454,0.598882,0.0270826,-0.173935,0.246465,-0.200923,-0.120179,-0.224596,3.12307,17,12
realistic_c,23,alternating,2,0.00966661,6.00985e-05,0.000461774,1.01254,1.29081e-05,5,13,2.60289,12.2923,0.300521,0.325192,0.0942162,3.42227,2.42477,6.77543,0.31638,0.382823,0.103119,0.427479,1.92828,0.165542,0.305374,0.316511,0.0975331,0.231249,0.237595,0.049358,0.174496,0.387728,0.201938,19,16,18,19,False,True,False,True,0.0384469,0.662387,0.0483637,-0.115834,-0.213616,0.0521568,0.0314134,-0.118899,2.63854,20,13
realistic_c,24,alternating,2,0.00189826,9.25037e-05,0.000285091,0.991689,1.96164e-05,6,13,1.49058,19.7102,0.34725,0.321386,0.0746355,5.399,1.77049,10.4502,0.378883,0.417538,0.105178,0.665075,1.45567,0.254728,0.354614,0.360486,0.0947834,0.25987,0.268676,0.0811513,0.248684,0.773377,0.250605,19,13,18,19,False,True,False,False,0.0217537,0.575772,0.0365814,0.0438182,0.12482,0.0870434,-0.0162224,0.0923622,2.64079,19,8
realistic_c,25,alternating,2,0.269315,5.0659e-05,0.000204286,0.985566,2.02889e-05,13,13,1.96965,7.65508,0.507293,0.517475,0.238756,4.52003,2.59677,3.79584,0.387408,0.399615,0.152615,0.667583,0.755046,0.24737,0.363383,0.370794,0.144185,0.330843,0.334711,0.115705,0.422963,0.707237,0.288684,20,14,19,19,False,True,False,False,0.0112598,0.84515,0.0434853,-0.0830429,0.354204,-0.15113,-0.000964202,-0.0990185,2.71338,17,4
realistic_c,26,alternating,2,0.487647,5.47067e-05,0.000222702,0.945251,2.19594e-05,13,13,2.96023,8.19052,0.4284,0.433806,0.150716,4.65814,3.62033,4.33806,0.445196,0.458028,0.177407,0.759483,0.855772,0.244985,0.418081,0.425554,0.170797,0.351867,0.353097,0.128163,0.281522,0.701187,0.314986,20,15,16,19,False,True,False,False,0.0124397,0.649679,0.030714,-0.0395079,0.0632765,-0.191007,-0.106172,-0.0759495,2.89456,18,9
realistic_c,27,alternating,2,0.325409,5.78473e-05,0.000232689,0.993363,2.08403e-05,11,13,2.16776,9.06904,0.435646,0.435971,0.132245,4.64221,2.82898,4.82573,0.456796,0.475389,0.194901,0.829507,1.19142,0.323114,0.425834,0.426684,0.183648,0.343502,0.340925,0.0908259,0.299799,0.850606,0.339242,20,12,16,19,False,True,False,False,0.0116128,0.593775,0.0419452,-0.100006,0.270003,-0.144161,-0.0460536,-0.0768434,2.8036,18.5,3
realistic_c,28,alternating,2,0.749298,5.07873e-05,0.000248174,0.982591,1.9139e-05,10,13,3.52817,8.48551,0.449938,0.484305,0.174876,4.16938,4.10283,4.71543,0.411633,0.444266,0.159602,0.83192,1.24105,0.304638,0.378932,0.393691,0.147914,0.321734,0.334692,0.107383,0.344842,1.4391,0.301881,20,12,17,19,False,False,False,False,0.0151016,0.596571,0.0435,-0.109056,-0.31753,-0.175273,-0.0367138,-0.0913075,2.83523,16,10
realistic_c,29,alternating,2,0.000914479,6.16461e-05,0.00027674,1.02614,1.69059e-05,7,13,1.6867,13.8041,0.214804,0.216747,0.0756066,4.90685,1.7106,7.13773,0.278082,0.301471,0.0986633,0.565555,1.32501,0.122922,0.255801,0.25328,0.0961443,0.208701,0.181679,0.0820587,0.137575,0.55066,0.196148,19,12,18,19,False,True,False,False,0.0569692,0.597031,0.0447354,0.0662656,0.138781,0.140761,0.076777,0.172993,2.61833,18,8
realistic_c,30,alternating,2,0.0217527,6.47009e-05,0.000144224,1.08338,2.5884e-05,13,13,1.82007,10.5871,0.590739,0.57085,0.224838,7.16924,1.40845,5.20894,0.568372,0.464282,0.175198,1.33523,0.637773,0.410273,0.514038,0.44726,0.158509,0.518179,0.466788,0.193738,0.380434,1.32721,0.3879,19,2,16,19,False,False,False,False,0.0186487,0.584283,0.0395337,-0.145559,-0.270033,0.0601071,-0.0202089,-0.0942681,2.73143,17,10
realistic_c,31,alternating,2,0.146555,5.82261e-05,0.000420221,1.07302,1.41981e-05,7,13,2.38734,10.9618,0.421837,0.433842,0.183805,3.50533,2.38273,6.01946,0.390878,0.438096,0.137564,0.684096,1.74322,0.274777,0.365969,0.372397,0.12681,0.309435,0.313268,0.12456,0.307767,0.677875,0.259691,20,12,18,19,False,True,False,False,0.0154551,0.64111,0.061457,-0.17887,0.224042,-0.0336841,0.0924195,-0.165357,2.70039,19.5,9
realistic_c,32,alternating,2,0.0315541,4.45216e-05,0.000165634,1.05528,2.08774e-05,17,13,0.857435,7.22829,0.401393,0.377551,0.0643501,5.39309,1.13686,3.44877,0.367137,0.369609,0.141084,0.596656,0.68278,0.225876,0.34675,0.343863,0.133485,0.322602,0.306263,0.0791602,0.279232,0.592399,0.268215,19,11,17,19,False,False,True,True,0.0239105,0.546206,0.0443475,-0.155841,0.344106,0.010285,0.0218919,-0.164164,2.74694,18.5,6
realistic_c,33,alternating,2,4.97013,4.94411e-05,0.000246268,1.0062,2.1526e-05,15,13,6.30014,9.49415,0.673622,0.661463,0.322841,4.27352,6.71331,4.88451,0.662499,0.637033,0.241076,1.32842,1.17403,0.26497,0.610433,0.592822,0.238411,0.490375,0.490581,0.20417,0.516242,1.70437,0.482673,20,8,13,19,False,False,False,False,0.00907423,0.799464,0.0581701,-0.124884,-0.450908,-0.263257,0.0346042,-0.281148,3.04841,16,10
realistic_c,34,alternating,2,0.00242178,7.38486e-05,0.000343318,0.992336,1.69776e-05,6,13,1.73457,15.9398,0.403263,0.476573,0.0820539,4.75364,1.69737,8.82072,0.362951,0.397296,0.112171,0.740563,2.27598,0.22904,0.333742,0.323542,0.103135,0.274497,0.297162,0.0729135,0.317064,0.812857,0.239467,19,7,17,19,False,True,False,False,0.0314661,0.716402,0.0458409,-0.0381417,-0.210702,0.0769897,0.0364393,-0.0454156,2.668,18,7
realistic_c,35,alternating,2,0.274584,7.31756e-05,0.000173687,0.978173,2.76131e-05,13,13,1.95914,11.6298,0.598329,0.593469,0.220335,6.17347,2.72428,5.93014,0.55289,0.553539,0.218922,0.895373,0.988591,0.445852,0.522405,0.517031,0.201348,0.445812,0.442858,0.124816,0.416786,0.843016,0.385369,20,8,18,19,False,True,False,False,0.00682768,0.722789,0.0339665,-0.081231,-0.112251,-0.138327,-0.124977,-0.13226,2.84855,17,17
realistic_c,36,alternating,2,0.192736,5.91761e-05,0.000232007,0.977984,2.13843e-05,11,13,1.38742,9.01419,0.452632,0.452943,0.117353,4.84174,1.97415,4.62892,0.451189,0.439265,0.160101,1.13305,1.0288,0.287644,0.404867,0.397415,0.149436,0.3443,0.342437,0.100903,0.303101,1.00129,0.320972,20,11,18,19,False,True,False,False,0.00994984,0.649483,0.0382838,-0.0882352,0.378847,-0.123889,-0.0158897,-0.0755846,2.7041,18.5,9
realistic_c,37,alternating,2,0.366699,0.000106728,0.000220518,0.965944,2.79645e-05,7,13,2.67973,17.9606,0.64293,0.647341,0.117733,6.04909,3.71702,10.0859,0.707139,0.714925,0.249824,0.911664,1.76724,0.457262,0.686318,0.642719,0.232674,0.524409,0.519612,0.138004,0.468125,0.899716,0.488656,20,6,16,19,False,True,False,False,0.00738517,0.596934,0.0416214,-0.0695761,-0.154483,-0.170979,-0.0952148,-0.0635507,2.9768,19,17
realistic_c,38,alternating,2,0.0168294,7.65938e-05,0.000530194,0.991074,1.20034e-05,5,13,2.98026,14.8311,0.322069,0.31835,0.0635478,3.00348,2.35822,8.17199,0.35422,0.403758,0.0826466,0.5908,2.08668,0.241001,0.333531,0.332812,0.0728691,0.23626,0.234513,0.0474642,0.213756,0.521658,0.214602,19,10,18,19,False,True,True,False,0.0265084,0.676248,0.0482168,-0.0903007,0.0258462,-0.0106886,0.0456807,-0.00533773,2.62262,18.5,7
realistic_c,39,alternating,2,2.00089,6.34626e-05,0.000277031,0.995497,2.1783e-05,10,13,5.18218,11.983,0.695272,0.702176,0.315584,4.75194,5.80044,6.39281,0.626301,0.625639,0.232417,1.10411,1.33113,0.308921,0.585889,0.572463,0.224765,0.480647,0.489882,0.237655,0.515341,1.09261,0.45156,20,9,15,19,False,False,False,False,0.00848549,0.541968,0.052306,-0.118538,0.547485,-0.192523,-0.0157325,-0.127428,2.95132,16,10
realistic_c,40,alternating,2,0.0104006,4.88093e-05,0.000304774,1.03294,1.5565e-05,9,13,1.92142,9.50019,0.33107,0.351237,0.0542603,4.20598,2.00569,4.97786,0.319348,0.365375,0.0928223,0.422306,1.35015,0.0986928,0.30902,0.313297,0.092155,0.262971,0.266029,0.0730651,0.216366,0.393087,0.226274,19,11,18,19,False,True,False,False,0.0302032,0.707146,0.0434637,-0.104921,0.011693,0.0569245,0.0290136,-0.0573558,2.60313,19,6
realistic_c,41,alternating,2,0.000824368,5.60693e-05,0.000224817,0.992641,1.91565e-05,10,13,1.53523,11.3752,0.337801,0.329664,0.175069,5.32097,1.66155,5.58562,0.25642,0.262152,0.0868962,0.527271,0.73005,0.114242,0.235569,0.232394,0.0841436,0.26536,0.270141,0.140012,0.296245,0.515653,0.180038,19,10,16,19,False,True,False,False,0.0534163,0.735368,0.0361409,0.165528,0.0758879,0.0925649,0.0111998,0.295727,2.65873,20,1
realistic_c,42,alternating,2,0.211394,8.04403e-05,0.000212391,0.959076,2.61462e-05,9,13,1.35983,12.6554,0.591239,0.62058,0.182382,5.73596,2.00318,6.7597,0.592772,0.596355,0.233376,0.828624,1.3412,0.370173,0.569867,0.542119,0.221048,0.436155,0.448891,0.154103,0.401379,0.932587,0.43822,20,15,17,19,False,True,False,False,0.00806227,0.720588,0.0413052,-0.0647885,-0.130761,-0.157082,-0.0410026,-0.0487782,2.76339,18,13
realistic_c,43,alternating,2,0.0611176,6.16414e-05,0.000185597,0.961368,2.35308e-05,13,13,0.542071,9.44242,0.555257,0.550996,0.19146,5.60339,0.596543,4.56595,0.441236,0.457859,0.167761,0.507611,0.861248,0.228947,0.434021,0.425059,0.161735,0.377817,0.387162,0.132486,0.401931,0.524087,0.338633,19,7,18,19,False,False,False,False,0.0192447,0.569526,0.0397723,-0.0880391,0.844755,-0.0769404,-0.0748543,-0.181898,2.73863,17,14
realistic_c,44,alternating,2,0.00877544,8.00801e-05,0.000153841,1.00075,2.78533e-05,10,13,2.0939,14.2972,0.53371,0.579032,0.178982,7.42912,2.0202,7.24402,0.510725,0.496259,0.165729,0.777686,0.799568,0.175083,0.486074,0.469179,0.164662,0.418033,0.419178,0.112133,0.306249,0.676937,0.340506,19,9,18,19,False,True,False,True,0.0193992,0.755512,0.035685,-0.110883,-0.22288,0.0357934,-0.00265891,-0.106413,2.6786,18,15
realistic_c,45,alternating,2,0.164134,7.18197e-05,0.000281725,1.04245,1.9188e-05,7,13,1.41836,12.7276,0.455684,0.457809,0.126734,4.60055,1.60802,6.87327,0.482889,0.522833,0.168398,0.648296,1.71188,0.250184,0.466441,0.454738,0.160735,0.345945,0.347009,0.101286,0.278271,0.640235,0.343211,20,15,17,19,False,True,False,False,0.0103493,0.676552,0.0412684,-0.155256,0.0283789,-0.0662917,-0.0409351,-0.122926,2.7488,19,15
realistic_c,46,alternating,2,0.0065048,6.25317e-05,0.000379231,1.00884,1.45501e-05,6,13,2.24661,12.6178,0.32004,0.321258,0.0770179,3.86802,2.05778,6.76521,0.349917,0.38289,0.103795,0.5276,1.6276,0.16033,0.333414,0.322951,0.0986189,0.25162,0.260394,0.0703109,0.194911,0.51175,0.227158,19,11,18,19,False,True,False,True,0.0316354,0.708486,0.0484469,-0.110399,-0.211489,0.0479774,0.0147047,-0.0595839,2.67553,17.5,9
realistic_c,47,alternating,2,0.11732,4.21433e-05,0.00027008,1.03101,1.63166e-05,12,13,1.89269,6.64819,0.357804,0.394611,0.111611,3.98807,2.28151,3.37001,0.336459,0.33424,0.126209,0.810387,0.779418,0.173759,0.303402,0.30255,0.12155,0.268302,0.282599,0.0947165,0.251687,0.627107,0.230637,19,13,16,19,False,True,False,False,0.0202042,0.705476,0.0390167,-0.168995,-0.200528,-0.0480389,-0.0328525,-0.132039,2.70097,22,4
realistic_c,48,alternating,2,0.192416,5.71096e-05,0.00044031,1.00465,1.39149e-05,6,13,2.74238,10.009,0.337665,0.334957,0.0586646,3.20445,2.7987,5.48347,0.370289,0.407494,0.133543,0.59625,1.62517,0.241185,0.350108,0.346291,0.124571,0.269468,0.271486,0.0641254,0.209253,0.555007,0.257319,20,13,17,19,False,True,False,False,0.0123651,0.694348,0.05377,-0.120411,-0.036523,-0.0980887,0.00287817,-0.103135,2.72233,16,9
realistic_c,49,alternating,2,4.7392,6.62195e-05,0.000174116,0.982143,2.73476e-05,13,13,7.52461,13.1949,0.778549,0.807216,0.346092,5.36725,8.00876,6.80703,0.69694,0.734915,0.296083,0.751455,1.01201,0.327159,0.690792,0.707767,0.292627,0.605723,0.623436,0.237595,0.612151,0.672297,0.564316,20,16,17,19,False,True,False,False,0.00690623,0.672804,0.0281301,-0.106221,0.169441,-0.260405,-0.176255,-0.155977,3.2691,15.5,13
realistic_c,50,alternating,2,0.0828523,7.06437e-05,0.00013876,0.938405,2.89896e-05,13,13,1.08537,10.0305,0.59278,0.636037,0.231911,6.64761,0.772679,5.00515,0.538509,0.522731,0.212378,0.945565,0.807089,0.388557,0.503997,0.49669,0.197809,0.448348,0.457381,0.166476,0.444308,1.13567,0.412022,19,8,17,19,False,True,False,False,0.0173627,0.78558,0.0530327,-0.0773665,0.384359,-0.106134,0.00348034,-0.0396087,2.77759,18,13
realistic_c,51,alternating,2,1.68862,7.48566e-05,0.0001558,0.952606,3.10595e-05,14,13,6.47057,12.9237,0.716819,0.739767,0.256632,6.36657,6.98876,6.75124,0.75215,0.692389,0.266003,1.59293,1.07342,0.509669,0.688596,0.657579,0.246413,0.590995,0.59583,0.211849,0.464569,1.60527,0.507989,20,9,18,19,False,True,False,False,0.0090996,0.687156,0.0294393,-0.079922,0.124983,-0.240885,-0.116259,-0.0842937,3.26049,16.5,14
realistic_c,52,alternating,2,0.203444,3.17471e-05,0.000307864,1.0407,1.29171e-05,14,13,2.81142,4.63121,0.265522,0.275673,0.103352,3.13392,3.27858,2.26484,0.254711,0.258084,0.102702,0.507256,0.564283,0.140275,0.234882,0.235392,0.0990035,0.204942,0.208368,0.0799312,0.190846,0.573813,0.189147,20,10,17,19,False,True,False,False,0.0176958,0.668439,0.0362528,-0.136961,0.0286842,-0.0578258,-0.0829391,-0.110533,2.7004,21.5,6
realistic_c,53,alternating,2,0.0508977,6.60853e-05,0.000194473,0.945282,2.44921e-05,11,13,0.47866,10.043,0.482344,0.500946,0.140651,5.80586,0.662491,5.2146,0.479819,0.457323,0.158033,0.961051,0.969432,0.252064,0.442168,0.418635,0.149587,0.371003,0.373767,0.131709,0.295251,1.09017,0.32707,19,3,18,19,False,True,False,False,0.0190906,0.68717,0.0397811,-0.0278064,0.0524035,-0.06531,0.0391014,-0.0340704,2.71678,19,12
realistic_c,54,alternating,2,0.458467,7.80247e-05,0.000173308,0.978968,2.78788e-05,11,13,3.22588,12.2126,0.732113,0.637501,0.180388,6.15538,4.01814,6.40214,0.626863,0.608455,0.259071,1.10616,0.98384,0.506022,0.586348,0.57501,0.239449,0.510864,0.490299,0.158151,0.606548,1.05864,0.454627,20,10,16,19,False,False,False,False,0.00888391,0.51952,0.0401802,-0.0804364,0.824882,-0.139051,-0.0793011,-0.0644684,3.04541,18,14
realistic_c,55,alternating,2,0.230568,6.21485e-05,0.00027544,1.01178,1.92621e-05,9,13,1.87802,10.1473,0.422739,0.421216,0.164645,4.34196,2.29106,5.34383,0.423439,0.457528,0.169407,0.481137,1.10228,0.195591,0.417122,0.412564,0.166567,0.327599,0.322196,0.115503,0.269815,0.48343,0.310883,20,9,17,19,False,True,False,False,0.0104083,0.615389,0.0406888,-0.120065,0.301497,-0.112921,-0.103943,-0.072124,2.77346,19,15
realistic_c,56,alternating,2,0.64706,6.61169e-05,0.000251971,1.0676,2.11105e-05,9,13,3.30545,12.5344,0.559613,0.577472,0.134198,4.89418,4.03853,6.98082,0.557131,0.586989,0.20159,1.05983,1.71792,0.186354,0.516536,0.517324,0.203463,0.441384,0.443139,0.154212,0.393397,0.974394,0.406133,20,11,17,19,False,True,False,False,0.0105222,0.623879,0.0329935,-0.158035,0.143143,-0.116093,-0.0854354,-0.169044,2.89793,20,16
realistic_c,57,alternating,2,0.0470275,5.70565e-05,0.000130068,0.976862,2.58773e-05,17,13,0.674472,7.84928,0.534666,0.556291,0.161422,6.2599,0.653447,3.60517,0.42638,0.417485,0.171322,0.851191,0.620094,0.274279,0.393075,0.398498,0.162095,0.409269,0.425161,0.170638,0.392319,0.809277,0.314735,19,8,17,19,False,True,False,False,0.0205116,0.607037,0.0430824,-0.0679985,0.211749,-0.0651794,-0.0288173,-0.0798628,2.70568,21,11
realistic_c,58,alternating,2,0.0639866,5.98522e-05,0.000248563,1.03853,1.96313e-05,9,13,0.994081,10.271,0.462245,0.450279,0.13486,4.89851,1.08219,5.30729,0.411145,0.448477,0.151005,0.428759,1.0648,0.196251,0.409121,0.405098,0.14642,0.338398,0.333117,0.0781492,0.316488,0.419899,0.302837,19,8,17,19,False,True,True,False,0.0197555,0.702873,0.044557,-0.130551,-0.183712,-0.013522,0.0411984,-0.180422,2.80537,20.5,13
realistic_c,59,alternating,2,0.0603766,5.56415e-05,0.000209291,1.0242,2.14671e-05,12,13,0.747815,9.02185,0.44762,0.451926,0.169901,5.18426,0.897095,4.41163,0.404911,0.413127,0.151534,0.486748,0.655963,0.282614,0.396236,0.391256,0.14082,0.349469,0.345567,0.140217,0.278087,0.467555,0.291794,19,9,17,19,False,True,False,False,0.02282,0.603771,0.0317418,-0.133076,0.129469,-0.0514411,-0.0241247,-0.159854,2.70547,19,13
realistic_c,60,alternating,2,1.51384,6.91124e-05,0.00024361,0.96439,2.42143e-05,11,13,5.0262,11.969,0.651735,0.578094,0.187926,4.89958,5.75394,6.03489,0.665396,0.618099,0.253869,0.934734,0.876777,0.395953,0.639314,0.593192,0.240935,0.532706,0.499473,0.170477,0.474318,0.949198,0.508697,20,7,19,19,False,True,False,False,0.0100092,0.556076,0.0625396,-0.0927232,0.158424,-0.22828,0.0838456,-0.0437098,2.98714,17.5,19
realistic_c,61,alternating,2,0.776684,5.75126e-05,0.000294218,0.984519,1.85034e-05,9,13,3.58848,10.3422,0.482403,0.519907,0.167999,3.92529,4.16572,5.62236,0.453867,0.473997,0.170843,1.02285,1.4644,0.253067,0.412489,0.41509,0.163125,0.344132,0.363323,0.103608,0.39218,1.50955,0.322702,20,11,19,19,False,False,False,False,0.0147311,0.990945,0.0366192,-0.106802,-0.379763,-0.187138,-0.154953,-0.118871,2.7535,17.5,9
realistic_c,62,alternating,2,0.00413077,7.94495e-05,0.000309491,1.03938,1.78953e-05,5,13,1.52311,17.3797,0.362992,0.417252,0.113854,5.03867,1.51851,9.57004,0.435518,0.475187,0.124198,0.659563,2.22813,0.261528,0.414763,0.3962,0.113781,0.301697,0.311883,0.0801766,0.243737,0.66163,0.290296,19,12,17,19,False,True,False,False,0.0304929,0.739735,0.0414922,-0.1396,-0.210957,0.102917,-0.0195825,-0.111892,2.68451,19.5,16
realistic_c,63,alternating,2,0.028985,6.94013e-05,0.000270945,0.985156,2.13691e-05,8,13,1.00396,11.9598,0.571141,0.60161,0.120987,5.25526,1.00577,6.25749,0.500827,0.486963,0.161848,0.91758,1.17357,0.256754,0.466392,0.439089,0.153296,0.395208,0.407109,0.108595,0.403942,0.901417,0.331744,19,7,17,19,False,True,False,False,0.0224538,0.662661,0.0432066,-0.0830181,-0.0162638,-0.0412918,-0.0244036,-0.0556324,2.71406,17.5,15
realistic_c,64,alternating,2,0.0662107,7.03688e-05,0.000275866,1.0416,1.86397e-05,7,13,1.29762,12.9688,0.495446,0.46497,0.0886472,4.58533,0.898876,6.68586,0.451724,0.479178,0.145225,0.745118,1.28278,0.279988,0.425895,0.426761,0.134432,0.355332,0.345027,0.0921749,0.34738,0.837157,0.303915,19,14,17,19,False,True,True,True,0.0212766,0.706511,0.0458441,-0.129687,0.0619161,-0.0198996,-0.020328,-0.138352,2.74683,18,13
realistic_c,65,alternating,2,2.67731,5.85756e-05,0.000146337,0.998494,2.60072e-05,15,13,6.37729,10.6692,0.629809,0.611432,0.410117,5.50888,6.74641,5.51067,0.617919,0.612131,0.265585,0.895079,0.984951,0.368166,0.59156,0.578818,0.255573,0.552333,0.522606,0.28138,0.473312,0.896045,0.514807,20,8,14,19,False,False,False,False,0.00903451,0.531823,0.0220254,-0.114886,0.623709,-0.209929,-0.0859096,-0.0877828,2.92231,18.5,11
realistic_c,66,alternating,2,0.000736306,5.17716e-05,0.000349299,1.01721,1.42198e-05,7,13,2.08349,11.0919,0.224738,0.281239,0.163628,4.26081,2.1408,5.79529,0.211139,0.232896,0.0731409,0.446814,1.26029,0.146554,0.193315,0.190937,0.0673985,0.145167,0.163395,0.063376,0.17651,0.472595,0.151881,19,11,19,19,False,False,False,False,0.0764594,0.737247,0.0395736,0.170921,-0.317002,0.167057,0.0298985,0.241517,2.66749,20,2
realistic_c,67,alternating,2,0.0466334,4.18841e-05,0.000409281,1.03258,1.21872e-05,8,13,2.77429,7.56241,0.294841,0.290341,0.120827,3.09942,2.87589,3.97363,0.308533,0.323403,0.11372,0.80477,1.12536,0.221889,0.275624,0.279276,0.10512,0.222142,0.220952,0.0811194,0.218268,1.42521,0.215798,18,11,17,19,False,True,True,False,0.0326129,0.78301,0.0613762,-0.112479,-0.0616562,0.0108806,-0.0593283,-0.230956,2.69771,18,8
realistic_c,68,alternating,2,0.00321112,5.33881e-05,0.000304005,1.01598,1.55776e-05,9,13,1.97234,10.8208,0.281034,0.288309,0.13595,4.32105,1.92728,5.54198,0.299487,0.335312,0.111267,0.481217,1.2641,0.153942,0.283235,0.286844,0.107098,0.225766,0.229589,0.0781454,0.199971,0.476053,0.215059,19,13,17,19,False,True,False,False,0.0359211,0.678068,0.0493243,-0.0663432,-0.0850705,0.0780986,0.0139121,-0.127967,2.64833,18,3
realistic_c,69,alternating,2,0.48676,8.38084e-05,0.000163375,0.972942,3.11914e-05,11,13,3.81085,13.1336,0.650257,0.651574,0.213917,6.6516,4.53184,6.98385,0.675704,0.668442,0.26254,0.857625,1.07205,0.352127,0.657015,0.632308,0.253627,0.536268,0.522921,0.148443,0.446678,0.896672,0.491546,20,8,13,19,False,False,False,False,0.00832764,0.566495,0.0360377,-0.0731678,1.27258,-0.176318,0.058202,-0.0563403,3.06927,19.5,17
realistic_c,70,alternating,2,0.761916,7.31397e-05,0.000378525,1.02759,1.7555e-05,7,13,3.49838,14.4113,0.519872,0.561693,0.220367,3.96426,4.16099,8.32487,0.499601,0.582295,0.159709,0.705699,2.41853,0.264117,0.479708,0.49248,0.150532,0.381397,0.396014,0.111734,0.354399,0.717578,0.346268,20,14,18,19,False,True,False,False,0.0113847,0.640015,0.0390265,-0.138424,-0.242457,-0.149608,-0.0270242,-0.169752,2.794,17,11
realistic_c,71,alternating,2,0.025172,5.13495e-05,0.000320872,0.952969,1.6452e-05,10,13,2.04294,8.52896,0.369117,0.363629,0.0833601,3.96123,2.04783,4.32815,0.337754,0.369582,0.115966,0.524426,1.12941,0.220388,0.320716,0.324068,0.107529,0.289431,0.280607,0.0740649,0.221601,0.499769,0.219503,19,10,17,19,False,True,False,False,0.0318474,0.57179,0.0387361,-0.0639606,0.258705,-0.0736866,-0.000869252,0.0004341,2.67362,16.5,8
realistic_c,72,alternating,2,3.13234,3.74955e-05,0.000253613,0.989383,1.68938e-05,17,13,4.96588,6.42244,0.504041,0.498024,0.103586,3.48211,5.44689,3.08349,0.436737,0.402117,0.157664,1.14799,0.657748,0.195,0.389799,0.379499,0.153771,0.361898,0.350014,0.0996695,0.41346,1.60763,0.335543,19,6,15,19,False,False,False,False,0.0143765,0.674167,0.0441551,-0.126551,0.572467,-0.239927,-0.11137,-0.24602,2.87316,17.5,7
realistic_c,73,alternating,2,0.616577,6.02017e-05,0.000110569,0.996828,3.02854e-05,21,13,4.27806,8.45687,0.604858,0.622321,0.155647,6.59641,4.72019,4.15115,0.520077,0.518947,0.213131,0.835904,0.772389,0.275184,0.491837,0.495227,0.20682,0.45789,0.467402,0.153879,0.482294,0.779087,0.400001,20,15,19,19,False,True,False,False,0.00922743,0.740152,0.0283781,-0.089357,0.230654,-0.168208,-0.0872576,-0.132331,2.98165,17,7
realistic_c,74,alternating,2,0.0228227,4.94077e-05,0.000559936,1.00347,1.09416e-05,6,13,3.07891,9.3552,0.321393,0.351779,0.131885,2.87627,3.07268,5.16737,0.290568,0.336246,0.0890544,0.487199,1.62559,0.120082,0.273427,0.279348,0.085977,0.229256,0.238971,0.0809548,0.236232,0.455346,0.196754,19,10,16,19,False,True,False,False,0.0342589,0.651702,0.0502552,-0.112098,-0.129622,0.028024,-0.0116823,-0.0681697,2.64418,19,5
realistic_c,75,alternating,2,0.928244,3.54826e-05,0.00026817,0.960686,1.53288e-05,14,13,3.87256,5.5765,0.315623,0.306213,0.127614,3.14499,4.34163,2.82831,0.313678,0.313236,0.127364,0.674763,0.698946,0.148766,0.286647,0.285012,0.125058,0.239238,0.236163,0.0969717,0.257006,1.02093,0.245112,19,11,15,19,False,True,False,False,0.0143127,0.787715,0.0511541,-0.0716048,-0.0791444,-0.208808,-0.0904479,-0.0996506,2.77757,19.5,2
realistic_c,76,alternating,2,0.71997,6.57843e-05,0.000303747,1.00905,1.91825e-05,7,13,3.45819,11.9244,0.500389,0.486253,0.124645,4.2441,4.1167,6.51838,0.476986,0.517937,0.180427,0.722224,1.43161,0.266952,0.454265,0.459547,0.1723,0.373841,0.370599,0.114295,0.377201,0.708169,0.339119,20,15,18,19,False,True,False,False,0.0121151,0.796364,0.0355273,-0.131711,-0.164035,-0.165592,-0.095553,-0.125554,2.80989,18,12
realistic_c,77,alternating,2,0.0817137,4.35941e-05,0.000220371,0.975261,1.83843e-05,13,13,1.66512,6.61363,0.351523,0.375223,0.167424,4.18691,1.97683,3.27439,0.314729,0.329843,0.128031,0.528869,0.766032,0.201916,0.296086,0.298714,0.12135,0.259493,0.273029,0.105548,0.256877,0.538201,0.233474,19,15,18,19,False,True,False,False,0.025003,0.739559,0.0429783,-0.107732,0.419759,-0.0943613,-0.00855973,-0.0780789,2.70874,18.5,3
realistic_c,78,alternating,2,1.85349,6.93143e-05,0.000370375,1.0179,1.7244e-05,7,13,4.52293,14.9906,0.475824,0.477014,0.18083,3.5849,5.25869,8.27711,0.551765,0.599885,0.200421,0.808474,2.04765,0.336299,0.527515,0.519207,0.188582,0.425411,0.404361,0.128511,0.308923,0.779276,0.385202,20,12,15,19,False,True,False,False,0.0113719,0.537559,0.0289769,-0.135251,0.173266,-0.190833,-0.118444,-0.104604,2.99886,18,13
realistic_c,79,alternating,2,0.740512,5.57362e-05,0.00024105,0.989075,1.99436e-05,11,13,3.53132,9.66065,0.489196,0.484716,0.23096,4.33679,4.18206,4.94243,0.46955,0.455347,0.182444,0.895655,1.06213,0.271731,0.435198,0.412162,0.174091,0.354123,0.34961,0.130583,0.369117,0.730536,0.340356,20,9,18,19,False,True,False,False,0.0112683,0.632624,0.038913,-0.107873,0.399818,-0.164041,-0.0465055,-0.115716,2.82401,17,11
realistic_c,80,alternating,2,0.00339241,3.7325e-05,0.000191289,1.01829,1.72166e-05,17,13,1.61219,6.24535,0.238272,0.234218,0.0764454,4.86053,2.01658,3.01213,0.27207,0.237522,0.106159,0.531759,0.42844,0.116338,0.251444,0.221597,0.105021,0.190325,0.187735,0.0695552,0.153573,0.671652,0.197051,19,4,18,19,False,True,False,False,0.0429243,0.763924,0.0343026,-0.0548167,0.0303004,0.106173,-0.0209633,-0.062621,2.65305,20,3
realistic_c,81,alternating,2,0.0132126,4.54702e-05,0.000226374,0.958022,1.63785e-05,11,13,2.0105,7.76523,0.314254,0.291304,0.165477,4.0655,2.03159,3.71438,0.300392,0.306462,0.118819,0.605684,0.69828,0.134868,0.276604,0.278163,0.117061,0.264168,0.236316,0.111233,0.224065,0.784629,0.202935,19,11,15,19,False,True,True,False,0.0369093,0.914164,0.0452488,-0.0553764,0.113826,-0.0138595,-0.0274287,0.0324522,2.66218,19.5,6
realistic_c,82,alternating,2,0.928298,5.6716e-05,0.000245435,0.979825,2.09809e-05,11,13,3.91364,9.6912,0.511884,0.534382,0.190964,4.43609,4.50648,5.13034,0.466861,0.502903,0.195865,0.6588,1.07242,0.290949,0.448324,0.460037,0.186956,0.403705,0.412044,0.150322,0.367646,0.633065,0.350175,20,15,18,19,False,True,False,False,0.0116986,0.679473,0.0342566,-0.0891826,0.0274109,-0.201636,-0.0403394,-0.0699795,2.91689,19,10
realistic_c,83,alternating,2,0.0103727,0.000118984,0.000262281,1.01967,2.41785e-05,5,13,1.41366,23.9821,0.613101,0.608779,0.175434,6.4058,2.08285,13.1177,0.670698,0.713754,0.198672,0.962406,1.85735,0.264724,0.6428,0.637799,0.192076,0.45909,0.456512,0.0873635,0.349335,0.895941,0.431034,19,11,18,19,False,True,False,False,0.0160502,0.552036,0.043969,-0.129234,-0.109947,0.0456399,-0.0107349,-0.079035,2.74958,19,20
realistic_c,84,alternating,2,4.60615,6.86601e-05,0.00017988,0.986885,2.72499e-05,12,13,7.43517,13.2247,0.88299,0.882025,0.310161,5.42396,7.97105,6.85259,0.750082,0.744753,0.274265,1.21576,1.19041,0.489322,0.708653,0.704774,0.256207,0.622985,0.625887,0.226585,0.682646,1.1985,0.552339,20,11,13,19,False,False,False,False,0.00836901,0.604657,0.0435918,-0.116889,0.571781,-0.269956,-0.0626013,-0.174482,3.37313,17,14
realistic_c,85,alternating,2,0.0015813,2.67028e-05,0.000240519,1.02065,1.31911e-05,19,13,2.34019,4.43963,0.189256,0.17919,0.178195,3.87759,2.88239,2.11511,0.156111,0.163582,0.059972,0.386924,0.449671,0.0968786,0.1403,0.145235,0.056682,0.137762,0.129295,0.0760844,0.1682,0.332644,0.118962,19,11,19,19,True,True,False,False,0.0622505,0.8299,0.0349146,0.0140674,0.000206878,0.123289,-0.0201008,0.126569,2.59117,20.5,5
realistic_c,86,alternating,2,0.138708,6.20049e-05,0.000103824,1.00249,3.18914e-05,22,13,1.92916,8.17893,0.545148,0.541204,0.138246,7.47607,1.50459,4.04474,0.509207,0.497536,0.221903,0.789806,0.710581,0.30041,0.48358,0.477105,0.214135,0.416471,0.42389,0.124604,0.400716,0.786616,0.396447,20,9,16,19,False,True,False,False,0.0108905,0.710234,0.0374737,-0.119603,0.0164896,-0.0942768,-0.0384886,-0.0959571,2.82063,18.5,8
realistic_c,87,alternating,2,3.28879,6.643e-05,0.000488651,1.04771,1.45558e-05,5,13,4.82061,15.9892,0.483108,0.477037,0.146369,3.0608,5.6038,9.12896,0.632973,0.623029,0.184191,1.53617,2.80325,0.360629,0.570276,0.521996,0.170192,0.412179,0.40026,0.119629,0.328343,1.09804,0.396343,20,8,15,19,False,True,False,False,0.0133202,0.609762,0.0343401,-0.186892,0.220787,-0.197971,-0.0034336,-0.181835,2.87669,17,14
realistic_c,88,alternating,2,2.41053,4.57986e-05,0.000236758,1.00005,1.95573e-05,15,13,5.02896,8.46484,0.494682,0.519429,0.178065,4.02002,5.4975,4.35513,0.487169,0.499656,0.207989,0.867609,1.08821,0.322182,0.45519,0.455933,0.197551,0.403569,0.413869,0.154664,0.361109,1.29838,0.37956,19,14,15,19,False,True,False,False,0.0100635,0.752358,0.0246193,-0.119002,0.11215,-0.216142,-0.0497715,-0.140737,2.88417,18.5,6
realistic_c,89,alternating,2,0.213245,5.95213e-05,0.000239977,1.00028,2.12364e-05,10,13,1.54235,9.30101,0.481272,0.486792,0.165657,4.78387,2.13801,4.8819,0.435003,0.448239,0.174748,0.643169,0.92824,0.228263,0.415443,0.411448,0.169341,0.37453,0.376576,0.130886,0.290422,0.600461,0.307125,20,7,15,19,False,True,False,False,0.010801,0.594807,0.0359461,-0.105368,-0.0137601,-0.142974,-0.0535578,-0.0869213,2.78322,19.5,4
realistic_c,90,alternating,2,1.75948,5.76882e-05,0.000247881,1.01069,2.20628e-05,12,13,5.0059,10.3979,0.575675,0.577094,0.13817,4.73784,5.56123,5.43919,0.543874,0.574689,0.208762,0.815677,1.21468,0.281509,0.51855,0.526253,0.201547,0.440104,0.440718,0.125525,0.372286,0.81844,0.398473,20,14,17,19,False,True,False,False,0.0111157,0.606816,0.0351958,-0.133372,0.208256,-0.192315,-0.0526598,-0.119869,3.01072,18.5,11
realistic_c,91,alternating,2,0.0875012,5.84519e-05,0.000410688,0.949472,1.5161e-05,7,13,2.47334,9.97692,0.403196,0.3968,0.106386,3.38542,2.42319,5.39202,0.346274,0.393105,0.113192,0.577601,1.66992,0.213694,0.326045,0.331592,0.105038,0.281819,0.278614,0.090437,0.322946,0.547827,0.236434,19,11,17,19,False,True,False,False,0.0246045,0.688202,0.0486114,-0.0775593,-0.0330502,-0.105156,0.0774898,-0.0454146,2.73016,18,8
realistic_c,92,alternating,2,0.0370018,5.53342e-05,0.000343825,0.974899,1.63197e-05,8,13,1.8145,9.49978,0.442292,0.482261,0.282638,4.12227,1.98175,5.09108,0.400185,0.395731,0.121152,0.85574,1.27578,0.182269,0.365955,0.34482,0.115468,0.319363,0.329952,0.127949,0.327647,1.16658,0.271751,19,11,18,19,False,True,True,False,0.0260905,0.760424,0.0508398,-0.0549357,-0.158447,-0.0235635,-0.0191657,-0.0594153,2.70084,19.5,9
realistic_c,93,alternating,2,0.0767067,6.89485e-05,0.000157901,1.00819,2.63734e-05,12,13,0.891815,11.2348,0.556384,0.590942,0.184054,6.43577,0.679804,5.63047,0.496255,0.532045,0.213083,0.63497,1.014,0.353846,0.482072,0.49317,0.200741,0.433078,0.437279,0.165981,0.342421,0.619064,0.363618,19,12,19,19,False,True,False,False,0.0151435,0.8298,0.0352122,-0.147109,-0.264651,-0.0638042,0.0270955,-0.139853,2.76559,18.5,13
realistic_c,94,alternating,2,0.00780545,7.24382e-05,0.000267599,1.01166,1.999e-05,7,13,1.27226,14.0166,0.450297,0.469192,0.0603704,5.31039,1.30909,7.3252,0.455803,0.479502,0.110078,0.610051,1.34514,0.130033,0.440437,0.424705,0.107942,0.33716,0.343659,0.0467279,0.279487,0.597023,0.304476,19,10,16,19,False,True,False,False,0.0236749,0.591754,0.0417567,-0.104118,0.00717467,0.0481781,0.0360173,-0.0738102,2.69335,20,12
realistic_c,95,alternating,2,0.00426294,6.36387e-05,0.000175704,0.984851,2.43857e-05,12,13,1.62965,11.1787,0.382281,0.381324,0.0898621,6.61792,1.57244,5.5536,0.449023,0.423367,0.14318,0.64458,0.685777,0.224492,0.430325,0.400013,0.135802,0.342272,0.319449,0.101306,0.238678,0.622703,0.328302,19,8,16,19,False,True,False,False,0.0259147,0.62455,0.0356333,-0.0403783,0.131212,0.0677128,0.0386171,-0.0639179,2.69043,17,7
realistic_c,96,alternating,2,0.011371,9.67105e-05,0.00021972,1.0079,2.49403e-05,7,13,1.44259,19.0332,0.579219,0.59752,0.100444,6.52132,1.80628,10.206,0.638155,0.631179,0.151053,1.3951,1.69705,0.269971,0.582055,0.561847,0.141079,0.446016,0.448446,0.0782826,0.336283,1.39645,0.424662,19,7,18,19,False,False,True,False,0.0175082,0.607091,0.049232,-0.117157,-0.27241,0.0216188,-0.000877523,-0.140119,2.62601,18,19
realistic_c,97,alternating,2,0.0016636,6.6731e-05,0.000224376,0.999549,2.0068e-05,9,13,1.46838,13.9512,0.285894,0.25596,0.162073,5.48349,1.6104,6.9942,0.331608,0.348461,0.128109,0.789375,0.982352,0.333834,0.299442,0.30846,0.114457,0.207407,0.197449,0.0869442,0.20422,0.560927,0.228003,19,10,18,19,True,True,False,False,0.0330132,0.595816,0.0499176,0.0152048,0.19674,0.0726807,0.0184768,-0.0249296,2.57525,19.5,6
realistic_c,98,alternating,2,4.36855,4.66051e-05,0.00015921,0.998825,2.32296e-05,20,13,6.43858,7.9107,0.577146,0.578608,0.232307,4.65784,6.78379,3.70399,0.571795,0.544188,0.232788,1.31799,0.689357,0.315816,0.51829,0.529258,0.224582,0.458817,0.426441,0.147402,0.466293,1.62258,0.452133,19,11,18,19,False,True,False,False,0.00798957,0.569719,0.0365638,-0.140355,0.138194,-0.249773,-0.081644,-0.251362,3.02639,16.5,7
realistic_c,99,alternating,2,0.149256,7.23179e-05,0.000232742,1.00599,2.28706e-05,9,13,0.892857,11.8127,0.543132,0.545089,0.173747,5.36483,1.26173,6.07179,0.519002,0.518382,0.199013,1.07061,1.17687,0.32129,0.476621,0.470715,0.188108,0.395886,0.396109,0.13641,0.364974,1.24288,0.348297,20,7,18,19,False,True,False,False,0.0106075,0.601964,0.0342187,-0.123731,-0.0694335,-0.105734,-0.0259505,-0.0918902,2.81152,17.5,16
realistic_d,0,alternating,2,0.0514127,6.54201e-05,0.000167524,1.0154,2.04953e-05,7,13,2.12621,9.63891,0.37616,0.402304,0.0822301,3.81762,2.21127,5.35419,0.537499,0.509667,0.0910611,1.11501,2.04429,0.168724,0.493282,0.432828,0.084688,0.360479,0.344004,0.0753527,0.453709,1.13175,0.397038,19,3,10,19,False,False,False,False,0.0275255,0.682515,0.0660711,-0.160362,3.21854,-0.259654,-0.0523116,-0.276198,3.04411,15.5,5
realistic_d,1,alternating,2,0.00263825,6.65061e-05,0.00017117,0.898797,2.0077e-05,7,13,1.81703,12.3496,0.477826,0.389717,0.089035,4.69763,1.98051,6.99509,0.463036,0.385339,0.0573988,0.953352,2.38282,0.144266,0.42532,0.310996,0.0515007,0.312734,0.253011,0.0416153,0.221309,0.969239,0.212883,19,3,11,19,False,False,True,False,0.0533114,0.485008,0.0647921,-0.259143,4.34899,-0.00532403,0.103115,-0.105489,2.91466,15.5,1
realistic_d,2,alternating,2,0.000920037,5.18764e-05,0.000379041,0.988462,1.12589e-05,4,13,3.08234,12.0391,0.170301,0.188232,0.0893624,3.05813,3.0193,7.00487,0.280063,0.302985,0.0419424,0.72816,2.57515,0.0919587,0.250285,0.23555,0.0382422,0.130221,0.166798,0.0264416,0.119802,0.743015,0.139735,19,11,15,19,False,False,False,False,0.0183763,0.734457,0.0732141,-0.310901,1.0407,0.150217,-0.0193889,-0.0808759,2.89015,16.5,1
realistic_d,3,alternating,2,1.25621,5.0914e-05,0.000416065,1.04232,1.42201e-05,6,13,4.52348,6.50686,0.527717,0.518526,0.0405923,1.86084,4.84339,4.03094,0.642619,0.629312,0.0517421,1.11564,2.00528,0.0726982,0.602239,0.549102,0.0497131,0.423091,0.407995,0.0347781,0.491714,1.11564,0.536971,20,7,2,19,False,False,False,False,0.0283543,0.816092,0.0714668,-0.144533,1.55102,-0.518116,-0.0849276,-0.215213,3.05169,15,11
realistic_d,4,alternating,2,0.163498,0.000104092,0.000257282,0.986914,2.56053e-05,5,13,2.06875,12.1047,0.656416,0.625688,0.0556511,4.00962,2.35568,7.15053,0.827872,0.760802,0.088386,1.75263,2.98582,0.155603,0.757953,0.647759,0.0826961,0.502357,0.470769,0.0490253,0.539517,1.55512,0.591308,20,3,1,19,False,False,False,False,0.016132,0.55709,0.0650342,-0.160106,2.27189,-0.377029,-0.101389,-0.158434,3.02883,14,16
realistic_d,5,alternating,2,0.134883,6.06557e-05,0.000305899,0.977434,1.63e-05,6,13,3.29908,7.97368,0.398882,0.383695,0.064249,2.65707,3.43176,4.59697,0.523554,0.509074,0.0789272,1.01368,2.10553,0.12389,0.4844,0.430767,0.0748497,0.339122,0.311099,0.0669897,0.347441,1.01368,0.385974,19,3,5,19,False,False,False,False,0.0274039,0.648013,0.0842544,-0.163082,2.95523,-0.341298,-0.0318989,-0.22884,2.95129,16,6
realistic_d,6,alternating,2,0.352031,3.04858e-05,0.000304466,0.994076,1.19771e-05,11,13,4.23208,3.42002,0.388883,0.382168,0.0403087,1.82082,4.64812,1.97465,0.431369,0.408025,0.0399997,0.828392,1.06767,0.0529831,0.399493,0.364367,0.0386985,0.29232,0.28148,0.0334922,0.363285,0.88433,0.350654,19,2,6,19,False,False,False,False,0.032902,0.973699,0.100201,-0.177604,2.00602,-0.438362,-0.121685,-0.210363,2.90547,14,5
realistic_d,7,alternating,2,0.372478,5.62212e-05,0.000164505,1.02922,2.12937e-05,10,13,3.09765,6.43514,0.745554,0.695934,0.0800444,3.23572,3.64751,3.77372,0.827426,0.735514,0.0883129,1.43332,1.83975,0.104401,0.775634,0.66031,0.0865911,0.57299,0.50106,0.0862795,0.682564,1.35973,0.62288,20,2,1,19,False,False,False,False,0.0229207,0.7015,0.0874772,-0.166469,5.65037,-0.430342,-0.0933504,-0.217848,3.03155,16,13
realistic_d,8,alternating,2,0.848178,5.16568e-05,0.000224518,0.985492,1.78021e-05,9,13,4.06956,6.22142,0.617414,0.591978,0.056583,2.39377,4.47346,3.69213,0.724534,0.684063,0.0550475,1.26516,1.9409,0.0845101,0.678544,0.60508,0.0523402,0.486381,0.469265,0.0546603,0.57809,1.24196,0.580207,20,3,1,19,False,False,False,False,0.0344642,0.677971,0.0685117,-0.167838,3.40461,-0.485785,-0.136804,-0.250307,3.09163,16,14
realistic_d,9,alternating,2,0.319433,6.36999e-05,0.000224183,0.988481,2.00232e-05,7,13,3.23931,7.71978,0.68163,0.634151,0.0658452,2.97394,3.63085,4.57705,0.740975,0.69902,0.0754542,1.38075,2.20992,0.0985722,0.688656,0.610491,0.0731187,0.502486,0.464635,0.054189,0.550706,1.36571,0.575916,20,3,2,19,False,False,False,False,0.0193687,0.567827,0.0833985,-0.139753,4.07274,-0.424138,-0.0651125,-0.191282,2.96968,15,15
realistic_d,10,alternating,2,0.0135469,4.15807e-05,0.000223674,0.995676,1.31575e-05,7,13,3.2046,7.63996,0.270198,0.264386,0.0625988,2.81376,3.36229,4.3241,0.292833,0.260139,0.0453495,0.655044,1.78268,0.100107,0.26637,0.207428,0.0413156,0.181092,0.174577,0.0480955,0.178836,0.666998,0.175983,19,3,13,19,False,False,False,True,0.0609093,0.675339,0.0836417,-0.206443,3.07379,-0.151075,0.00985201,-0.239566,2.97079,16.5,2
realistic_d,11,alternating,2,1.65584,5.43367e-05,0.00021849,0.997474,1.89309e-05,8,13,4.37352,6.63217,0.775732,0.68852,0.0793849,2.37239,4.77661,3.98839,0.797515,0.786383,0.0712493,1.37504,2.08584,0.121451,0.748008,0.701121,0.0669161,0.605668,0.550271,0.0518093,0.631569,1.34196,0.661913,20,4,2,19,False,False,False,False,0.0264389,0.622603,0.0658434,-0.184338,4.37655,-0.528871,-0.0943928,-0.233142,3.0252,14,15
realistic_d,12,alternating,2,3.12005,7.02256e-05,0.000223104,1.0079,2.36256e-05,8,13,4.66746,8.43942,0.987155,0.922803,0.0530168,2.72993,5.16187,5.05034,1.14716,1.09996,0.0904741,2.05795,2.69895,0.119352,1.07094,0.989733,0.0875731,0.817702,0.76043,0.0535558,0.869998,2.11618,0.964651,20,4,2,19,False,False,False,False,0.0215874,0.501412,0.0676217,-0.223023,5.41002,-0.571766,-0.100965,-0.353516,3.45257,13,17
realistic_d,13,alternating,2,0.842023,8.66968e-05,0.000173562,1.00019,2.77748e-05,7,13,3.59555,9.64338,1.03055,0.952026,0.0812939,3.75057,4.18167,5.73745,1.14107,1.04045,0.101369,1.92636,2.69148,0.134112,1.0729,0.930377,0.098085,0.81228,0.72068,0.0708073,0.873909,1.82545,0.898847,20,3,2,19,False,False,False,False,0.0225709,0.497584,0.0620261,-0.173569,4.3417,-0.496748,-0.0897365,-0.261366,3.29127,14,20
realistic_d,14,alternating,2,0.00105566,6.50552e-05,0.000251873,1.0663,1.59215e-05,5,13,1.97011,15.1056,0.309358,0.269192,0.0184421,4.55302,2.09828,8.7913,0.389733,0.386677,0.060514,1.0196,3.02816,0.0881765,0.348041,0.303523,0.0578923,0.259605,0.189484,0.0310128,0.127687,1.0275,0.176655,19,7,15,19,False,False,False,False,0.0152009,0.583067,0.0580762,-0.400274,1.27044,0.204469,0.0253588,-0.204535,2.97033,16,2
realistic_d,15,alternating,2,0.203389,4.93178e-05,0.000391678,0.978646,1.39222e-05,6,13,3.81674,5.67986,0.427535,0.379398,0.0473674,2.17888,4.13771,3.35213,0.482986,0.45077,0.0557675,1.0174,1.6482,0.0956168,0.442455,0.387002,0.05234,0.335627,0.295028,0.0481389,0.335426,0.917557,0.360906,20,2,1,19,False,False,False,False,0.0278079,0.721266,0.102145,-0.125449,2.07503,-0.410146,-0.0938732,-0.0933152,2.96794,15,11
realistic_d,16,alternating,2,0.00817383,6.34585e-05,0.000129333,1.04233,2.21105e-05,9,13,1.39492,11.4736,0.371185,0.278379,0.069366,5.11791,1.6356,6.30252,0.492793,0.384132,0.0860544,1.07568,1.85012,0.148507,0.449552,0.319271,0.0807038,0.361731,0.257087,0.0889267,0.242813,1.09853,0.260391,19,1,14,19,False,False,False,False,0.0407208,0.501565,0.051781,-0.277559,3.16437,-0.0724343,-0.013323,-0.177177,3.03546,15,1
realistic_d,17,alternating,2,0.844872,3.43188e-05,0.000198144,1.03763,1.47677e-05,13,13,4.23397,3.98086,0.538615,0.521504,0.0315998,2.08729,4.70607,2.36252,0.569808,0.549347,0.0548221,0.994593,1.2776,0.0583543,0.533664,0.49742,0.0544209,0.429283,0.405134,0.0343911,0.516607,0.978078,0.47115,20,4,2,19,False,False,False,False,0.035276,0.791175,0.0700221,-0.206976,3.46389,-0.476975,-0.151966,-0.263677,2.94187,16,11
realistic_d,18,alternating,2,0.0111182,5.93734e-05,0.00026007,0.956001,1.52029e-05,5,13,2.81041,10.0992,0.166633,0.236159,0.0527377,3.23188,2.88106,5.76565,0.357377,0.294692,0.0579478,0.913527,2.25688,0.0792942,0.320018,0.231928,0.0558487,0.175751,0.161594,0.0490448,0.331743,0.885272,0.217572,19,4,9,19,False,False,False,True,0.0585292,0.616958,0.0893436,-0.240487,2.39764,-0.141528,-0.0524129,-0.168389,2.98122,17.5,1
realistic_d,19,alternating,2,0.0320614,5.7304e-05,0.000232591,1.01632,1.68614e-05,7,13,2.62465,9.06611,0.309109,0.295714,0.0527551,3.36426,2.74067,5.15883,0.417378,0.378141,0.0615392,0.970139,2.2549,0.105687,0.377951,0.306494,0.0577457,0.24855,0.230215,0.0551407,0.230143,0.884114,0.29236,19,2,10,19,False,False,False,False,0.0371089,0.625378,0.0645511,-0.173315,2.31131,-0.198602,-0.056332,-0.112414,3.0133,13,6
realistic_d,20,alternating,2,0.00148679,5.13882e-05,0.000334693,1.01231,1.22733e-05,5,13,2.81222,11.1394,0.1864,0.185681,0.0631982,3.37583,2.91495,6.46772,0.340442,0.284311,0.0482736,1.00485,2.51616,0.0770105,0.299739,0.219982,0.0456927,0.149761,0.165215,0.0378921,0.164554,1.00485,0.158406,19,9,14,19,False,False,False,False,0.0903843,0.646098,0.0837842,-0.397309,1.55315,0.129673,0.0109379,-0.145273,2.93098,16,2
realistic_d,21,alternating,2,0.0232812,3.8188e-05,0.000346871,0.916543,1.13514e-05,7,13,3.79088,5.83902,0.236805,0.182019,0.0470344,2.17298,4.00193,3.29955,0.268812,0.222884,0.0387808,0.547136,1.44722,0.0470335,0.24725,0.178853,0.0379105,0.176455,0.130858,0.0313999,0.138225,0.545178,0.186232,19,2,11,19,False,False,False,False,0.0542158,0.718046,0.0913932,-0.11599,2.98248,-0.240168,-0.0191895,0.0211919,2.92956,14,2
realistic_d,22,alternating,2,3.06271,6.15639e-05,0.000243022,1.05186,1.98306e-05,7,13,4.63317,8.1875,0.801403,0.794846,0.0598822,2.39525,5.09037,4.94093,0.977868,0.985227,0.0838993,1.71685,2.59598,0.110975,0.915211,0.879092,0.0811835,0.710752,0.676887,0.0605862,0.788501,1.645,0.833481,20,3,0,19,False,False,False,False,0.0228241,0.607459,0.0595836,-0.229031,4.19838,-0.563722,-0.1046,-0.342589,3.21012,13,16
realistic_d,23,alternating,2,0.00966661,6.00985e-05,0.000461774,1.01676,1.1737e-05,4,13,3.34111,10.4846,0.268452,0.265568,0.0541251,2.66459,3.38605,6.19789,0.273674,0.279183,0.0583952,0.659834,2.47407,0.0681515,0.246756,0.215981,0.0573434,0.186979,0.179151,0.0279521,0.208273,0.65023,0.169443,19,4,14,19,False,False,False,True,0.0514032,0.662138,0.0886201,-0.281221,0.969499,-0.0701928,-0.0139303,-0.18774,2.93087,16,3
realistic_d,24,alternating,2,0.00189826,9.25037e-05,0.000285091,0.988934,1.72576e-05,4,13,2.03103,18.5329,0.269287,0.253969,0.0478553,4.39984,1.90603,10.7109,0.448636,0.427986,0.0617447,1.51305,3.29284,0.139558,0.388849,0.336649,0.0560963,0.241386,0.22092,0.0526227,0.15435,1.40982,0.22531,19,10,16,19,False,False,False,False,0.0315398,0.526079,0.059805,-0.27322,1.50257,0.0756614,0.0745585,-0.0406838,2.93763,13,1
realistic_d,25,alternating,2,0.269315,5.0659e-05,0.000204286,0.980801,1.7531e-05,9,13,3.46027,6.23696,0.578355,0.54072,0.0927261,2.64553,3.77862,3.56386,0.663456,0.599684,0.0582762,1.31191,1.76784,0.0875386,0.612319,0.528062,0.0555523,0.437766,0.398048,0.0435247,0.484659,1.28799,0.504384,20,3,1,19,False,False,False,False,0.0219912,0.691334,0.0878481,-0.112855,4.5759,-0.437467,-0.0595397,-0.225426,2.96136,15,11
realistic_d,26,alternating,2,0.487647,5.47067e-05,0.000222702,0.927676,1.9361e-05,9,13,3.72109,6.02373,0.655601,0.599836,0.0506295,2.63064,4.17311,3.59248,0.690465,0.65577,0.0648737,1.24129,1.79745,0.100133,0.644426,0.582416,0.061644,0.488569,0.456022,0.0463754,0.555095,1.22838,0.542543,20,3,1,19,False,False,False,False,0.0245991,0.685056,0.0813984,-0.0775747,4.02903,-0.456828,-0.0776883,-0.161373,3.05609,15,11
realistic_d,27,alternating,2,0.325409,5.78473e-05,0.000232689,0.99116,1.84119e-05,7,13,3.43436,6.7852,0.61209,0.560268,0.0531206,2.73687,3.82053,4.02711,0.68315,0.647136,0.0800696,1.27272,2.03364,0.122655,0.63493,0.565578,0.0761514,0.475114,0.429005,0.0382205,0.509555,1.26281,0.530911,20,3,3,19,False,False,False,False,0.0206134,0.655733,0.0801316,-0.147804,3.61296,-0.447489,-0.129429,-0.168488,3.02779,15,16
realistic_d,28,alternating,2,0.749298,5.07873e-05,0.000248174,0.976856,1.69333e-05,7,13,4.08185,6.03262,0.586475,0.570126,0.0662766,2.30637,4.52797,3.71246,0.636003,0.628616,0.0584557,1.07736,1.81783,0.111974,0.597764,0.554793,0.0541522,0.43956,0.42873,0.0392878,0.546324,1.06332,0.515109,20,3,3,19,False,False,False,False,0.0290508,0.768016,0.0837585,-0.137302,2.7274,-0.499387,-0.120434,-0.190059,2.97156,15.5,14
realistic_d,29,alternating,2,0.000914479,6.16461e-05,0.00027674,1.035,1.39061e-05,5,13,2.41765,14.4411,0.249251,0.258998,0.0391171,3.87912,2.3638,8.3039,0.344689,0.338002,0.0551659,1.11023,2.73886,0.0679066,0.300376,0.264252,0.0538337,0.190412,0.182776,0.0480031,0.104993,1.09815,0.15321,19,11,16,19,False,False,False,False,0.00809719,0.662468,0.0631513,-0.309311,1.46352,0.14716,-0.0155113,-0.241774,2.9827,16,2
realistic_d,30,alternating,2,0.0217527,6.47009e-05,0.000144224,1.11269,2.14261e-05,8,13,1.54813,10.6619,0.409138,0.374423,0.107122,4.74556,1.65582,5.91392,0.587841,0.420257,0.0855941,1.50036,1.98024,0.217637,0.526484,0.350199,0.0766943,0.385201,0.29381,0.0989802,0.310643,1.43312,0.34866,19,3,7,19,False,False,False,True,0.0347986,0.551364,0.0609412,-0.27236,2.61291,-0.112083,-0.0301166,-0.219273,3.03004,15,3
realistic_d,31,alternating,2,0.146555,5.82261e-05,0.000420221,1.09853,1.32462e-05,5,13,3.58732,8.19178,0.422376,0.402278,0.083964,2.36274,3.74933,4.86634,0.48385,0.464289,0.0624675,1.0546,2.04435,0.112309,0.44147,0.389988,0.0583018,0.32492,0.286384,0.0628869,0.324045,1.0546,0.349715,19,3,5,19,False,False,False,False,0.0295745,0.712246,0.101838,-0.253511,1.87697,-0.289483,-0.0214251,-0.261074,2.98326,14.5,9
realistic_d,32,alternating,2,0.0315541,4.45216e-05,0.000165634,1.07438,1.71894e-05,11,13,2.49255,7.26429,0.371974,0.25416,0.0278172,3.51349,2.70767,3.95595,0.428391,0.371099,0.0680944,0.766603,1.65158,0.110249,0.400044,0.311319,0.0643416,0.324635,0.224079,0.0370496,0.239041,0.769616,0.285015,19,3,11,19,False,False,False,False,0.0417101,0.535577,0.0687216,-0.241865,4.61869,-0.157153,0.0126655,-0.216919,2.95359,16,1
realistic_d,33,alternating,2,4.97013,4.94411e-05,0.000246268,1.00827,1.99941e-05,11,13,4.94699,5.88172,0.861622,0.871199,0.123577,2.17629,5.3135,3.48399,0.995445,0.93262,0.0802644,2.19149,2.04426,0.0856444,0.907188,0.850368,0.0796541,0.709035,0.691714,0.0729576,0.838104,2.683,0.849781,19,3,3,19,False,False,False,False,0.0263352,0.680017,0.0602743,-0.20882,3.31341,-0.599251,-0.128724,-0.536088,3.28696,15,13
realistic_d,34,alternating,2,0.00242178,7.38486e-05,0.000343318,0.989795,1.49008e-05,4,13,2.43966,14.8035,0.362907,0.36037,0.0445512,3.81177,2.42665,8.7781,0.405778,0.365945,0.0652059,0.934619,3.18702,0.124607,0.36784,0.283681,0.0604224,0.225404,0.238617,0.0415255,0.193241,0.934619,0.182617,19,7,11,19,False,False,False,False,0.0470655,0.584165,0.0634461,-0.349725,1.16066,0.0334546,-0.0129642,-0.151779,2.96442,15.5,2
realistic_d,35,alternating,2,0.274584,7.31756e-05,0.000173687,0.971004,2.44179e-05,9,13,2.67234,8.8548,0.749277,0.711269,0.0964067,3.62843,3.1129,5.0726,0.917663,0.813951,0.0854003,1.7924,2.30604,0.200456,0.848158,0.720095,0.0772439,0.60837,0.537338,0.0523977,0.668351,1.73328,0.682245,20,2,1,19,False,False,False,False,0.0173946,0.574869,0.0694624,-0.122711,3.1873,-0.417733,-0.0927711,-0.244361,3.18746,15.5,15
realistic_d,36,alternating,2,0.192736,5.91761e-05,0.000232007,0.970754,1.88171e-05,7,13,3.09832,7.26656,0.624907,0.578396,0.0482637,2.93668,3.41379,4.19693,0.639532,0.613959,0.0690888,1.09073,1.98474,0.119634,0.6006,0.534799,0.0647673,0.451079,0.421908,0.046184,0.50429,1.08473,0.490669,20,2,5,19,False,False,False,False,0.0216018,0.704225,0.0988392,-0.134186,3.40764,-0.378099,-0.023021,-0.171123,2.9746,15.5,12
realistic_d,37,alternating,2,0.366699,0.000106728,0.000220518,0.954852,2.62543e-05,5,13,2.87602,12.2941,0.802694,0.763659,0.0495489,3.69335,3.32201,7.50671,1.06635,0.913371,0.100608,2.13792,3.282,0.190161,0.982566,0.785769,0.0933476,0.6542,0.578051,0.0622164,0.783203,1.84445,0.782298,20,3,0,19,False,False,False,False,0.0184841,0.566442,0.067165,-0.0974282,2.42775,-0.457766,-0.0869845,-0.178593,3.12774,15,20
realistic_d,38,alternating,2,0.0168294,7.65938e-05,0.000530194,0.988116,1.15437e-05,3,13,3.58653,11.7494,0.181904,0.180047,0.0360414,2.40308,3.36708,6.87712,0.313666,0.278046,0.0469229,0.953777,2.60814,0.129886,0.275199,0.213668,0.041626,0.152447,0.138214,0.0280055,0.178593,0.90411,0.172593,19,2,12,19,False,False,False,False,0.0439417,0.709779,0.0884555,-0.184648,1.26387,-0.15183,-0.0764949,-0.0864522,2.94052,16.5,1
realistic_d,39,alternating,2,2.00089,6.34626e-05,0.000277031,0.994001,2.05616e-05,7,13,4.39197,7.50607,0.842641,0.80176,0.125348,2.5933,4.85502,4.55618,0.927632,0.904431,0.0853145,1.81006,2.40122,0.10184,0.857473,0.806281,0.0835558,0.649128,0.627776,0.101236,0.726182,1.66152,0.79929,20,6,1,19,False,False,False,False,0.0224013,0.660766,0.0595166,-0.170398,2.95494,-0.537035,-0.125468,-0.25225,3.17278,14.5,16
realistic_d,40,alternating,2,0.0104006,4.88093e-05,0.000304774,1.04416,1.31978e-05,5,13,2.99553,9.0364,0.191951,0.185133,0.0291589,3.03617,3.14418,5.22118,0.308672,0.279259,0.0507237,0.670052,2.22682,0.0525263,0.281771,0.218739,0.0505157,0.14716,0.175798,0.0431269,0.143562,0.68167,0.205668,19,7,13,19,False,False,False,False,0.0550717,0.672553,0.0756357,-0.284472,1.9168,-0.0596793,-0.0866219,-0.173725,2.87785,14.5,2
realistic_d,41,alternating,2,0.000824368,5.60693e-05,0.000224817,0.990199,1.52149e-05,6,13,2.27635,12.9649,0.214666,0.213586,0.0942194,4.07195,2.32115,7.32137,0.379841,0.327111,0.0476821,1.15089,2.50494,0.0649839,0.333397,0.257444,0.0459767,0.239249,0.196392,0.0820762,0.196963,1.13638,0.197536,19,5,14,19,False,False,False,False,0.00708895,0.701094,0.0697019,-0.233737,2.41865,0.092436,-0.00757437,-0.149429,2.93051,17,2
realistic_d,42,alternating,2,0.211394,8.04403e-05,0.000212391,0.945811,2.35234e-05,6,13,2.62432,9.35889,0.715634,0.619346,0.0637715,3.50733,3.00072,5.48261,0.824282,0.740361,0.0956593,1.54007,2.4532,0.145626,0.765842,0.643033,0.0910448,0.540776,0.472409,0.0609839,0.536036,1.42415,0.600155,20,3,0,19,False,False,False,False,0.017814,0.58092,0.0774283,-0.103606,3.89319,-0.402544,-0.0589225,-0.113835,3.01569,15,13
realistic_d,43,alternating,2,0.0611176,6.16414e-05,0.000185597,0.948826,2.0104e-05,8,13,2.37731,8.33504,0.532564,0.47535,0.0755237,3.5613,2.45742,4.57051,0.565524,0.482285,0.0771398,1.14757,1.92719,0.107128,0.520349,0.409755,0.0742163,0.408671,0.315074,0.0576406,0.376793,1.15676,0.377189,19,2,5,19,False,False,False,False,0.0262946,0.543894,0.0646783,-0.153339,4.2768,-0.262354,0.0215858,-0.29978,2.92148,16,5
realistic_d,44,alternating,2,0.00877544,8.00801e-05,0.000153841,1.001,2.31733e-05,7,13,1.33804,14.1706,0.414866,0.382242,0.111291,5.2038,1.52887,8.02989,0.5376,0.420023,0.0852283,1.11387,2.45407,0.104875,0.493445,0.341258,0.0831736,0.315725,0.265835,0.0668366,0.2217,1.13059,0.275158,19,3,13,19,False,False,False,True,0.0348412,0.520154,0.0619395,-0.267044,2.49395,-0.0857766,0.0165404,-0.152929,3.02243,17,3
realistic_d,45,alternating,2,0.164134,7.18197e-05,0.000281725,1.05699,1.74852e-05,5,13,3.03653,9.60367,0.493329,0.457444,0.048684,2.94929,3.15485,5.6395,0.652651,0.601655,0.0704918,1.27809,2.44875,0.105622,0.603034,0.510071,0.0672167,0.384079,0.353307,0.0437912,0.407895,1.24295,0.465546,19,2,1,19,False,False,False,False,0.0207808,0.635794,0.0801325,-0.211465,2.22562,-0.329062,-0.0206289,-0.212222,2.993,15.5,10
realistic_d,46,alternating,2,0.0065048,6.25317e-05,0.000379231,1.01181,1.28617e-05,4,13,3.0542,11.3798,0.235439,0.234776,0.0362414,3.00157,3.04686,6.65123,0.346861,0.310072,0.0538544,1.01564,2.54701,0.0706113,0.305677,0.242029,0.0521651,0.211453,0.169254,0.0369044,0.152417,1.01564,0.195457,19,8,11,19,False,False,False,False,0.0567947,0.678043,0.0786697,-0.290627,1.16461,-0.053098,0.0347054,-0.171461,2.93728,15,1
realistic_d,47,alternating,2,0.11732,4.21433e-05,0.00027008,1.04156,1.39852e-05,7,13,3.46924,5.71138,0.379707,0.357413,0.0469009,2.47401,3.76821,3.2438,0.453512,0.412365,0.0537884,0.792184,1.52693,0.0689158,0.424708,0.353505,0.0522428,0.306804,0.271344,0.0425247,0.314205,0.790958,0.341176,19,2,6,19,False,False,False,False,0.0352732,0.810467,0.089582,-0.234187,2.35443,-0.318429,-0.034175,-0.212969,2.98189,15.5,3
realistic_d,48,alternating,2,0.192416,5.71096e-05,0.00044031,1.0062,1.30293e-05,5,13,3.8677,7.19879,0.348807,0.351302,0.0226668,2.10928,4.03502,4.2677,0.469865,0.460179,0.0589012,1.04681,1.91047,0.0970646,0.427606,0.389221,0.0555395,0.277542,0.273376,0.0261888,0.316143,1.02323,0.355093,19,4,6,19,False,False,False,False,0.0274542,0.836795,0.0933992,-0.182109,1.20126,-0.368139,-0.0433517,-0.187418,3.00914,16,8
realistic_d,49,alternating,2,4.7392,6.62195e-05,0.000174116,0.976262,2.51933e-05,10,13,5.02611,8.2035,1.17052,1.10617,0.112348,2.68469,5.42373,4.91543,1.21535,1.17808,0.098318,2.03924,2.63927,0.0856718,1.14356,1.07143,0.0999235,0.946639,0.857162,0.0803526,1.02832,2.02431,1.01288,20,5,3,19,False,False,False,False,0.0249063,0.570578,0.0586452,-0.227195,5.89536,-0.613339,-0.0967185,-0.36393,3.5542,11.5,20
realistic_d,50,alternating,2,0.0828523,7.06437e-05,0.00013876,0.918728,2.45474e-05,9,13,1.90432,8.97748,0.58001,0.541665,0.0993754,4.06287,2.12714,5.01154,0.643683,0.585785,0.0947187,1.24688,1.96999,0.189117,0.59551,0.507891,0.0873186,0.423937,0.397127,0.0758532,0.462134,1.23951,0.462282,19,2,8,19,False,False,False,False,0.0247327,0.568369,0.0735602,-0.148586,4.37742,-0.352246,-0.000221522,-0.141671,3.03445,14.5,11
realistic_d,51,alternating,2,1.68862,7.48566e-05,0.0001558,0.937312,2.80582e-05,10,13,4.31449,8.61134,1.04902,1.00113,0.0716681,3.32884,4.82228,5.12624,1.1933,1.10341,0.0855227,2.02716,2.61996,0.176144,1.12118,0.996676,0.0785535,0.872021,0.815258,0.0623939,0.89157,1.89062,0.954097,20,2,1,19,False,False,False,False,0.0175729,0.700445,0.0670966,-0.137254,2.75932,-0.561688,-0.0578402,-0.19738,3.34525,13.5,19
realistic_d,52,alternating,2,0.203444,3.17471e-05,0.000307864,1.05463,1.1006e-05,9,13,4.09873,3.95251,0.335,0.360197,0.0389398,1.87616,4.42598,2.22286,0.411538,0.388779,0.0424079,0.772962,1.14732,0.0573668,0.382124,0.342303,0.040927,0.255997,0.270563,0.0344306,0.295548,0.765603,0.323456,19,5,7,19,False,False,False,False,0.0346725,0.876252,0.09879,-0.205794,1.91088,-0.351161,-0.0543341,-0.202703,2.96192,16,4
realistic_d,53,alternating,2,0.0508977,6.60853e-05,0.000194473,0.927717,2.09523e-05,7,13,2.20755,8.87793,0.519504,0.481102,0.0633422,3.72095,2.46127,5.07586,0.524955,0.469359,0.0707812,0.95113,2.08316,0.114701,0.489503,0.393878,0.0668734,0.402324,0.331864,0.0626247,0.370491,0.954839,0.364697,19,2,6,19,False,False,False,False,0.0351973,0.636183,0.0653543,-0.0844012,2.71103,-0.286593,-0.0580929,-0.133635,3.00259,17,7
realistic_d,54,alternating,2,0.458467,7.80247e-05,0.000173308,0.972055,2.48303e-05,7,13,3.15604,8.81591,0.881651,0.797206,0.0645638,3.49274,3.65393,5.2208,0.995419,0.877798,0.0966473,1.79862,2.35439,0.204432,0.928493,0.7816,0.0884936,0.67872,0.593891,0.0582617,0.74503,1.79564,0.763105,20,2,1,19,False,False,False,False,0.0191209,0.554091,0.0707284,-0.0998638,4.80086,-0.46645,-0.162744,-0.168441,3.09864,14,19
realistic_d,55,alternating,2,0.230568,6.21485e-05,0.00027544,1.01573,1.73001e-05,6,13,3.35656,7.68489,0.535133,0.494555,0.0655338,2.69107,3.60428,4.51859,0.633619,0.601004,0.0663197,1.306,2.07342,0.0740127,0.581934,0.519524,0.0654689,0.398447,0.381443,0.0467978,0.4301,1.17111,0.487841,20,3,4,19,False,False,False,False,0.0198829,0.652625,0.0822974,-0.171345,2.61131,-0.380996,-0.105301,-0.158486,3.0216,16,11
realistic_d,56,alternating,2,0.64706,6.61169e-05,0.000251971,1.09114,1.93082e-05,6,13,3.65331,8.32341,0.732332,0.675397,0.0436675,2.84958,4.11571,5.09466,0.850805,0.802757,0.0786678,1.55302,2.4459,0.067873,0.792653,0.704142,0.0800458,0.564908,0.534552,0.060357,0.637476,1.45207,0.677332,20,4,1,19,False,False,False,False,0.0208266,0.585994,0.0820145,-0.208509,3.9636,-0.424908,-0.163245,-0.227408,3.1161,14,16
realistic_d,57,alternating,2,0.0470275,5.70565e-05,0.000130068,0.969269,2.14536e-05,10,13,2.02574,7.79183,0.559872,0.422374,0.0734265,3.92492,2.23356,4.17083,0.537514,0.462624,0.0795201,1.22574,1.47471,0.1232,0.487833,0.403642,0.0755281,0.386791,0.33694,0.0790437,0.367986,1.19088,0.367741,19,2,9,19,False,False,False,False,0.02669,0.523262,0.0636454,-0.12281,4.54177,-0.264431,-0.0286531,-0.168685,3.00039,16.5,7
realistic_d,58,alternating,2,0.0639866,5.98522e-05,0.000248563,1.0517,1.70826e-05,6,13,2.71526,8.74346,0.3832,0.377842,0.0618058,3.2089,2.87388,5.01089,0.494181,0.456475,0.066791,1.1274,2.06307,0.0873524,0.448483,0.38225,0.064715,0.293486,0.273541,0.0353788,0.335233,1.1274,0.341309,19,3,9,19,False,False,False,False,0.0294235,0.672285,0.0701624,-0.193736,2.40155,-0.23531,-0.0155773,-0.254379,3.01736,15,8
realistic_d,59,alternating,2,0.0603766,5.56415e-05,0.000209291,1.0324,1.83362e-05,7,13,2.57537,7.97016,0.404251,0.362199,0.0739439,3.35136,2.74611,4.4318,0.495214,0.445116,0.0647217,1.09677,1.78228,0.13598,0.45099,0.378086,0.0593086,0.325983,0.268898,0.0635381,0.347496,1.09381,0.348467,19,3,8,19,False,False,False,False,0.0377655,0.589385,0.0719825,-0.195782,3.68184,-0.238841,-0.0504022,-0.241986,3.04031,15,6
realistic_d,60,alternating,2,1.51384,6.91124e-05,0.00024361,0.952804,2.25756e-05,7,13,4.28593,7.79599,0.855072,0.770203,0.0602451,2.70647,4.70227,4.60097,0.981171,0.905324,0.0882968,1.8483,2.32092,0.129438,0.910728,0.810407,0.0844115,0.722557,0.630076,0.0604978,0.703776,1.72351,0.765176,20,2,0,19,False,False,False,False,0.0242519,0.490597,0.0709431,-0.144436,5.76715,-0.543554,-0.0560731,-0.155309,3.14859,14.5,17
realistic_d,61,alternating,2,0.776684,5.75126e-05,0.000294218,0.979412,1.68561e-05,7,13,4.129,6.75559,0.575721,0.565368,0.0563248,2.25159,4.48711,4.06596,0.638399,0.638856,0.0615593,1.18439,2.04325,0.0849629,0.593629,0.557187,0.0592694,0.433674,0.425299,0.0376979,0.513667,1.17183,0.544058,20,4,3,19,False,False,False,False,0.0275841,0.833371,0.0717069,-0.154844,1.54747,-0.503457,-0.181125,-0.225735,3.02912,15.5,13
realistic_d,62,alternating,2,0.00413077,7.94495e-05,0.000309491,1.05285,1.58817e-05,4,13,2.26371,15.7055,0.345467,0.387192,0.0779671,3.9971,2.19489,9.28903,0.418571,0.39397,0.0711112,0.975298,3.16093,0.150002,0.378921,0.308367,0.065133,0.244853,0.254719,0.0528176,0.203823,1.01154,0.242269,19,9,11,19,False,False,False,False,0.0415268,0.610298,0.0610004,-0.334627,1.45025,0.0447167,0.0130846,-0.164486,2.97707,15,2
realistic_d,63,alternating,2,0.028985,6.94013e-05,0.000270945,0.980258,1.89587e-05,5,13,2.33815,10.3028,0.391915,0.355065,0.0657247,3.67585,2.47654,5.95598,0.45379,0.385848,0.0815373,0.924897,2.33689,0.13008,0.417325,0.312169,0.0771776,0.27913,0.267817,0.0583317,0.265506,0.924897,0.295986,19,4,8,19,False,False,False,False,0.0367823,0.62219,0.0651597,-0.153973,1.31859,-0.197403,-0.00100251,-0.0954154,2.96189,14,1
realistic_d,64,alternating,2,0.0662107,7.03688e-05,0.000275866,1.05584,1.67214e-05,5,13,2.82045,10.3573,0.347635,0.362212,0.0389911,3.10347,2.73595,5.8921,0.488157,0.462782,0.0664019,1.19958,2.39651,0.116285,0.439159,0.381375,0.0621659,0.261336,0.263302,0.0426168,0.347489,1.12986,0.350904,19,6,8,19,False,False,False,False,0.0275439,0.697597,0.0689856,-0.205182,1.81605,-0.24172,-0.0118094,-0.241743,3.00053,14.5,6
realistic_d,65,alternating,2,2.67731,5.85756e-05,0.000146337,0.997992,2.32169e-05,11,13,4.56992,7.17595,0.963824,0.908446,0.145744,2.76747,5.06429,4.26794,1.08294,1.03732,0.0912639,1.80292,2.31929,0.138575,1.01991,0.943627,0.0868879,0.815917,0.759029,0.113001,0.853619,1.77493,0.909693,20,4,2,19,False,False,False,False,0.0207256,0.629825,0.0551023,-0.173951,5.52949,-0.569166,-0.201663,-0.159549,3.32183,15.5,17
realistic_d,66,alternating,2,0.000736306,5.17716e-05,0.000349299,1.02301,1.17116e-05,5,13,2.82801,11.855,0.214648,0.237811,0.0990736,3.36225,2.88946,6.88167,0.310646,0.30568,0.0411938,0.95432,2.55259,0.0712151,0.272221,0.238138,0.0386245,0.178366,0.170985,0.0378812,0.0915491,0.95432,0.159758,19,10,15,19,False,False,False,False,0.00719633,0.754595,0.0586121,-0.14224,0.613605,0.166442,-0.000800583,-0.144377,2.94746,15.5,2
realistic_d,67,alternating,2,0.0466334,4.18841e-05,0.000409281,1.04368,1.06349e-05,5,13,3.81363,6.50691,0.206024,0.200903,0.0549698,2.11406,4.00187,3.76686,0.304584,0.291084,0.0531862,0.799474,1.57851,0.107667,0.271895,0.238582,0.0489515,0.167962,0.156303,0.0372487,0.209681,0.858372,0.236287,19,6,10,19,False,False,False,False,0.0484527,0.795608,0.100378,-0.159651,1.49414,-0.157474,-0.0138211,-0.316055,2.86599,14.5,1
realistic_d,68,alternating,2,0.00321112,5.33881e-05,0.000304005,1.02136,1.30558e-05,5,13,2.8467,11.0188,0.174086,0.161512,0.069976,3.29248,2.86726,6.32249,0.308666,0.283635,0.0625903,0.928284,2.45666,0.0833045,0.271163,0.220017,0.0605201,0.186022,0.141584,0.0443148,0.158801,0.929085,0.213306,19,10,13,19,False,False,True,False,0.0598458,0.656864,0.0705207,-0.370417,1.64051,0.0153623,-0.00741198,-0.250969,2.95095,16.5,2
realistic_d,69,alternating,2,0.48676,8.38084e-05,0.000163375,0.964086,2.78889e-05,7,13,3.1199,9.45265,0.994245,0.877895,0.0747228,3.79169,3.66999,5.65935,1.11445,0.965169,0.0969009,2.03568,2.63435,0.11949,1.03819,0.857632,0.0945412,0.764273,0.660411,0.0538231,0.803889,1.82998,0.820637,20,3,0,19,False,False,False,False,0.0220727,0.541729,0.0701391,-0.108389,4.41069,-0.493107,-0.170484,-0.142286,3.17755,15.5,20
realistic_d,70,alternating,2,0.761916,7.31397e-05,0.000378525,1.03696,1.70932e-05,5,13,4.00115,9.02607,0.611214,0.588463,0.0938159,2.41967,4.35663,5.62705,0.732272,0.711556,0.0579174,1.42028,2.57468,0.104838,0.677369,0.611647,0.054012,0.470817,0.441198,0.0440441,0.54131,1.35699,0.580713,20,3,1,19,False,False,False,False,0.0258517,0.677087,0.0748171,-0.180068,1.68288,-0.475428,-0.109766,-0.275591,2.98639,15,15
realistic_d,71,alternating,2,0.025172,5.13495e-05,0.000320872,0.937789,1.42616e-05,6,13,3.23354,7.67043,0.273019,0.223524,0.0382204,2.75163,3.35138,4.35141,0.335241,0.303998,0.0581394,0.754271,1.9422,0.0954142,0.304737,0.244408,0.0548478,0.233895,0.179973,0.0390722,0.185469,0.7534,0.208706,19,4,9,19,False,False,False,False,0.0429217,0.70983,0.0822089,-0.151783,2.25884,-0.212594,0.00521308,-0.0354949,2.9414,16.5,3
realistic_d,72,alternating,2,3.13234,3.74955e-05,0.000253613,0.985869,1.51583e-05,11,13,4.78535,4.37988,0.613025,0.608392,0.0293786,1.78148,5.19463,2.557,0.745427,0.693433,0.051133,1.58443,1.49507,0.0593981,0.682149,0.633506,0.0502396,0.518789,0.49888,0.0308389,0.576637,1.87789,0.624633,19,2,0,19,False,False,False,False,0.0324089,0.763308,0.0774158,-0.21321,4.25636,-0.586987,-0.0835613,-0.391537,3.08514,15,15
realistic_d,73,alternating,2,0.616577,6.02017e-05,0.000110569,0.995773,2.60641e-05,14,13,3.36692,6.75565,0.991045,0.853717,0.0486277,3.57068,3.97338,3.90529,1.02318,0.919598,0.0714752,1.67517,1.97695,0.0934789,0.965529,0.840412,0.0692536,0.746641,0.664908,0.049155,0.809121,1.53424,0.795743,20,2,0,19,False,False,False,False,0.0213458,0.557563,0.0690079,-0.124104,6.79586,-0.485292,-0.131884,-0.216936,3.0603,15,18
realistic_d,74,alternating,2,0.0228227,4.94077e-05,0.000559936,1.00463,1.00227e-05,4,13,3.82989,7.92024,0.326411,0.341634,0.0741694,2.1424,3.99095,4.7222,0.256288,0.252737,0.044571,0.67227,1.90048,0.053737,0.2288,0.199337,0.0436011,0.205797,0.191866,0.0467406,0.274281,0.67227,0.167556,19,7,14,19,False,False,False,False,0.053715,0.773472,0.0844452,-0.194725,1.2197,-0.152895,-0.0701801,-0.112034,2.93123,14,1
realistic_d,75,alternating,2,0.928244,3.54826e-05,0.00026817,0.947928,1.33429e-05,10,13,4.53526,4.14146,0.438685,0.44357,0.0510159,1.71641,4.89905,2.44022,0.528356,0.50591,0.0472556,1.17059,1.32761,0.0592444,0.481152,0.451626,0.0460151,0.348439,0.348818,0.0384946,0.449768,1.42218,0.4389,20,4,2,19,False,False,False,False,0.044163,0.964469,0.0877721,-0.113073,4.2463,-0.507567,-0.163164,-0.182726,2.96076,12,10
realistic_d,76,alternating,2,0.71997,6.57843e-05,0.000303747,1.01209,1.78882e-05,6,13,3.94871,7.87208,0.595617,0.600644,0.0401486,2.48769,4.32588,4.79593,0.728919,0.708729,0.0645306,1.51661,2.31491,0.087488,0.66872,0.6166,0.0622608,0.463906,0.459812,0.0435161,0.587477,1.47586,0.588145,20,4,4,19,False,False,False,False,0.0284393,0.824463,0.0829859,-0.168015,2.14699,-0.480549,-0.139891,-0.207346,3.10549,15.5,13
realistic_d,77,alternating,2,0.0817137,4.35941e-05,0.000220371,0.967151,1.54812e-05,8,13,3.30586,5.96233,0.383498,0.397577,0.0841357,2.62026,3.55365,3.33309,0.402628,0.389149,0.058448,0.81657,1.52993,0.10642,0.370489,0.331259,0.0544692,0.268995,0.287608,0.0505977,0.293675,0.813719,0.295518,19,4,6,19,False,False,False,False,0.0393969,0.677716,0.0821395,-0.202479,3.01891,-0.308609,-0.035664,-0.158633,2.97494,18,2
realistic_d,78,alternating,2,1.85349,6.93143e-05,0.000370375,1.02394,1.68569e-05,5,13,4.51488,8.98259,0.589716,0.594183,0.0764321,2.09082,4.83118,5.49064,0.816494,0.796758,0.0729769,1.6074,2.62645,0.109782,0.753953,0.692437,0.0695538,0.512282,0.495571,0.0509093,0.610797,1.45041,0.664575,20,5,1,19,False,False,False,False,0.0279593,0.683313,0.0645343,-0.189542,2.36512,-0.526656,-0.107062,-0.210926,3.0894,15.5,11
realistic_d,79,alternating,2,0.740512,5.57362e-05,0.00024105,0.98546,1.78977e-05,9,13,3.99235,6.63769,0.617465,0.603968,0.0737459,2.44003,4.36669,3.88886,0.734326,0.696664,0.0626544,1.24077,2.00318,0.0854119,0.69038,0.615261,0.0604116,0.474191,0.455455,0.0436384,0.565312,1.22635,0.598905,20,5,2,19,False,False,False,False,0.0270601,0.751648,0.0716833,-0.143626,3.04676,-0.487666,-0.1164,-0.199233,3.00281,16,14
realistic_d,80,alternating,2,0.00339241,3.7325e-05,0.000191289,1.02446,1.3518e-05,9,13,2.71036,7.43652,0.27673,0.236154,0.044258,3.44792,2.99073,4.08434,0.330039,0.255952,0.0583848,0.659045,1.4889,0.0700037,0.30425,0.208062,0.0571514,0.215284,0.160359,0.0422656,0.131182,0.658958,0.167831,19,4,12,19,False,False,False,False,0.0746151,0.684356,0.0635787,-0.3583,2.22344,0.0385602,-0.00485059,-0.261457,2.95499,14,2
realistic_d,81,alternating,2,0.0132126,4.54702e-05,0.000226374,0.944425,1.34393e-05,7,13,3.22663,7.84049,0.167401,0.166628,0.0986611,2.78523,3.2629,4.30952,0.284,0.260748,0.0604299,0.701822,1.73287,0.0688259,0.255325,0.208666,0.059512,0.141158,0.146272,0.0622641,0.149724,0.710664,0.205703,19,5,14,19,False,False,False,False,0.0524106,0.817774,0.0717038,-0.176401,2.25602,-0.123729,0.0146884,-0.126154,2.92514,16.5,1
realistic_d,82,alternating,2,0.928298,5.6716e-05,0.000245435,0.973191,1.8889e-05,8,13,4.09028,6.77795,0.664702,0.641053,0.0610571,2.4624,4.4966,4.08048,0.778231,0.721182,0.0699589,1.3449,2.09078,0.105506,0.729723,0.636299,0.0666577,0.547108,0.498371,0.0499964,0.626831,1.23223,0.620439,20,4,0,19,False,False,False,False,0.0298193,0.61785,0.0781111,-0.126,3.58226,-0.512982,-0.207105,-0.204352,3.08348,14.5,10
realistic_d,83,alternating,2,0.0103727,0.000118984,0.000262281,1.02632,2.27094e-05,3,13,1.41738,19.9444,0.322531,0.33383,0.112232,5.03514,1.44598,11.6855,0.555378,0.547389,0.111247,1.40654,3.67981,0.131608,0.497864,0.437462,0.109069,0.331856,0.278029,0.0570224,0.352754,1.41564,0.348407,19,10,11,19,False,False,False,False,0.02348,0.466608,0.0509245,-0.255889,1.53989,-0.0827695,-0.0244284,-0.122894,3.00705,14.5,2
realistic_d,84,alternating,2,4.60615,6.86601e-05,0.00017988,0.982551,2.51668e-05,9,13,4.98612,8.17141,1.14051,1.10032,0.111732,2.72143,5.40577,4.8845,1.22058,1.16541,0.0883537,1.88849,2.64209,0.155235,1.15949,1.05842,0.0826854,0.922608,0.850724,0.0756222,0.994906,1.85849,1.0159,20,5,3,19,False,False,False,False,0.0219162,0.623934,0.0788903,-0.171243,5.48984,-0.619441,-0.135288,-0.416456,3.41684,13,16
realistic_d,85,alternating,2,0.0015813,2.67028e-05,0.000240519,1.02762,1.0099e-05,10,13,3.28258,5.84469,0.146462,0.15144,0.109299,2.81872,3.62931,3.2104,0.195828,0.178135,0.033008,0.542917,1.33603,0.0655135,0.17369,0.14054,0.0304505,0.109441,0.118063,0.0471618,0.135233,0.546143,0.123587,19,7,17,19,False,False,False,False,0.158301,0.826456,0.0728134,-0.474505,2.26817,0.114893,0.0869958,-0.239026,2.82973,15,2
realistic_d,86,alternating,2,0.138708,6.20049e-05,0.000103824,1.00332,2.68077e-05,13,13,1.7129,7.6843,0.715687,0.658362,0.0552024,4.3904,2.22129,4.283,0.823292,0.736064,0.0973024,1.39239,1.82535,0.140352,0.773938,0.661473,0.0931981,0.56514,0.52124,0.0533444,0.602379,1.3809,0.602059,19,1,3,19,False,False,False,False,0.0197753,0.534271,0.0634045,-0.188789,5.63077,-0.355484,-0.0805775,-0.184849,3.07015,14,14
realistic_d,87,alternating,2,3.28879,6.643e-05,0.000488651,1.06412,1.50606e-05,5,13,4.7783,8.76224,0.611971,0.607865,0.0617334,1.81931,5.13047,5.39387,0.826112,0.809367,0.0632396,1.67182,2.71272,0.103956,0.760363,0.702021,0.0596477,0.543493,0.507294,0.0511144,0.60281,1.58176,0.695964,20,6,4,19,False,False,False,False,0.0234872,0.74253,0.0952252,-0.247423,2.03767,-0.557447,-0.0505715,-0.28714,3.19275,15,10
realistic_d,88,alternating,2,2.41053,4.57986e-05,0.000236758,1.00007,1.76497e-05,9,13,4.62106,5.63995,0.707942,0.689287,0.051785,2.10091,5.0273,3.37306,0.814943,0.785289,0.0705598,1.37784,1.91768,0.110484,0.766118,0.706988,0.066934,0.573346,0.560888,0.0536768,0.65408,1.48241,0.689639,20,3,1,19,False,False,False,False,0.0293244,0.68253,0.0651371,-0.169116,4.10911,-0.551344,-0.150634,-0.221273,3.08856,13,13
realistic_d,89,alternating,2,0.213245,5.95213e-05,0.000239977,1.00037,1.8734e-05,7,13,3.15047,7.31134,0.539023,0.523241,0.0703077,2.90879,3.51251,4.28763,0.662872,0.612701,0.0721385,1.29578,1.99631,0.0920827,0.612607,0.53321,0.0700964,0.431963,0.410372,0.0541005,0.487317,1.27601,0.484162,20,3,3,19,False,False,False,False,0.0223453,0.673437,0.089318,-0.159619,3.59821,-0.401206,-0.0741506,-0.187503,3.03673,15,12
realistic_d,90,alternating,2,1.75948,5.76882e-05,0.000247881,1.01428,2.02986e-05,9,13,4.34209,6.89019,0.802074,0.759786,0.0530743,2.5636,4.77513,4.14532,0.88126,0.85831,0.0707037,1.46683,2.15725,0.0983253,0.829988,0.770115,0.068013,0.637703,0.603127,0.0468457,0.693028,1.39823,0.719484,20,3,1,19,False,False,False,False,0.0255046,0.646449,0.0717327,-0.196259,3.86415,-0.528321,-0.15651,-0.238086,3.11107,14,13
realistic_d,91,alternating,2,0.0875012,5.84519e-05,0.000410688,0.933203,1.38752e-05,5,13,3.62501,7.85078,0.270472,0.285459,0.0461934,2.29735,3.77382,4.62946,0.378992,0.372856,0.0504822,0.855559,2.01564,0.0942403,0.344372,0.305718,0.0469078,0.205534,0.208298,0.0419551,0.343465,0.855559,0.28397,19,4,10,19,False,False,False,False,0.0407384,0.765256,0.0811987,-0.147619,1.59736,-0.32952,-0.00794123,-0.156804,2.95573,15.5,6
realistic_d,92,alternating,2,0.0370018,5.53342e-05,0.000343825,0.966673,1.4449e-05,5,13,3.13033,8.3114,0.355234,0.3197,0.145302,2.81889,3.35888,4.88874,0.37415,0.337479,0.0579754,0.747739,2.04769,0.0844665,0.344881,0.272978,0.0554645,0.234927,0.224915,0.0690168,0.249952,0.74519,0.270804,19,5,9,19,False,False,False,False,0.0325984,0.702914,0.085328,-0.12341,1.88804,-0.21917,-0.0359888,-0.107562,2.90255,14,2
realistic_d,93,alternating,2,0.0767067,6.89485e-05,0.000157901,1.01093,2.25453e-05,8,13,1.92498,9.6185,0.529998,0.49818,0.091283,4.03557,2.03957,5.36281,0.604309,0.580228,0.0925119,1.23057,2.18906,0.169523,0.555808,0.496314,0.0861495,0.40303,0.373275,0.0789482,0.428014,1.21843,0.452831,19,4,10,19,False,False,False,False,0.0255832,0.648161,0.0592378,-0.203972,2.76627,-0.295069,-0.00512438,-0.248511,3.00632,15.5,12
realistic_d,94,alternating,2,0.00780545,7.24382e-05,0.000267599,1.01558,1.7446e-05,5,13,2.17823,12.9323,0.399211,0.35148,0.0299902,3.97732,2.18627,7.44966,0.456093,0.387257,0.0572345,1.11574,2.7181,0.0587006,0.410532,0.30792,0.0570644,0.288298,0.238157,0.0255163,0.22575,1.11574,0.229434,19,3,10,19,False,False,False,True,0.0424682,0.541257,0.0588007,-0.261603,1.89732,-0.0536375,0.0667541,-0.156224,2.99771,15.5,1
realistic_d,95,alternating,2,0.00426294,6.36387e-05,0.000175704,0.979853,1.99113e-05,7,13,1.7303,11.7694,0.424423,0.308997,0.0349926,4.7507,1.87771,6.57509,0.522585,0.37695,0.0774924,1.16482,2.13196,0.125641,0.475558,0.307436,0.0732096,0.342233,0.225518,0.0500206,0.180243,1.17277,0.241434,19,1,9,19,False,False,True,False,0.0478063,0.522969,0.0548333,-0.301714,2.56816,0.00350661,-0.0681846,-0.142887,2.93882,14,1
realistic_d,96,alternating,2,0.011371,9.67105e-05,0.00021972,1.01055,2.21255e-05,4,13,1.52359,16.5915,0.351746,0.314098,0.0530246,4.8138,1.52208,9.6301,0.522566,0.462379,0.0790863,0.913558,3.30969,0.136652,0.489328,0.366804,0.074158,0.268767,0.264723,0.0397967,0.21855,1.02084,0.309289,19,3,9,19,False,False,False,False,0.0439325,0.517067,0.0524865,-0.279605,1.68658,-0.102401,0.018225,-0.205719,2.94682,16.5,3
realistic_d,97,alternating,2,0.0016636,6.6731e-05,0.000224376,0.999398,1.64545e-05,5,13,2.14447,14.508,0.253374,0.283001,0.0900991,4.22968,2.10791,8.21947,0.398065,0.348472,0.0731446,1.28195,2.80633,0.220229,0.346896,0.272636,0.0642489,0.232398,0.196696,0.0574289,0.13258,1.13163,0.250566,19,11,14,19,False,False,False,False,0.0598473,0.563694,0.0748061,-0.403974,2.25347,0.0731911,0.0157308,-0.224559,2.89078,17,5
realistic_d,98,alternating,2,4.36855,4.66051e-05,0.00015921,0.998433,2.07774e-05,15,13,4.86582,5.47907,0.881571,0.883446,0.0780557,2.29504,5.25855,3.13807,1.03439,0.954073,0.0733712,2.12183,1.82747,0.107834,0.950553,0.883839,0.0701215,0.727272,0.695769,0.0483416,0.892489,2.41712,0.886611,19,7,8,19,False,False,False,False,0.0263317,0.714689,0.101814,-0.225993,5.54237,-0.593914,-0.0200208,-0.475029,3.31362,14.5,18
realistic_d,99,alternating,2,0.149256,7.23179e-05,0.000232742,1.00799,2.05355e-05,6,13,2.62724,9.15146,0.588021,0.51237,0.0708573,3.37317,2.80753,5.21987,0.701917,0.636317,0.08458,1.34967,2.34186,0.14043,0.649951,0.545882,0.0796824,0.443053,0.393416,0.0593635,0.44639,1.31042,0.507556,19,2,4,19,False,False,False,False,0.0205531,0.607499,0.0758378,-0.177535,2.76409,-0.349803,-0.0253645,-0.173116,3.0438,13,13
